series_name,fred_id,date,value
S&P 500,SP500,2025-03-07,5770.2
S&P 500,SP500,2025-03-10,5614.56
S&P 500,SP500,2025-03-11,5572.07
S&P 500,SP500,2025-03-12,5599.3
S&P 500,SP500,2025-03-13,5521.52
S&P 500,SP500,2025-03-14,5638.94
S&P 500,SP500,2025-03-17,5675.12
S&P 500,SP500,2025-03-18,5614.66
S&P 500,SP500,2025-03-19,5675.29
S&P 500,SP500,2025-03-20,5662.89
S&P 500,SP500,2025-03-21,5667.56
S&P 500,SP500,2025-03-24,5767.57
S&P 500,SP500,2025-03-25,5776.65
S&P 500,SP500,2025-03-26,5712.2
S&P 500,SP500,2025-03-27,5693.31
S&P 500,SP500,2025-03-28,5580.94
S&P 500,SP500,2025-03-31,5611.85
S&P 500,SP500,2025-04-01,5633.07
S&P 500,SP500,2025-04-02,5670.97
S&P 500,SP500,2025-04-03,5396.52
S&P 500,SP500,2025-04-04,5074.08
S&P 500,SP500,2025-04-07,5062.25
S&P 500,SP500,2025-04-08,4982.77
S&P 500,SP500,2025-04-09,5456.9
S&P 500,SP500,2025-04-10,5268.05
S&P 500,SP500,2025-04-11,5363.36
S&P 500,SP500,2025-04-14,5405.97
S&P 500,SP500,2025-04-15,5396.63
S&P 500,SP500,2025-04-16,5275.7
S&P 500,SP500,2025-04-17,5282.7
S&P 500,SP500,2025-04-21,5158.2
S&P 500,SP500,2025-04-22,5287.76
S&P 500,SP500,2025-04-23,5375.86
S&P 500,SP500,2025-04-24,5484.77
S&P 500,SP500,2025-04-25,5525.21
S&P 500,SP500,2025-04-28,5528.75
S&P 500,SP500,2025-04-29,5560.83
S&P 500,SP500,2025-04-30,5569.06
S&P 500,SP500,2025-05-01,5604.14
S&P 500,SP500,2025-05-02,5686.67
S&P 500,SP500,2025-05-05,5650.38
S&P 500,SP500,2025-05-06,5606.91
S&P 500,SP500,2025-05-07,5631.28
S&P 500,SP500,2025-05-08,5663.94
S&P 500,SP500,2025-05-09,5659.91
S&P 500,SP500,2025-05-12,5844.19
S&P 500,SP500,2025-05-13,5886.55
S&P 500,SP500,2025-05-14,5892.58
S&P 500,SP500,2025-05-15,5916.93
S&P 500,SP500,2025-05-16,5958.38
S&P 500,SP500,2025-05-19,5963.6
S&P 500,SP500,2025-05-20,5940.46
S&P 500,SP500,2025-05-21,5844.61
S&P 500,SP500,2025-05-22,5842.01
S&P 500,SP500,2025-05-23,5802.82
S&P 500,SP500,2025-05-27,5921.54
S&P 500,SP500,2025-05-28,5888.55
S&P 500,SP500,2025-05-29,5912.17
S&P 500,SP500,2025-05-30,5911.69
S&P 500,SP500,2025-06-02,5935.94
S&P 500,SP500,2025-06-03,5970.37
S&P 500,SP500,2025-06-04,5970.81
S&P 500,SP500,2025-06-05,5939.3
S&P 500,SP500,2025-06-06,6000.36
S&P 500,SP500,2025-06-09,6005.88
S&P 500,SP500,2025-06-10,6038.81
S&P 500,SP500,2025-06-11,6022.24
S&P 500,SP500,2025-06-12,6045.26
S&P 500,SP500,2025-06-13,5976.97
S&P 500,SP500,2025-06-16,6033.11
S&P 500,SP500,2025-06-17,5982.72
S&P 500,SP500,2025-06-18,5980.87
S&P 500,SP500,2025-06-20,5967.84
S&P 500,SP500,2025-06-23,6025.17
S&P 500,SP500,2025-06-24,6092.18
S&P 500,SP500,2025-06-25,6092.16
S&P 500,SP500,2025-06-26,6141.02
S&P 500,SP500,2025-06-27,6173.07
S&P 500,SP500,2025-06-30,6204.95
S&P 500,SP500,2025-07-01,6198.01
S&P 500,SP500,2025-07-02,6227.42
S&P 500,SP500,2025-07-03,6279.35
S&P 500,SP500,2025-07-07,6229.98
S&P 500,SP500,2025-07-08,6225.52
S&P 500,SP500,2025-07-09,6263.26
S&P 500,SP500,2025-07-10,6280.46
S&P 500,SP500,2025-07-11,6259.75
S&P 500,SP500,2025-07-14,6268.56
S&P 500,SP500,2025-07-15,6243.76
S&P 500,SP500,2025-07-16,6263.7
S&P 500,SP500,2025-07-17,6297.36
S&P 500,SP500,2025-07-18,6296.79
S&P 500,SP500,2025-07-21,6305.6
S&P 500,SP500,2025-07-22,6309.62
S&P 500,SP500,2025-07-23,6358.91
S&P 500,SP500,2025-07-24,6363.35
S&P 500,SP500,2025-07-25,6388.64
S&P 500,SP500,2025-07-28,6389.77
S&P 500,SP500,2025-07-29,6370.86
S&P 500,SP500,2025-07-30,6362.9
S&P 500,SP500,2025-07-31,6339.39
S&P 500,SP500,2025-08-01,6238.01
S&P 500,SP500,2025-08-04,6329.94
S&P 500,SP500,2025-08-05,6299.19
S&P 500,SP500,2025-08-06,6345.06
S&P 500,SP500,2025-08-07,6340.0
S&P 500,SP500,2025-08-08,6389.45
S&P 500,SP500,2025-08-11,6373.45
S&P 500,SP500,2025-08-12,6445.76
S&P 500,SP500,2025-08-13,6466.58
S&P 500,SP500,2025-08-14,6468.54
S&P 500,SP500,2025-08-15,6449.8
S&P 500,SP500,2025-08-18,6449.15
S&P 500,SP500,2025-08-19,6411.37
S&P 500,SP500,2025-08-20,6395.78
S&P 500,SP500,2025-08-21,6370.17
S&P 500,SP500,2025-08-22,6466.91
S&P 500,SP500,2025-08-25,6439.32
S&P 500,SP500,2025-08-26,6465.94
S&P 500,SP500,2025-08-27,6481.4
S&P 500,SP500,2025-08-28,6501.86
S&P 500,SP500,2025-08-29,6460.26
S&P 500,SP500,2025-09-02,6415.54
S&P 500,SP500,2025-09-03,6448.26
S&P 500,SP500,2025-09-04,6502.08
S&P 500,SP500,2025-09-05,6481.5
S&P 500,SP500,2025-09-08,6495.15
S&P 500,SP500,2025-09-09,6512.61
S&P 500,SP500,2025-09-10,6532.04
S&P 500,SP500,2025-09-11,6587.47
S&P 500,SP500,2025-09-12,6584.29
S&P 500,SP500,2025-09-15,6615.28
S&P 500,SP500,2025-09-16,6606.76
S&P 500,SP500,2025-09-17,6600.35
S&P 500,SP500,2025-09-18,6631.96
S&P 500,SP500,2025-09-19,6664.36
S&P 500,SP500,2025-09-22,6693.75
S&P 500,SP500,2025-09-23,6656.92
S&P 500,SP500,2025-09-24,6637.97
S&P 500,SP500,2025-09-25,6604.72
S&P 500,SP500,2025-09-26,6643.7
S&P 500,SP500,2025-09-29,6661.21
S&P 500,SP500,2025-09-30,6688.46
S&P 500,SP500,2025-10-01,6711.2
S&P 500,SP500,2025-10-02,6715.35
S&P 500,SP500,2025-10-03,6715.79
S&P 500,SP500,2025-10-06,6740.28
S&P 500,SP500,2025-10-07,6714.59
S&P 500,SP500,2025-10-08,6753.72
S&P 500,SP500,2025-10-09,6735.11
S&P 500,SP500,2025-10-10,6552.51
S&P 500,SP500,2025-10-13,6654.72
S&P 500,SP500,2025-10-14,6644.31
S&P 500,SP500,2025-10-15,6671.06
S&P 500,SP500,2025-10-16,6629.07
S&P 500,SP500,2025-10-17,6664.01
S&P 500,SP500,2025-10-20,6735.13
S&P 500,SP500,2025-10-21,6735.35
S&P 500,SP500,2025-10-22,6699.4
S&P 500,SP500,2025-10-23,6738.44
S&P 500,SP500,2025-10-24,6791.69
S&P 500,SP500,2025-10-27,6875.16
S&P 500,SP500,2025-10-28,6890.89
S&P 500,SP500,2025-10-29,6890.59
S&P 500,SP500,2025-10-30,6822.34
S&P 500,SP500,2025-10-31,6840.2
S&P 500,SP500,2025-11-03,6851.97
S&P 500,SP500,2025-11-04,6771.55
S&P 500,SP500,2025-11-05,6796.29
S&P 500,SP500,2025-11-06,6720.32
S&P 500,SP500,2025-11-07,6728.8
S&P 500,SP500,2025-11-10,6832.43
S&P 500,SP500,2025-11-11,6846.61
S&P 500,SP500,2025-11-12,6850.92
S&P 500,SP500,2025-11-13,6737.49
S&P 500,SP500,2025-11-14,6734.11
S&P 500,SP500,2025-11-17,6672.41
S&P 500,SP500,2025-11-18,6617.32
S&P 500,SP500,2025-11-19,6642.16
S&P 500,SP500,2025-11-20,6538.76
S&P 500,SP500,2025-11-21,6602.99
S&P 500,SP500,2025-11-24,6705.12
S&P 500,SP500,2025-11-25,6765.88
S&P 500,SP500,2025-11-26,6812.61
S&P 500,SP500,2025-11-28,6849.09
S&P 500,SP500,2025-12-01,6812.63
S&P 500,SP500,2025-12-02,6829.37
S&P 500,SP500,2025-12-03,6849.72
S&P 500,SP500,2025-12-04,6857.12
S&P 500,SP500,2025-12-05,6870.4
S&P 500,SP500,2025-12-08,6846.51
S&P 500,SP500,2025-12-09,6840.51
S&P 500,SP500,2025-12-10,6886.68
S&P 500,SP500,2025-12-11,6901.0
S&P 500,SP500,2025-12-12,6827.41
S&P 500,SP500,2025-12-15,6816.51
S&P 500,SP500,2025-12-16,6800.26
S&P 500,SP500,2025-12-17,6721.43
S&P 500,SP500,2025-12-18,6774.76
S&P 500,SP500,2025-12-19,6834.5
S&P 500,SP500,2025-12-22,6878.49
S&P 500,SP500,2025-12-23,6909.79
S&P 500,SP500,2025-12-24,6932.05
S&P 500,SP500,2025-12-26,6929.94
S&P 500,SP500,2025-12-29,6905.74
S&P 500,SP500,2025-12-30,6896.24
S&P 500,SP500,2025-12-31,6845.5
S&P 500,SP500,2026-01-02,6858.47
S&P 500,SP500,2026-01-05,6902.05
S&P 500,SP500,2026-01-06,6944.82
S&P 500,SP500,2026-01-07,6920.93
S&P 500,SP500,2026-01-08,6921.46
S&P 500,SP500,2026-01-09,6966.28
S&P 500,SP500,2026-01-12,6977.27
S&P 500,SP500,2026-01-13,6963.74
S&P 500,SP500,2026-01-14,6926.6
S&P 500,SP500,2026-01-15,6944.47
S&P 500,SP500,2026-01-16,6940.01
S&P 500,SP500,2026-01-20,6796.86
S&P 500,SP500,2026-01-21,6875.62
S&P 500,SP500,2026-01-22,6913.35
S&P 500,SP500,2026-01-23,6915.61
S&P 500,SP500,2026-01-26,6950.23
S&P 500,SP500,2026-01-27,6978.6
S&P 500,SP500,2026-01-28,6978.03
S&P 500,SP500,2026-01-29,6969.01
S&P 500,SP500,2026-01-30,6939.03
S&P 500,SP500,2026-02-02,6976.44
S&P 500,SP500,2026-02-03,6917.81
S&P 500,SP500,2026-02-04,6882.72
S&P 500,SP500,2026-02-05,6798.4
S&P 500,SP500,2026-02-06,6932.3
S&P 500,SP500,2026-02-09,6964.82
S&P 500,SP500,2026-02-10,6941.81
S&P 500,SP500,2026-02-11,6941.47
S&P 500,SP500,2026-02-12,6832.76
S&P 500,SP500,2026-02-13,6836.17
S&P 500,SP500,2026-02-17,6843.22
S&P 500,SP500,2026-02-18,6881.31
S&P 500,SP500,2026-02-19,6861.89
S&P 500,SP500,2026-02-20,6909.51
S&P 500,SP500,2026-02-23,6837.75
S&P 500,SP500,2026-02-24,6890.07
S&P 500,SP500,2026-02-25,6946.13
S&P 500,SP500,2026-02-26,6908.86
S&P 500,SP500,2026-02-27,6878.88
S&P 500,SP500,2026-03-02,6881.62
S&P 500,SP500,2026-03-03,6816.63
S&P 500,SP500,2026-03-04,6869.5
S&P 500,SP500,2026-03-05,6830.71
S&P 500,SP500,2026-03-06,6740.02
S&P 500,SP500,2026-03-09,6795.99
S&P 500,SP500,2026-03-10,6781.48
S&P 500,SP500,2026-03-11,6775.8
S&P 500,SP500,2026-03-12,6672.62
S&P 500,SP500,2026-03-13,6632.19
S&P 500,SP500,2026-03-16,6699.38
S&P 500,SP500,2026-03-17,6716.09
S&P 500,SP500,2026-03-18,6624.7
S&P 500,SP500,2026-03-19,6606.49
S&P 500,SP500,2026-03-20,6506.48
S&P 500,SP500,2026-03-23,6581.0
S&P 500,SP500,2026-03-24,6556.37
S&P 500,SP500,2026-03-25,6591.9
S&P 500,SP500,2026-03-26,6477.16
S&P 500,SP500,2026-03-27,6368.85
S&P 500,SP500,2026-03-30,6343.72
S&P 500,SP500,2026-03-31,6528.52
S&P 500,SP500,2026-04-01,6575.32
S&P 500,SP500,2026-04-02,6582.69
S&P 500,SP500,2026-04-06,6611.83
S&P 500,SP500,2026-04-07,6616.85
S&P 500,SP500,2026-04-08,6782.81
S&P 500,SP500,2026-04-09,6824.66
S&P 500,SP500,2026-04-10,6816.89
S&P 500,SP500,2026-04-13,6886.24
S&P 500,SP500,2026-04-14,6967.38
S&P 500,SP500,2026-04-15,7022.95
S&P 500,SP500,2026-04-16,7041.28
S&P 500,SP500,2026-04-17,7126.06
S&P 500,SP500,2026-04-20,7109.14
S&P 500,SP500,2026-04-21,7064.01
S&P 500,SP500,2026-04-22,7137.9
S&P 500,SP500,2026-04-23,7108.4
S&P 500,SP500,2026-04-24,7165.08
S&P 500,SP500,2026-04-27,7173.91
S&P 500,SP500,2026-04-28,7138.8
S&P 500,SP500,2026-04-29,7135.95
S&P 500,SP500,2026-04-30,7209.01
S&P 500,SP500,2026-05-01,7230.12
VIX Volatility Index,VIXCLS,2025-03-07,23.37
VIX Volatility Index,VIXCLS,2025-03-10,27.86
VIX Volatility Index,VIXCLS,2025-03-11,26.92
VIX Volatility Index,VIXCLS,2025-03-12,24.23
VIX Volatility Index,VIXCLS,2025-03-13,24.66
VIX Volatility Index,VIXCLS,2025-03-14,21.77
VIX Volatility Index,VIXCLS,2025-03-17,20.51
VIX Volatility Index,VIXCLS,2025-03-18,21.7
VIX Volatility Index,VIXCLS,2025-03-19,19.9
VIX Volatility Index,VIXCLS,2025-03-20,19.8
VIX Volatility Index,VIXCLS,2025-03-21,19.28
VIX Volatility Index,VIXCLS,2025-03-24,17.48
VIX Volatility Index,VIXCLS,2025-03-25,17.15
VIX Volatility Index,VIXCLS,2025-03-26,18.33
VIX Volatility Index,VIXCLS,2025-03-27,18.69
VIX Volatility Index,VIXCLS,2025-03-28,21.65
VIX Volatility Index,VIXCLS,2025-03-31,22.28
VIX Volatility Index,VIXCLS,2025-04-01,21.77
VIX Volatility Index,VIXCLS,2025-04-02,21.51
VIX Volatility Index,VIXCLS,2025-04-03,30.02
VIX Volatility Index,VIXCLS,2025-04-04,45.31
VIX Volatility Index,VIXCLS,2025-04-07,46.98
VIX Volatility Index,VIXCLS,2025-04-08,52.33
VIX Volatility Index,VIXCLS,2025-04-09,33.62
VIX Volatility Index,VIXCLS,2025-04-10,40.72
VIX Volatility Index,VIXCLS,2025-04-11,37.56
VIX Volatility Index,VIXCLS,2025-04-14,30.89
VIX Volatility Index,VIXCLS,2025-04-15,30.12
VIX Volatility Index,VIXCLS,2025-04-16,32.64
VIX Volatility Index,VIXCLS,2025-04-17,29.65
VIX Volatility Index,VIXCLS,2025-04-21,33.82
VIX Volatility Index,VIXCLS,2025-04-22,30.57
VIX Volatility Index,VIXCLS,2025-04-23,28.45
VIX Volatility Index,VIXCLS,2025-04-24,26.47
VIX Volatility Index,VIXCLS,2025-04-25,24.84
VIX Volatility Index,VIXCLS,2025-04-28,25.15
VIX Volatility Index,VIXCLS,2025-04-29,24.17
VIX Volatility Index,VIXCLS,2025-04-30,24.7
VIX Volatility Index,VIXCLS,2025-05-01,24.6
VIX Volatility Index,VIXCLS,2025-05-02,22.68
VIX Volatility Index,VIXCLS,2025-05-05,23.64
VIX Volatility Index,VIXCLS,2025-05-06,24.76
VIX Volatility Index,VIXCLS,2025-05-07,23.55
VIX Volatility Index,VIXCLS,2025-05-08,22.48
VIX Volatility Index,VIXCLS,2025-05-09,21.9
VIX Volatility Index,VIXCLS,2025-05-12,18.39
VIX Volatility Index,VIXCLS,2025-05-13,18.22
VIX Volatility Index,VIXCLS,2025-05-14,18.62
VIX Volatility Index,VIXCLS,2025-05-15,17.83
VIX Volatility Index,VIXCLS,2025-05-16,17.24
VIX Volatility Index,VIXCLS,2025-05-19,18.14
VIX Volatility Index,VIXCLS,2025-05-20,18.09
VIX Volatility Index,VIXCLS,2025-05-21,20.87
VIX Volatility Index,VIXCLS,2025-05-22,20.28
VIX Volatility Index,VIXCLS,2025-05-23,22.29
VIX Volatility Index,VIXCLS,2025-05-26,20.57
VIX Volatility Index,VIXCLS,2025-05-27,18.96
VIX Volatility Index,VIXCLS,2025-05-28,19.31
VIX Volatility Index,VIXCLS,2025-05-29,19.18
VIX Volatility Index,VIXCLS,2025-05-30,18.57
VIX Volatility Index,VIXCLS,2025-06-02,18.36
VIX Volatility Index,VIXCLS,2025-06-03,17.69
VIX Volatility Index,VIXCLS,2025-06-04,17.61
VIX Volatility Index,VIXCLS,2025-06-05,18.48
VIX Volatility Index,VIXCLS,2025-06-06,16.77
VIX Volatility Index,VIXCLS,2025-06-09,17.16
VIX Volatility Index,VIXCLS,2025-06-10,16.95
VIX Volatility Index,VIXCLS,2025-06-11,17.26
VIX Volatility Index,VIXCLS,2025-06-12,18.02
VIX Volatility Index,VIXCLS,2025-06-13,20.82
VIX Volatility Index,VIXCLS,2025-06-16,19.11
VIX Volatility Index,VIXCLS,2025-06-17,21.6
VIX Volatility Index,VIXCLS,2025-06-18,20.14
VIX Volatility Index,VIXCLS,2025-06-19,22.17
VIX Volatility Index,VIXCLS,2025-06-20,20.62
VIX Volatility Index,VIXCLS,2025-06-23,19.83
VIX Volatility Index,VIXCLS,2025-06-24,17.48
VIX Volatility Index,VIXCLS,2025-06-25,16.76
VIX Volatility Index,VIXCLS,2025-06-26,16.59
VIX Volatility Index,VIXCLS,2025-06-27,16.32
VIX Volatility Index,VIXCLS,2025-06-30,16.73
VIX Volatility Index,VIXCLS,2025-07-01,16.83
VIX Volatility Index,VIXCLS,2025-07-02,16.64
VIX Volatility Index,VIXCLS,2025-07-03,16.38
VIX Volatility Index,VIXCLS,2025-07-04,17.48
VIX Volatility Index,VIXCLS,2025-07-07,17.79
VIX Volatility Index,VIXCLS,2025-07-08,16.81
VIX Volatility Index,VIXCLS,2025-07-09,15.94
VIX Volatility Index,VIXCLS,2025-07-10,15.78
VIX Volatility Index,VIXCLS,2025-07-11,16.4
VIX Volatility Index,VIXCLS,2025-07-14,17.2
VIX Volatility Index,VIXCLS,2025-07-15,17.38
VIX Volatility Index,VIXCLS,2025-07-16,17.16
VIX Volatility Index,VIXCLS,2025-07-17,16.52
VIX Volatility Index,VIXCLS,2025-07-18,16.41
VIX Volatility Index,VIXCLS,2025-07-21,16.65
VIX Volatility Index,VIXCLS,2025-07-22,16.5
VIX Volatility Index,VIXCLS,2025-07-23,15.37
VIX Volatility Index,VIXCLS,2025-07-24,15.39
VIX Volatility Index,VIXCLS,2025-07-25,14.93
VIX Volatility Index,VIXCLS,2025-07-28,15.03
VIX Volatility Index,VIXCLS,2025-07-29,15.98
VIX Volatility Index,VIXCLS,2025-07-30,15.48
VIX Volatility Index,VIXCLS,2025-07-31,16.72
VIX Volatility Index,VIXCLS,2025-08-01,20.38
VIX Volatility Index,VIXCLS,2025-08-04,17.52
VIX Volatility Index,VIXCLS,2025-08-05,17.85
VIX Volatility Index,VIXCLS,2025-08-06,16.77
VIX Volatility Index,VIXCLS,2025-08-07,16.57
VIX Volatility Index,VIXCLS,2025-08-08,15.15
VIX Volatility Index,VIXCLS,2025-08-11,16.25
VIX Volatility Index,VIXCLS,2025-08-12,14.73
VIX Volatility Index,VIXCLS,2025-08-13,14.49
VIX Volatility Index,VIXCLS,2025-08-14,14.83
VIX Volatility Index,VIXCLS,2025-08-15,15.09
VIX Volatility Index,VIXCLS,2025-08-18,14.99
VIX Volatility Index,VIXCLS,2025-08-19,15.57
VIX Volatility Index,VIXCLS,2025-08-20,15.69
VIX Volatility Index,VIXCLS,2025-08-21,16.6
VIX Volatility Index,VIXCLS,2025-08-22,14.22
VIX Volatility Index,VIXCLS,2025-08-25,14.79
VIX Volatility Index,VIXCLS,2025-08-26,14.62
VIX Volatility Index,VIXCLS,2025-08-27,14.85
VIX Volatility Index,VIXCLS,2025-08-28,14.43
VIX Volatility Index,VIXCLS,2025-08-29,15.36
VIX Volatility Index,VIXCLS,2025-09-01,16.12
VIX Volatility Index,VIXCLS,2025-09-02,17.17
VIX Volatility Index,VIXCLS,2025-09-03,16.35
VIX Volatility Index,VIXCLS,2025-09-04,15.3
VIX Volatility Index,VIXCLS,2025-09-05,15.18
VIX Volatility Index,VIXCLS,2025-09-08,15.11
VIX Volatility Index,VIXCLS,2025-09-09,15.04
VIX Volatility Index,VIXCLS,2025-09-10,15.35
VIX Volatility Index,VIXCLS,2025-09-11,14.71
VIX Volatility Index,VIXCLS,2025-09-12,14.76
VIX Volatility Index,VIXCLS,2025-09-15,15.69
VIX Volatility Index,VIXCLS,2025-09-16,16.36
VIX Volatility Index,VIXCLS,2025-09-17,15.72
VIX Volatility Index,VIXCLS,2025-09-18,15.7
VIX Volatility Index,VIXCLS,2025-09-19,15.45
VIX Volatility Index,VIXCLS,2025-09-22,16.1
VIX Volatility Index,VIXCLS,2025-09-23,16.64
VIX Volatility Index,VIXCLS,2025-09-24,16.18
VIX Volatility Index,VIXCLS,2025-09-25,16.74
VIX Volatility Index,VIXCLS,2025-09-26,15.29
VIX Volatility Index,VIXCLS,2025-09-29,16.12
VIX Volatility Index,VIXCLS,2025-09-30,16.28
VIX Volatility Index,VIXCLS,2025-10-01,16.29
VIX Volatility Index,VIXCLS,2025-10-02,16.63
VIX Volatility Index,VIXCLS,2025-10-03,16.65
VIX Volatility Index,VIXCLS,2025-10-06,16.37
VIX Volatility Index,VIXCLS,2025-10-07,17.24
VIX Volatility Index,VIXCLS,2025-10-08,16.3
VIX Volatility Index,VIXCLS,2025-10-09,16.43
VIX Volatility Index,VIXCLS,2025-10-10,21.66
VIX Volatility Index,VIXCLS,2025-10-13,19.03
VIX Volatility Index,VIXCLS,2025-10-14,20.81
VIX Volatility Index,VIXCLS,2025-10-15,20.64
VIX Volatility Index,VIXCLS,2025-10-16,25.31
VIX Volatility Index,VIXCLS,2025-10-17,20.78
VIX Volatility Index,VIXCLS,2025-10-20,18.23
VIX Volatility Index,VIXCLS,2025-10-21,17.87
VIX Volatility Index,VIXCLS,2025-10-22,18.6
VIX Volatility Index,VIXCLS,2025-10-23,17.3
VIX Volatility Index,VIXCLS,2025-10-24,16.37
VIX Volatility Index,VIXCLS,2025-10-27,15.79
VIX Volatility Index,VIXCLS,2025-10-28,16.42
VIX Volatility Index,VIXCLS,2025-10-29,16.92
VIX Volatility Index,VIXCLS,2025-10-30,16.91
VIX Volatility Index,VIXCLS,2025-10-31,17.44
VIX Volatility Index,VIXCLS,2025-11-03,17.17
VIX Volatility Index,VIXCLS,2025-11-04,19.0
VIX Volatility Index,VIXCLS,2025-11-05,18.01
VIX Volatility Index,VIXCLS,2025-11-06,19.5
VIX Volatility Index,VIXCLS,2025-11-07,19.08
VIX Volatility Index,VIXCLS,2025-11-10,17.6
VIX Volatility Index,VIXCLS,2025-11-11,17.28
VIX Volatility Index,VIXCLS,2025-11-12,17.51
VIX Volatility Index,VIXCLS,2025-11-13,20.0
VIX Volatility Index,VIXCLS,2025-11-14,19.83
VIX Volatility Index,VIXCLS,2025-11-17,22.38
VIX Volatility Index,VIXCLS,2025-11-18,24.69
VIX Volatility Index,VIXCLS,2025-11-19,23.66
VIX Volatility Index,VIXCLS,2025-11-20,26.42
VIX Volatility Index,VIXCLS,2025-11-21,23.43
VIX Volatility Index,VIXCLS,2025-11-24,20.52
VIX Volatility Index,VIXCLS,2025-11-25,18.56
VIX Volatility Index,VIXCLS,2025-11-26,17.19
VIX Volatility Index,VIXCLS,2025-11-27,17.21
VIX Volatility Index,VIXCLS,2025-11-28,16.35
VIX Volatility Index,VIXCLS,2025-12-01,17.24
VIX Volatility Index,VIXCLS,2025-12-02,16.59
VIX Volatility Index,VIXCLS,2025-12-03,16.08
VIX Volatility Index,VIXCLS,2025-12-04,15.78
VIX Volatility Index,VIXCLS,2025-12-05,15.41
VIX Volatility Index,VIXCLS,2025-12-08,16.66
VIX Volatility Index,VIXCLS,2025-12-09,16.93
VIX Volatility Index,VIXCLS,2025-12-10,15.77
VIX Volatility Index,VIXCLS,2025-12-11,14.85
VIX Volatility Index,VIXCLS,2025-12-12,15.74
VIX Volatility Index,VIXCLS,2025-12-15,16.5
VIX Volatility Index,VIXCLS,2025-12-16,16.48
VIX Volatility Index,VIXCLS,2025-12-17,17.62
VIX Volatility Index,VIXCLS,2025-12-18,16.87
VIX Volatility Index,VIXCLS,2025-12-19,14.91
VIX Volatility Index,VIXCLS,2025-12-22,14.08
VIX Volatility Index,VIXCLS,2025-12-23,14.0
VIX Volatility Index,VIXCLS,2025-12-24,13.47
VIX Volatility Index,VIXCLS,2025-12-26,13.6
VIX Volatility Index,VIXCLS,2025-12-29,14.2
VIX Volatility Index,VIXCLS,2025-12-30,14.33
VIX Volatility Index,VIXCLS,2025-12-31,14.95
VIX Volatility Index,VIXCLS,2026-01-02,14.51
VIX Volatility Index,VIXCLS,2026-01-05,14.9
VIX Volatility Index,VIXCLS,2026-01-06,14.75
VIX Volatility Index,VIXCLS,2026-01-07,15.38
VIX Volatility Index,VIXCLS,2026-01-08,15.45
VIX Volatility Index,VIXCLS,2026-01-09,14.49
VIX Volatility Index,VIXCLS,2026-01-12,15.12
VIX Volatility Index,VIXCLS,2026-01-13,15.98
VIX Volatility Index,VIXCLS,2026-01-14,16.75
VIX Volatility Index,VIXCLS,2026-01-15,15.84
VIX Volatility Index,VIXCLS,2026-01-16,15.86
VIX Volatility Index,VIXCLS,2026-01-19,18.84
VIX Volatility Index,VIXCLS,2026-01-20,20.09
VIX Volatility Index,VIXCLS,2026-01-21,16.9
VIX Volatility Index,VIXCLS,2026-01-22,15.64
VIX Volatility Index,VIXCLS,2026-01-23,16.09
VIX Volatility Index,VIXCLS,2026-01-26,16.15
VIX Volatility Index,VIXCLS,2026-01-27,16.35
VIX Volatility Index,VIXCLS,2026-01-28,16.35
VIX Volatility Index,VIXCLS,2026-01-29,16.88
VIX Volatility Index,VIXCLS,2026-01-30,17.44
VIX Volatility Index,VIXCLS,2026-02-02,16.34
VIX Volatility Index,VIXCLS,2026-02-03,18.0
VIX Volatility Index,VIXCLS,2026-02-04,18.64
VIX Volatility Index,VIXCLS,2026-02-05,21.77
VIX Volatility Index,VIXCLS,2026-02-06,17.76
VIX Volatility Index,VIXCLS,2026-02-09,17.36
VIX Volatility Index,VIXCLS,2026-02-10,17.79
VIX Volatility Index,VIXCLS,2026-02-11,17.65
VIX Volatility Index,VIXCLS,2026-02-12,20.82
VIX Volatility Index,VIXCLS,2026-02-13,20.6
VIX Volatility Index,VIXCLS,2026-02-16,21.2
VIX Volatility Index,VIXCLS,2026-02-17,20.29
VIX Volatility Index,VIXCLS,2026-02-18,19.62
VIX Volatility Index,VIXCLS,2026-02-19,20.23
VIX Volatility Index,VIXCLS,2026-02-20,19.09
VIX Volatility Index,VIXCLS,2026-02-23,21.01
VIX Volatility Index,VIXCLS,2026-02-24,19.55
VIX Volatility Index,VIXCLS,2026-02-25,17.93
VIX Volatility Index,VIXCLS,2026-02-26,18.63
VIX Volatility Index,VIXCLS,2026-02-27,19.86
VIX Volatility Index,VIXCLS,2026-03-02,21.44
VIX Volatility Index,VIXCLS,2026-03-03,23.57
VIX Volatility Index,VIXCLS,2026-03-04,21.15
VIX Volatility Index,VIXCLS,2026-03-05,23.75
VIX Volatility Index,VIXCLS,2026-03-06,29.49
VIX Volatility Index,VIXCLS,2026-03-09,25.5
VIX Volatility Index,VIXCLS,2026-03-10,24.93
VIX Volatility Index,VIXCLS,2026-03-11,24.23
VIX Volatility Index,VIXCLS,2026-03-12,27.29
VIX Volatility Index,VIXCLS,2026-03-13,27.19
VIX Volatility Index,VIXCLS,2026-03-16,23.51
VIX Volatility Index,VIXCLS,2026-03-17,22.37
VIX Volatility Index,VIXCLS,2026-03-18,25.09
VIX Volatility Index,VIXCLS,2026-03-19,24.06
VIX Volatility Index,VIXCLS,2026-03-20,26.78
VIX Volatility Index,VIXCLS,2026-03-23,26.15
VIX Volatility Index,VIXCLS,2026-03-24,26.95
VIX Volatility Index,VIXCLS,2026-03-25,25.33
VIX Volatility Index,VIXCLS,2026-03-26,27.44
VIX Volatility Index,VIXCLS,2026-03-27,31.05
VIX Volatility Index,VIXCLS,2026-03-30,30.61
VIX Volatility Index,VIXCLS,2026-03-31,25.25
VIX Volatility Index,VIXCLS,2026-04-01,24.54
VIX Volatility Index,VIXCLS,2026-04-02,23.87
VIX Volatility Index,VIXCLS,2026-04-06,24.17
VIX Volatility Index,VIXCLS,2026-04-07,25.78
VIX Volatility Index,VIXCLS,2026-04-08,21.04
VIX Volatility Index,VIXCLS,2026-04-09,19.49
VIX Volatility Index,VIXCLS,2026-04-10,19.23
VIX Volatility Index,VIXCLS,2026-04-13,19.12
VIX Volatility Index,VIXCLS,2026-04-14,18.36
VIX Volatility Index,VIXCLS,2026-04-15,18.17
VIX Volatility Index,VIXCLS,2026-04-16,17.94
VIX Volatility Index,VIXCLS,2026-04-17,17.48
VIX Volatility Index,VIXCLS,2026-04-20,18.87
VIX Volatility Index,VIXCLS,2026-04-21,19.5
VIX Volatility Index,VIXCLS,2026-04-22,18.92
VIX Volatility Index,VIXCLS,2026-04-23,19.31
VIX Volatility Index,VIXCLS,2026-04-24,18.71
VIX Volatility Index,VIXCLS,2026-04-27,18.02
VIX Volatility Index,VIXCLS,2026-04-28,17.83
VIX Volatility Index,VIXCLS,2026-04-29,18.81
VIX Volatility Index,VIXCLS,2026-04-30,16.89
VIX Volatility Index,VIXCLS,2026-05-01,16.99
10-Year Treasury Yield,DGS10,2025-03-07,4.32
10-Year Treasury Yield,DGS10,2025-03-10,4.22
10-Year Treasury Yield,DGS10,2025-03-11,4.28
10-Year Treasury Yield,DGS10,2025-03-12,4.32
10-Year Treasury Yield,DGS10,2025-03-13,4.27
10-Year Treasury Yield,DGS10,2025-03-14,4.31
10-Year Treasury Yield,DGS10,2025-03-17,4.31
10-Year Treasury Yield,DGS10,2025-03-18,4.29
10-Year Treasury Yield,DGS10,2025-03-19,4.25
10-Year Treasury Yield,DGS10,2025-03-20,4.24
10-Year Treasury Yield,DGS10,2025-03-21,4.25
10-Year Treasury Yield,DGS10,2025-03-24,4.34
10-Year Treasury Yield,DGS10,2025-03-25,4.31
10-Year Treasury Yield,DGS10,2025-03-26,4.35
10-Year Treasury Yield,DGS10,2025-03-27,4.38
10-Year Treasury Yield,DGS10,2025-03-28,4.27
10-Year Treasury Yield,DGS10,2025-03-31,4.23
10-Year Treasury Yield,DGS10,2025-04-01,4.17
10-Year Treasury Yield,DGS10,2025-04-02,4.2
10-Year Treasury Yield,DGS10,2025-04-03,4.06
10-Year Treasury Yield,DGS10,2025-04-04,4.01
10-Year Treasury Yield,DGS10,2025-04-07,4.15
10-Year Treasury Yield,DGS10,2025-04-08,4.26
10-Year Treasury Yield,DGS10,2025-04-09,4.34
10-Year Treasury Yield,DGS10,2025-04-10,4.4
10-Year Treasury Yield,DGS10,2025-04-11,4.48
10-Year Treasury Yield,DGS10,2025-04-14,4.38
10-Year Treasury Yield,DGS10,2025-04-15,4.35
10-Year Treasury Yield,DGS10,2025-04-16,4.29
10-Year Treasury Yield,DGS10,2025-04-17,4.34
10-Year Treasury Yield,DGS10,2025-04-21,4.42
10-Year Treasury Yield,DGS10,2025-04-22,4.41
10-Year Treasury Yield,DGS10,2025-04-23,4.4
10-Year Treasury Yield,DGS10,2025-04-24,4.32
10-Year Treasury Yield,DGS10,2025-04-25,4.29
10-Year Treasury Yield,DGS10,2025-04-28,4.23
10-Year Treasury Yield,DGS10,2025-04-29,4.19
10-Year Treasury Yield,DGS10,2025-04-30,4.17
10-Year Treasury Yield,DGS10,2025-05-01,4.25
10-Year Treasury Yield,DGS10,2025-05-02,4.33
10-Year Treasury Yield,DGS10,2025-05-05,4.36
10-Year Treasury Yield,DGS10,2025-05-06,4.3
10-Year Treasury Yield,DGS10,2025-05-07,4.26
10-Year Treasury Yield,DGS10,2025-05-08,4.37
10-Year Treasury Yield,DGS10,2025-05-09,4.37
10-Year Treasury Yield,DGS10,2025-05-12,4.45
10-Year Treasury Yield,DGS10,2025-05-13,4.49
10-Year Treasury Yield,DGS10,2025-05-14,4.53
10-Year Treasury Yield,DGS10,2025-05-15,4.45
10-Year Treasury Yield,DGS10,2025-05-16,4.43
10-Year Treasury Yield,DGS10,2025-05-19,4.46
10-Year Treasury Yield,DGS10,2025-05-20,4.48
10-Year Treasury Yield,DGS10,2025-05-21,4.58
10-Year Treasury Yield,DGS10,2025-05-22,4.54
10-Year Treasury Yield,DGS10,2025-05-23,4.51
10-Year Treasury Yield,DGS10,2025-05-27,4.43
10-Year Treasury Yield,DGS10,2025-05-28,4.47
10-Year Treasury Yield,DGS10,2025-05-29,4.43
10-Year Treasury Yield,DGS10,2025-05-30,4.41
10-Year Treasury Yield,DGS10,2025-06-02,4.46
10-Year Treasury Yield,DGS10,2025-06-03,4.46
10-Year Treasury Yield,DGS10,2025-06-04,4.37
10-Year Treasury Yield,DGS10,2025-06-05,4.4
10-Year Treasury Yield,DGS10,2025-06-06,4.51
10-Year Treasury Yield,DGS10,2025-06-09,4.49
10-Year Treasury Yield,DGS10,2025-06-10,4.47
10-Year Treasury Yield,DGS10,2025-06-11,4.41
10-Year Treasury Yield,DGS10,2025-06-12,4.36
10-Year Treasury Yield,DGS10,2025-06-13,4.41
10-Year Treasury Yield,DGS10,2025-06-16,4.46
10-Year Treasury Yield,DGS10,2025-06-17,4.39
10-Year Treasury Yield,DGS10,2025-06-18,4.38
10-Year Treasury Yield,DGS10,2025-06-20,4.38
10-Year Treasury Yield,DGS10,2025-06-23,4.34
10-Year Treasury Yield,DGS10,2025-06-24,4.3
10-Year Treasury Yield,DGS10,2025-06-25,4.29
10-Year Treasury Yield,DGS10,2025-06-26,4.26
10-Year Treasury Yield,DGS10,2025-06-27,4.29
10-Year Treasury Yield,DGS10,2025-06-30,4.24
10-Year Treasury Yield,DGS10,2025-07-01,4.26
10-Year Treasury Yield,DGS10,2025-07-02,4.3
10-Year Treasury Yield,DGS10,2025-07-03,4.35
10-Year Treasury Yield,DGS10,2025-07-07,4.4
10-Year Treasury Yield,DGS10,2025-07-08,4.42
10-Year Treasury Yield,DGS10,2025-07-09,4.34
10-Year Treasury Yield,DGS10,2025-07-10,4.35
10-Year Treasury Yield,DGS10,2025-07-11,4.43
10-Year Treasury Yield,DGS10,2025-07-14,4.43
10-Year Treasury Yield,DGS10,2025-07-15,4.5
10-Year Treasury Yield,DGS10,2025-07-16,4.46
10-Year Treasury Yield,DGS10,2025-07-17,4.47
10-Year Treasury Yield,DGS10,2025-07-18,4.44
10-Year Treasury Yield,DGS10,2025-07-21,4.38
10-Year Treasury Yield,DGS10,2025-07-22,4.35
10-Year Treasury Yield,DGS10,2025-07-23,4.4
10-Year Treasury Yield,DGS10,2025-07-24,4.43
10-Year Treasury Yield,DGS10,2025-07-25,4.4
10-Year Treasury Yield,DGS10,2025-07-28,4.42
10-Year Treasury Yield,DGS10,2025-07-29,4.34
10-Year Treasury Yield,DGS10,2025-07-30,4.38
10-Year Treasury Yield,DGS10,2025-07-31,4.37
10-Year Treasury Yield,DGS10,2025-08-01,4.23
10-Year Treasury Yield,DGS10,2025-08-04,4.22
10-Year Treasury Yield,DGS10,2025-08-05,4.22
10-Year Treasury Yield,DGS10,2025-08-06,4.22
10-Year Treasury Yield,DGS10,2025-08-07,4.23
10-Year Treasury Yield,DGS10,2025-08-08,4.27
10-Year Treasury Yield,DGS10,2025-08-11,4.27
10-Year Treasury Yield,DGS10,2025-08-12,4.29
10-Year Treasury Yield,DGS10,2025-08-13,4.24
10-Year Treasury Yield,DGS10,2025-08-14,4.29
10-Year Treasury Yield,DGS10,2025-08-15,4.33
10-Year Treasury Yield,DGS10,2025-08-18,4.34
10-Year Treasury Yield,DGS10,2025-08-19,4.3
10-Year Treasury Yield,DGS10,2025-08-20,4.29
10-Year Treasury Yield,DGS10,2025-08-21,4.33
10-Year Treasury Yield,DGS10,2025-08-22,4.26
10-Year Treasury Yield,DGS10,2025-08-25,4.28
10-Year Treasury Yield,DGS10,2025-08-26,4.26
10-Year Treasury Yield,DGS10,2025-08-27,4.24
10-Year Treasury Yield,DGS10,2025-08-28,4.22
10-Year Treasury Yield,DGS10,2025-08-29,4.23
10-Year Treasury Yield,DGS10,2025-09-02,4.28
10-Year Treasury Yield,DGS10,2025-09-03,4.22
10-Year Treasury Yield,DGS10,2025-09-04,4.17
10-Year Treasury Yield,DGS10,2025-09-05,4.1
10-Year Treasury Yield,DGS10,2025-09-08,4.05
10-Year Treasury Yield,DGS10,2025-09-09,4.08
10-Year Treasury Yield,DGS10,2025-09-10,4.04
10-Year Treasury Yield,DGS10,2025-09-11,4.01
10-Year Treasury Yield,DGS10,2025-09-12,4.06
10-Year Treasury Yield,DGS10,2025-09-15,4.05
10-Year Treasury Yield,DGS10,2025-09-16,4.04
10-Year Treasury Yield,DGS10,2025-09-17,4.06
10-Year Treasury Yield,DGS10,2025-09-18,4.11
10-Year Treasury Yield,DGS10,2025-09-19,4.14
10-Year Treasury Yield,DGS10,2025-09-22,4.15
10-Year Treasury Yield,DGS10,2025-09-23,4.12
10-Year Treasury Yield,DGS10,2025-09-24,4.16
10-Year Treasury Yield,DGS10,2025-09-25,4.18
10-Year Treasury Yield,DGS10,2025-09-26,4.2
10-Year Treasury Yield,DGS10,2025-09-29,4.15
10-Year Treasury Yield,DGS10,2025-09-30,4.16
10-Year Treasury Yield,DGS10,2025-10-01,4.12
10-Year Treasury Yield,DGS10,2025-10-02,4.1
10-Year Treasury Yield,DGS10,2025-10-03,4.13
10-Year Treasury Yield,DGS10,2025-10-06,4.18
10-Year Treasury Yield,DGS10,2025-10-07,4.14
10-Year Treasury Yield,DGS10,2025-10-08,4.13
10-Year Treasury Yield,DGS10,2025-10-09,4.14
10-Year Treasury Yield,DGS10,2025-10-10,4.05
10-Year Treasury Yield,DGS10,2025-10-14,4.03
10-Year Treasury Yield,DGS10,2025-10-15,4.05
10-Year Treasury Yield,DGS10,2025-10-16,3.99
10-Year Treasury Yield,DGS10,2025-10-17,4.02
10-Year Treasury Yield,DGS10,2025-10-20,4.0
10-Year Treasury Yield,DGS10,2025-10-21,3.98
10-Year Treasury Yield,DGS10,2025-10-22,3.97
10-Year Treasury Yield,DGS10,2025-10-23,4.01
10-Year Treasury Yield,DGS10,2025-10-24,4.02
10-Year Treasury Yield,DGS10,2025-10-27,4.01
10-Year Treasury Yield,DGS10,2025-10-28,3.99
10-Year Treasury Yield,DGS10,2025-10-29,4.08
10-Year Treasury Yield,DGS10,2025-10-30,4.11
10-Year Treasury Yield,DGS10,2025-10-31,4.11
10-Year Treasury Yield,DGS10,2025-11-03,4.13
10-Year Treasury Yield,DGS10,2025-11-04,4.1
10-Year Treasury Yield,DGS10,2025-11-05,4.17
10-Year Treasury Yield,DGS10,2025-11-06,4.11
10-Year Treasury Yield,DGS10,2025-11-07,4.11
10-Year Treasury Yield,DGS10,2025-11-10,4.13
10-Year Treasury Yield,DGS10,2025-11-12,4.08
10-Year Treasury Yield,DGS10,2025-11-13,4.11
10-Year Treasury Yield,DGS10,2025-11-14,4.14
10-Year Treasury Yield,DGS10,2025-11-17,4.13
10-Year Treasury Yield,DGS10,2025-11-18,4.12
10-Year Treasury Yield,DGS10,2025-11-19,4.13
10-Year Treasury Yield,DGS10,2025-11-20,4.1
10-Year Treasury Yield,DGS10,2025-11-21,4.06
10-Year Treasury Yield,DGS10,2025-11-24,4.04
10-Year Treasury Yield,DGS10,2025-11-25,4.01
10-Year Treasury Yield,DGS10,2025-11-26,4.0
10-Year Treasury Yield,DGS10,2025-11-28,4.02
10-Year Treasury Yield,DGS10,2025-12-01,4.09
10-Year Treasury Yield,DGS10,2025-12-02,4.09
10-Year Treasury Yield,DGS10,2025-12-03,4.06
10-Year Treasury Yield,DGS10,2025-12-04,4.11
10-Year Treasury Yield,DGS10,2025-12-05,4.14
10-Year Treasury Yield,DGS10,2025-12-08,4.17
10-Year Treasury Yield,DGS10,2025-12-09,4.18
10-Year Treasury Yield,DGS10,2025-12-10,4.13
10-Year Treasury Yield,DGS10,2025-12-11,4.14
10-Year Treasury Yield,DGS10,2025-12-12,4.19
10-Year Treasury Yield,DGS10,2025-12-15,4.18
10-Year Treasury Yield,DGS10,2025-12-16,4.15
10-Year Treasury Yield,DGS10,2025-12-17,4.16
10-Year Treasury Yield,DGS10,2025-12-18,4.12
10-Year Treasury Yield,DGS10,2025-12-19,4.16
10-Year Treasury Yield,DGS10,2025-12-22,4.17
10-Year Treasury Yield,DGS10,2025-12-23,4.18
10-Year Treasury Yield,DGS10,2025-12-24,4.15
10-Year Treasury Yield,DGS10,2025-12-26,4.14
10-Year Treasury Yield,DGS10,2025-12-29,4.12
10-Year Treasury Yield,DGS10,2025-12-30,4.14
10-Year Treasury Yield,DGS10,2025-12-31,4.18
10-Year Treasury Yield,DGS10,2026-01-02,4.19
10-Year Treasury Yield,DGS10,2026-01-05,4.17
10-Year Treasury Yield,DGS10,2026-01-06,4.18
10-Year Treasury Yield,DGS10,2026-01-07,4.15
10-Year Treasury Yield,DGS10,2026-01-08,4.19
10-Year Treasury Yield,DGS10,2026-01-09,4.18
10-Year Treasury Yield,DGS10,2026-01-12,4.19
10-Year Treasury Yield,DGS10,2026-01-13,4.18
10-Year Treasury Yield,DGS10,2026-01-14,4.15
10-Year Treasury Yield,DGS10,2026-01-15,4.17
10-Year Treasury Yield,DGS10,2026-01-16,4.24
10-Year Treasury Yield,DGS10,2026-01-20,4.3
10-Year Treasury Yield,DGS10,2026-01-21,4.26
10-Year Treasury Yield,DGS10,2026-01-22,4.26
10-Year Treasury Yield,DGS10,2026-01-23,4.24
10-Year Treasury Yield,DGS10,2026-01-26,4.22
10-Year Treasury Yield,DGS10,2026-01-27,4.24
10-Year Treasury Yield,DGS10,2026-01-28,4.26
10-Year Treasury Yield,DGS10,2026-01-29,4.24
10-Year Treasury Yield,DGS10,2026-01-30,4.26
10-Year Treasury Yield,DGS10,2026-02-02,4.29
10-Year Treasury Yield,DGS10,2026-02-03,4.28
10-Year Treasury Yield,DGS10,2026-02-04,4.29
10-Year Treasury Yield,DGS10,2026-02-05,4.21
10-Year Treasury Yield,DGS10,2026-02-06,4.22
10-Year Treasury Yield,DGS10,2026-02-09,4.22
10-Year Treasury Yield,DGS10,2026-02-10,4.16
10-Year Treasury Yield,DGS10,2026-02-11,4.18
10-Year Treasury Yield,DGS10,2026-02-12,4.09
10-Year Treasury Yield,DGS10,2026-02-13,4.04
10-Year Treasury Yield,DGS10,2026-02-17,4.05
10-Year Treasury Yield,DGS10,2026-02-18,4.09
10-Year Treasury Yield,DGS10,2026-02-19,4.08
10-Year Treasury Yield,DGS10,2026-02-20,4.08
10-Year Treasury Yield,DGS10,2026-02-23,4.03
10-Year Treasury Yield,DGS10,2026-02-24,4.04
10-Year Treasury Yield,DGS10,2026-02-25,4.05
10-Year Treasury Yield,DGS10,2026-02-26,4.02
10-Year Treasury Yield,DGS10,2026-02-27,3.97
10-Year Treasury Yield,DGS10,2026-03-02,4.05
10-Year Treasury Yield,DGS10,2026-03-03,4.06
10-Year Treasury Yield,DGS10,2026-03-04,4.09
10-Year Treasury Yield,DGS10,2026-03-05,4.13
10-Year Treasury Yield,DGS10,2026-03-06,4.15
10-Year Treasury Yield,DGS10,2026-03-09,4.12
10-Year Treasury Yield,DGS10,2026-03-10,4.15
10-Year Treasury Yield,DGS10,2026-03-11,4.21
10-Year Treasury Yield,DGS10,2026-03-12,4.27
10-Year Treasury Yield,DGS10,2026-03-13,4.28
10-Year Treasury Yield,DGS10,2026-03-16,4.23
10-Year Treasury Yield,DGS10,2026-03-17,4.2
10-Year Treasury Yield,DGS10,2026-03-18,4.26
10-Year Treasury Yield,DGS10,2026-03-19,4.25
10-Year Treasury Yield,DGS10,2026-03-20,4.39
10-Year Treasury Yield,DGS10,2026-03-23,4.34
10-Year Treasury Yield,DGS10,2026-03-24,4.39
10-Year Treasury Yield,DGS10,2026-03-25,4.33
10-Year Treasury Yield,DGS10,2026-03-26,4.42
10-Year Treasury Yield,DGS10,2026-03-27,4.44
10-Year Treasury Yield,DGS10,2026-03-30,4.35
10-Year Treasury Yield,DGS10,2026-03-31,4.3
10-Year Treasury Yield,DGS10,2026-04-01,4.33
10-Year Treasury Yield,DGS10,2026-04-02,4.31
10-Year Treasury Yield,DGS10,2026-04-03,4.35
10-Year Treasury Yield,DGS10,2026-04-06,4.34
10-Year Treasury Yield,DGS10,2026-04-07,4.33
10-Year Treasury Yield,DGS10,2026-04-08,4.29
10-Year Treasury Yield,DGS10,2026-04-09,4.29
10-Year Treasury Yield,DGS10,2026-04-10,4.31
10-Year Treasury Yield,DGS10,2026-04-13,4.3
10-Year Treasury Yield,DGS10,2026-04-14,4.26
10-Year Treasury Yield,DGS10,2026-04-15,4.29
10-Year Treasury Yield,DGS10,2026-04-16,4.32
10-Year Treasury Yield,DGS10,2026-04-17,4.26
10-Year Treasury Yield,DGS10,2026-04-20,4.26
10-Year Treasury Yield,DGS10,2026-04-21,4.3
10-Year Treasury Yield,DGS10,2026-04-22,4.3
10-Year Treasury Yield,DGS10,2026-04-23,4.34
10-Year Treasury Yield,DGS10,2026-04-24,4.31
10-Year Treasury Yield,DGS10,2026-04-27,4.35
10-Year Treasury Yield,DGS10,2026-04-28,4.36
10-Year Treasury Yield,DGS10,2026-04-29,4.42
10-Year Treasury Yield,DGS10,2026-04-30,4.4
10-Year Treasury Yield,DGS10,2026-05-01,4.39
2-Year Treasury Yield,DGS2,2025-03-07,3.99
2-Year Treasury Yield,DGS2,2025-03-10,3.89
2-Year Treasury Yield,DGS2,2025-03-11,3.94
2-Year Treasury Yield,DGS2,2025-03-12,4.01
2-Year Treasury Yield,DGS2,2025-03-13,3.94
2-Year Treasury Yield,DGS2,2025-03-14,4.02
2-Year Treasury Yield,DGS2,2025-03-17,4.06
2-Year Treasury Yield,DGS2,2025-03-18,4.04
2-Year Treasury Yield,DGS2,2025-03-19,3.99
2-Year Treasury Yield,DGS2,2025-03-20,3.95
2-Year Treasury Yield,DGS2,2025-03-21,3.94
2-Year Treasury Yield,DGS2,2025-03-24,4.04
2-Year Treasury Yield,DGS2,2025-03-25,3.96
2-Year Treasury Yield,DGS2,2025-03-26,3.98
2-Year Treasury Yield,DGS2,2025-03-27,3.97
2-Year Treasury Yield,DGS2,2025-03-28,3.89
2-Year Treasury Yield,DGS2,2025-03-31,3.89
2-Year Treasury Yield,DGS2,2025-04-01,3.87
2-Year Treasury Yield,DGS2,2025-04-02,3.91
2-Year Treasury Yield,DGS2,2025-04-03,3.71
2-Year Treasury Yield,DGS2,2025-04-04,3.68
2-Year Treasury Yield,DGS2,2025-04-07,3.73
2-Year Treasury Yield,DGS2,2025-04-08,3.71
2-Year Treasury Yield,DGS2,2025-04-09,3.91
2-Year Treasury Yield,DGS2,2025-04-10,3.84
2-Year Treasury Yield,DGS2,2025-04-11,3.96
2-Year Treasury Yield,DGS2,2025-04-14,3.84
2-Year Treasury Yield,DGS2,2025-04-15,3.84
2-Year Treasury Yield,DGS2,2025-04-16,3.77
2-Year Treasury Yield,DGS2,2025-04-17,3.81
2-Year Treasury Yield,DGS2,2025-04-21,3.75
2-Year Treasury Yield,DGS2,2025-04-22,3.76
2-Year Treasury Yield,DGS2,2025-04-23,3.81
2-Year Treasury Yield,DGS2,2025-04-24,3.77
2-Year Treasury Yield,DGS2,2025-04-25,3.74
2-Year Treasury Yield,DGS2,2025-04-28,3.67
2-Year Treasury Yield,DGS2,2025-04-29,3.65
2-Year Treasury Yield,DGS2,2025-04-30,3.6
2-Year Treasury Yield,DGS2,2025-05-01,3.7
2-Year Treasury Yield,DGS2,2025-05-02,3.83
2-Year Treasury Yield,DGS2,2025-05-05,3.83
2-Year Treasury Yield,DGS2,2025-05-06,3.78
2-Year Treasury Yield,DGS2,2025-05-07,3.78
2-Year Treasury Yield,DGS2,2025-05-08,3.9
2-Year Treasury Yield,DGS2,2025-05-09,3.88
2-Year Treasury Yield,DGS2,2025-05-12,3.98
2-Year Treasury Yield,DGS2,2025-05-13,4.02
2-Year Treasury Yield,DGS2,2025-05-14,4.05
2-Year Treasury Yield,DGS2,2025-05-15,3.96
2-Year Treasury Yield,DGS2,2025-05-16,3.98
2-Year Treasury Yield,DGS2,2025-05-19,3.97
2-Year Treasury Yield,DGS2,2025-05-20,3.97
2-Year Treasury Yield,DGS2,2025-05-21,4.0
2-Year Treasury Yield,DGS2,2025-05-22,4.0
2-Year Treasury Yield,DGS2,2025-05-23,4.0
2-Year Treasury Yield,DGS2,2025-05-27,3.92
2-Year Treasury Yield,DGS2,2025-05-28,3.96
2-Year Treasury Yield,DGS2,2025-05-29,3.92
2-Year Treasury Yield,DGS2,2025-05-30,3.89
2-Year Treasury Yield,DGS2,2025-06-02,3.94
2-Year Treasury Yield,DGS2,2025-06-03,3.96
2-Year Treasury Yield,DGS2,2025-06-04,3.87
2-Year Treasury Yield,DGS2,2025-06-05,3.92
2-Year Treasury Yield,DGS2,2025-06-06,4.04
2-Year Treasury Yield,DGS2,2025-06-09,4.01
2-Year Treasury Yield,DGS2,2025-06-10,4.01
2-Year Treasury Yield,DGS2,2025-06-11,3.94
2-Year Treasury Yield,DGS2,2025-06-12,3.9
2-Year Treasury Yield,DGS2,2025-06-13,3.96
2-Year Treasury Yield,DGS2,2025-06-16,3.97
2-Year Treasury Yield,DGS2,2025-06-17,3.94
2-Year Treasury Yield,DGS2,2025-06-18,3.94
2-Year Treasury Yield,DGS2,2025-06-20,3.9
2-Year Treasury Yield,DGS2,2025-06-23,3.84
2-Year Treasury Yield,DGS2,2025-06-24,3.75
2-Year Treasury Yield,DGS2,2025-06-25,3.74
2-Year Treasury Yield,DGS2,2025-06-26,3.7
2-Year Treasury Yield,DGS2,2025-06-27,3.73
2-Year Treasury Yield,DGS2,2025-06-30,3.72
2-Year Treasury Yield,DGS2,2025-07-01,3.78
2-Year Treasury Yield,DGS2,2025-07-02,3.78
2-Year Treasury Yield,DGS2,2025-07-03,3.88
2-Year Treasury Yield,DGS2,2025-07-07,3.9
2-Year Treasury Yield,DGS2,2025-07-08,3.9
2-Year Treasury Yield,DGS2,2025-07-09,3.86
2-Year Treasury Yield,DGS2,2025-07-10,3.86
2-Year Treasury Yield,DGS2,2025-07-11,3.9
2-Year Treasury Yield,DGS2,2025-07-14,3.9
2-Year Treasury Yield,DGS2,2025-07-15,3.95
2-Year Treasury Yield,DGS2,2025-07-16,3.88
2-Year Treasury Yield,DGS2,2025-07-17,3.91
2-Year Treasury Yield,DGS2,2025-07-18,3.88
2-Year Treasury Yield,DGS2,2025-07-21,3.85
2-Year Treasury Yield,DGS2,2025-07-22,3.83
2-Year Treasury Yield,DGS2,2025-07-23,3.88
2-Year Treasury Yield,DGS2,2025-07-24,3.91
2-Year Treasury Yield,DGS2,2025-07-25,3.91
2-Year Treasury Yield,DGS2,2025-07-28,3.91
2-Year Treasury Yield,DGS2,2025-07-29,3.86
2-Year Treasury Yield,DGS2,2025-07-30,3.94
2-Year Treasury Yield,DGS2,2025-07-31,3.94
2-Year Treasury Yield,DGS2,2025-08-01,3.69
2-Year Treasury Yield,DGS2,2025-08-04,3.69
2-Year Treasury Yield,DGS2,2025-08-05,3.72
2-Year Treasury Yield,DGS2,2025-08-06,3.69
2-Year Treasury Yield,DGS2,2025-08-07,3.72
2-Year Treasury Yield,DGS2,2025-08-08,3.76
2-Year Treasury Yield,DGS2,2025-08-11,3.76
2-Year Treasury Yield,DGS2,2025-08-12,3.72
2-Year Treasury Yield,DGS2,2025-08-13,3.67
2-Year Treasury Yield,DGS2,2025-08-14,3.74
2-Year Treasury Yield,DGS2,2025-08-15,3.75
2-Year Treasury Yield,DGS2,2025-08-18,3.77
2-Year Treasury Yield,DGS2,2025-08-19,3.75
2-Year Treasury Yield,DGS2,2025-08-20,3.74
2-Year Treasury Yield,DGS2,2025-08-21,3.79
2-Year Treasury Yield,DGS2,2025-08-22,3.68
2-Year Treasury Yield,DGS2,2025-08-25,3.73
2-Year Treasury Yield,DGS2,2025-08-26,3.61
2-Year Treasury Yield,DGS2,2025-08-27,3.59
2-Year Treasury Yield,DGS2,2025-08-28,3.62
2-Year Treasury Yield,DGS2,2025-08-29,3.59
2-Year Treasury Yield,DGS2,2025-09-02,3.66
2-Year Treasury Yield,DGS2,2025-09-03,3.61
2-Year Treasury Yield,DGS2,2025-09-04,3.59
2-Year Treasury Yield,DGS2,2025-09-05,3.51
2-Year Treasury Yield,DGS2,2025-09-08,3.49
2-Year Treasury Yield,DGS2,2025-09-09,3.54
2-Year Treasury Yield,DGS2,2025-09-10,3.54
2-Year Treasury Yield,DGS2,2025-09-11,3.52
2-Year Treasury Yield,DGS2,2025-09-12,3.56
2-Year Treasury Yield,DGS2,2025-09-15,3.54
2-Year Treasury Yield,DGS2,2025-09-16,3.51
2-Year Treasury Yield,DGS2,2025-09-17,3.52
2-Year Treasury Yield,DGS2,2025-09-18,3.57
2-Year Treasury Yield,DGS2,2025-09-19,3.57
2-Year Treasury Yield,DGS2,2025-09-22,3.61
2-Year Treasury Yield,DGS2,2025-09-23,3.53
2-Year Treasury Yield,DGS2,2025-09-24,3.57
2-Year Treasury Yield,DGS2,2025-09-25,3.64
2-Year Treasury Yield,DGS2,2025-09-26,3.63
2-Year Treasury Yield,DGS2,2025-09-29,3.63
2-Year Treasury Yield,DGS2,2025-09-30,3.6
2-Year Treasury Yield,DGS2,2025-10-01,3.55
2-Year Treasury Yield,DGS2,2025-10-02,3.55
2-Year Treasury Yield,DGS2,2025-10-03,3.58
2-Year Treasury Yield,DGS2,2025-10-06,3.6
2-Year Treasury Yield,DGS2,2025-10-07,3.57
2-Year Treasury Yield,DGS2,2025-10-08,3.58
2-Year Treasury Yield,DGS2,2025-10-09,3.6
2-Year Treasury Yield,DGS2,2025-10-10,3.52
2-Year Treasury Yield,DGS2,2025-10-14,3.48
2-Year Treasury Yield,DGS2,2025-10-15,3.5
2-Year Treasury Yield,DGS2,2025-10-16,3.41
2-Year Treasury Yield,DGS2,2025-10-17,3.46
2-Year Treasury Yield,DGS2,2025-10-20,3.46
2-Year Treasury Yield,DGS2,2025-10-21,3.45
2-Year Treasury Yield,DGS2,2025-10-22,3.45
2-Year Treasury Yield,DGS2,2025-10-23,3.48
2-Year Treasury Yield,DGS2,2025-10-24,3.48
2-Year Treasury Yield,DGS2,2025-10-27,3.48
2-Year Treasury Yield,DGS2,2025-10-28,3.47
2-Year Treasury Yield,DGS2,2025-10-29,3.59
2-Year Treasury Yield,DGS2,2025-10-30,3.61
2-Year Treasury Yield,DGS2,2025-10-31,3.6
2-Year Treasury Yield,DGS2,2025-11-03,3.6
2-Year Treasury Yield,DGS2,2025-11-04,3.58
2-Year Treasury Yield,DGS2,2025-11-05,3.63
2-Year Treasury Yield,DGS2,2025-11-06,3.57
2-Year Treasury Yield,DGS2,2025-11-07,3.55
2-Year Treasury Yield,DGS2,2025-11-10,3.58
2-Year Treasury Yield,DGS2,2025-11-12,3.56
2-Year Treasury Yield,DGS2,2025-11-13,3.58
2-Year Treasury Yield,DGS2,2025-11-14,3.62
2-Year Treasury Yield,DGS2,2025-11-17,3.6
2-Year Treasury Yield,DGS2,2025-11-18,3.58
2-Year Treasury Yield,DGS2,2025-11-19,3.58
2-Year Treasury Yield,DGS2,2025-11-20,3.55
2-Year Treasury Yield,DGS2,2025-11-21,3.51
2-Year Treasury Yield,DGS2,2025-11-24,3.46
2-Year Treasury Yield,DGS2,2025-11-25,3.43
2-Year Treasury Yield,DGS2,2025-11-26,3.45
2-Year Treasury Yield,DGS2,2025-11-28,3.47
2-Year Treasury Yield,DGS2,2025-12-01,3.54
2-Year Treasury Yield,DGS2,2025-12-02,3.51
2-Year Treasury Yield,DGS2,2025-12-03,3.49
2-Year Treasury Yield,DGS2,2025-12-04,3.52
2-Year Treasury Yield,DGS2,2025-12-05,3.56
2-Year Treasury Yield,DGS2,2025-12-08,3.57
2-Year Treasury Yield,DGS2,2025-12-09,3.61
2-Year Treasury Yield,DGS2,2025-12-10,3.54
2-Year Treasury Yield,DGS2,2025-12-11,3.52
2-Year Treasury Yield,DGS2,2025-12-12,3.52
2-Year Treasury Yield,DGS2,2025-12-15,3.51
2-Year Treasury Yield,DGS2,2025-12-16,3.48
2-Year Treasury Yield,DGS2,2025-12-17,3.49
2-Year Treasury Yield,DGS2,2025-12-18,3.46
2-Year Treasury Yield,DGS2,2025-12-19,3.48
2-Year Treasury Yield,DGS2,2025-12-22,3.44
2-Year Treasury Yield,DGS2,2025-12-23,3.48
2-Year Treasury Yield,DGS2,2025-12-24,3.47
2-Year Treasury Yield,DGS2,2025-12-26,3.46
2-Year Treasury Yield,DGS2,2025-12-29,3.45
2-Year Treasury Yield,DGS2,2025-12-30,3.45
2-Year Treasury Yield,DGS2,2025-12-31,3.47
2-Year Treasury Yield,DGS2,2026-01-02,3.47
2-Year Treasury Yield,DGS2,2026-01-05,3.46
2-Year Treasury Yield,DGS2,2026-01-06,3.47
2-Year Treasury Yield,DGS2,2026-01-07,3.47
2-Year Treasury Yield,DGS2,2026-01-08,3.49
2-Year Treasury Yield,DGS2,2026-01-09,3.54
2-Year Treasury Yield,DGS2,2026-01-12,3.54
2-Year Treasury Yield,DGS2,2026-01-13,3.53
2-Year Treasury Yield,DGS2,2026-01-14,3.51
2-Year Treasury Yield,DGS2,2026-01-15,3.56
2-Year Treasury Yield,DGS2,2026-01-16,3.59
2-Year Treasury Yield,DGS2,2026-01-20,3.6
2-Year Treasury Yield,DGS2,2026-01-21,3.6
2-Year Treasury Yield,DGS2,2026-01-22,3.61
2-Year Treasury Yield,DGS2,2026-01-23,3.6
2-Year Treasury Yield,DGS2,2026-01-26,3.56
2-Year Treasury Yield,DGS2,2026-01-27,3.53
2-Year Treasury Yield,DGS2,2026-01-28,3.56
2-Year Treasury Yield,DGS2,2026-01-29,3.53
2-Year Treasury Yield,DGS2,2026-01-30,3.52
2-Year Treasury Yield,DGS2,2026-02-02,3.57
2-Year Treasury Yield,DGS2,2026-02-03,3.57
2-Year Treasury Yield,DGS2,2026-02-04,3.57
2-Year Treasury Yield,DGS2,2026-02-05,3.47
2-Year Treasury Yield,DGS2,2026-02-06,3.5
2-Year Treasury Yield,DGS2,2026-02-09,3.48
2-Year Treasury Yield,DGS2,2026-02-10,3.45
2-Year Treasury Yield,DGS2,2026-02-11,3.52
2-Year Treasury Yield,DGS2,2026-02-12,3.47
2-Year Treasury Yield,DGS2,2026-02-13,3.4
2-Year Treasury Yield,DGS2,2026-02-17,3.43
2-Year Treasury Yield,DGS2,2026-02-18,3.47
2-Year Treasury Yield,DGS2,2026-02-19,3.47
2-Year Treasury Yield,DGS2,2026-02-20,3.48
2-Year Treasury Yield,DGS2,2026-02-23,3.43
2-Year Treasury Yield,DGS2,2026-02-24,3.43
2-Year Treasury Yield,DGS2,2026-02-25,3.45
2-Year Treasury Yield,DGS2,2026-02-26,3.42
2-Year Treasury Yield,DGS2,2026-02-27,3.38
2-Year Treasury Yield,DGS2,2026-03-02,3.47
2-Year Treasury Yield,DGS2,2026-03-03,3.51
2-Year Treasury Yield,DGS2,2026-03-04,3.54
2-Year Treasury Yield,DGS2,2026-03-05,3.57
2-Year Treasury Yield,DGS2,2026-03-06,3.56
2-Year Treasury Yield,DGS2,2026-03-09,3.56
2-Year Treasury Yield,DGS2,2026-03-10,3.57
2-Year Treasury Yield,DGS2,2026-03-11,3.64
2-Year Treasury Yield,DGS2,2026-03-12,3.76
2-Year Treasury Yield,DGS2,2026-03-13,3.73
2-Year Treasury Yield,DGS2,2026-03-16,3.68
2-Year Treasury Yield,DGS2,2026-03-17,3.68
2-Year Treasury Yield,DGS2,2026-03-18,3.76
2-Year Treasury Yield,DGS2,2026-03-19,3.79
2-Year Treasury Yield,DGS2,2026-03-20,3.88
2-Year Treasury Yield,DGS2,2026-03-23,3.83
2-Year Treasury Yield,DGS2,2026-03-24,3.9
2-Year Treasury Yield,DGS2,2026-03-25,3.84
2-Year Treasury Yield,DGS2,2026-03-26,3.96
2-Year Treasury Yield,DGS2,2026-03-27,3.88
2-Year Treasury Yield,DGS2,2026-03-30,3.82
2-Year Treasury Yield,DGS2,2026-03-31,3.79
2-Year Treasury Yield,DGS2,2026-04-01,3.81
2-Year Treasury Yield,DGS2,2026-04-02,3.79
2-Year Treasury Yield,DGS2,2026-04-03,3.84
2-Year Treasury Yield,DGS2,2026-04-06,3.84
2-Year Treasury Yield,DGS2,2026-04-07,3.81
2-Year Treasury Yield,DGS2,2026-04-08,3.79
2-Year Treasury Yield,DGS2,2026-04-09,3.78
2-Year Treasury Yield,DGS2,2026-04-10,3.81
2-Year Treasury Yield,DGS2,2026-04-13,3.78
2-Year Treasury Yield,DGS2,2026-04-14,3.76
2-Year Treasury Yield,DGS2,2026-04-15,3.76
2-Year Treasury Yield,DGS2,2026-04-16,3.78
2-Year Treasury Yield,DGS2,2026-04-17,3.71
2-Year Treasury Yield,DGS2,2026-04-20,3.72
2-Year Treasury Yield,DGS2,2026-04-21,3.78
2-Year Treasury Yield,DGS2,2026-04-22,3.79
2-Year Treasury Yield,DGS2,2026-04-23,3.83
2-Year Treasury Yield,DGS2,2026-04-24,3.78
2-Year Treasury Yield,DGS2,2026-04-27,3.78
2-Year Treasury Yield,DGS2,2026-04-28,3.84
2-Year Treasury Yield,DGS2,2026-04-29,3.92
2-Year Treasury Yield,DGS2,2026-04-30,3.88
2-Year Treasury Yield,DGS2,2026-05-01,3.88
10Y–2Y Yield Curve,T10Y2Y,2025-03-07,0.33
10Y–2Y Yield Curve,T10Y2Y,2025-03-10,0.33
10Y–2Y Yield Curve,T10Y2Y,2025-03-11,0.34
10Y–2Y Yield Curve,T10Y2Y,2025-03-12,0.31
10Y–2Y Yield Curve,T10Y2Y,2025-03-13,0.33
10Y–2Y Yield Curve,T10Y2Y,2025-03-14,0.29
10Y–2Y Yield Curve,T10Y2Y,2025-03-17,0.25
10Y–2Y Yield Curve,T10Y2Y,2025-03-18,0.25
10Y–2Y Yield Curve,T10Y2Y,2025-03-19,0.26
10Y–2Y Yield Curve,T10Y2Y,2025-03-20,0.29
10Y–2Y Yield Curve,T10Y2Y,2025-03-21,0.31
10Y–2Y Yield Curve,T10Y2Y,2025-03-24,0.3
10Y–2Y Yield Curve,T10Y2Y,2025-03-25,0.35
10Y–2Y Yield Curve,T10Y2Y,2025-03-26,0.37
10Y–2Y Yield Curve,T10Y2Y,2025-03-27,0.41
10Y–2Y Yield Curve,T10Y2Y,2025-03-28,0.38
10Y–2Y Yield Curve,T10Y2Y,2025-03-31,0.34
10Y–2Y Yield Curve,T10Y2Y,2025-04-01,0.3
10Y–2Y Yield Curve,T10Y2Y,2025-04-02,0.29
10Y–2Y Yield Curve,T10Y2Y,2025-04-03,0.35
10Y–2Y Yield Curve,T10Y2Y,2025-04-04,0.33
10Y–2Y Yield Curve,T10Y2Y,2025-04-07,0.42
10Y–2Y Yield Curve,T10Y2Y,2025-04-08,0.55
10Y–2Y Yield Curve,T10Y2Y,2025-04-09,0.43
10Y–2Y Yield Curve,T10Y2Y,2025-04-10,0.56
10Y–2Y Yield Curve,T10Y2Y,2025-04-11,0.52
10Y–2Y Yield Curve,T10Y2Y,2025-04-14,0.54
10Y–2Y Yield Curve,T10Y2Y,2025-04-15,0.51
10Y–2Y Yield Curve,T10Y2Y,2025-04-16,0.52
10Y–2Y Yield Curve,T10Y2Y,2025-04-17,0.53
10Y–2Y Yield Curve,T10Y2Y,2025-04-21,0.67
10Y–2Y Yield Curve,T10Y2Y,2025-04-22,0.65
10Y–2Y Yield Curve,T10Y2Y,2025-04-23,0.59
10Y–2Y Yield Curve,T10Y2Y,2025-04-24,0.55
10Y–2Y Yield Curve,T10Y2Y,2025-04-25,0.55
10Y–2Y Yield Curve,T10Y2Y,2025-04-28,0.56
10Y–2Y Yield Curve,T10Y2Y,2025-04-29,0.54
10Y–2Y Yield Curve,T10Y2Y,2025-04-30,0.57
10Y–2Y Yield Curve,T10Y2Y,2025-05-01,0.55
10Y–2Y Yield Curve,T10Y2Y,2025-05-02,0.5
10Y–2Y Yield Curve,T10Y2Y,2025-05-05,0.53
10Y–2Y Yield Curve,T10Y2Y,2025-05-06,0.52
10Y–2Y Yield Curve,T10Y2Y,2025-05-07,0.48
10Y–2Y Yield Curve,T10Y2Y,2025-05-08,0.47
10Y–2Y Yield Curve,T10Y2Y,2025-05-09,0.49
10Y–2Y Yield Curve,T10Y2Y,2025-05-12,0.47
10Y–2Y Yield Curve,T10Y2Y,2025-05-13,0.47
10Y–2Y Yield Curve,T10Y2Y,2025-05-14,0.48
10Y–2Y Yield Curve,T10Y2Y,2025-05-15,0.49
10Y–2Y Yield Curve,T10Y2Y,2025-05-16,0.45
10Y–2Y Yield Curve,T10Y2Y,2025-05-19,0.49
10Y–2Y Yield Curve,T10Y2Y,2025-05-20,0.51
10Y–2Y Yield Curve,T10Y2Y,2025-05-21,0.58
10Y–2Y Yield Curve,T10Y2Y,2025-05-22,0.54
10Y–2Y Yield Curve,T10Y2Y,2025-05-23,0.51
10Y–2Y Yield Curve,T10Y2Y,2025-05-27,0.51
10Y–2Y Yield Curve,T10Y2Y,2025-05-28,0.51
10Y–2Y Yield Curve,T10Y2Y,2025-05-29,0.51
10Y–2Y Yield Curve,T10Y2Y,2025-05-30,0.52
10Y–2Y Yield Curve,T10Y2Y,2025-06-02,0.52
10Y–2Y Yield Curve,T10Y2Y,2025-06-03,0.5
10Y–2Y Yield Curve,T10Y2Y,2025-06-04,0.5
10Y–2Y Yield Curve,T10Y2Y,2025-06-05,0.48
10Y–2Y Yield Curve,T10Y2Y,2025-06-06,0.47
10Y–2Y Yield Curve,T10Y2Y,2025-06-09,0.48
10Y–2Y Yield Curve,T10Y2Y,2025-06-10,0.46
10Y–2Y Yield Curve,T10Y2Y,2025-06-11,0.47
10Y–2Y Yield Curve,T10Y2Y,2025-06-12,0.46
10Y–2Y Yield Curve,T10Y2Y,2025-06-13,0.45
10Y–2Y Yield Curve,T10Y2Y,2025-06-16,0.49
10Y–2Y Yield Curve,T10Y2Y,2025-06-17,0.45
10Y–2Y Yield Curve,T10Y2Y,2025-06-18,0.44
10Y–2Y Yield Curve,T10Y2Y,2025-06-20,0.48
10Y–2Y Yield Curve,T10Y2Y,2025-06-23,0.5
10Y–2Y Yield Curve,T10Y2Y,2025-06-24,0.55
10Y–2Y Yield Curve,T10Y2Y,2025-06-25,0.55
10Y–2Y Yield Curve,T10Y2Y,2025-06-26,0.56
10Y–2Y Yield Curve,T10Y2Y,2025-06-27,0.56
10Y–2Y Yield Curve,T10Y2Y,2025-06-30,0.52
10Y–2Y Yield Curve,T10Y2Y,2025-07-01,0.48
10Y–2Y Yield Curve,T10Y2Y,2025-07-02,0.52
10Y–2Y Yield Curve,T10Y2Y,2025-07-03,0.47
10Y–2Y Yield Curve,T10Y2Y,2025-07-07,0.5
10Y–2Y Yield Curve,T10Y2Y,2025-07-08,0.52
10Y–2Y Yield Curve,T10Y2Y,2025-07-09,0.48
10Y–2Y Yield Curve,T10Y2Y,2025-07-10,0.49
10Y–2Y Yield Curve,T10Y2Y,2025-07-11,0.53
10Y–2Y Yield Curve,T10Y2Y,2025-07-14,0.53
10Y–2Y Yield Curve,T10Y2Y,2025-07-15,0.55
10Y–2Y Yield Curve,T10Y2Y,2025-07-16,0.58
10Y–2Y Yield Curve,T10Y2Y,2025-07-17,0.56
10Y–2Y Yield Curve,T10Y2Y,2025-07-18,0.56
10Y–2Y Yield Curve,T10Y2Y,2025-07-21,0.53
10Y–2Y Yield Curve,T10Y2Y,2025-07-22,0.52
10Y–2Y Yield Curve,T10Y2Y,2025-07-23,0.52
10Y–2Y Yield Curve,T10Y2Y,2025-07-24,0.52
10Y–2Y Yield Curve,T10Y2Y,2025-07-25,0.49
10Y–2Y Yield Curve,T10Y2Y,2025-07-28,0.51
10Y–2Y Yield Curve,T10Y2Y,2025-07-29,0.48
10Y–2Y Yield Curve,T10Y2Y,2025-07-30,0.44
10Y–2Y Yield Curve,T10Y2Y,2025-07-31,0.43
10Y–2Y Yield Curve,T10Y2Y,2025-08-01,0.54
10Y–2Y Yield Curve,T10Y2Y,2025-08-04,0.53
10Y–2Y Yield Curve,T10Y2Y,2025-08-05,0.5
10Y–2Y Yield Curve,T10Y2Y,2025-08-06,0.53
10Y–2Y Yield Curve,T10Y2Y,2025-08-07,0.51
10Y–2Y Yield Curve,T10Y2Y,2025-08-08,0.51
10Y–2Y Yield Curve,T10Y2Y,2025-08-11,0.51
10Y–2Y Yield Curve,T10Y2Y,2025-08-12,0.57
10Y–2Y Yield Curve,T10Y2Y,2025-08-13,0.57
10Y–2Y Yield Curve,T10Y2Y,2025-08-14,0.55
10Y–2Y Yield Curve,T10Y2Y,2025-08-15,0.58
10Y–2Y Yield Curve,T10Y2Y,2025-08-18,0.57
10Y–2Y Yield Curve,T10Y2Y,2025-08-19,0.55
10Y–2Y Yield Curve,T10Y2Y,2025-08-20,0.55
10Y–2Y Yield Curve,T10Y2Y,2025-08-21,0.54
10Y–2Y Yield Curve,T10Y2Y,2025-08-22,0.58
10Y–2Y Yield Curve,T10Y2Y,2025-08-25,0.55
10Y–2Y Yield Curve,T10Y2Y,2025-08-26,0.65
10Y–2Y Yield Curve,T10Y2Y,2025-08-27,0.65
10Y–2Y Yield Curve,T10Y2Y,2025-08-28,0.6
10Y–2Y Yield Curve,T10Y2Y,2025-08-29,0.64
10Y–2Y Yield Curve,T10Y2Y,2025-09-02,0.62
10Y–2Y Yield Curve,T10Y2Y,2025-09-03,0.61
10Y–2Y Yield Curve,T10Y2Y,2025-09-04,0.58
10Y–2Y Yield Curve,T10Y2Y,2025-09-05,0.59
10Y–2Y Yield Curve,T10Y2Y,2025-09-08,0.56
10Y–2Y Yield Curve,T10Y2Y,2025-09-09,0.54
10Y–2Y Yield Curve,T10Y2Y,2025-09-10,0.5
10Y–2Y Yield Curve,T10Y2Y,2025-09-11,0.49
10Y–2Y Yield Curve,T10Y2Y,2025-09-12,0.5
10Y–2Y Yield Curve,T10Y2Y,2025-09-15,0.51
10Y–2Y Yield Curve,T10Y2Y,2025-09-16,0.53
10Y–2Y Yield Curve,T10Y2Y,2025-09-17,0.54
10Y–2Y Yield Curve,T10Y2Y,2025-09-18,0.54
10Y–2Y Yield Curve,T10Y2Y,2025-09-19,0.57
10Y–2Y Yield Curve,T10Y2Y,2025-09-22,0.54
10Y–2Y Yield Curve,T10Y2Y,2025-09-23,0.59
10Y–2Y Yield Curve,T10Y2Y,2025-09-24,0.59
10Y–2Y Yield Curve,T10Y2Y,2025-09-25,0.54
10Y–2Y Yield Curve,T10Y2Y,2025-09-26,0.57
10Y–2Y Yield Curve,T10Y2Y,2025-09-29,0.52
10Y–2Y Yield Curve,T10Y2Y,2025-09-30,0.56
10Y–2Y Yield Curve,T10Y2Y,2025-10-01,0.57
10Y–2Y Yield Curve,T10Y2Y,2025-10-02,0.55
10Y–2Y Yield Curve,T10Y2Y,2025-10-03,0.55
10Y–2Y Yield Curve,T10Y2Y,2025-10-06,0.58
10Y–2Y Yield Curve,T10Y2Y,2025-10-07,0.57
10Y–2Y Yield Curve,T10Y2Y,2025-10-08,0.55
10Y–2Y Yield Curve,T10Y2Y,2025-10-09,0.54
10Y–2Y Yield Curve,T10Y2Y,2025-10-10,0.53
10Y–2Y Yield Curve,T10Y2Y,2025-10-14,0.55
10Y–2Y Yield Curve,T10Y2Y,2025-10-15,0.55
10Y–2Y Yield Curve,T10Y2Y,2025-10-16,0.58
10Y–2Y Yield Curve,T10Y2Y,2025-10-17,0.56
10Y–2Y Yield Curve,T10Y2Y,2025-10-20,0.54
10Y–2Y Yield Curve,T10Y2Y,2025-10-21,0.53
10Y–2Y Yield Curve,T10Y2Y,2025-10-22,0.52
10Y–2Y Yield Curve,T10Y2Y,2025-10-23,0.53
10Y–2Y Yield Curve,T10Y2Y,2025-10-24,0.54
10Y–2Y Yield Curve,T10Y2Y,2025-10-27,0.53
10Y–2Y Yield Curve,T10Y2Y,2025-10-28,0.52
10Y–2Y Yield Curve,T10Y2Y,2025-10-29,0.49
10Y–2Y Yield Curve,T10Y2Y,2025-10-30,0.5
10Y–2Y Yield Curve,T10Y2Y,2025-10-31,0.51
10Y–2Y Yield Curve,T10Y2Y,2025-11-03,0.53
10Y–2Y Yield Curve,T10Y2Y,2025-11-04,0.52
10Y–2Y Yield Curve,T10Y2Y,2025-11-05,0.54
10Y–2Y Yield Curve,T10Y2Y,2025-11-06,0.54
10Y–2Y Yield Curve,T10Y2Y,2025-11-07,0.56
10Y–2Y Yield Curve,T10Y2Y,2025-11-10,0.55
10Y–2Y Yield Curve,T10Y2Y,2025-11-12,0.52
10Y–2Y Yield Curve,T10Y2Y,2025-11-13,0.53
10Y–2Y Yield Curve,T10Y2Y,2025-11-14,0.52
10Y–2Y Yield Curve,T10Y2Y,2025-11-17,0.53
10Y–2Y Yield Curve,T10Y2Y,2025-11-18,0.54
10Y–2Y Yield Curve,T10Y2Y,2025-11-19,0.55
10Y–2Y Yield Curve,T10Y2Y,2025-11-20,0.55
10Y–2Y Yield Curve,T10Y2Y,2025-11-21,0.55
10Y–2Y Yield Curve,T10Y2Y,2025-11-24,0.58
10Y–2Y Yield Curve,T10Y2Y,2025-11-25,0.58
10Y–2Y Yield Curve,T10Y2Y,2025-11-26,0.55
10Y–2Y Yield Curve,T10Y2Y,2025-11-28,0.55
10Y–2Y Yield Curve,T10Y2Y,2025-12-01,0.55
10Y–2Y Yield Curve,T10Y2Y,2025-12-02,0.58
10Y–2Y Yield Curve,T10Y2Y,2025-12-03,0.57
10Y–2Y Yield Curve,T10Y2Y,2025-12-04,0.59
10Y–2Y Yield Curve,T10Y2Y,2025-12-05,0.58
10Y–2Y Yield Curve,T10Y2Y,2025-12-08,0.6
10Y–2Y Yield Curve,T10Y2Y,2025-12-09,0.57
10Y–2Y Yield Curve,T10Y2Y,2025-12-10,0.59
10Y–2Y Yield Curve,T10Y2Y,2025-12-11,0.62
10Y–2Y Yield Curve,T10Y2Y,2025-12-12,0.67
10Y–2Y Yield Curve,T10Y2Y,2025-12-15,0.67
10Y–2Y Yield Curve,T10Y2Y,2025-12-16,0.67
10Y–2Y Yield Curve,T10Y2Y,2025-12-17,0.67
10Y–2Y Yield Curve,T10Y2Y,2025-12-18,0.66
10Y–2Y Yield Curve,T10Y2Y,2025-12-19,0.68
10Y–2Y Yield Curve,T10Y2Y,2025-12-22,0.73
10Y–2Y Yield Curve,T10Y2Y,2025-12-23,0.7
10Y–2Y Yield Curve,T10Y2Y,2025-12-24,0.68
10Y–2Y Yield Curve,T10Y2Y,2025-12-26,0.68
10Y–2Y Yield Curve,T10Y2Y,2025-12-29,0.67
10Y–2Y Yield Curve,T10Y2Y,2025-12-30,0.69
10Y–2Y Yield Curve,T10Y2Y,2025-12-31,0.71
10Y–2Y Yield Curve,T10Y2Y,2026-01-02,0.72
10Y–2Y Yield Curve,T10Y2Y,2026-01-05,0.71
10Y–2Y Yield Curve,T10Y2Y,2026-01-06,0.71
10Y–2Y Yield Curve,T10Y2Y,2026-01-07,0.68
10Y–2Y Yield Curve,T10Y2Y,2026-01-08,0.7
10Y–2Y Yield Curve,T10Y2Y,2026-01-09,0.64
10Y–2Y Yield Curve,T10Y2Y,2026-01-12,0.65
10Y–2Y Yield Curve,T10Y2Y,2026-01-13,0.65
10Y–2Y Yield Curve,T10Y2Y,2026-01-14,0.64
10Y–2Y Yield Curve,T10Y2Y,2026-01-15,0.61
10Y–2Y Yield Curve,T10Y2Y,2026-01-16,0.65
10Y–2Y Yield Curve,T10Y2Y,2026-01-20,0.7
10Y–2Y Yield Curve,T10Y2Y,2026-01-21,0.66
10Y–2Y Yield Curve,T10Y2Y,2026-01-22,0.65
10Y–2Y Yield Curve,T10Y2Y,2026-01-23,0.64
10Y–2Y Yield Curve,T10Y2Y,2026-01-26,0.66
10Y–2Y Yield Curve,T10Y2Y,2026-01-27,0.71
10Y–2Y Yield Curve,T10Y2Y,2026-01-28,0.7
10Y–2Y Yield Curve,T10Y2Y,2026-01-29,0.71
10Y–2Y Yield Curve,T10Y2Y,2026-01-30,0.74
10Y–2Y Yield Curve,T10Y2Y,2026-02-02,0.72
10Y–2Y Yield Curve,T10Y2Y,2026-02-03,0.71
10Y–2Y Yield Curve,T10Y2Y,2026-02-04,0.72
10Y–2Y Yield Curve,T10Y2Y,2026-02-05,0.74
10Y–2Y Yield Curve,T10Y2Y,2026-02-06,0.72
10Y–2Y Yield Curve,T10Y2Y,2026-02-09,0.74
10Y–2Y Yield Curve,T10Y2Y,2026-02-10,0.71
10Y–2Y Yield Curve,T10Y2Y,2026-02-11,0.66
10Y–2Y Yield Curve,T10Y2Y,2026-02-12,0.62
10Y–2Y Yield Curve,T10Y2Y,2026-02-13,0.64
10Y–2Y Yield Curve,T10Y2Y,2026-02-17,0.62
10Y–2Y Yield Curve,T10Y2Y,2026-02-18,0.62
10Y–2Y Yield Curve,T10Y2Y,2026-02-19,0.61
10Y–2Y Yield Curve,T10Y2Y,2026-02-20,0.6
10Y–2Y Yield Curve,T10Y2Y,2026-02-23,0.6
10Y–2Y Yield Curve,T10Y2Y,2026-02-24,0.61
10Y–2Y Yield Curve,T10Y2Y,2026-02-25,0.6
10Y–2Y Yield Curve,T10Y2Y,2026-02-26,0.6
10Y–2Y Yield Curve,T10Y2Y,2026-02-27,0.59
10Y–2Y Yield Curve,T10Y2Y,2026-03-02,0.58
10Y–2Y Yield Curve,T10Y2Y,2026-03-03,0.55
10Y–2Y Yield Curve,T10Y2Y,2026-03-04,0.55
10Y–2Y Yield Curve,T10Y2Y,2026-03-05,0.56
10Y–2Y Yield Curve,T10Y2Y,2026-03-06,0.59
10Y–2Y Yield Curve,T10Y2Y,2026-03-09,0.56
10Y–2Y Yield Curve,T10Y2Y,2026-03-10,0.58
10Y–2Y Yield Curve,T10Y2Y,2026-03-11,0.57
10Y–2Y Yield Curve,T10Y2Y,2026-03-12,0.51
10Y–2Y Yield Curve,T10Y2Y,2026-03-13,0.55
10Y–2Y Yield Curve,T10Y2Y,2026-03-16,0.55
10Y–2Y Yield Curve,T10Y2Y,2026-03-17,0.52
10Y–2Y Yield Curve,T10Y2Y,2026-03-18,0.5
10Y–2Y Yield Curve,T10Y2Y,2026-03-19,0.46
10Y–2Y Yield Curve,T10Y2Y,2026-03-20,0.51
10Y–2Y Yield Curve,T10Y2Y,2026-03-23,0.51
10Y–2Y Yield Curve,T10Y2Y,2026-03-24,0.49
10Y–2Y Yield Curve,T10Y2Y,2026-03-25,0.49
10Y–2Y Yield Curve,T10Y2Y,2026-03-26,0.46
10Y–2Y Yield Curve,T10Y2Y,2026-03-27,0.56
10Y–2Y Yield Curve,T10Y2Y,2026-03-30,0.53
10Y–2Y Yield Curve,T10Y2Y,2026-03-31,0.51
10Y–2Y Yield Curve,T10Y2Y,2026-04-01,0.52
10Y–2Y Yield Curve,T10Y2Y,2026-04-02,0.52
10Y–2Y Yield Curve,T10Y2Y,2026-04-03,0.51
10Y–2Y Yield Curve,T10Y2Y,2026-04-06,0.5
10Y–2Y Yield Curve,T10Y2Y,2026-04-07,0.52
10Y–2Y Yield Curve,T10Y2Y,2026-04-08,0.5
10Y–2Y Yield Curve,T10Y2Y,2026-04-09,0.51
10Y–2Y Yield Curve,T10Y2Y,2026-04-10,0.5
10Y–2Y Yield Curve,T10Y2Y,2026-04-13,0.52
10Y–2Y Yield Curve,T10Y2Y,2026-04-14,0.5
10Y–2Y Yield Curve,T10Y2Y,2026-04-15,0.53
10Y–2Y Yield Curve,T10Y2Y,2026-04-16,0.54
10Y–2Y Yield Curve,T10Y2Y,2026-04-17,0.55
10Y–2Y Yield Curve,T10Y2Y,2026-04-20,0.54
10Y–2Y Yield Curve,T10Y2Y,2026-04-21,0.52
10Y–2Y Yield Curve,T10Y2Y,2026-04-22,0.51
10Y–2Y Yield Curve,T10Y2Y,2026-04-23,0.51
10Y–2Y Yield Curve,T10Y2Y,2026-04-24,0.53
10Y–2Y Yield Curve,T10Y2Y,2026-04-27,0.57
10Y–2Y Yield Curve,T10Y2Y,2026-04-28,0.52
10Y–2Y Yield Curve,T10Y2Y,2026-04-29,0.5
10Y–2Y Yield Curve,T10Y2Y,2026-04-30,0.52
10Y–2Y Yield Curve,T10Y2Y,2026-05-01,0.51
Effective Fed Funds Rate,DFF,2025-03-07,4.33
Effective Fed Funds Rate,DFF,2025-03-08,4.33
Effective Fed Funds Rate,DFF,2025-03-09,4.33
Effective Fed Funds Rate,DFF,2025-03-10,4.33
Effective Fed Funds Rate,DFF,2025-03-11,4.33
Effective Fed Funds Rate,DFF,2025-03-12,4.33
Effective Fed Funds Rate,DFF,2025-03-13,4.33
Effective Fed Funds Rate,DFF,2025-03-14,4.33
Effective Fed Funds Rate,DFF,2025-03-15,4.33
Effective Fed Funds Rate,DFF,2025-03-16,4.33
Effective Fed Funds Rate,DFF,2025-03-17,4.33
Effective Fed Funds Rate,DFF,2025-03-18,4.33
Effective Fed Funds Rate,DFF,2025-03-19,4.33
Effective Fed Funds Rate,DFF,2025-03-20,4.33
Effective Fed Funds Rate,DFF,2025-03-21,4.33
Effective Fed Funds Rate,DFF,2025-03-22,4.33
Effective Fed Funds Rate,DFF,2025-03-23,4.33
Effective Fed Funds Rate,DFF,2025-03-24,4.33
Effective Fed Funds Rate,DFF,2025-03-25,4.33
Effective Fed Funds Rate,DFF,2025-03-26,4.33
Effective Fed Funds Rate,DFF,2025-03-27,4.33
Effective Fed Funds Rate,DFF,2025-03-28,4.33
Effective Fed Funds Rate,DFF,2025-03-29,4.33
Effective Fed Funds Rate,DFF,2025-03-30,4.33
Effective Fed Funds Rate,DFF,2025-03-31,4.33
Effective Fed Funds Rate,DFF,2025-04-01,4.33
Effective Fed Funds Rate,DFF,2025-04-02,4.33
Effective Fed Funds Rate,DFF,2025-04-03,4.33
Effective Fed Funds Rate,DFF,2025-04-04,4.33
Effective Fed Funds Rate,DFF,2025-04-05,4.33
Effective Fed Funds Rate,DFF,2025-04-06,4.33
Effective Fed Funds Rate,DFF,2025-04-07,4.33
Effective Fed Funds Rate,DFF,2025-04-08,4.33
Effective Fed Funds Rate,DFF,2025-04-09,4.33
Effective Fed Funds Rate,DFF,2025-04-10,4.33
Effective Fed Funds Rate,DFF,2025-04-11,4.33
Effective Fed Funds Rate,DFF,2025-04-12,4.33
Effective Fed Funds Rate,DFF,2025-04-13,4.33
Effective Fed Funds Rate,DFF,2025-04-14,4.33
Effective Fed Funds Rate,DFF,2025-04-15,4.33
Effective Fed Funds Rate,DFF,2025-04-16,4.33
Effective Fed Funds Rate,DFF,2025-04-17,4.33
Effective Fed Funds Rate,DFF,2025-04-18,4.33
Effective Fed Funds Rate,DFF,2025-04-19,4.33
Effective Fed Funds Rate,DFF,2025-04-20,4.33
Effective Fed Funds Rate,DFF,2025-04-21,4.33
Effective Fed Funds Rate,DFF,2025-04-22,4.33
Effective Fed Funds Rate,DFF,2025-04-23,4.33
Effective Fed Funds Rate,DFF,2025-04-24,4.33
Effective Fed Funds Rate,DFF,2025-04-25,4.33
Effective Fed Funds Rate,DFF,2025-04-26,4.33
Effective Fed Funds Rate,DFF,2025-04-27,4.33
Effective Fed Funds Rate,DFF,2025-04-28,4.33
Effective Fed Funds Rate,DFF,2025-04-29,4.33
Effective Fed Funds Rate,DFF,2025-04-30,4.33
Effective Fed Funds Rate,DFF,2025-05-01,4.33
Effective Fed Funds Rate,DFF,2025-05-02,4.33
Effective Fed Funds Rate,DFF,2025-05-03,4.33
Effective Fed Funds Rate,DFF,2025-05-04,4.33
Effective Fed Funds Rate,DFF,2025-05-05,4.33
Effective Fed Funds Rate,DFF,2025-05-06,4.33
Effective Fed Funds Rate,DFF,2025-05-07,4.33
Effective Fed Funds Rate,DFF,2025-05-08,4.33
Effective Fed Funds Rate,DFF,2025-05-09,4.33
Effective Fed Funds Rate,DFF,2025-05-10,4.33
Effective Fed Funds Rate,DFF,2025-05-11,4.33
Effective Fed Funds Rate,DFF,2025-05-12,4.33
Effective Fed Funds Rate,DFF,2025-05-13,4.33
Effective Fed Funds Rate,DFF,2025-05-14,4.33
Effective Fed Funds Rate,DFF,2025-05-15,4.33
Effective Fed Funds Rate,DFF,2025-05-16,4.33
Effective Fed Funds Rate,DFF,2025-05-17,4.33
Effective Fed Funds Rate,DFF,2025-05-18,4.33
Effective Fed Funds Rate,DFF,2025-05-19,4.33
Effective Fed Funds Rate,DFF,2025-05-20,4.33
Effective Fed Funds Rate,DFF,2025-05-21,4.33
Effective Fed Funds Rate,DFF,2025-05-22,4.33
Effective Fed Funds Rate,DFF,2025-05-23,4.33
Effective Fed Funds Rate,DFF,2025-05-24,4.33
Effective Fed Funds Rate,DFF,2025-05-25,4.33
Effective Fed Funds Rate,DFF,2025-05-26,4.33
Effective Fed Funds Rate,DFF,2025-05-27,4.33
Effective Fed Funds Rate,DFF,2025-05-28,4.33
Effective Fed Funds Rate,DFF,2025-05-29,4.33
Effective Fed Funds Rate,DFF,2025-05-30,4.33
Effective Fed Funds Rate,DFF,2025-05-31,4.33
Effective Fed Funds Rate,DFF,2025-06-01,4.33
Effective Fed Funds Rate,DFF,2025-06-02,4.33
Effective Fed Funds Rate,DFF,2025-06-03,4.33
Effective Fed Funds Rate,DFF,2025-06-04,4.33
Effective Fed Funds Rate,DFF,2025-06-05,4.33
Effective Fed Funds Rate,DFF,2025-06-06,4.33
Effective Fed Funds Rate,DFF,2025-06-07,4.33
Effective Fed Funds Rate,DFF,2025-06-08,4.33
Effective Fed Funds Rate,DFF,2025-06-09,4.33
Effective Fed Funds Rate,DFF,2025-06-10,4.33
Effective Fed Funds Rate,DFF,2025-06-11,4.33
Effective Fed Funds Rate,DFF,2025-06-12,4.33
Effective Fed Funds Rate,DFF,2025-06-13,4.33
Effective Fed Funds Rate,DFF,2025-06-14,4.33
Effective Fed Funds Rate,DFF,2025-06-15,4.33
Effective Fed Funds Rate,DFF,2025-06-16,4.33
Effective Fed Funds Rate,DFF,2025-06-17,4.33
Effective Fed Funds Rate,DFF,2025-06-18,4.33
Effective Fed Funds Rate,DFF,2025-06-19,4.33
Effective Fed Funds Rate,DFF,2025-06-20,4.33
Effective Fed Funds Rate,DFF,2025-06-21,4.33
Effective Fed Funds Rate,DFF,2025-06-22,4.33
Effective Fed Funds Rate,DFF,2025-06-23,4.33
Effective Fed Funds Rate,DFF,2025-06-24,4.33
Effective Fed Funds Rate,DFF,2025-06-25,4.33
Effective Fed Funds Rate,DFF,2025-06-26,4.33
Effective Fed Funds Rate,DFF,2025-06-27,4.33
Effective Fed Funds Rate,DFF,2025-06-28,4.33
Effective Fed Funds Rate,DFF,2025-06-29,4.33
Effective Fed Funds Rate,DFF,2025-06-30,4.33
Effective Fed Funds Rate,DFF,2025-07-01,4.33
Effective Fed Funds Rate,DFF,2025-07-02,4.33
Effective Fed Funds Rate,DFF,2025-07-03,4.33
Effective Fed Funds Rate,DFF,2025-07-04,4.33
Effective Fed Funds Rate,DFF,2025-07-05,4.33
Effective Fed Funds Rate,DFF,2025-07-06,4.33
Effective Fed Funds Rate,DFF,2025-07-07,4.33
Effective Fed Funds Rate,DFF,2025-07-08,4.33
Effective Fed Funds Rate,DFF,2025-07-09,4.33
Effective Fed Funds Rate,DFF,2025-07-10,4.33
Effective Fed Funds Rate,DFF,2025-07-11,4.33
Effective Fed Funds Rate,DFF,2025-07-12,4.33
Effective Fed Funds Rate,DFF,2025-07-13,4.33
Effective Fed Funds Rate,DFF,2025-07-14,4.33
Effective Fed Funds Rate,DFF,2025-07-15,4.33
Effective Fed Funds Rate,DFF,2025-07-16,4.33
Effective Fed Funds Rate,DFF,2025-07-17,4.33
Effective Fed Funds Rate,DFF,2025-07-18,4.33
Effective Fed Funds Rate,DFF,2025-07-19,4.33
Effective Fed Funds Rate,DFF,2025-07-20,4.33
Effective Fed Funds Rate,DFF,2025-07-21,4.33
Effective Fed Funds Rate,DFF,2025-07-22,4.33
Effective Fed Funds Rate,DFF,2025-07-23,4.33
Effective Fed Funds Rate,DFF,2025-07-24,4.33
Effective Fed Funds Rate,DFF,2025-07-25,4.33
Effective Fed Funds Rate,DFF,2025-07-26,4.33
Effective Fed Funds Rate,DFF,2025-07-27,4.33
Effective Fed Funds Rate,DFF,2025-07-28,4.33
Effective Fed Funds Rate,DFF,2025-07-29,4.33
Effective Fed Funds Rate,DFF,2025-07-30,4.33
Effective Fed Funds Rate,DFF,2025-07-31,4.33
Effective Fed Funds Rate,DFF,2025-08-01,4.33
Effective Fed Funds Rate,DFF,2025-08-02,4.33
Effective Fed Funds Rate,DFF,2025-08-03,4.33
Effective Fed Funds Rate,DFF,2025-08-04,4.33
Effective Fed Funds Rate,DFF,2025-08-05,4.33
Effective Fed Funds Rate,DFF,2025-08-06,4.33
Effective Fed Funds Rate,DFF,2025-08-07,4.33
Effective Fed Funds Rate,DFF,2025-08-08,4.33
Effective Fed Funds Rate,DFF,2025-08-09,4.33
Effective Fed Funds Rate,DFF,2025-08-10,4.33
Effective Fed Funds Rate,DFF,2025-08-11,4.33
Effective Fed Funds Rate,DFF,2025-08-12,4.33
Effective Fed Funds Rate,DFF,2025-08-13,4.33
Effective Fed Funds Rate,DFF,2025-08-14,4.33
Effective Fed Funds Rate,DFF,2025-08-15,4.33
Effective Fed Funds Rate,DFF,2025-08-16,4.33
Effective Fed Funds Rate,DFF,2025-08-17,4.33
Effective Fed Funds Rate,DFF,2025-08-18,4.33
Effective Fed Funds Rate,DFF,2025-08-19,4.33
Effective Fed Funds Rate,DFF,2025-08-20,4.33
Effective Fed Funds Rate,DFF,2025-08-21,4.33
Effective Fed Funds Rate,DFF,2025-08-22,4.33
Effective Fed Funds Rate,DFF,2025-08-23,4.33
Effective Fed Funds Rate,DFF,2025-08-24,4.33
Effective Fed Funds Rate,DFF,2025-08-25,4.33
Effective Fed Funds Rate,DFF,2025-08-26,4.33
Effective Fed Funds Rate,DFF,2025-08-27,4.33
Effective Fed Funds Rate,DFF,2025-08-28,4.33
Effective Fed Funds Rate,DFF,2025-08-29,4.33
Effective Fed Funds Rate,DFF,2025-08-30,4.33
Effective Fed Funds Rate,DFF,2025-08-31,4.33
Effective Fed Funds Rate,DFF,2025-09-01,4.33
Effective Fed Funds Rate,DFF,2025-09-02,4.33
Effective Fed Funds Rate,DFF,2025-09-03,4.33
Effective Fed Funds Rate,DFF,2025-09-04,4.33
Effective Fed Funds Rate,DFF,2025-09-05,4.33
Effective Fed Funds Rate,DFF,2025-09-06,4.33
Effective Fed Funds Rate,DFF,2025-09-07,4.33
Effective Fed Funds Rate,DFF,2025-09-08,4.33
Effective Fed Funds Rate,DFF,2025-09-09,4.33
Effective Fed Funds Rate,DFF,2025-09-10,4.33
Effective Fed Funds Rate,DFF,2025-09-11,4.33
Effective Fed Funds Rate,DFF,2025-09-12,4.33
Effective Fed Funds Rate,DFF,2025-09-13,4.33
Effective Fed Funds Rate,DFF,2025-09-14,4.33
Effective Fed Funds Rate,DFF,2025-09-15,4.33
Effective Fed Funds Rate,DFF,2025-09-16,4.33
Effective Fed Funds Rate,DFF,2025-09-17,4.33
Effective Fed Funds Rate,DFF,2025-09-18,4.08
Effective Fed Funds Rate,DFF,2025-09-19,4.08
Effective Fed Funds Rate,DFF,2025-09-20,4.08
Effective Fed Funds Rate,DFF,2025-09-21,4.08
Effective Fed Funds Rate,DFF,2025-09-22,4.09
Effective Fed Funds Rate,DFF,2025-09-23,4.09
Effective Fed Funds Rate,DFF,2025-09-24,4.09
Effective Fed Funds Rate,DFF,2025-09-25,4.09
Effective Fed Funds Rate,DFF,2025-09-26,4.09
Effective Fed Funds Rate,DFF,2025-09-27,4.09
Effective Fed Funds Rate,DFF,2025-09-28,4.09
Effective Fed Funds Rate,DFF,2025-09-29,4.09
Effective Fed Funds Rate,DFF,2025-09-30,4.09
Effective Fed Funds Rate,DFF,2025-10-01,4.09
Effective Fed Funds Rate,DFF,2025-10-02,4.09
Effective Fed Funds Rate,DFF,2025-10-03,4.09
Effective Fed Funds Rate,DFF,2025-10-04,4.09
Effective Fed Funds Rate,DFF,2025-10-05,4.09
Effective Fed Funds Rate,DFF,2025-10-06,4.09
Effective Fed Funds Rate,DFF,2025-10-07,4.09
Effective Fed Funds Rate,DFF,2025-10-08,4.1
Effective Fed Funds Rate,DFF,2025-10-09,4.1
Effective Fed Funds Rate,DFF,2025-10-10,4.1
Effective Fed Funds Rate,DFF,2025-10-11,4.1
Effective Fed Funds Rate,DFF,2025-10-12,4.1
Effective Fed Funds Rate,DFF,2025-10-13,4.1
Effective Fed Funds Rate,DFF,2025-10-14,4.1
Effective Fed Funds Rate,DFF,2025-10-15,4.1
Effective Fed Funds Rate,DFF,2025-10-16,4.11
Effective Fed Funds Rate,DFF,2025-10-17,4.11
Effective Fed Funds Rate,DFF,2025-10-18,4.11
Effective Fed Funds Rate,DFF,2025-10-19,4.11
Effective Fed Funds Rate,DFF,2025-10-20,4.11
Effective Fed Funds Rate,DFF,2025-10-21,4.11
Effective Fed Funds Rate,DFF,2025-10-22,4.11
Effective Fed Funds Rate,DFF,2025-10-23,4.11
Effective Fed Funds Rate,DFF,2025-10-24,4.11
Effective Fed Funds Rate,DFF,2025-10-25,4.11
Effective Fed Funds Rate,DFF,2025-10-26,4.11
Effective Fed Funds Rate,DFF,2025-10-27,4.12
Effective Fed Funds Rate,DFF,2025-10-28,4.12
Effective Fed Funds Rate,DFF,2025-10-29,4.12
Effective Fed Funds Rate,DFF,2025-10-30,3.87
Effective Fed Funds Rate,DFF,2025-10-31,3.86
Effective Fed Funds Rate,DFF,2025-11-01,3.86
Effective Fed Funds Rate,DFF,2025-11-02,3.86
Effective Fed Funds Rate,DFF,2025-11-03,3.87
Effective Fed Funds Rate,DFF,2025-11-04,3.87
Effective Fed Funds Rate,DFF,2025-11-05,3.87
Effective Fed Funds Rate,DFF,2025-11-06,3.87
Effective Fed Funds Rate,DFF,2025-11-07,3.87
Effective Fed Funds Rate,DFF,2025-11-08,3.87
Effective Fed Funds Rate,DFF,2025-11-09,3.87
Effective Fed Funds Rate,DFF,2025-11-10,3.87
Effective Fed Funds Rate,DFF,2025-11-11,3.87
Effective Fed Funds Rate,DFF,2025-11-12,3.87
Effective Fed Funds Rate,DFF,2025-11-13,3.88
Effective Fed Funds Rate,DFF,2025-11-14,3.88
Effective Fed Funds Rate,DFF,2025-11-15,3.88
Effective Fed Funds Rate,DFF,2025-11-16,3.88
Effective Fed Funds Rate,DFF,2025-11-17,3.88
Effective Fed Funds Rate,DFF,2025-11-18,3.88
Effective Fed Funds Rate,DFF,2025-11-19,3.88
Effective Fed Funds Rate,DFF,2025-11-20,3.88
Effective Fed Funds Rate,DFF,2025-11-21,3.88
Effective Fed Funds Rate,DFF,2025-11-22,3.88
Effective Fed Funds Rate,DFF,2025-11-23,3.88
Effective Fed Funds Rate,DFF,2025-11-24,3.88
Effective Fed Funds Rate,DFF,2025-11-25,3.88
Effective Fed Funds Rate,DFF,2025-11-26,3.88
Effective Fed Funds Rate,DFF,2025-11-27,3.88
Effective Fed Funds Rate,DFF,2025-11-28,3.89
Effective Fed Funds Rate,DFF,2025-11-29,3.89
Effective Fed Funds Rate,DFF,2025-11-30,3.89
Effective Fed Funds Rate,DFF,2025-12-01,3.89
Effective Fed Funds Rate,DFF,2025-12-02,3.89
Effective Fed Funds Rate,DFF,2025-12-03,3.89
Effective Fed Funds Rate,DFF,2025-12-04,3.89
Effective Fed Funds Rate,DFF,2025-12-05,3.89
Effective Fed Funds Rate,DFF,2025-12-06,3.89
Effective Fed Funds Rate,DFF,2025-12-07,3.89
Effective Fed Funds Rate,DFF,2025-12-08,3.89
Effective Fed Funds Rate,DFF,2025-12-09,3.89
Effective Fed Funds Rate,DFF,2025-12-10,3.89
Effective Fed Funds Rate,DFF,2025-12-11,3.64
Effective Fed Funds Rate,DFF,2025-12-12,3.64
Effective Fed Funds Rate,DFF,2025-12-13,3.64
Effective Fed Funds Rate,DFF,2025-12-14,3.64
Effective Fed Funds Rate,DFF,2025-12-15,3.64
Effective Fed Funds Rate,DFF,2025-12-16,3.64
Effective Fed Funds Rate,DFF,2025-12-17,3.64
Effective Fed Funds Rate,DFF,2025-12-18,3.64
Effective Fed Funds Rate,DFF,2025-12-19,3.64
Effective Fed Funds Rate,DFF,2025-12-20,3.64
Effective Fed Funds Rate,DFF,2025-12-21,3.64
Effective Fed Funds Rate,DFF,2025-12-22,3.64
Effective Fed Funds Rate,DFF,2025-12-23,3.64
Effective Fed Funds Rate,DFF,2025-12-24,3.64
Effective Fed Funds Rate,DFF,2025-12-25,3.64
Effective Fed Funds Rate,DFF,2025-12-26,3.64
Effective Fed Funds Rate,DFF,2025-12-27,3.64
Effective Fed Funds Rate,DFF,2025-12-28,3.64
Effective Fed Funds Rate,DFF,2025-12-29,3.64
Effective Fed Funds Rate,DFF,2025-12-30,3.64
Effective Fed Funds Rate,DFF,2025-12-31,3.64
Effective Fed Funds Rate,DFF,2026-01-01,3.64
Effective Fed Funds Rate,DFF,2026-01-02,3.64
Effective Fed Funds Rate,DFF,2026-01-03,3.64
Effective Fed Funds Rate,DFF,2026-01-04,3.64
Effective Fed Funds Rate,DFF,2026-01-05,3.64
Effective Fed Funds Rate,DFF,2026-01-06,3.64
Effective Fed Funds Rate,DFF,2026-01-07,3.64
Effective Fed Funds Rate,DFF,2026-01-08,3.64
Effective Fed Funds Rate,DFF,2026-01-09,3.64
Effective Fed Funds Rate,DFF,2026-01-10,3.64
Effective Fed Funds Rate,DFF,2026-01-11,3.64
Effective Fed Funds Rate,DFF,2026-01-12,3.64
Effective Fed Funds Rate,DFF,2026-01-13,3.64
Effective Fed Funds Rate,DFF,2026-01-14,3.64
Effective Fed Funds Rate,DFF,2026-01-15,3.64
Effective Fed Funds Rate,DFF,2026-01-16,3.64
Effective Fed Funds Rate,DFF,2026-01-17,3.64
Effective Fed Funds Rate,DFF,2026-01-18,3.64
Effective Fed Funds Rate,DFF,2026-01-19,3.64
Effective Fed Funds Rate,DFF,2026-01-20,3.64
Effective Fed Funds Rate,DFF,2026-01-21,3.64
Effective Fed Funds Rate,DFF,2026-01-22,3.64
Effective Fed Funds Rate,DFF,2026-01-23,3.64
Effective Fed Funds Rate,DFF,2026-01-24,3.64
Effective Fed Funds Rate,DFF,2026-01-25,3.64
Effective Fed Funds Rate,DFF,2026-01-26,3.64
Effective Fed Funds Rate,DFF,2026-01-27,3.64
Effective Fed Funds Rate,DFF,2026-01-28,3.64
Effective Fed Funds Rate,DFF,2026-01-29,3.64
Effective Fed Funds Rate,DFF,2026-01-30,3.64
Effective Fed Funds Rate,DFF,2026-01-31,3.64
Effective Fed Funds Rate,DFF,2026-02-01,3.64
Effective Fed Funds Rate,DFF,2026-02-02,3.64
Effective Fed Funds Rate,DFF,2026-02-03,3.64
Effective Fed Funds Rate,DFF,2026-02-04,3.64
Effective Fed Funds Rate,DFF,2026-02-05,3.64
Effective Fed Funds Rate,DFF,2026-02-06,3.64
Effective Fed Funds Rate,DFF,2026-02-07,3.64
Effective Fed Funds Rate,DFF,2026-02-08,3.64
Effective Fed Funds Rate,DFF,2026-02-09,3.64
Effective Fed Funds Rate,DFF,2026-02-10,3.64
Effective Fed Funds Rate,DFF,2026-02-11,3.64
Effective Fed Funds Rate,DFF,2026-02-12,3.64
Effective Fed Funds Rate,DFF,2026-02-13,3.64
Effective Fed Funds Rate,DFF,2026-02-14,3.64
Effective Fed Funds Rate,DFF,2026-02-15,3.64
Effective Fed Funds Rate,DFF,2026-02-16,3.64
Effective Fed Funds Rate,DFF,2026-02-17,3.64
Effective Fed Funds Rate,DFF,2026-02-18,3.64
Effective Fed Funds Rate,DFF,2026-02-19,3.64
Effective Fed Funds Rate,DFF,2026-02-20,3.64
Effective Fed Funds Rate,DFF,2026-02-21,3.64
Effective Fed Funds Rate,DFF,2026-02-22,3.64
Effective Fed Funds Rate,DFF,2026-02-23,3.64
Effective Fed Funds Rate,DFF,2026-02-24,3.64
Effective Fed Funds Rate,DFF,2026-02-25,3.64
Effective Fed Funds Rate,DFF,2026-02-26,3.64
Effective Fed Funds Rate,DFF,2026-02-27,3.64
Effective Fed Funds Rate,DFF,2026-02-28,3.64
Effective Fed Funds Rate,DFF,2026-03-01,3.64
Effective Fed Funds Rate,DFF,2026-03-02,3.64
Effective Fed Funds Rate,DFF,2026-03-03,3.64
Effective Fed Funds Rate,DFF,2026-03-04,3.64
Effective Fed Funds Rate,DFF,2026-03-05,3.64
Effective Fed Funds Rate,DFF,2026-03-06,3.64
Effective Fed Funds Rate,DFF,2026-03-07,3.64
Effective Fed Funds Rate,DFF,2026-03-08,3.64
Effective Fed Funds Rate,DFF,2026-03-09,3.64
Effective Fed Funds Rate,DFF,2026-03-10,3.64
Effective Fed Funds Rate,DFF,2026-03-11,3.64
Effective Fed Funds Rate,DFF,2026-03-12,3.64
Effective Fed Funds Rate,DFF,2026-03-13,3.64
Effective Fed Funds Rate,DFF,2026-03-14,3.64
Effective Fed Funds Rate,DFF,2026-03-15,3.64
Effective Fed Funds Rate,DFF,2026-03-16,3.64
Effective Fed Funds Rate,DFF,2026-03-17,3.64
Effective Fed Funds Rate,DFF,2026-03-18,3.64
Effective Fed Funds Rate,DFF,2026-03-19,3.64
Effective Fed Funds Rate,DFF,2026-03-20,3.64
Effective Fed Funds Rate,DFF,2026-03-21,3.64
Effective Fed Funds Rate,DFF,2026-03-22,3.64
Effective Fed Funds Rate,DFF,2026-03-23,3.64
Effective Fed Funds Rate,DFF,2026-03-24,3.64
Effective Fed Funds Rate,DFF,2026-03-25,3.64
Effective Fed Funds Rate,DFF,2026-03-26,3.64
Effective Fed Funds Rate,DFF,2026-03-27,3.64
Effective Fed Funds Rate,DFF,2026-03-28,3.64
Effective Fed Funds Rate,DFF,2026-03-29,3.64
Effective Fed Funds Rate,DFF,2026-03-30,3.64
Effective Fed Funds Rate,DFF,2026-03-31,3.64
Effective Fed Funds Rate,DFF,2026-04-01,3.64
Effective Fed Funds Rate,DFF,2026-04-02,3.64
Effective Fed Funds Rate,DFF,2026-04-03,3.64
Effective Fed Funds Rate,DFF,2026-04-04,3.64
Effective Fed Funds Rate,DFF,2026-04-05,3.64
Effective Fed Funds Rate,DFF,2026-04-06,3.64
Effective Fed Funds Rate,DFF,2026-04-07,3.64
Effective Fed Funds Rate,DFF,2026-04-08,3.64
Effective Fed Funds Rate,DFF,2026-04-09,3.64
Effective Fed Funds Rate,DFF,2026-04-10,3.64
Effective Fed Funds Rate,DFF,2026-04-11,3.64
Effective Fed Funds Rate,DFF,2026-04-12,3.64
Effective Fed Funds Rate,DFF,2026-04-13,3.64
Effective Fed Funds Rate,DFF,2026-04-14,3.64
Effective Fed Funds Rate,DFF,2026-04-15,3.64
Effective Fed Funds Rate,DFF,2026-04-16,3.64
Effective Fed Funds Rate,DFF,2026-04-17,3.64
Effective Fed Funds Rate,DFF,2026-04-18,3.64
Effective Fed Funds Rate,DFF,2026-04-19,3.64
Effective Fed Funds Rate,DFF,2026-04-20,3.64
Effective Fed Funds Rate,DFF,2026-04-21,3.64
Effective Fed Funds Rate,DFF,2026-04-22,3.64
Effective Fed Funds Rate,DFF,2026-04-23,3.64
Effective Fed Funds Rate,DFF,2026-04-24,3.64
Effective Fed Funds Rate,DFF,2026-04-25,3.64
Effective Fed Funds Rate,DFF,2026-04-26,3.64
Effective Fed Funds Rate,DFF,2026-04-27,3.64
Effective Fed Funds Rate,DFF,2026-04-28,3.64
Effective Fed Funds Rate,DFF,2026-04-29,3.64
Effective Fed Funds Rate,DFF,2026-04-30,3.64
Effective Fed Funds Rate,DFF,2026-05-01,3.64
WTI Crude Oil,DCOILWTICO,2025-03-07,67.29
WTI Crude Oil,DCOILWTICO,2025-03-10,66.31
WTI Crude Oil,DCOILWTICO,2025-03-11,66.52
WTI Crude Oil,DCOILWTICO,2025-03-12,67.65
WTI Crude Oil,DCOILWTICO,2025-03-13,66.82
WTI Crude Oil,DCOILWTICO,2025-03-14,67.43
WTI Crude Oil,DCOILWTICO,2025-03-17,67.84
WTI Crude Oil,DCOILWTICO,2025-03-18,67.49
WTI Crude Oil,DCOILWTICO,2025-03-19,67.4
WTI Crude Oil,DCOILWTICO,2025-03-20,68.55
WTI Crude Oil,DCOILWTICO,2025-03-21,68.52
WTI Crude Oil,DCOILWTICO,2025-03-24,69.46
WTI Crude Oil,DCOILWTICO,2025-03-25,69.48
WTI Crude Oil,DCOILWTICO,2025-03-26,70.05
WTI Crude Oil,DCOILWTICO,2025-03-27,70.3
WTI Crude Oil,DCOILWTICO,2025-03-28,69.74
WTI Crude Oil,DCOILWTICO,2025-03-31,71.87
WTI Crude Oil,DCOILWTICO,2025-04-01,71.61
WTI Crude Oil,DCOILWTICO,2025-04-02,72.12
WTI Crude Oil,DCOILWTICO,2025-04-03,67.43
WTI Crude Oil,DCOILWTICO,2025-04-04,62.42
WTI Crude Oil,DCOILWTICO,2025-04-07,61.05
WTI Crude Oil,DCOILWTICO,2025-04-08,60.04
WTI Crude Oil,DCOILWTICO,2025-04-09,62.63
WTI Crude Oil,DCOILWTICO,2025-04-10,60.57
WTI Crude Oil,DCOILWTICO,2025-04-11,61.91
WTI Crude Oil,DCOILWTICO,2025-04-14,61.99
WTI Crude Oil,DCOILWTICO,2025-04-15,61.74
WTI Crude Oil,DCOILWTICO,2025-04-16,62.88
WTI Crude Oil,DCOILWTICO,2025-04-17,65.07
WTI Crude Oil,DCOILWTICO,2025-04-21,63.48
WTI Crude Oil,DCOILWTICO,2025-04-22,64.6
WTI Crude Oil,DCOILWTICO,2025-04-23,62.64
WTI Crude Oil,DCOILWTICO,2025-04-24,63.55
WTI Crude Oil,DCOILWTICO,2025-04-25,63.85
WTI Crude Oil,DCOILWTICO,2025-04-28,63.3
WTI Crude Oil,DCOILWTICO,2025-04-29,61.84
WTI Crude Oil,DCOILWTICO,2025-04-30,59.55
WTI Crude Oil,DCOILWTICO,2025-05-01,60.59
WTI Crude Oil,DCOILWTICO,2025-05-02,59.67
WTI Crude Oil,DCOILWTICO,2025-05-05,58.5
WTI Crude Oil,DCOILWTICO,2025-05-06,60.42
WTI Crude Oil,DCOILWTICO,2025-05-07,59.42
WTI Crude Oil,DCOILWTICO,2025-05-08,61.25
WTI Crude Oil,DCOILWTICO,2025-05-09,62.37
WTI Crude Oil,DCOILWTICO,2025-05-12,63.32
WTI Crude Oil,DCOILWTICO,2025-05-13,65.04
WTI Crude Oil,DCOILWTICO,2025-05-14,64.48
WTI Crude Oil,DCOILWTICO,2025-05-15,63.03
WTI Crude Oil,DCOILWTICO,2025-05-16,63.84
WTI Crude Oil,DCOILWTICO,2025-05-19,63.98
WTI Crude Oil,DCOILWTICO,2025-05-20,63.97
WTI Crude Oil,DCOILWTICO,2025-05-21,62.93
WTI Crude Oil,DCOILWTICO,2025-05-22,62.55
WTI Crude Oil,DCOILWTICO,2025-05-23,62.89
WTI Crude Oil,DCOILWTICO,2025-05-27,61.61
WTI Crude Oil,DCOILWTICO,2025-05-28,62.54
WTI Crude Oil,DCOILWTICO,2025-05-29,61.66
WTI Crude Oil,DCOILWTICO,2025-05-30,61.46
WTI Crude Oil,DCOILWTICO,2025-06-02,63.27
WTI Crude Oil,DCOILWTICO,2025-06-03,64.1
WTI Crude Oil,DCOILWTICO,2025-06-04,63.57
WTI Crude Oil,DCOILWTICO,2025-06-05,64.06
WTI Crude Oil,DCOILWTICO,2025-06-06,65.3
WTI Crude Oil,DCOILWTICO,2025-06-09,65.99
WTI Crude Oil,DCOILWTICO,2025-06-10,65.66
WTI Crude Oil,DCOILWTICO,2025-06-11,68.91
WTI Crude Oil,DCOILWTICO,2025-06-12,68.73
WTI Crude Oil,DCOILWTICO,2025-06-13,73.84
WTI Crude Oil,DCOILWTICO,2025-06-16,72.53
WTI Crude Oil,DCOILWTICO,2025-06-17,75.62
WTI Crude Oil,DCOILWTICO,2025-06-18,75.89
WTI Crude Oil,DCOILWTICO,2025-06-20,75.72
WTI Crude Oil,DCOILWTICO,2025-06-23,69.36
WTI Crude Oil,DCOILWTICO,2025-06-24,65.45
WTI Crude Oil,DCOILWTICO,2025-06-25,65.98
WTI Crude Oil,DCOILWTICO,2025-06-26,66.44
WTI Crude Oil,DCOILWTICO,2025-06-27,66.66
WTI Crude Oil,DCOILWTICO,2025-06-30,66.3
WTI Crude Oil,DCOILWTICO,2025-07-01,66.64
WTI Crude Oil,DCOILWTICO,2025-07-02,68.66
WTI Crude Oil,DCOILWTICO,2025-07-03,68.13
WTI Crude Oil,DCOILWTICO,2025-07-07,69.16
WTI Crude Oil,DCOILWTICO,2025-07-08,69.55
WTI Crude Oil,DCOILWTICO,2025-07-09,69.61
WTI Crude Oil,DCOILWTICO,2025-07-10,67.78
WTI Crude Oil,DCOILWTICO,2025-07-11,69.63
WTI Crude Oil,DCOILWTICO,2025-07-14,68.19
WTI Crude Oil,DCOILWTICO,2025-07-15,67.76
WTI Crude Oil,DCOILWTICO,2025-07-16,67.13
WTI Crude Oil,DCOILWTICO,2025-07-17,68.76
WTI Crude Oil,DCOILWTICO,2025-07-18,68.53
WTI Crude Oil,DCOILWTICO,2025-07-21,68.39
WTI Crude Oil,DCOILWTICO,2025-07-22,67.56
WTI Crude Oil,DCOILWTICO,2025-07-23,66.05
WTI Crude Oil,DCOILWTICO,2025-07-24,67.16
WTI Crude Oil,DCOILWTICO,2025-07-25,66.38
WTI Crude Oil,DCOILWTICO,2025-07-28,67.81
WTI Crude Oil,DCOILWTICO,2025-07-29,70.27
WTI Crude Oil,DCOILWTICO,2025-07-30,71.09
WTI Crude Oil,DCOILWTICO,2025-07-31,70.36
WTI Crude Oil,DCOILWTICO,2025-08-01,68.39
WTI Crude Oil,DCOILWTICO,2025-08-04,67.33
WTI Crude Oil,DCOILWTICO,2025-08-05,66.2
WTI Crude Oil,DCOILWTICO,2025-08-06,65.38
WTI Crude Oil,DCOILWTICO,2025-08-07,64.9
WTI Crude Oil,DCOILWTICO,2025-08-08,64.94
WTI Crude Oil,DCOILWTICO,2025-08-11,65.03
WTI Crude Oil,DCOILWTICO,2025-08-12,64.22
WTI Crude Oil,DCOILWTICO,2025-08-13,63.68
WTI Crude Oil,DCOILWTICO,2025-08-14,64.99
WTI Crude Oil,DCOILWTICO,2025-08-15,63.78
WTI Crude Oil,DCOILWTICO,2025-08-18,64.51
WTI Crude Oil,DCOILWTICO,2025-08-19,63.38
WTI Crude Oil,DCOILWTICO,2025-08-20,64.19
WTI Crude Oil,DCOILWTICO,2025-08-21,64.56
WTI Crude Oil,DCOILWTICO,2025-08-22,64.08
WTI Crude Oil,DCOILWTICO,2025-08-25,65.18
WTI Crude Oil,DCOILWTICO,2025-08-26,63.6
WTI Crude Oil,DCOILWTICO,2025-08-27,64.49
WTI Crude Oil,DCOILWTICO,2025-08-28,64.96
WTI Crude Oil,DCOILWTICO,2025-08-29,64.36
WTI Crude Oil,DCOILWTICO,2025-09-02,65.95
WTI Crude Oil,DCOILWTICO,2025-09-03,64.36
WTI Crude Oil,DCOILWTICO,2025-09-04,63.81
WTI Crude Oil,DCOILWTICO,2025-09-05,62.22
WTI Crude Oil,DCOILWTICO,2025-09-08,62.6
WTI Crude Oil,DCOILWTICO,2025-09-09,62.97
WTI Crude Oil,DCOILWTICO,2025-09-10,64.01
WTI Crude Oil,DCOILWTICO,2025-09-11,62.71
WTI Crude Oil,DCOILWTICO,2025-09-12,63.02
WTI Crude Oil,DCOILWTICO,2025-09-15,63.66
WTI Crude Oil,DCOILWTICO,2025-09-16,64.89
WTI Crude Oil,DCOILWTICO,2025-09-17,64.41
WTI Crude Oil,DCOILWTICO,2025-09-18,63.91
WTI Crude Oil,DCOILWTICO,2025-09-19,63.02
WTI Crude Oil,DCOILWTICO,2025-09-22,62.99
WTI Crude Oil,DCOILWTICO,2025-09-23,63.76
WTI Crude Oil,DCOILWTICO,2025-09-24,65.4
WTI Crude Oil,DCOILWTICO,2025-09-25,65.51
WTI Crude Oil,DCOILWTICO,2025-09-26,66.5
WTI Crude Oil,DCOILWTICO,2025-09-29,64.27
WTI Crude Oil,DCOILWTICO,2025-09-30,63.17
WTI Crude Oil,DCOILWTICO,2025-10-01,62.59
WTI Crude Oil,DCOILWTICO,2025-10-02,61.28
WTI Crude Oil,DCOILWTICO,2025-10-03,61.65
WTI Crude Oil,DCOILWTICO,2025-10-06,62.49
WTI Crude Oil,DCOILWTICO,2025-10-07,62.52
WTI Crude Oil,DCOILWTICO,2025-10-08,63.37
WTI Crude Oil,DCOILWTICO,2025-10-09,62.36
WTI Crude Oil,DCOILWTICO,2025-10-10,59.75
WTI Crude Oil,DCOILWTICO,2025-10-14,59.52
WTI Crude Oil,DCOILWTICO,2025-10-15,59.08
WTI Crude Oil,DCOILWTICO,2025-10-16,58.29
WTI Crude Oil,DCOILWTICO,2025-10-17,58.3
WTI Crude Oil,DCOILWTICO,2025-10-20,58.34
WTI Crude Oil,DCOILWTICO,2025-10-21,58.66
WTI Crude Oil,DCOILWTICO,2025-10-22,59.3
WTI Crude Oil,DCOILWTICO,2025-10-23,62.44
WTI Crude Oil,DCOILWTICO,2025-10-24,62.27
WTI Crude Oil,DCOILWTICO,2025-10-27,62.13
WTI Crude Oil,DCOILWTICO,2025-10-28,60.97
WTI Crude Oil,DCOILWTICO,2025-10-29,61.26
WTI Crude Oil,DCOILWTICO,2025-10-30,61.36
WTI Crude Oil,DCOILWTICO,2025-10-31,61.75
WTI Crude Oil,DCOILWTICO,2025-11-03,61.79
WTI Crude Oil,DCOILWTICO,2025-11-04,61.38
WTI Crude Oil,DCOILWTICO,2025-11-05,60.4
WTI Crude Oil,DCOILWTICO,2025-11-06,60.24
WTI Crude Oil,DCOILWTICO,2025-11-07,60.54
WTI Crude Oil,DCOILWTICO,2025-11-10,60.94
WTI Crude Oil,DCOILWTICO,2025-11-12,59.3
WTI Crude Oil,DCOILWTICO,2025-11-13,59.54
WTI Crude Oil,DCOILWTICO,2025-11-14,60.87
WTI Crude Oil,DCOILWTICO,2025-11-17,60.66
WTI Crude Oil,DCOILWTICO,2025-11-18,61.51
WTI Crude Oil,DCOILWTICO,2025-11-19,60.27
WTI Crude Oil,DCOILWTICO,2025-11-20,60.07
WTI Crude Oil,DCOILWTICO,2025-11-21,58.86
WTI Crude Oil,DCOILWTICO,2025-11-24,59.11
WTI Crude Oil,DCOILWTICO,2025-11-25,58.25
WTI Crude Oil,DCOILWTICO,2025-11-26,58.81
WTI Crude Oil,DCOILWTICO,2025-11-28,58.58
WTI Crude Oil,DCOILWTICO,2025-12-01,59.47
WTI Crude Oil,DCOILWTICO,2025-12-02,58.81
WTI Crude Oil,DCOILWTICO,2025-12-03,59.09
WTI Crude Oil,DCOILWTICO,2025-12-04,59.82
WTI Crude Oil,DCOILWTICO,2025-12-05,60.23
WTI Crude Oil,DCOILWTICO,2025-12-08,59.04
WTI Crude Oil,DCOILWTICO,2025-12-09,58.4
WTI Crude Oil,DCOILWTICO,2025-12-10,58.67
WTI Crude Oil,DCOILWTICO,2025-12-11,57.76
WTI Crude Oil,DCOILWTICO,2025-12-12,57.61
WTI Crude Oil,DCOILWTICO,2025-12-15,56.97
WTI Crude Oil,DCOILWTICO,2025-12-16,55.44
WTI Crude Oil,DCOILWTICO,2025-12-17,56.07
WTI Crude Oil,DCOILWTICO,2025-12-18,56.22
WTI Crude Oil,DCOILWTICO,2025-12-19,56.8
WTI Crude Oil,DCOILWTICO,2025-12-22,58.18
WTI Crude Oil,DCOILWTICO,2025-12-23,58.55
WTI Crude Oil,DCOILWTICO,2025-12-24,58.72
WTI Crude Oil,DCOILWTICO,2025-12-26,56.6
WTI Crude Oil,DCOILWTICO,2025-12-29,57.89
WTI Crude Oil,DCOILWTICO,2025-12-30,57.79
WTI Crude Oil,DCOILWTICO,2025-12-31,57.26
WTI Crude Oil,DCOILWTICO,2026-01-02,57.21
WTI Crude Oil,DCOILWTICO,2026-01-05,58.1
WTI Crude Oil,DCOILWTICO,2026-01-06,56.97
WTI Crude Oil,DCOILWTICO,2026-01-07,56.01
WTI Crude Oil,DCOILWTICO,2026-01-08,57.74
WTI Crude Oil,DCOILWTICO,2026-01-09,58.96
WTI Crude Oil,DCOILWTICO,2026-01-12,59.39
WTI Crude Oil,DCOILWTICO,2026-01-13,60.85
WTI Crude Oil,DCOILWTICO,2026-01-14,61.84
WTI Crude Oil,DCOILWTICO,2026-01-15,59.13
WTI Crude Oil,DCOILWTICO,2026-01-16,59.4
WTI Crude Oil,DCOILWTICO,2026-01-20,60.3
WTI Crude Oil,DCOILWTICO,2026-01-21,60.38
WTI Crude Oil,DCOILWTICO,2026-01-22,59.24
WTI Crude Oil,DCOILWTICO,2026-01-23,60.7
WTI Crude Oil,DCOILWTICO,2026-01-26,60.46
WTI Crude Oil,DCOILWTICO,2026-01-27,62.04
WTI Crude Oil,DCOILWTICO,2026-01-28,62.75
WTI Crude Oil,DCOILWTICO,2026-01-29,64.77
WTI Crude Oil,DCOILWTICO,2026-01-30,64.5
WTI Crude Oil,DCOILWTICO,2026-02-02,61.6
WTI Crude Oil,DCOILWTICO,2026-02-03,62.62
WTI Crude Oil,DCOILWTICO,2026-02-04,64.56
WTI Crude Oil,DCOILWTICO,2026-02-05,62.9
WTI Crude Oil,DCOILWTICO,2026-02-06,63.77
WTI Crude Oil,DCOILWTICO,2026-02-09,64.53
WTI Crude Oil,DCOILWTICO,2026-02-10,64.2
WTI Crude Oil,DCOILWTICO,2026-02-11,64.8
WTI Crude Oil,DCOILWTICO,2026-02-12,63.08
WTI Crude Oil,DCOILWTICO,2026-02-13,63.05
WTI Crude Oil,DCOILWTICO,2026-02-17,62.53
WTI Crude Oil,DCOILWTICO,2026-02-18,65.33
WTI Crude Oil,DCOILWTICO,2026-02-19,66.66
WTI Crude Oil,DCOILWTICO,2026-02-20,66.69
WTI Crude Oil,DCOILWTICO,2026-02-23,66.36
WTI Crude Oil,DCOILWTICO,2026-02-24,65.62
WTI Crude Oil,DCOILWTICO,2026-02-25,65.3
WTI Crude Oil,DCOILWTICO,2026-02-26,65.1
WTI Crude Oil,DCOILWTICO,2026-02-27,66.96
WTI Crude Oil,DCOILWTICO,2026-03-02,71.13
WTI Crude Oil,DCOILWTICO,2026-03-03,74.48
WTI Crude Oil,DCOILWTICO,2026-03-04,74.58
WTI Crude Oil,DCOILWTICO,2026-03-05,80.88
WTI Crude Oil,DCOILWTICO,2026-03-06,90.77
WTI Crude Oil,DCOILWTICO,2026-03-09,94.65
WTI Crude Oil,DCOILWTICO,2026-03-10,83.71
WTI Crude Oil,DCOILWTICO,2026-03-11,86.8
WTI Crude Oil,DCOILWTICO,2026-03-12,95.61
WTI Crude Oil,DCOILWTICO,2026-03-13,98.48
WTI Crude Oil,DCOILWTICO,2026-03-16,93.39
WTI Crude Oil,DCOILWTICO,2026-03-17,96.01
WTI Crude Oil,DCOILWTICO,2026-03-18,96.12
WTI Crude Oil,DCOILWTICO,2026-03-19,96.11
WTI Crude Oil,DCOILWTICO,2026-03-20,98.71
WTI Crude Oil,DCOILWTICO,2026-03-23,89.33
WTI Crude Oil,DCOILWTICO,2026-03-24,93.18
WTI Crude Oil,DCOILWTICO,2026-03-25,91.51
WTI Crude Oil,DCOILWTICO,2026-03-26,96.18
WTI Crude Oil,DCOILWTICO,2026-03-27,101.26
WTI Crude Oil,DCOILWTICO,2026-03-30,104.69
WTI Crude Oil,DCOILWTICO,2026-03-31,102.86
WTI Crude Oil,DCOILWTICO,2026-04-01,101.9
WTI Crude Oil,DCOILWTICO,2026-04-02,113.23
WTI Crude Oil,DCOILWTICO,2026-04-06,114.01
WTI Crude Oil,DCOILWTICO,2026-04-07,114.58
WTI Crude Oil,DCOILWTICO,2026-04-08,96.17
WTI Crude Oil,DCOILWTICO,2026-04-09,99.62
WTI Crude Oil,DCOILWTICO,2026-04-10,98.34
WTI Crude Oil,DCOILWTICO,2026-04-13,100.72
WTI Crude Oil,DCOILWTICO,2026-04-14,93.07
WTI Crude Oil,DCOILWTICO,2026-04-15,93.04
WTI Crude Oil,DCOILWTICO,2026-04-16,96.46
WTI Crude Oil,DCOILWTICO,2026-04-17,85.91
WTI Crude Oil,DCOILWTICO,2026-04-20,91.06
WTI Crude Oil,DCOILWTICO,2026-04-21,93.64
WTI Crude Oil,DCOILWTICO,2026-04-22,94.76
WTI Crude Oil,DCOILWTICO,2026-04-23,99.27
WTI Crude Oil,DCOILWTICO,2026-04-24,98.42
WTI Crude Oil,DCOILWTICO,2026-04-27,99.89
WTI Crude Oil,DCOILWTICO,2026-04-28,103.45
WTI Crude Oil,DCOILWTICO,2026-04-29,110.47
WTI Crude Oil,DCOILWTICO,2026-04-30,108.64
WTI Crude Oil,DCOILWTICO,2026-05-01,105.38
Broad U.S. Dollar Index,DTWEXBGS,2025-03-07,125.9814
Broad U.S. Dollar Index,DTWEXBGS,2025-03-10,126.268
Broad U.S. Dollar Index,DTWEXBGS,2025-03-11,126.0457
Broad U.S. Dollar Index,DTWEXBGS,2025-03-12,125.8664
Broad U.S. Dollar Index,DTWEXBGS,2025-03-13,126.0031
Broad U.S. Dollar Index,DTWEXBGS,2025-03-14,125.6942
Broad U.S. Dollar Index,DTWEXBGS,2025-03-17,125.3688
Broad U.S. Dollar Index,DTWEXBGS,2025-03-18,125.488
Broad U.S. Dollar Index,DTWEXBGS,2025-03-19,125.8006
Broad U.S. Dollar Index,DTWEXBGS,2025-03-20,125.985
Broad U.S. Dollar Index,DTWEXBGS,2025-03-21,126.2679
Broad U.S. Dollar Index,DTWEXBGS,2025-03-24,126.1956
Broad U.S. Dollar Index,DTWEXBGS,2025-03-25,126.0535
Broad U.S. Dollar Index,DTWEXBGS,2025-03-26,126.2364
Broad U.S. Dollar Index,DTWEXBGS,2025-03-27,126.3626
Broad U.S. Dollar Index,DTWEXBGS,2025-03-28,126.4187
Broad U.S. Dollar Index,DTWEXBGS,2025-03-31,126.7075
Broad U.S. Dollar Index,DTWEXBGS,2025-04-01,126.4338
Broad U.S. Dollar Index,DTWEXBGS,2025-04-02,126.3811
Broad U.S. Dollar Index,DTWEXBGS,2025-04-03,124.7316
Broad U.S. Dollar Index,DTWEXBGS,2025-04-04,125.8129
Broad U.S. Dollar Index,DTWEXBGS,2025-04-07,126.8282
Broad U.S. Dollar Index,DTWEXBGS,2025-04-08,126.8668
Broad U.S. Dollar Index,DTWEXBGS,2025-04-09,126.628
Broad U.S. Dollar Index,DTWEXBGS,2025-04-10,125.089
Broad U.S. Dollar Index,DTWEXBGS,2025-04-11,124.0163
Broad U.S. Dollar Index,DTWEXBGS,2025-04-14,123.6598
Broad U.S. Dollar Index,DTWEXBGS,2025-04-15,123.776
Broad U.S. Dollar Index,DTWEXBGS,2025-04-16,123.2724
Broad U.S. Dollar Index,DTWEXBGS,2025-04-17,123.1298
Broad U.S. Dollar Index,DTWEXBGS,2025-04-18,122.9865
Broad U.S. Dollar Index,DTWEXBGS,2025-04-21,122.3145
Broad U.S. Dollar Index,DTWEXBGS,2025-04-22,122.4175
Broad U.S. Dollar Index,DTWEXBGS,2025-04-23,123.0252
Broad U.S. Dollar Index,DTWEXBGS,2025-04-24,122.9251
Broad U.S. Dollar Index,DTWEXBGS,2025-04-25,122.8858
Broad U.S. Dollar Index,DTWEXBGS,2025-04-28,122.7176
Broad U.S. Dollar Index,DTWEXBGS,2025-04-29,122.5944
Broad U.S. Dollar Index,DTWEXBGS,2025-04-30,122.5921
Broad U.S. Dollar Index,DTWEXBGS,2025-05-01,123.1405
Broad U.S. Dollar Index,DTWEXBGS,2025-05-02,122.4962
Broad U.S. Dollar Index,DTWEXBGS,2025-05-05,122.2613
Broad U.S. Dollar Index,DTWEXBGS,2025-05-06,122.0417
Broad U.S. Dollar Index,DTWEXBGS,2025-05-07,122.117
Broad U.S. Dollar Index,DTWEXBGS,2025-05-08,122.7568
Broad U.S. Dollar Index,DTWEXBGS,2025-05-09,122.5191
Broad U.S. Dollar Index,DTWEXBGS,2025-05-12,123.4863
Broad U.S. Dollar Index,DTWEXBGS,2025-05-13,122.9583
Broad U.S. Dollar Index,DTWEXBGS,2025-05-14,122.6746
Broad U.S. Dollar Index,DTWEXBGS,2025-05-15,122.8174
Broad U.S. Dollar Index,DTWEXBGS,2025-05-16,123.0737
Broad U.S. Dollar Index,DTWEXBGS,2025-05-19,122.4186
Broad U.S. Dollar Index,DTWEXBGS,2025-05-20,122.3199
Broad U.S. Dollar Index,DTWEXBGS,2025-05-21,121.7496
Broad U.S. Dollar Index,DTWEXBGS,2025-05-22,122.0429
Broad U.S. Dollar Index,DTWEXBGS,2025-05-23,121.3837
Broad U.S. Dollar Index,DTWEXBGS,2025-05-27,121.6099
Broad U.S. Dollar Index,DTWEXBGS,2025-05-28,121.9888
Broad U.S. Dollar Index,DTWEXBGS,2025-05-29,121.5617
Broad U.S. Dollar Index,DTWEXBGS,2025-05-30,121.7674
Broad U.S. Dollar Index,DTWEXBGS,2025-06-02,121.1881
Broad U.S. Dollar Index,DTWEXBGS,2025-06-03,121.4592
Broad U.S. Dollar Index,DTWEXBGS,2025-06-04,121.0539
Broad U.S. Dollar Index,DTWEXBGS,2025-06-05,120.9596
Broad U.S. Dollar Index,DTWEXBGS,2025-06-06,121.161
Broad U.S. Dollar Index,DTWEXBGS,2025-06-09,120.9103
Broad U.S. Dollar Index,DTWEXBGS,2025-06-10,121.0485
Broad U.S. Dollar Index,DTWEXBGS,2025-06-11,120.587
Broad U.S. Dollar Index,DTWEXBGS,2025-06-12,120.1723
Broad U.S. Dollar Index,DTWEXBGS,2025-06-13,120.3245
Broad U.S. Dollar Index,DTWEXBGS,2025-06-16,120.1565
Broad U.S. Dollar Index,DTWEXBGS,2025-06-17,120.5048
Broad U.S. Dollar Index,DTWEXBGS,2025-06-18,120.7305
Broad U.S. Dollar Index,DTWEXBGS,2025-06-20,121.0408
Broad U.S. Dollar Index,DTWEXBGS,2025-06-23,121.1694
Broad U.S. Dollar Index,DTWEXBGS,2025-06-24,120.3645
Broad U.S. Dollar Index,DTWEXBGS,2025-06-25,120.3336
Broad U.S. Dollar Index,DTWEXBGS,2025-06-26,119.6451
Broad U.S. Dollar Index,DTWEXBGS,2025-06-27,119.659
Broad U.S. Dollar Index,DTWEXBGS,2025-06-30,119.4088
Broad U.S. Dollar Index,DTWEXBGS,2025-07-01,119.3436
Broad U.S. Dollar Index,DTWEXBGS,2025-07-02,119.3037
Broad U.S. Dollar Index,DTWEXBGS,2025-07-03,119.2382
Broad U.S. Dollar Index,DTWEXBGS,2025-07-07,119.6201
Broad U.S. Dollar Index,DTWEXBGS,2025-07-08,119.8371
Broad U.S. Dollar Index,DTWEXBGS,2025-07-09,119.7311
Broad U.S. Dollar Index,DTWEXBGS,2025-07-10,119.8343
Broad U.S. Dollar Index,DTWEXBGS,2025-07-11,119.9214
Broad U.S. Dollar Index,DTWEXBGS,2025-07-14,120.2209
Broad U.S. Dollar Index,DTWEXBGS,2025-07-15,120.5105
Broad U.S. Dollar Index,DTWEXBGS,2025-07-16,120.4175
Broad U.S. Dollar Index,DTWEXBGS,2025-07-17,120.6384
Broad U.S. Dollar Index,DTWEXBGS,2025-07-18,120.356
Broad U.S. Dollar Index,DTWEXBGS,2025-07-21,119.9961
Broad U.S. Dollar Index,DTWEXBGS,2025-07-22,119.681
Broad U.S. Dollar Index,DTWEXBGS,2025-07-23,119.5697
Broad U.S. Dollar Index,DTWEXBGS,2025-07-24,119.5664
Broad U.S. Dollar Index,DTWEXBGS,2025-07-25,119.9857
Broad U.S. Dollar Index,DTWEXBGS,2025-07-28,120.6149
Broad U.S. Dollar Index,DTWEXBGS,2025-07-29,120.9674
Broad U.S. Dollar Index,DTWEXBGS,2025-07-30,121.4042
Broad U.S. Dollar Index,DTWEXBGS,2025-07-31,121.721
Broad U.S. Dollar Index,DTWEXBGS,2025-08-01,121.2122
Broad U.S. Dollar Index,DTWEXBGS,2025-08-04,120.9859
Broad U.S. Dollar Index,DTWEXBGS,2025-08-05,120.9082
Broad U.S. Dollar Index,DTWEXBGS,2025-08-06,120.5082
Broad U.S. Dollar Index,DTWEXBGS,2025-08-07,120.5043
Broad U.S. Dollar Index,DTWEXBGS,2025-08-08,120.3329
Broad U.S. Dollar Index,DTWEXBGS,2025-08-11,120.6892
Broad U.S. Dollar Index,DTWEXBGS,2025-08-12,120.2736
Broad U.S. Dollar Index,DTWEXBGS,2025-08-13,120.13
Broad U.S. Dollar Index,DTWEXBGS,2025-08-14,120.6446
Broad U.S. Dollar Index,DTWEXBGS,2025-08-15,120.3377
Broad U.S. Dollar Index,DTWEXBGS,2025-08-18,120.5622
Broad U.S. Dollar Index,DTWEXBGS,2025-08-19,120.7224
Broad U.S. Dollar Index,DTWEXBGS,2025-08-20,120.7757
Broad U.S. Dollar Index,DTWEXBGS,2025-08-21,121.0843
Broad U.S. Dollar Index,DTWEXBGS,2025-08-22,120.2774
Broad U.S. Dollar Index,DTWEXBGS,2025-08-25,120.4214
Broad U.S. Dollar Index,DTWEXBGS,2025-08-26,120.5274
Broad U.S. Dollar Index,DTWEXBGS,2025-08-27,120.7274
Broad U.S. Dollar Index,DTWEXBGS,2025-08-28,120.2595
Broad U.S. Dollar Index,DTWEXBGS,2025-08-29,120.2082
Broad U.S. Dollar Index,DTWEXBGS,2025-09-02,120.6837
Broad U.S. Dollar Index,DTWEXBGS,2025-09-03,120.5052
Broad U.S. Dollar Index,DTWEXBGS,2025-09-04,120.7629
Broad U.S. Dollar Index,DTWEXBGS,2025-09-05,120.1282
Broad U.S. Dollar Index,DTWEXBGS,2025-09-08,120.0971
Broad U.S. Dollar Index,DTWEXBGS,2025-09-09,120.1569
Broad U.S. Dollar Index,DTWEXBGS,2025-09-10,120.1223
Broad U.S. Dollar Index,DTWEXBGS,2025-09-11,119.9534
Broad U.S. Dollar Index,DTWEXBGS,2025-09-12,120.0611
Broad U.S. Dollar Index,DTWEXBGS,2025-09-15,119.5644
Broad U.S. Dollar Index,DTWEXBGS,2025-09-16,119.1348
Broad U.S. Dollar Index,DTWEXBGS,2025-09-17,119.1582
Broad U.S. Dollar Index,DTWEXBGS,2025-09-18,119.6616
Broad U.S. Dollar Index,DTWEXBGS,2025-09-19,119.7858
Broad U.S. Dollar Index,DTWEXBGS,2025-09-22,119.8152
Broad U.S. Dollar Index,DTWEXBGS,2025-09-23,119.6202
Broad U.S. Dollar Index,DTWEXBGS,2025-09-24,120.1707
Broad U.S. Dollar Index,DTWEXBGS,2025-09-25,120.5419
Broad U.S. Dollar Index,DTWEXBGS,2025-09-26,120.4349
Broad U.S. Dollar Index,DTWEXBGS,2025-09-29,120.115
Broad U.S. Dollar Index,DTWEXBGS,2025-09-30,120.1368
Broad U.S. Dollar Index,DTWEXBGS,2025-10-01,120.1502
Broad U.S. Dollar Index,DTWEXBGS,2025-10-02,120.4296
Broad U.S. Dollar Index,DTWEXBGS,2025-10-03,120.0881
Broad U.S. Dollar Index,DTWEXBGS,2025-10-06,120.2722
Broad U.S. Dollar Index,DTWEXBGS,2025-10-07,120.4884
Broad U.S. Dollar Index,DTWEXBGS,2025-10-08,120.7766
Broad U.S. Dollar Index,DTWEXBGS,2025-10-09,121.0902
Broad U.S. Dollar Index,DTWEXBGS,2025-10-10,121.1163
Broad U.S. Dollar Index,DTWEXBGS,2025-10-14,121.1822
Broad U.S. Dollar Index,DTWEXBGS,2025-10-15,120.8642
Broad U.S. Dollar Index,DTWEXBGS,2025-10-16,120.6698
Broad U.S. Dollar Index,DTWEXBGS,2025-10-17,120.7028
Broad U.S. Dollar Index,DTWEXBGS,2025-10-20,120.6209
Broad U.S. Dollar Index,DTWEXBGS,2025-10-21,120.8895
Broad U.S. Dollar Index,DTWEXBGS,2025-10-22,120.8958
Broad U.S. Dollar Index,DTWEXBGS,2025-10-23,120.9531
Broad U.S. Dollar Index,DTWEXBGS,2025-10-24,120.9345
Broad U.S. Dollar Index,DTWEXBGS,2025-10-27,120.7988
Broad U.S. Dollar Index,DTWEXBGS,2025-10-28,120.6361
Broad U.S. Dollar Index,DTWEXBGS,2025-10-29,120.5312
Broad U.S. Dollar Index,DTWEXBGS,2025-10-30,121.2832
Broad U.S. Dollar Index,DTWEXBGS,2025-10-31,121.3859
Broad U.S. Dollar Index,DTWEXBGS,2025-11-03,121.4512
Broad U.S. Dollar Index,DTWEXBGS,2025-11-04,121.8271
Broad U.S. Dollar Index,DTWEXBGS,2025-11-05,121.8482
Broad U.S. Dollar Index,DTWEXBGS,2025-11-06,121.6948
Broad U.S. Dollar Index,DTWEXBGS,2025-11-07,121.388
Broad U.S. Dollar Index,DTWEXBGS,2025-11-10,121.2984
Broad U.S. Dollar Index,DTWEXBGS,2025-11-12,121.0458
Broad U.S. Dollar Index,DTWEXBGS,2025-11-13,120.7725
Broad U.S. Dollar Index,DTWEXBGS,2025-11-14,120.9666
Broad U.S. Dollar Index,DTWEXBGS,2025-11-17,121.1146
Broad U.S. Dollar Index,DTWEXBGS,2025-11-18,121.2127
Broad U.S. Dollar Index,DTWEXBGS,2025-11-19,121.4978
Broad U.S. Dollar Index,DTWEXBGS,2025-11-20,121.6889
Broad U.S. Dollar Index,DTWEXBGS,2025-11-21,121.8653
Broad U.S. Dollar Index,DTWEXBGS,2025-11-24,121.9171
Broad U.S. Dollar Index,DTWEXBGS,2025-11-25,121.6335
Broad U.S. Dollar Index,DTWEXBGS,2025-11-26,121.2437
Broad U.S. Dollar Index,DTWEXBGS,2025-11-28,121.0527
Broad U.S. Dollar Index,DTWEXBGS,2025-12-01,120.9862
Broad U.S. Dollar Index,DTWEXBGS,2025-12-02,121.1467
Broad U.S. Dollar Index,DTWEXBGS,2025-12-03,120.7336
Broad U.S. Dollar Index,DTWEXBGS,2025-12-04,120.6766
Broad U.S. Dollar Index,DTWEXBGS,2025-12-05,120.6863
Broad U.S. Dollar Index,DTWEXBGS,2025-12-08,120.776
Broad U.S. Dollar Index,DTWEXBGS,2025-12-09,120.6832
Broad U.S. Dollar Index,DTWEXBGS,2025-12-10,120.6752
Broad U.S. Dollar Index,DTWEXBGS,2025-12-11,119.98
Broad U.S. Dollar Index,DTWEXBGS,2025-12-12,120.1442
Broad U.S. Dollar Index,DTWEXBGS,2025-12-15,119.9561
Broad U.S. Dollar Index,DTWEXBGS,2025-12-16,119.8902
Broad U.S. Dollar Index,DTWEXBGS,2025-12-17,120.155
Broad U.S. Dollar Index,DTWEXBGS,2025-12-18,120.0528
Broad U.S. Dollar Index,DTWEXBGS,2025-12-19,120.1652
Broad U.S. Dollar Index,DTWEXBGS,2025-12-22,119.9912
Broad U.S. Dollar Index,DTWEXBGS,2025-12-23,119.7057
Broad U.S. Dollar Index,DTWEXBGS,2025-12-24,119.4372
Broad U.S. Dollar Index,DTWEXBGS,2025-12-26,119.4723
Broad U.S. Dollar Index,DTWEXBGS,2025-12-29,119.5899
Broad U.S. Dollar Index,DTWEXBGS,2025-12-30,119.4939
Broad U.S. Dollar Index,DTWEXBGS,2025-12-31,119.7456
Broad U.S. Dollar Index,DTWEXBGS,2026-01-02,119.6059
Broad U.S. Dollar Index,DTWEXBGS,2026-01-05,119.6192
Broad U.S. Dollar Index,DTWEXBGS,2026-01-06,119.7807
Broad U.S. Dollar Index,DTWEXBGS,2026-01-07,119.8719
Broad U.S. Dollar Index,DTWEXBGS,2026-01-08,120.0904
Broad U.S. Dollar Index,DTWEXBGS,2026-01-09,120.2215
Broad U.S. Dollar Index,DTWEXBGS,2026-01-12,119.9958
Broad U.S. Dollar Index,DTWEXBGS,2026-01-13,120.1401
Broad U.S. Dollar Index,DTWEXBGS,2026-01-14,119.9537
Broad U.S. Dollar Index,DTWEXBGS,2026-01-15,119.9951
Broad U.S. Dollar Index,DTWEXBGS,2026-01-16,120.0838
Broad U.S. Dollar Index,DTWEXBGS,2026-01-20,119.4455
Broad U.S. Dollar Index,DTWEXBGS,2026-01-21,119.3431
Broad U.S. Dollar Index,DTWEXBGS,2026-01-22,119.1962
Broad U.S. Dollar Index,DTWEXBGS,2026-01-23,118.8976
Broad U.S. Dollar Index,DTWEXBGS,2026-01-26,118.0525
Broad U.S. Dollar Index,DTWEXBGS,2026-01-27,117.4523
Broad U.S. Dollar Index,DTWEXBGS,2026-01-28,117.5117
Broad U.S. Dollar Index,DTWEXBGS,2026-01-29,117.4396
Broad U.S. Dollar Index,DTWEXBGS,2026-01-30,117.8996
Broad U.S. Dollar Index,DTWEXBGS,2026-02-02,118.3609
Broad U.S. Dollar Index,DTWEXBGS,2026-02-03,117.9764
Broad U.S. Dollar Index,DTWEXBGS,2026-02-04,118.2602
Broad U.S. Dollar Index,DTWEXBGS,2026-02-05,118.5034
Broad U.S. Dollar Index,DTWEXBGS,2026-02-06,118.2407
Broad U.S. Dollar Index,DTWEXBGS,2026-02-09,117.6392
Broad U.S. Dollar Index,DTWEXBGS,2026-02-10,117.5216
Broad U.S. Dollar Index,DTWEXBGS,2026-02-11,117.4601
Broad U.S. Dollar Index,DTWEXBGS,2026-02-12,117.5376
Broad U.S. Dollar Index,DTWEXBGS,2026-02-13,117.5258
Broad U.S. Dollar Index,DTWEXBGS,2026-02-17,117.7375
Broad U.S. Dollar Index,DTWEXBGS,2026-02-18,117.8426
Broad U.S. Dollar Index,DTWEXBGS,2026-02-19,118.2354
Broad U.S. Dollar Index,DTWEXBGS,2026-02-20,117.9917
Broad U.S. Dollar Index,DTWEXBGS,2026-02-23,117.9395
Broad U.S. Dollar Index,DTWEXBGS,2026-02-24,117.9463
Broad U.S. Dollar Index,DTWEXBGS,2026-02-25,117.769
Broad U.S. Dollar Index,DTWEXBGS,2026-02-26,117.9042
Broad U.S. Dollar Index,DTWEXBGS,2026-02-27,117.8223
Broad U.S. Dollar Index,DTWEXBGS,2026-03-02,118.667
Broad U.S. Dollar Index,DTWEXBGS,2026-03-03,119.4341
Broad U.S. Dollar Index,DTWEXBGS,2026-03-04,119.0705
Broad U.S. Dollar Index,DTWEXBGS,2026-03-05,119.5683
Broad U.S. Dollar Index,DTWEXBGS,2026-03-06,119.491
Broad U.S. Dollar Index,DTWEXBGS,2026-03-09,119.5151
Broad U.S. Dollar Index,DTWEXBGS,2026-03-10,118.7255
Broad U.S. Dollar Index,DTWEXBGS,2026-03-11,119.2885
Broad U.S. Dollar Index,DTWEXBGS,2026-03-12,119.8227
Broad U.S. Dollar Index,DTWEXBGS,2026-03-13,120.5518
Broad U.S. Dollar Index,DTWEXBGS,2026-03-16,120.097
Broad U.S. Dollar Index,DTWEXBGS,2026-03-17,119.8328
Broad U.S. Dollar Index,DTWEXBGS,2026-03-18,119.9276
Broad U.S. Dollar Index,DTWEXBGS,2026-03-19,120.1802
Broad U.S. Dollar Index,DTWEXBGS,2026-03-20,120.2757
Broad U.S. Dollar Index,DTWEXBGS,2026-03-23,119.9371
Broad U.S. Dollar Index,DTWEXBGS,2026-03-24,120.1295
Broad U.S. Dollar Index,DTWEXBGS,2026-03-25,120.1282
Broad U.S. Dollar Index,DTWEXBGS,2026-03-26,120.389
Broad U.S. Dollar Index,DTWEXBGS,2026-03-27,120.8851
Broad U.S. Dollar Index,DTWEXBGS,2026-03-30,121.2851
Broad U.S. Dollar Index,DTWEXBGS,2026-03-31,121.035
Broad U.S. Dollar Index,DTWEXBGS,2026-04-01,120.1198
Broad U.S. Dollar Index,DTWEXBGS,2026-04-02,120.503
Broad U.S. Dollar Index,DTWEXBGS,2026-04-03,120.6565
Broad U.S. Dollar Index,DTWEXBGS,2026-04-06,120.4302
Broad U.S. Dollar Index,DTWEXBGS,2026-04-07,120.32
Broad U.S. Dollar Index,DTWEXBGS,2026-04-08,119.0596
Broad U.S. Dollar Index,DTWEXBGS,2026-04-09,118.8998
Broad U.S. Dollar Index,DTWEXBGS,2026-04-10,118.8552
Broad U.S. Dollar Index,DTWEXBGS,2026-04-13,118.9916
Broad U.S. Dollar Index,DTWEXBGS,2026-04-14,118.3581
Broad U.S. Dollar Index,DTWEXBGS,2026-04-15,118.3623
Broad U.S. Dollar Index,DTWEXBGS,2026-04-16,118.3616
Broad U.S. Dollar Index,DTWEXBGS,2026-04-17,118.0795
Broad U.S. Dollar Index,DTWEXBGS,2026-04-20,118.2374
Broad U.S. Dollar Index,DTWEXBGS,2026-04-21,118.4331
Broad U.S. Dollar Index,DTWEXBGS,2026-04-22,118.6004
Broad U.S. Dollar Index,DTWEXBGS,2026-04-23,118.7155
Broad U.S. Dollar Index,DTWEXBGS,2026-04-24,118.7294
Broad U.S. Dollar Index,DTWEXBGS,2026-04-27,118.5458
Broad U.S. Dollar Index,DTWEXBGS,2026-04-28,118.7717
Broad U.S. Dollar Index,DTWEXBGS,2026-04-29,119.0975
Broad U.S. Dollar Index,DTWEXBGS,2026-04-30,118.671
Broad U.S. Dollar Index,DTWEXBGS,2026-05-01,118.3926
High Yield Credit Spread,BAMLH0A0HYM2,2025-03-07,2.97
High Yield Credit Spread,BAMLH0A0HYM2,2025-03-10,3.16
High Yield Credit Spread,BAMLH0A0HYM2,2025-03-11,3.22
High Yield Credit Spread,BAMLH0A0HYM2,2025-03-12,3.2
High Yield Credit Spread,BAMLH0A0HYM2,2025-03-13,3.4
High Yield Credit Spread,BAMLH0A0HYM2,2025-03-14,3.25
High Yield Credit Spread,BAMLH0A0HYM2,2025-03-17,3.18
High Yield Credit Spread,BAMLH0A0HYM2,2025-03-18,3.23
High Yield Credit Spread,BAMLH0A0HYM2,2025-03-19,3.19
High Yield Credit Spread,BAMLH0A0HYM2,2025-03-20,3.17
High Yield Credit Spread,BAMLH0A0HYM2,2025-03-21,3.21
High Yield Credit Spread,BAMLH0A0HYM2,2025-03-24,3.05
High Yield Credit Spread,BAMLH0A0HYM2,2025-03-25,3.09
High Yield Credit Spread,BAMLH0A0HYM2,2025-03-26,3.19
High Yield Credit Spread,BAMLH0A0HYM2,2025-03-27,3.27
High Yield Credit Spread,BAMLH0A0HYM2,2025-03-28,3.47
High Yield Credit Spread,BAMLH0A0HYM2,2025-03-31,3.55
High Yield Credit Spread,BAMLH0A0HYM2,2025-04-01,3.5
High Yield Credit Spread,BAMLH0A0HYM2,2025-04-02,3.42
High Yield Credit Spread,BAMLH0A0HYM2,2025-04-03,4.01
High Yield Credit Spread,BAMLH0A0HYM2,2025-04-04,4.45
High Yield Credit Spread,BAMLH0A0HYM2,2025-04-07,4.61
High Yield Credit Spread,BAMLH0A0HYM2,2025-04-08,4.57
High Yield Credit Spread,BAMLH0A0HYM2,2025-04-09,4.37
High Yield Credit Spread,BAMLH0A0HYM2,2025-04-10,4.42
High Yield Credit Spread,BAMLH0A0HYM2,2025-04-11,4.26
High Yield Credit Spread,BAMLH0A0HYM2,2025-04-14,4.14
High Yield Credit Spread,BAMLH0A0HYM2,2025-04-15,4.09
High Yield Credit Spread,BAMLH0A0HYM2,2025-04-16,4.16
High Yield Credit Spread,BAMLH0A0HYM2,2025-04-17,4.02
High Yield Credit Spread,BAMLH0A0HYM2,2025-04-21,4.16
High Yield Credit Spread,BAMLH0A0HYM2,2025-04-22,3.99
High Yield Credit Spread,BAMLH0A0HYM2,2025-04-23,3.75
High Yield Credit Spread,BAMLH0A0HYM2,2025-04-24,3.73
High Yield Credit Spread,BAMLH0A0HYM2,2025-04-25,3.67
High Yield Credit Spread,BAMLH0A0HYM2,2025-04-28,3.73
High Yield Credit Spread,BAMLH0A0HYM2,2025-04-29,3.74
High Yield Credit Spread,BAMLH0A0HYM2,2025-04-30,3.94
High Yield Credit Spread,BAMLH0A0HYM2,2025-05-01,3.78
High Yield Credit Spread,BAMLH0A0HYM2,2025-05-02,3.6
High Yield Credit Spread,BAMLH0A0HYM2,2025-05-05,3.6
High Yield Credit Spread,BAMLH0A0HYM2,2025-05-06,3.66
High Yield Credit Spread,BAMLH0A0HYM2,2025-05-07,3.67
High Yield Credit Spread,BAMLH0A0HYM2,2025-05-08,3.51
High Yield Credit Spread,BAMLH0A0HYM2,2025-05-09,3.53
High Yield Credit Spread,BAMLH0A0HYM2,2025-05-12,3.15
High Yield Credit Spread,BAMLH0A0HYM2,2025-05-13,3.09
High Yield Credit Spread,BAMLH0A0HYM2,2025-05-14,3.1
High Yield Credit Spread,BAMLH0A0HYM2,2025-05-15,3.2
High Yield Credit Spread,BAMLH0A0HYM2,2025-05-16,3.16
High Yield Credit Spread,BAMLH0A0HYM2,2025-05-19,3.21
High Yield Credit Spread,BAMLH0A0HYM2,2025-05-20,3.2
High Yield Credit Spread,BAMLH0A0HYM2,2025-05-21,3.25
High Yield Credit Spread,BAMLH0A0HYM2,2025-05-22,3.32
High Yield Credit Spread,BAMLH0A0HYM2,2025-05-23,3.4
High Yield Credit Spread,BAMLH0A0HYM2,2025-05-26,3.4
High Yield Credit Spread,BAMLH0A0HYM2,2025-05-27,3.24
High Yield Credit Spread,BAMLH0A0HYM2,2025-05-28,3.23
High Yield Credit Spread,BAMLH0A0HYM2,2025-05-29,3.22
High Yield Credit Spread,BAMLH0A0HYM2,2025-05-30,3.31
High Yield Credit Spread,BAMLH0A0HYM2,2025-05-31,3.32
High Yield Credit Spread,BAMLH0A0HYM2,2025-06-02,3.27
High Yield Credit Spread,BAMLH0A0HYM2,2025-06-03,3.19
High Yield Credit Spread,BAMLH0A0HYM2,2025-06-04,3.23
High Yield Credit Spread,BAMLH0A0HYM2,2025-06-05,3.18
High Yield Credit Spread,BAMLH0A0HYM2,2025-06-06,3.09
High Yield Credit Spread,BAMLH0A0HYM2,2025-06-09,3.12
High Yield Credit Spread,BAMLH0A0HYM2,2025-06-10,3.12
High Yield Credit Spread,BAMLH0A0HYM2,2025-06-11,3.12
High Yield Credit Spread,BAMLH0A0HYM2,2025-06-12,3.17
High Yield Credit Spread,BAMLH0A0HYM2,2025-06-13,3.18
High Yield Credit Spread,BAMLH0A0HYM2,2025-06-16,3.1
High Yield Credit Spread,BAMLH0A0HYM2,2025-06-17,3.17
High Yield Credit Spread,BAMLH0A0HYM2,2025-06-18,3.16
High Yield Credit Spread,BAMLH0A0HYM2,2025-06-19,3.16
High Yield Credit Spread,BAMLH0A0HYM2,2025-06-20,3.13
High Yield Credit Spread,BAMLH0A0HYM2,2025-06-23,3.12
High Yield Credit Spread,BAMLH0A0HYM2,2025-06-24,3.06
High Yield Credit Spread,BAMLH0A0HYM2,2025-06-25,3.04
High Yield Credit Spread,BAMLH0A0HYM2,2025-06-26,3.04
High Yield Credit Spread,BAMLH0A0HYM2,2025-06-27,3.02
High Yield Credit Spread,BAMLH0A0HYM2,2025-06-30,2.96
High Yield Credit Spread,BAMLH0A0HYM2,2025-07-01,2.91
High Yield Credit Spread,BAMLH0A0HYM2,2025-07-02,2.88
High Yield Credit Spread,BAMLH0A0HYM2,2025-07-03,2.8
High Yield Credit Spread,BAMLH0A0HYM2,2025-07-04,2.8
High Yield Credit Spread,BAMLH0A0HYM2,2025-07-07,2.86
High Yield Credit Spread,BAMLH0A0HYM2,2025-07-08,2.92
High Yield Credit Spread,BAMLH0A0HYM2,2025-07-09,2.94
High Yield Credit Spread,BAMLH0A0HYM2,2025-07-10,2.92
High Yield Credit Spread,BAMLH0A0HYM2,2025-07-11,2.97
High Yield Credit Spread,BAMLH0A0HYM2,2025-07-14,2.95
High Yield Credit Spread,BAMLH0A0HYM2,2025-07-15,2.95
High Yield Credit Spread,BAMLH0A0HYM2,2025-07-16,3.0
High Yield Credit Spread,BAMLH0A0HYM2,2025-07-17,2.91
High Yield Credit Spread,BAMLH0A0HYM2,2025-07-18,2.93
High Yield Credit Spread,BAMLH0A0HYM2,2025-07-21,2.89
High Yield Credit Spread,BAMLH0A0HYM2,2025-07-22,2.9
High Yield Credit Spread,BAMLH0A0HYM2,2025-07-23,2.83
High Yield Credit Spread,BAMLH0A0HYM2,2025-07-24,2.82
High Yield Credit Spread,BAMLH0A0HYM2,2025-07-25,2.84
High Yield Credit Spread,BAMLH0A0HYM2,2025-07-28,2.82
High Yield Credit Spread,BAMLH0A0HYM2,2025-07-29,2.86
High Yield Credit Spread,BAMLH0A0HYM2,2025-07-30,2.89
High Yield Credit Spread,BAMLH0A0HYM2,2025-07-31,2.86
High Yield Credit Spread,BAMLH0A0HYM2,2025-08-01,3.13
High Yield Credit Spread,BAMLH0A0HYM2,2025-08-04,3.02
High Yield Credit Spread,BAMLH0A0HYM2,2025-08-05,2.98
High Yield Credit Spread,BAMLH0A0HYM2,2025-08-06,2.98
High Yield Credit Spread,BAMLH0A0HYM2,2025-08-07,2.95
High Yield Credit Spread,BAMLH0A0HYM2,2025-08-08,2.94
High Yield Credit Spread,BAMLH0A0HYM2,2025-08-11,2.94
High Yield Credit Spread,BAMLH0A0HYM2,2025-08-12,2.93
High Yield Credit Spread,BAMLH0A0HYM2,2025-08-13,2.9
High Yield Credit Spread,BAMLH0A0HYM2,2025-08-14,2.89
High Yield Credit Spread,BAMLH0A0HYM2,2025-08-15,2.88
High Yield Credit Spread,BAMLH0A0HYM2,2025-08-18,2.88
High Yield Credit Spread,BAMLH0A0HYM2,2025-08-19,2.9
High Yield Credit Spread,BAMLH0A0HYM2,2025-08-20,2.94
High Yield Credit Spread,BAMLH0A0HYM2,2025-08-21,2.95
High Yield Credit Spread,BAMLH0A0HYM2,2025-08-22,2.88
High Yield Credit Spread,BAMLH0A0HYM2,2025-08-25,2.8
High Yield Credit Spread,BAMLH0A0HYM2,2025-08-26,2.78
High Yield Credit Spread,BAMLH0A0HYM2,2025-08-27,2.78
High Yield Credit Spread,BAMLH0A0HYM2,2025-08-28,2.75
High Yield Credit Spread,BAMLH0A0HYM2,2025-08-29,2.82
High Yield Credit Spread,BAMLH0A0HYM2,2025-08-31,2.84
High Yield Credit Spread,BAMLH0A0HYM2,2025-09-01,2.84
High Yield Credit Spread,BAMLH0A0HYM2,2025-09-02,2.92
High Yield Credit Spread,BAMLH0A0HYM2,2025-09-03,2.88
High Yield Credit Spread,BAMLH0A0HYM2,2025-09-04,2.84
High Yield Credit Spread,BAMLH0A0HYM2,2025-09-05,2.83
High Yield Credit Spread,BAMLH0A0HYM2,2025-09-08,2.84
High Yield Credit Spread,BAMLH0A0HYM2,2025-09-09,2.87
High Yield Credit Spread,BAMLH0A0HYM2,2025-09-10,2.84
High Yield Credit Spread,BAMLH0A0HYM2,2025-09-11,2.78
High Yield Credit Spread,BAMLH0A0HYM2,2025-09-12,2.79
High Yield Credit Spread,BAMLH0A0HYM2,2025-09-15,2.75
High Yield Credit Spread,BAMLH0A0HYM2,2025-09-16,2.79
High Yield Credit Spread,BAMLH0A0HYM2,2025-09-17,2.79
High Yield Credit Spread,BAMLH0A0HYM2,2025-09-18,2.71
High Yield Credit Spread,BAMLH0A0HYM2,2025-09-19,2.72
High Yield Credit Spread,BAMLH0A0HYM2,2025-09-22,2.69
High Yield Credit Spread,BAMLH0A0HYM2,2025-09-23,2.71
High Yield Credit Spread,BAMLH0A0HYM2,2025-09-24,2.7
High Yield Credit Spread,BAMLH0A0HYM2,2025-09-25,2.76
High Yield Credit Spread,BAMLH0A0HYM2,2025-09-26,2.75
High Yield Credit Spread,BAMLH0A0HYM2,2025-09-29,2.74
High Yield Credit Spread,BAMLH0A0HYM2,2025-09-30,2.8
High Yield Credit Spread,BAMLH0A0HYM2,2025-10-01,2.81
High Yield Credit Spread,BAMLH0A0HYM2,2025-10-02,2.81
High Yield Credit Spread,BAMLH0A0HYM2,2025-10-03,2.8
High Yield Credit Spread,BAMLH0A0HYM2,2025-10-06,2.76
High Yield Credit Spread,BAMLH0A0HYM2,2025-10-07,2.82
High Yield Credit Spread,BAMLH0A0HYM2,2025-10-08,2.84
High Yield Credit Spread,BAMLH0A0HYM2,2025-10-09,2.95
High Yield Credit Spread,BAMLH0A0HYM2,2025-10-10,3.18
High Yield Credit Spread,BAMLH0A0HYM2,2025-10-13,3.18
High Yield Credit Spread,BAMLH0A0HYM2,2025-10-14,3.11
High Yield Credit Spread,BAMLH0A0HYM2,2025-10-15,2.95
High Yield Credit Spread,BAMLH0A0HYM2,2025-10-16,3.04
High Yield Credit Spread,BAMLH0A0HYM2,2025-10-17,3.04
High Yield Credit Spread,BAMLH0A0HYM2,2025-10-20,2.99
High Yield Credit Spread,BAMLH0A0HYM2,2025-10-21,2.97
High Yield Credit Spread,BAMLH0A0HYM2,2025-10-22,3.01
High Yield Credit Spread,BAMLH0A0HYM2,2025-10-23,2.96
High Yield Credit Spread,BAMLH0A0HYM2,2025-10-24,2.88
High Yield Credit Spread,BAMLH0A0HYM2,2025-10-27,2.8
High Yield Credit Spread,BAMLH0A0HYM2,2025-10-28,2.82
High Yield Credit Spread,BAMLH0A0HYM2,2025-10-29,2.76
High Yield Credit Spread,BAMLH0A0HYM2,2025-10-30,2.85
High Yield Credit Spread,BAMLH0A0HYM2,2025-10-31,2.94
High Yield Credit Spread,BAMLH0A0HYM2,2025-11-03,3.04
High Yield Credit Spread,BAMLH0A0HYM2,2025-11-04,3.13
High Yield Credit Spread,BAMLH0A0HYM2,2025-11-05,3.05
High Yield Credit Spread,BAMLH0A0HYM2,2025-11-06,3.13
High Yield Credit Spread,BAMLH0A0HYM2,2025-11-07,3.15
High Yield Credit Spread,BAMLH0A0HYM2,2025-11-10,3.02
High Yield Credit Spread,BAMLH0A0HYM2,2025-11-11,3.02
High Yield Credit Spread,BAMLH0A0HYM2,2025-11-12,3.02
High Yield Credit Spread,BAMLH0A0HYM2,2025-11-13,3.09
High Yield Credit Spread,BAMLH0A0HYM2,2025-11-14,3.07
High Yield Credit Spread,BAMLH0A0HYM2,2025-11-17,3.13
High Yield Credit Spread,BAMLH0A0HYM2,2025-11-18,3.2
High Yield Credit Spread,BAMLH0A0HYM2,2025-11-19,3.17
High Yield Credit Spread,BAMLH0A0HYM2,2025-11-20,3.17
High Yield Credit Spread,BAMLH0A0HYM2,2025-11-21,3.19
High Yield Credit Spread,BAMLH0A0HYM2,2025-11-24,3.15
High Yield Credit Spread,BAMLH0A0HYM2,2025-11-25,3.1
High Yield Credit Spread,BAMLH0A0HYM2,2025-11-26,3.0
High Yield Credit Spread,BAMLH0A0HYM2,2025-11-27,3.0
High Yield Credit Spread,BAMLH0A0HYM2,2025-11-28,2.95
High Yield Credit Spread,BAMLH0A0HYM2,2025-11-30,2.92
High Yield Credit Spread,BAMLH0A0HYM2,2025-12-01,2.94
High Yield Credit Spread,BAMLH0A0HYM2,2025-12-02,2.92
High Yield Credit Spread,BAMLH0A0HYM2,2025-12-03,2.89
High Yield Credit Spread,BAMLH0A0HYM2,2025-12-04,2.88
High Yield Credit Spread,BAMLH0A0HYM2,2025-12-05,2.85
High Yield Credit Spread,BAMLH0A0HYM2,2025-12-08,2.89
High Yield Credit Spread,BAMLH0A0HYM2,2025-12-09,2.89
High Yield Credit Spread,BAMLH0A0HYM2,2025-12-10,2.91
High Yield Credit Spread,BAMLH0A0HYM2,2025-12-11,2.88
High Yield Credit Spread,BAMLH0A0HYM2,2025-12-12,2.91
High Yield Credit Spread,BAMLH0A0HYM2,2025-12-15,2.91
High Yield Credit Spread,BAMLH0A0HYM2,2025-12-16,2.98
High Yield Credit Spread,BAMLH0A0HYM2,2025-12-17,2.99
High Yield Credit Spread,BAMLH0A0HYM2,2025-12-18,2.95
High Yield Credit Spread,BAMLH0A0HYM2,2025-12-19,2.9
High Yield Credit Spread,BAMLH0A0HYM2,2025-12-22,2.88
High Yield Credit Spread,BAMLH0A0HYM2,2025-12-23,2.83
High Yield Credit Spread,BAMLH0A0HYM2,2025-12-24,2.84
High Yield Credit Spread,BAMLH0A0HYM2,2025-12-26,2.86
High Yield Credit Spread,BAMLH0A0HYM2,2025-12-29,2.87
High Yield Credit Spread,BAMLH0A0HYM2,2025-12-30,2.84
High Yield Credit Spread,BAMLH0A0HYM2,2025-12-31,2.81
High Yield Credit Spread,BAMLH0A0HYM2,2026-01-02,2.83
High Yield Credit Spread,BAMLH0A0HYM2,2026-01-05,2.81
High Yield Credit Spread,BAMLH0A0HYM2,2026-01-06,2.79
High Yield Credit Spread,BAMLH0A0HYM2,2026-01-07,2.79
High Yield Credit Spread,BAMLH0A0HYM2,2026-01-08,2.76
High Yield Credit Spread,BAMLH0A0HYM2,2026-01-09,2.74
High Yield Credit Spread,BAMLH0A0HYM2,2026-01-12,2.74
High Yield Credit Spread,BAMLH0A0HYM2,2026-01-13,2.75
High Yield Credit Spread,BAMLH0A0HYM2,2026-01-14,2.76
High Yield Credit Spread,BAMLH0A0HYM2,2026-01-15,2.71
High Yield Credit Spread,BAMLH0A0HYM2,2026-01-16,2.65
High Yield Credit Spread,BAMLH0A0HYM2,2026-01-19,2.65
High Yield Credit Spread,BAMLH0A0HYM2,2026-01-20,2.73
High Yield Credit Spread,BAMLH0A0HYM2,2026-01-21,2.69
High Yield Credit Spread,BAMLH0A0HYM2,2026-01-22,2.64
High Yield Credit Spread,BAMLH0A0HYM2,2026-01-23,2.68
High Yield Credit Spread,BAMLH0A0HYM2,2026-01-26,2.69
High Yield Credit Spread,BAMLH0A0HYM2,2026-01-27,2.71
High Yield Credit Spread,BAMLH0A0HYM2,2026-01-28,2.72
High Yield Credit Spread,BAMLH0A0HYM2,2026-01-29,2.77
High Yield Credit Spread,BAMLH0A0HYM2,2026-01-30,2.8
High Yield Credit Spread,BAMLH0A0HYM2,2026-01-31,2.88
High Yield Credit Spread,BAMLH0A0HYM2,2026-02-02,2.81
High Yield Credit Spread,BAMLH0A0HYM2,2026-02-03,2.85
High Yield Credit Spread,BAMLH0A0HYM2,2026-02-04,2.86
High Yield Credit Spread,BAMLH0A0HYM2,2026-02-05,2.97
High Yield Credit Spread,BAMLH0A0HYM2,2026-02-06,2.87
High Yield Credit Spread,BAMLH0A0HYM2,2026-02-09,2.84
High Yield Credit Spread,BAMLH0A0HYM2,2026-02-10,2.86
High Yield Credit Spread,BAMLH0A0HYM2,2026-02-11,2.84
High Yield Credit Spread,BAMLH0A0HYM2,2026-02-12,2.92
High Yield Credit Spread,BAMLH0A0HYM2,2026-02-13,2.95
High Yield Credit Spread,BAMLH0A0HYM2,2026-02-16,2.94
High Yield Credit Spread,BAMLH0A0HYM2,2026-02-17,2.94
High Yield Credit Spread,BAMLH0A0HYM2,2026-02-18,2.86
High Yield Credit Spread,BAMLH0A0HYM2,2026-02-19,2.88
High Yield Credit Spread,BAMLH0A0HYM2,2026-02-20,2.86
High Yield Credit Spread,BAMLH0A0HYM2,2026-02-23,2.95
High Yield Credit Spread,BAMLH0A0HYM2,2026-02-24,2.97
High Yield Credit Spread,BAMLH0A0HYM2,2026-02-25,2.94
High Yield Credit Spread,BAMLH0A0HYM2,2026-02-26,2.98
High Yield Credit Spread,BAMLH0A0HYM2,2026-02-27,3.1
High Yield Credit Spread,BAMLH0A0HYM2,2026-02-28,3.12
High Yield Credit Spread,BAMLH0A0HYM2,2026-03-02,3.03
High Yield Credit Spread,BAMLH0A0HYM2,2026-03-03,3.08
High Yield Credit Spread,BAMLH0A0HYM2,2026-03-04,2.97
High Yield Credit Spread,BAMLH0A0HYM2,2026-03-05,3.0
High Yield Credit Spread,BAMLH0A0HYM2,2026-03-06,3.13
High Yield Credit Spread,BAMLH0A0HYM2,2026-03-09,3.19
High Yield Credit Spread,BAMLH0A0HYM2,2026-03-10,3.06
High Yield Credit Spread,BAMLH0A0HYM2,2026-03-11,3.09
High Yield Credit Spread,BAMLH0A0HYM2,2026-03-12,3.17
High Yield Credit Spread,BAMLH0A0HYM2,2026-03-13,3.28
High Yield Credit Spread,BAMLH0A0HYM2,2026-03-16,3.27
High Yield Credit Spread,BAMLH0A0HYM2,2026-03-17,3.22
High Yield Credit Spread,BAMLH0A0HYM2,2026-03-18,3.2
High Yield Credit Spread,BAMLH0A0HYM2,2026-03-19,3.27
High Yield Credit Spread,BAMLH0A0HYM2,2026-03-20,3.24
High Yield Credit Spread,BAMLH0A0HYM2,2026-03-23,3.19
High Yield Credit Spread,BAMLH0A0HYM2,2026-03-24,3.19
High Yield Credit Spread,BAMLH0A0HYM2,2026-03-25,3.17
High Yield Credit Spread,BAMLH0A0HYM2,2026-03-26,3.21
High Yield Credit Spread,BAMLH0A0HYM2,2026-03-27,3.42
High Yield Credit Spread,BAMLH0A0HYM2,2026-03-30,3.46
High Yield Credit Spread,BAMLH0A0HYM2,2026-03-31,3.28
High Yield Credit Spread,BAMLH0A0HYM2,2026-04-01,3.16
High Yield Credit Spread,BAMLH0A0HYM2,2026-04-02,3.17
High Yield Credit Spread,BAMLH0A0HYM2,2026-04-03,3.13
High Yield Credit Spread,BAMLH0A0HYM2,2026-04-06,3.05
High Yield Credit Spread,BAMLH0A0HYM2,2026-04-07,3.12
High Yield Credit Spread,BAMLH0A0HYM2,2026-04-08,2.94
High Yield Credit Spread,BAMLH0A0HYM2,2026-04-09,2.9
High Yield Credit Spread,BAMLH0A0HYM2,2026-04-10,2.94
High Yield Credit Spread,BAMLH0A0HYM2,2026-04-13,2.95
High Yield Credit Spread,BAMLH0A0HYM2,2026-04-14,2.84
High Yield Credit Spread,BAMLH0A0HYM2,2026-04-15,2.85
High Yield Credit Spread,BAMLH0A0HYM2,2026-04-16,2.86
High Yield Credit Spread,BAMLH0A0HYM2,2026-04-17,2.83
High Yield Credit Spread,BAMLH0A0HYM2,2026-04-20,2.87
High Yield Credit Spread,BAMLH0A0HYM2,2026-04-21,2.85
High Yield Credit Spread,BAMLH0A0HYM2,2026-04-22,2.84
High Yield Credit Spread,BAMLH0A0HYM2,2026-04-23,2.86
High Yield Credit Spread,BAMLH0A0HYM2,2026-04-24,2.86
High Yield Credit Spread,BAMLH0A0HYM2,2026-04-27,2.84
High Yield Credit Spread,BAMLH0A0HYM2,2026-04-28,2.85
High Yield Credit Spread,BAMLH0A0HYM2,2026-04-29,2.82
High Yield Credit Spread,BAMLH0A0HYM2,2026-04-30,2.83
High Yield Credit Spread,BAMLH0A0HYM2,2026-05-01,2.77
Investment Grade Credit Spread,BAMLC0A0CM,2025-03-07,0.89
Investment Grade Credit Spread,BAMLC0A0CM,2025-03-10,0.91
Investment Grade Credit Spread,BAMLC0A0CM,2025-03-11,0.94
Investment Grade Credit Spread,BAMLC0A0CM,2025-03-12,0.96
Investment Grade Credit Spread,BAMLC0A0CM,2025-03-13,0.97
Investment Grade Credit Spread,BAMLC0A0CM,2025-03-14,0.94
Investment Grade Credit Spread,BAMLC0A0CM,2025-03-17,0.93
Investment Grade Credit Spread,BAMLC0A0CM,2025-03-18,0.93
Investment Grade Credit Spread,BAMLC0A0CM,2025-03-19,0.91
Investment Grade Credit Spread,BAMLC0A0CM,2025-03-20,0.91
Investment Grade Credit Spread,BAMLC0A0CM,2025-03-21,0.92
Investment Grade Credit Spread,BAMLC0A0CM,2025-03-24,0.9
Investment Grade Credit Spread,BAMLC0A0CM,2025-03-25,0.9
Investment Grade Credit Spread,BAMLC0A0CM,2025-03-26,0.91
Investment Grade Credit Spread,BAMLC0A0CM,2025-03-27,0.91
Investment Grade Credit Spread,BAMLC0A0CM,2025-03-28,0.94
Investment Grade Credit Spread,BAMLC0A0CM,2025-03-31,0.97
Investment Grade Credit Spread,BAMLC0A0CM,2025-04-01,0.98
Investment Grade Credit Spread,BAMLC0A0CM,2025-04-02,0.96
Investment Grade Credit Spread,BAMLC0A0CM,2025-04-03,1.06
Investment Grade Credit Spread,BAMLC0A0CM,2025-04-04,1.14
Investment Grade Credit Spread,BAMLC0A0CM,2025-04-07,1.2
Investment Grade Credit Spread,BAMLC0A0CM,2025-04-08,1.18
Investment Grade Credit Spread,BAMLC0A0CM,2025-04-09,1.21
Investment Grade Credit Spread,BAMLC0A0CM,2025-04-10,1.18
Investment Grade Credit Spread,BAMLC0A0CM,2025-04-11,1.18
Investment Grade Credit Spread,BAMLC0A0CM,2025-04-14,1.15
Investment Grade Credit Spread,BAMLC0A0CM,2025-04-15,1.14
Investment Grade Credit Spread,BAMLC0A0CM,2025-04-16,1.13
Investment Grade Credit Spread,BAMLC0A0CM,2025-04-17,1.11
Investment Grade Credit Spread,BAMLC0A0CM,2025-04-21,1.12
Investment Grade Credit Spread,BAMLC0A0CM,2025-04-22,1.11
Investment Grade Credit Spread,BAMLC0A0CM,2025-04-23,1.08
Investment Grade Credit Spread,BAMLC0A0CM,2025-04-24,1.06
Investment Grade Credit Spread,BAMLC0A0CM,2025-04-25,1.04
Investment Grade Credit Spread,BAMLC0A0CM,2025-04-28,1.04
Investment Grade Credit Spread,BAMLC0A0CM,2025-04-29,1.06
Investment Grade Credit Spread,BAMLC0A0CM,2025-04-30,1.09
Investment Grade Credit Spread,BAMLC0A0CM,2025-05-01,1.09
Investment Grade Credit Spread,BAMLC0A0CM,2025-05-02,1.06
Investment Grade Credit Spread,BAMLC0A0CM,2025-05-05,1.05
Investment Grade Credit Spread,BAMLC0A0CM,2025-05-06,1.05
Investment Grade Credit Spread,BAMLC0A0CM,2025-05-07,1.05
Investment Grade Credit Spread,BAMLC0A0CM,2025-05-08,1.02
Investment Grade Credit Spread,BAMLC0A0CM,2025-05-09,1.02
Investment Grade Credit Spread,BAMLC0A0CM,2025-05-12,0.97
Investment Grade Credit Spread,BAMLC0A0CM,2025-05-13,0.94
Investment Grade Credit Spread,BAMLC0A0CM,2025-05-14,0.93
Investment Grade Credit Spread,BAMLC0A0CM,2025-05-15,0.94
Investment Grade Credit Spread,BAMLC0A0CM,2025-05-16,0.93
Investment Grade Credit Spread,BAMLC0A0CM,2025-05-19,0.92
Investment Grade Credit Spread,BAMLC0A0CM,2025-05-20,0.9
Investment Grade Credit Spread,BAMLC0A0CM,2025-05-21,0.91
Investment Grade Credit Spread,BAMLC0A0CM,2025-05-22,0.92
Investment Grade Credit Spread,BAMLC0A0CM,2025-05-23,0.93
Investment Grade Credit Spread,BAMLC0A0CM,2025-05-26,0.93
Investment Grade Credit Spread,BAMLC0A0CM,2025-05-27,0.91
Investment Grade Credit Spread,BAMLC0A0CM,2025-05-28,0.9
Investment Grade Credit Spread,BAMLC0A0CM,2025-05-29,0.9
Investment Grade Credit Spread,BAMLC0A0CM,2025-05-30,0.91
Investment Grade Credit Spread,BAMLC0A0CM,2025-05-31,0.92
Investment Grade Credit Spread,BAMLC0A0CM,2025-06-02,0.91
Investment Grade Credit Spread,BAMLC0A0CM,2025-06-03,0.89
Investment Grade Credit Spread,BAMLC0A0CM,2025-06-04,0.89
Investment Grade Credit Spread,BAMLC0A0CM,2025-06-05,0.89
Investment Grade Credit Spread,BAMLC0A0CM,2025-06-06,0.87
Investment Grade Credit Spread,BAMLC0A0CM,2025-06-09,0.87
Investment Grade Credit Spread,BAMLC0A0CM,2025-06-10,0.87
Investment Grade Credit Spread,BAMLC0A0CM,2025-06-11,0.87
Investment Grade Credit Spread,BAMLC0A0CM,2025-06-12,0.88
Investment Grade Credit Spread,BAMLC0A0CM,2025-06-13,0.88
Investment Grade Credit Spread,BAMLC0A0CM,2025-06-16,0.87
Investment Grade Credit Spread,BAMLC0A0CM,2025-06-17,0.88
Investment Grade Credit Spread,BAMLC0A0CM,2025-06-18,0.88
Investment Grade Credit Spread,BAMLC0A0CM,2025-06-19,0.88
Investment Grade Credit Spread,BAMLC0A0CM,2025-06-20,0.88
Investment Grade Credit Spread,BAMLC0A0CM,2025-06-23,0.89
Investment Grade Credit Spread,BAMLC0A0CM,2025-06-24,0.88
Investment Grade Credit Spread,BAMLC0A0CM,2025-06-25,0.88
Investment Grade Credit Spread,BAMLC0A0CM,2025-06-26,0.89
Investment Grade Credit Spread,BAMLC0A0CM,2025-06-27,0.88
Investment Grade Credit Spread,BAMLC0A0CM,2025-06-30,0.86
Investment Grade Credit Spread,BAMLC0A0CM,2025-07-01,0.84
Investment Grade Credit Spread,BAMLC0A0CM,2025-07-02,0.83
Investment Grade Credit Spread,BAMLC0A0CM,2025-07-03,0.8
Investment Grade Credit Spread,BAMLC0A0CM,2025-07-04,0.8
Investment Grade Credit Spread,BAMLC0A0CM,2025-07-07,0.81
Investment Grade Credit Spread,BAMLC0A0CM,2025-07-08,0.82
Investment Grade Credit Spread,BAMLC0A0CM,2025-07-09,0.83
Investment Grade Credit Spread,BAMLC0A0CM,2025-07-10,0.83
Investment Grade Credit Spread,BAMLC0A0CM,2025-07-11,0.83
Investment Grade Credit Spread,BAMLC0A0CM,2025-07-14,0.82
Investment Grade Credit Spread,BAMLC0A0CM,2025-07-15,0.81
Investment Grade Credit Spread,BAMLC0A0CM,2025-07-16,0.81
Investment Grade Credit Spread,BAMLC0A0CM,2025-07-17,0.8
Investment Grade Credit Spread,BAMLC0A0CM,2025-07-18,0.8
Investment Grade Credit Spread,BAMLC0A0CM,2025-07-21,0.8
Investment Grade Credit Spread,BAMLC0A0CM,2025-07-22,0.81
Investment Grade Credit Spread,BAMLC0A0CM,2025-07-23,0.79
Investment Grade Credit Spread,BAMLC0A0CM,2025-07-24,0.79
Investment Grade Credit Spread,BAMLC0A0CM,2025-07-25,0.78
Investment Grade Credit Spread,BAMLC0A0CM,2025-07-28,0.78
Investment Grade Credit Spread,BAMLC0A0CM,2025-07-29,0.79
Investment Grade Credit Spread,BAMLC0A0CM,2025-07-30,0.78
Investment Grade Credit Spread,BAMLC0A0CM,2025-07-31,0.79
Investment Grade Credit Spread,BAMLC0A0CM,2025-08-01,0.82
Investment Grade Credit Spread,BAMLC0A0CM,2025-08-04,0.82
Investment Grade Credit Spread,BAMLC0A0CM,2025-08-05,0.82
Investment Grade Credit Spread,BAMLC0A0CM,2025-08-06,0.81
Investment Grade Credit Spread,BAMLC0A0CM,2025-08-07,0.8
Investment Grade Credit Spread,BAMLC0A0CM,2025-08-08,0.8
Investment Grade Credit Spread,BAMLC0A0CM,2025-08-11,0.8
Investment Grade Credit Spread,BAMLC0A0CM,2025-08-12,0.79
Investment Grade Credit Spread,BAMLC0A0CM,2025-08-13,0.78
Investment Grade Credit Spread,BAMLC0A0CM,2025-08-14,0.77
Investment Grade Credit Spread,BAMLC0A0CM,2025-08-15,0.75
Investment Grade Credit Spread,BAMLC0A0CM,2025-08-18,0.75
Investment Grade Credit Spread,BAMLC0A0CM,2025-08-19,0.76
Investment Grade Credit Spread,BAMLC0A0CM,2025-08-20,0.77
Investment Grade Credit Spread,BAMLC0A0CM,2025-08-21,0.77
Investment Grade Credit Spread,BAMLC0A0CM,2025-08-22,0.77
Investment Grade Credit Spread,BAMLC0A0CM,2025-08-25,0.76
Investment Grade Credit Spread,BAMLC0A0CM,2025-08-26,0.78
Investment Grade Credit Spread,BAMLC0A0CM,2025-08-27,0.78
Investment Grade Credit Spread,BAMLC0A0CM,2025-08-28,0.79
Investment Grade Credit Spread,BAMLC0A0CM,2025-08-29,0.8
Investment Grade Credit Spread,BAMLC0A0CM,2025-08-31,0.81
Investment Grade Credit Spread,BAMLC0A0CM,2025-09-01,0.81
Investment Grade Credit Spread,BAMLC0A0CM,2025-09-02,0.82
Investment Grade Credit Spread,BAMLC0A0CM,2025-09-03,0.81
Investment Grade Credit Spread,BAMLC0A0CM,2025-09-04,0.79
Investment Grade Credit Spread,BAMLC0A0CM,2025-09-05,0.79
Investment Grade Credit Spread,BAMLC0A0CM,2025-09-08,0.8
Investment Grade Credit Spread,BAMLC0A0CM,2025-09-09,0.8
Investment Grade Credit Spread,BAMLC0A0CM,2025-09-10,0.79
Investment Grade Credit Spread,BAMLC0A0CM,2025-09-11,0.78
Investment Grade Credit Spread,BAMLC0A0CM,2025-09-12,0.77
Investment Grade Credit Spread,BAMLC0A0CM,2025-09-15,0.75
Investment Grade Credit Spread,BAMLC0A0CM,2025-09-16,0.76
Investment Grade Credit Spread,BAMLC0A0CM,2025-09-17,0.76
Investment Grade Credit Spread,BAMLC0A0CM,2025-09-18,0.75
Investment Grade Credit Spread,BAMLC0A0CM,2025-09-19,0.74
Investment Grade Credit Spread,BAMLC0A0CM,2025-09-22,0.74
Investment Grade Credit Spread,BAMLC0A0CM,2025-09-23,0.75
Investment Grade Credit Spread,BAMLC0A0CM,2025-09-24,0.75
Investment Grade Credit Spread,BAMLC0A0CM,2025-09-25,0.76
Investment Grade Credit Spread,BAMLC0A0CM,2025-09-26,0.75
Investment Grade Credit Spread,BAMLC0A0CM,2025-09-29,0.75
Investment Grade Credit Spread,BAMLC0A0CM,2025-09-30,0.76
Investment Grade Credit Spread,BAMLC0A0CM,2025-10-01,0.76
Investment Grade Credit Spread,BAMLC0A0CM,2025-10-02,0.75
Investment Grade Credit Spread,BAMLC0A0CM,2025-10-03,0.75
Investment Grade Credit Spread,BAMLC0A0CM,2025-10-06,0.74
Investment Grade Credit Spread,BAMLC0A0CM,2025-10-07,0.75
Investment Grade Credit Spread,BAMLC0A0CM,2025-10-08,0.75
Investment Grade Credit Spread,BAMLC0A0CM,2025-10-09,0.77
Investment Grade Credit Spread,BAMLC0A0CM,2025-10-10,0.81
Investment Grade Credit Spread,BAMLC0A0CM,2025-10-13,0.81
Investment Grade Credit Spread,BAMLC0A0CM,2025-10-14,0.81
Investment Grade Credit Spread,BAMLC0A0CM,2025-10-15,0.78
Investment Grade Credit Spread,BAMLC0A0CM,2025-10-16,0.8
Investment Grade Credit Spread,BAMLC0A0CM,2025-10-17,0.8
Investment Grade Credit Spread,BAMLC0A0CM,2025-10-20,0.79
Investment Grade Credit Spread,BAMLC0A0CM,2025-10-21,0.79
Investment Grade Credit Spread,BAMLC0A0CM,2025-10-22,0.8
Investment Grade Credit Spread,BAMLC0A0CM,2025-10-23,0.78
Investment Grade Credit Spread,BAMLC0A0CM,2025-10-24,0.77
Investment Grade Credit Spread,BAMLC0A0CM,2025-10-27,0.76
Investment Grade Credit Spread,BAMLC0A0CM,2025-10-28,0.76
Investment Grade Credit Spread,BAMLC0A0CM,2025-10-29,0.75
Investment Grade Credit Spread,BAMLC0A0CM,2025-10-30,0.77
Investment Grade Credit Spread,BAMLC0A0CM,2025-10-31,0.8
Investment Grade Credit Spread,BAMLC0A0CM,2025-11-03,0.83
Investment Grade Credit Spread,BAMLC0A0CM,2025-11-04,0.83
Investment Grade Credit Spread,BAMLC0A0CM,2025-11-05,0.81
Investment Grade Credit Spread,BAMLC0A0CM,2025-11-06,0.82
Investment Grade Credit Spread,BAMLC0A0CM,2025-11-07,0.84
Investment Grade Credit Spread,BAMLC0A0CM,2025-11-10,0.82
Investment Grade Credit Spread,BAMLC0A0CM,2025-11-11,0.82
Investment Grade Credit Spread,BAMLC0A0CM,2025-11-12,0.83
Investment Grade Credit Spread,BAMLC0A0CM,2025-11-13,0.84
Investment Grade Credit Spread,BAMLC0A0CM,2025-11-14,0.83
Investment Grade Credit Spread,BAMLC0A0CM,2025-11-17,0.84
Investment Grade Credit Spread,BAMLC0A0CM,2025-11-18,0.85
Investment Grade Credit Spread,BAMLC0A0CM,2025-11-19,0.84
Investment Grade Credit Spread,BAMLC0A0CM,2025-11-20,0.85
Investment Grade Credit Spread,BAMLC0A0CM,2025-11-21,0.86
Investment Grade Credit Spread,BAMLC0A0CM,2025-11-24,0.85
Investment Grade Credit Spread,BAMLC0A0CM,2025-11-25,0.84
Investment Grade Credit Spread,BAMLC0A0CM,2025-11-26,0.82
Investment Grade Credit Spread,BAMLC0A0CM,2025-11-27,0.82
Investment Grade Credit Spread,BAMLC0A0CM,2025-11-28,0.82
Investment Grade Credit Spread,BAMLC0A0CM,2025-11-30,0.82
Investment Grade Credit Spread,BAMLC0A0CM,2025-12-01,0.82
Investment Grade Credit Spread,BAMLC0A0CM,2025-12-02,0.81
Investment Grade Credit Spread,BAMLC0A0CM,2025-12-03,0.81
Investment Grade Credit Spread,BAMLC0A0CM,2025-12-04,0.8
Investment Grade Credit Spread,BAMLC0A0CM,2025-12-05,0.79
Investment Grade Credit Spread,BAMLC0A0CM,2025-12-08,0.78
Investment Grade Credit Spread,BAMLC0A0CM,2025-12-09,0.79
Investment Grade Credit Spread,BAMLC0A0CM,2025-12-10,0.78
Investment Grade Credit Spread,BAMLC0A0CM,2025-12-11,0.78
Investment Grade Credit Spread,BAMLC0A0CM,2025-12-12,0.8
Investment Grade Credit Spread,BAMLC0A0CM,2025-12-15,0.8
Investment Grade Credit Spread,BAMLC0A0CM,2025-12-16,0.81
Investment Grade Credit Spread,BAMLC0A0CM,2025-12-17,0.81
Investment Grade Credit Spread,BAMLC0A0CM,2025-12-18,0.81
Investment Grade Credit Spread,BAMLC0A0CM,2025-12-19,0.8
Investment Grade Credit Spread,BAMLC0A0CM,2025-12-22,0.8
Investment Grade Credit Spread,BAMLC0A0CM,2025-12-23,0.79
Investment Grade Credit Spread,BAMLC0A0CM,2025-12-24,0.79
Investment Grade Credit Spread,BAMLC0A0CM,2025-12-26,0.79
Investment Grade Credit Spread,BAMLC0A0CM,2025-12-29,0.79
Investment Grade Credit Spread,BAMLC0A0CM,2025-12-30,0.79
Investment Grade Credit Spread,BAMLC0A0CM,2025-12-31,0.79
Investment Grade Credit Spread,BAMLC0A0CM,2026-01-02,0.79
Investment Grade Credit Spread,BAMLC0A0CM,2026-01-05,0.79
Investment Grade Credit Spread,BAMLC0A0CM,2026-01-06,0.79
Investment Grade Credit Spread,BAMLC0A0CM,2026-01-07,0.79
Investment Grade Credit Spread,BAMLC0A0CM,2026-01-08,0.79
Investment Grade Credit Spread,BAMLC0A0CM,2026-01-09,0.78
Investment Grade Credit Spread,BAMLC0A0CM,2026-01-12,0.78
Investment Grade Credit Spread,BAMLC0A0CM,2026-01-13,0.77
Investment Grade Credit Spread,BAMLC0A0CM,2026-01-14,0.77
Investment Grade Credit Spread,BAMLC0A0CM,2026-01-15,0.76
Investment Grade Credit Spread,BAMLC0A0CM,2026-01-16,0.75
Investment Grade Credit Spread,BAMLC0A0CM,2026-01-19,0.75
Investment Grade Credit Spread,BAMLC0A0CM,2026-01-20,0.75
Investment Grade Credit Spread,BAMLC0A0CM,2026-01-21,0.74
Investment Grade Credit Spread,BAMLC0A0CM,2026-01-22,0.73
Investment Grade Credit Spread,BAMLC0A0CM,2026-01-23,0.73
Investment Grade Credit Spread,BAMLC0A0CM,2026-01-26,0.74
Investment Grade Credit Spread,BAMLC0A0CM,2026-01-27,0.73
Investment Grade Credit Spread,BAMLC0A0CM,2026-01-28,0.73
Investment Grade Credit Spread,BAMLC0A0CM,2026-01-29,0.74
Investment Grade Credit Spread,BAMLC0A0CM,2026-01-30,0.74
Investment Grade Credit Spread,BAMLC0A0CM,2026-01-31,0.75
Investment Grade Credit Spread,BAMLC0A0CM,2026-02-02,0.74
Investment Grade Credit Spread,BAMLC0A0CM,2026-02-03,0.74
Investment Grade Credit Spread,BAMLC0A0CM,2026-02-04,0.75
Investment Grade Credit Spread,BAMLC0A0CM,2026-02-05,0.76
Investment Grade Credit Spread,BAMLC0A0CM,2026-02-06,0.76
Investment Grade Credit Spread,BAMLC0A0CM,2026-02-09,0.76
Investment Grade Credit Spread,BAMLC0A0CM,2026-02-10,0.77
Investment Grade Credit Spread,BAMLC0A0CM,2026-02-11,0.77
Investment Grade Credit Spread,BAMLC0A0CM,2026-02-12,0.78
Investment Grade Credit Spread,BAMLC0A0CM,2026-02-13,0.79
Investment Grade Credit Spread,BAMLC0A0CM,2026-02-16,0.79
Investment Grade Credit Spread,BAMLC0A0CM,2026-02-17,0.8
Investment Grade Credit Spread,BAMLC0A0CM,2026-02-18,0.78
Investment Grade Credit Spread,BAMLC0A0CM,2026-02-19,0.79
Investment Grade Credit Spread,BAMLC0A0CM,2026-02-20,0.78
Investment Grade Credit Spread,BAMLC0A0CM,2026-02-23,0.8
Investment Grade Credit Spread,BAMLC0A0CM,2026-02-24,0.81
Investment Grade Credit Spread,BAMLC0A0CM,2026-02-25,0.8
Investment Grade Credit Spread,BAMLC0A0CM,2026-02-26,0.82
Investment Grade Credit Spread,BAMLC0A0CM,2026-02-27,0.85
Investment Grade Credit Spread,BAMLC0A0CM,2026-02-28,0.86
Investment Grade Credit Spread,BAMLC0A0CM,2026-03-02,0.85
Investment Grade Credit Spread,BAMLC0A0CM,2026-03-03,0.84
Investment Grade Credit Spread,BAMLC0A0CM,2026-03-04,0.82
Investment Grade Credit Spread,BAMLC0A0CM,2026-03-05,0.82
Investment Grade Credit Spread,BAMLC0A0CM,2026-03-06,0.84
Investment Grade Credit Spread,BAMLC0A0CM,2026-03-09,0.85
Investment Grade Credit Spread,BAMLC0A0CM,2026-03-10,0.84
Investment Grade Credit Spread,BAMLC0A0CM,2026-03-11,0.88
Investment Grade Credit Spread,BAMLC0A0CM,2026-03-12,0.91
Investment Grade Credit Spread,BAMLC0A0CM,2026-03-13,0.93
Investment Grade Credit Spread,BAMLC0A0CM,2026-03-16,0.94
Investment Grade Credit Spread,BAMLC0A0CM,2026-03-17,0.92
Investment Grade Credit Spread,BAMLC0A0CM,2026-03-18,0.91
Investment Grade Credit Spread,BAMLC0A0CM,2026-03-19,0.9
Investment Grade Credit Spread,BAMLC0A0CM,2026-03-20,0.88
Investment Grade Credit Spread,BAMLC0A0CM,2026-03-23,0.88
Investment Grade Credit Spread,BAMLC0A0CM,2026-03-24,0.87
Investment Grade Credit Spread,BAMLC0A0CM,2026-03-25,0.87
Investment Grade Credit Spread,BAMLC0A0CM,2026-03-26,0.88
Investment Grade Credit Spread,BAMLC0A0CM,2026-03-27,0.91
Investment Grade Credit Spread,BAMLC0A0CM,2026-03-30,0.93
Investment Grade Credit Spread,BAMLC0A0CM,2026-03-31,0.9
Investment Grade Credit Spread,BAMLC0A0CM,2026-04-01,0.87
Investment Grade Credit Spread,BAMLC0A0CM,2026-04-02,0.86
Investment Grade Credit Spread,BAMLC0A0CM,2026-04-03,0.86
Investment Grade Credit Spread,BAMLC0A0CM,2026-04-06,0.85
Investment Grade Credit Spread,BAMLC0A0CM,2026-04-07,0.86
Investment Grade Credit Spread,BAMLC0A0CM,2026-04-08,0.83
Investment Grade Credit Spread,BAMLC0A0CM,2026-04-09,0.83
Investment Grade Credit Spread,BAMLC0A0CM,2026-04-10,0.82
Investment Grade Credit Spread,BAMLC0A0CM,2026-04-13,0.82
Investment Grade Credit Spread,BAMLC0A0CM,2026-04-14,0.81
Investment Grade Credit Spread,BAMLC0A0CM,2026-04-15,0.8
Investment Grade Credit Spread,BAMLC0A0CM,2026-04-16,0.81
Investment Grade Credit Spread,BAMLC0A0CM,2026-04-17,0.8
Investment Grade Credit Spread,BAMLC0A0CM,2026-04-20,0.81
Investment Grade Credit Spread,BAMLC0A0CM,2026-04-21,0.8
Investment Grade Credit Spread,BAMLC0A0CM,2026-04-22,0.79
Investment Grade Credit Spread,BAMLC0A0CM,2026-04-23,0.8
Investment Grade Credit Spread,BAMLC0A0CM,2026-04-24,0.8
Investment Grade Credit Spread,BAMLC0A0CM,2026-04-27,0.81
Investment Grade Credit Spread,BAMLC0A0CM,2026-04-28,0.81
Investment Grade Credit Spread,BAMLC0A0CM,2026-04-29,0.81
Investment Grade Credit Spread,BAMLC0A0CM,2026-04-30,0.81
Investment Grade Credit Spread,BAMLC0A0CM,2026-05-01,0.81
Fed Balance Sheet,WALCL,2025-03-12,6759571.0
Fed Balance Sheet,WALCL,2025-03-19,6755982.0
Fed Balance Sheet,WALCL,2025-03-26,6740253.0
Fed Balance Sheet,WALCL,2025-04-02,6723452.0
Fed Balance Sheet,WALCL,2025-04-09,6727416.0
Fed Balance Sheet,WALCL,2025-04-16,6727113.0
Fed Balance Sheet,WALCL,2025-04-23,6726930.0
Fed Balance Sheet,WALCL,2025-04-30,6709277.0
Fed Balance Sheet,WALCL,2025-05-07,6710889.0
Fed Balance Sheet,WALCL,2025-05-14,6713270.0
Fed Balance Sheet,WALCL,2025-05-21,6688726.0
Fed Balance Sheet,WALCL,2025-05-28,6673244.0
Fed Balance Sheet,WALCL,2025-06-04,6672885.0
Fed Balance Sheet,WALCL,2025-06-11,6677155.0
Fed Balance Sheet,WALCL,2025-06-18,6681056.0
Fed Balance Sheet,WALCL,2025-06-25,6662200.0
Fed Balance Sheet,WALCL,2025-07-02,6659598.0
Fed Balance Sheet,WALCL,2025-07-09,6661912.0
Fed Balance Sheet,WALCL,2025-07-16,6659273.0
Fed Balance Sheet,WALCL,2025-07-23,6657715.0
Fed Balance Sheet,WALCL,2025-07-30,6642578.0
Fed Balance Sheet,WALCL,2025-08-06,6640843.0
Fed Balance Sheet,WALCL,2025-08-13,6643615.0
Fed Balance Sheet,WALCL,2025-08-20,6618415.0
Fed Balance Sheet,WALCL,2025-08-27,6603384.0
Fed Balance Sheet,WALCL,2025-09-03,6602071.0
Fed Balance Sheet,WALCL,2025-09-10,6605962.0
Fed Balance Sheet,WALCL,2025-09-17,6608597.0
Fed Balance Sheet,WALCL,2025-09-24,6608395.0
Fed Balance Sheet,WALCL,2025-10-01,6587119.0
Fed Balance Sheet,WALCL,2025-10-08,6590815.0
Fed Balance Sheet,WALCL,2025-10-15,6596454.0
Fed Balance Sheet,WALCL,2025-10-22,6589533.0
Fed Balance Sheet,WALCL,2025-10-29,6587034.0
Fed Balance Sheet,WALCL,2025-11-05,6572732.0
Fed Balance Sheet,WALCL,2025-11-12,6580462.0
Fed Balance Sheet,WALCL,2025-11-19,6555283.0
Fed Balance Sheet,WALCL,2025-11-26,6552419.0
Fed Balance Sheet,WALCL,2025-12-03,6535781.0
Fed Balance Sheet,WALCL,2025-12-10,6539303.0
Fed Balance Sheet,WALCL,2025-12-17,6556861.0
Fed Balance Sheet,WALCL,2025-12-24,6581231.0
Fed Balance Sheet,WALCL,2025-12-31,6640618.0
Fed Balance Sheet,WALCL,2026-01-07,6573602.0
Fed Balance Sheet,WALCL,2026-01-14,6581700.0
Fed Balance Sheet,WALCL,2026-01-21,6584580.0
Fed Balance Sheet,WALCL,2026-01-28,6587568.0
Fed Balance Sheet,WALCL,2026-02-04,6605909.0
Fed Balance Sheet,WALCL,2026-02-11,6622382.0
Fed Balance Sheet,WALCL,2026-02-18,6613395.0
Fed Balance Sheet,WALCL,2026-02-25,6613797.0
Fed Balance Sheet,WALCL,2026-03-04,6628894.0
Fed Balance Sheet,WALCL,2026-03-11,6646344.0
Fed Balance Sheet,WALCL,2026-03-18,6655939.0
Fed Balance Sheet,WALCL,2026-03-25,6657161.0
Fed Balance Sheet,WALCL,2026-04-01,6675344.0
Fed Balance Sheet,WALCL,2026-04-08,6693871.0
Fed Balance Sheet,WALCL,2026-04-15,6705696.0
Fed Balance Sheet,WALCL,2026-04-22,6707419.0
Fed Balance Sheet,WALCL,2026-04-29,6699950.0
30-Year Mortgage Rate,MORTGAGE30US,2025-03-13,6.65
30-Year Mortgage Rate,MORTGAGE30US,2025-03-20,6.67
30-Year Mortgage Rate,MORTGAGE30US,2025-03-27,6.65
30-Year Mortgage Rate,MORTGAGE30US,2025-04-03,6.64
30-Year Mortgage Rate,MORTGAGE30US,2025-04-10,6.62
30-Year Mortgage Rate,MORTGAGE30US,2025-04-17,6.83
30-Year Mortgage Rate,MORTGAGE30US,2025-04-24,6.81
30-Year Mortgage Rate,MORTGAGE30US,2025-05-01,6.76
30-Year Mortgage Rate,MORTGAGE30US,2025-05-08,6.76
30-Year Mortgage Rate,MORTGAGE30US,2025-05-15,6.81
30-Year Mortgage Rate,MORTGAGE30US,2025-05-22,6.86
30-Year Mortgage Rate,MORTGAGE30US,2025-05-29,6.89
30-Year Mortgage Rate,MORTGAGE30US,2025-06-05,6.85
30-Year Mortgage Rate,MORTGAGE30US,2025-06-12,6.84
30-Year Mortgage Rate,MORTGAGE30US,2025-06-18,6.81
30-Year Mortgage Rate,MORTGAGE30US,2025-06-26,6.77
30-Year Mortgage Rate,MORTGAGE30US,2025-07-03,6.67
30-Year Mortgage Rate,MORTGAGE30US,2025-07-10,6.72
30-Year Mortgage Rate,MORTGAGE30US,2025-07-17,6.75
30-Year Mortgage Rate,MORTGAGE30US,2025-07-24,6.74
30-Year Mortgage Rate,MORTGAGE30US,2025-07-31,6.72
30-Year Mortgage Rate,MORTGAGE30US,2025-08-07,6.63
30-Year Mortgage Rate,MORTGAGE30US,2025-08-14,6.58
30-Year Mortgage Rate,MORTGAGE30US,2025-08-21,6.58
30-Year Mortgage Rate,MORTGAGE30US,2025-08-28,6.56
30-Year Mortgage Rate,MORTGAGE30US,2025-09-04,6.5
30-Year Mortgage Rate,MORTGAGE30US,2025-09-11,6.35
30-Year Mortgage Rate,MORTGAGE30US,2025-09-18,6.26
30-Year Mortgage Rate,MORTGAGE30US,2025-09-25,6.3
30-Year Mortgage Rate,MORTGAGE30US,2025-10-02,6.34
30-Year Mortgage Rate,MORTGAGE30US,2025-10-09,6.3
30-Year Mortgage Rate,MORTGAGE30US,2025-10-16,6.27
30-Year Mortgage Rate,MORTGAGE30US,2025-10-23,6.19
30-Year Mortgage Rate,MORTGAGE30US,2025-10-30,6.17
30-Year Mortgage Rate,MORTGAGE30US,2025-11-06,6.22
30-Year Mortgage Rate,MORTGAGE30US,2025-11-13,6.24
30-Year Mortgage Rate,MORTGAGE30US,2025-11-20,6.26
30-Year Mortgage Rate,MORTGAGE30US,2025-11-26,6.23
30-Year Mortgage Rate,MORTGAGE30US,2025-12-04,6.19
30-Year Mortgage Rate,MORTGAGE30US,2025-12-11,6.22
30-Year Mortgage Rate,MORTGAGE30US,2025-12-18,6.21
30-Year Mortgage Rate,MORTGAGE30US,2025-12-24,6.18
30-Year Mortgage Rate,MORTGAGE30US,2025-12-31,6.15
30-Year Mortgage Rate,MORTGAGE30US,2026-01-08,6.16
30-Year Mortgage Rate,MORTGAGE30US,2026-01-15,6.06
30-Year Mortgage Rate,MORTGAGE30US,2026-01-22,6.09
30-Year Mortgage Rate,MORTGAGE30US,2026-01-29,6.1
30-Year Mortgage Rate,MORTGAGE30US,2026-02-05,6.11
30-Year Mortgage Rate,MORTGAGE30US,2026-02-12,6.09
30-Year Mortgage Rate,MORTGAGE30US,2026-02-19,6.01
30-Year Mortgage Rate,MORTGAGE30US,2026-02-26,5.98
30-Year Mortgage Rate,MORTGAGE30US,2026-03-05,6.0
30-Year Mortgage Rate,MORTGAGE30US,2026-03-12,6.11
30-Year Mortgage Rate,MORTGAGE30US,2026-03-19,6.22
30-Year Mortgage Rate,MORTGAGE30US,2026-03-26,6.38
30-Year Mortgage Rate,MORTGAGE30US,2026-04-02,6.46
30-Year Mortgage Rate,MORTGAGE30US,2026-04-09,6.37
30-Year Mortgage Rate,MORTGAGE30US,2026-04-16,6.3
30-Year Mortgage Rate,MORTGAGE30US,2026-04-23,6.23
30-Year Mortgage Rate,MORTGAGE30US,2026-04-30,6.3
Initial Jobless Claims,ICSA,2025-03-08,222000.0
Initial Jobless Claims,ICSA,2025-03-15,225000.0
Initial Jobless Claims,ICSA,2025-03-22,224000.0
Initial Jobless Claims,ICSA,2025-03-29,220000.0
Initial Jobless Claims,ICSA,2025-04-05,223000.0
Initial Jobless Claims,ICSA,2025-04-12,217000.0
Initial Jobless Claims,ICSA,2025-04-19,224000.0
Initial Jobless Claims,ICSA,2025-04-26,239000.0
Initial Jobless Claims,ICSA,2025-05-03,228000.0
Initial Jobless Claims,ICSA,2025-05-10,226000.0
Initial Jobless Claims,ICSA,2025-05-17,225000.0
Initial Jobless Claims,ICSA,2025-05-24,236000.0
Initial Jobless Claims,ICSA,2025-05-31,244000.0
Initial Jobless Claims,ICSA,2025-06-07,246000.0
Initial Jobless Claims,ICSA,2025-06-14,243000.0
Initial Jobless Claims,ICSA,2025-06-21,236000.0
Initial Jobless Claims,ICSA,2025-06-28,231000.0
Initial Jobless Claims,ICSA,2025-07-05,228000.0
Initial Jobless Claims,ICSA,2025-07-12,221000.0
Initial Jobless Claims,ICSA,2025-07-19,218000.0
Initial Jobless Claims,ICSA,2025-07-26,219000.0
Initial Jobless Claims,ICSA,2025-08-02,226000.0
Initial Jobless Claims,ICSA,2025-08-09,224000.0
Initial Jobless Claims,ICSA,2025-08-16,233000.0
Initial Jobless Claims,ICSA,2025-08-23,229000.0
Initial Jobless Claims,ICSA,2025-08-30,236000.0
Initial Jobless Claims,ICSA,2025-09-06,259000.0
Initial Jobless Claims,ICSA,2025-09-13,233000.0
Initial Jobless Claims,ICSA,2025-09-20,219000.0
Initial Jobless Claims,ICSA,2025-09-27,225000.0
Initial Jobless Claims,ICSA,2025-10-04,233000.0
Initial Jobless Claims,ICSA,2025-10-11,222000.0
Initial Jobless Claims,ICSA,2025-10-18,231000.0
Initial Jobless Claims,ICSA,2025-10-25,221000.0
Initial Jobless Claims,ICSA,2025-11-01,228000.0
Initial Jobless Claims,ICSA,2025-11-08,228000.0
Initial Jobless Claims,ICSA,2025-11-15,222000.0
Initial Jobless Claims,ICSA,2025-11-22,218000.0
Initial Jobless Claims,ICSA,2025-11-29,216000.0
Initial Jobless Claims,ICSA,2025-12-06,235000.0
Initial Jobless Claims,ICSA,2025-12-13,224000.0
Initial Jobless Claims,ICSA,2025-12-20,215000.0
Initial Jobless Claims,ICSA,2025-12-27,203000.0
Initial Jobless Claims,ICSA,2026-01-03,207000.0
Initial Jobless Claims,ICSA,2026-01-10,201000.0
Initial Jobless Claims,ICSA,2026-01-17,210000.0
Initial Jobless Claims,ICSA,2026-01-24,211000.0
Initial Jobless Claims,ICSA,2026-01-31,230000.0
Initial Jobless Claims,ICSA,2026-02-07,230000.0
Initial Jobless Claims,ICSA,2026-02-14,208000.0
Initial Jobless Claims,ICSA,2026-02-21,211000.0
Initial Jobless Claims,ICSA,2026-02-28,214000.0
Initial Jobless Claims,ICSA,2026-03-07,213000.0
Initial Jobless Claims,ICSA,2026-03-14,205000.0
Initial Jobless Claims,ICSA,2026-03-21,211000.0
Initial Jobless Claims,ICSA,2026-03-28,203000.0
Initial Jobless Claims,ICSA,2026-04-04,218000.0
Initial Jobless Claims,ICSA,2026-04-11,208000.0
Initial Jobless Claims,ICSA,2026-04-18,215000.0
Initial Jobless Claims,ICSA,2026-04-25,190000.0
