Ticker,option_raw,Expiration,DTE,Side,Strike,Open Interest,Volume,IV,Gamma,Bid,Ask,Last,Delta,Theta,Vega,Source URL Used,Gamma Used,Call GEX,Put GEX,Net GEX,Call GEX Bn,Put GEX Bn,Net GEX Bn
SPY,SPY260511P00500000,2026-05-11,1,put,500.0,1013.0,0.0,1.2522,0.0,0.0,0.01,,0.0,-0.0005,0.0001,https://cdn.cboe.com/api/global/delayed_quotes/options/SPY.json,0.0,0.0,-0.0,0.0,0.0,-0.0,0.0
SPY,SPY260511P00505000,2026-05-11,1,put,505.0,1.0,0.0,1.2218,0.0,0.0,0.01,,0.0,-0.0005,0.0001,https://cdn.cboe.com/api/global/delayed_quotes/options/SPY.json,0.0,0.0,-0.0,0.0,0.0,-0.0,0.0
SPY,SPY260511P00510000,2026-05-11,1,put,510.0,101.0,0.0,1.1918,0.0,0.0,0.01,,0.0,-0.0005,0.0001,https://cdn.cboe.com/api/global/delayed_quotes/options/SPY.json,0.0,0.0,-0.0,0.0,0.0,-0.0,0.0
SPY,SPY260511C00515000,2026-05-11,1,call,515.0,2.0,0.0,0.0,0.0,221.06,223.85,,1.0,-0.0005,0.0001,https://cdn.cboe.com/api/global/delayed_quotes/options/SPY.json,0.0,0.0,0.0,0.0,0.0,0.0,0.0
SPY,SPY260511P00515000,2026-05-11,1,put,515.0,1.0,0.0,1.162,0.0,0.0,0.01,,0.0,-0.0005,0.0001,https://cdn.cboe.com/api/global/delayed_quotes/options/SPY.json,0.0,0.0,-0.0,0.0,0.0,-0.0,0.0
SPY,SPY260511P00520000,2026-05-11,1,put,520.0,2.0,0.0,1.1324,0.0,0.0,0.01,,0.0,-0.0005,0.0001,https://cdn.cboe.com/api/global/delayed_quotes/options/SPY.json,0.0,0.0,-0.0,0.0,0.0,-0.0,0.0
SPY,SPY260511C00525000,2026-05-11,1,call,525.0,4.0,0.0,0.0,0.0,211.04,213.85,,1.0,-0.0006,0.0001,https://cdn.cboe.com/api/global/delayed_quotes/options/SPY.json,0.0,0.0,0.0,0.0,0.0,0.0,0.0
SPY,SPY260511P00525000,2026-05-11,1,put,525.0,200.0,0.0,1.1032,0.0,0.0,0.01,,0.0,-0.0005,0.0001,https://cdn.cboe.com/api/global/delayed_quotes/options/SPY.json,0.0,0.0,-0.0,0.0,0.0,-0.0,0.0
SPY,SPY260511P00530000,2026-05-11,1,put,530.0,1.0,0.0,1.0741,0.0,0.0,0.01,,0.0,-0.0006,0.0001,https://cdn.cboe.com/api/global/delayed_quotes/options/SPY.json,0.0,0.0,-0.0,0.0,0.0,-0.0,0.0
SPY,SPY260511P00535000,2026-05-11,1,put,535.0,197.0,0.0,1.0453,0.0,0.0,0.01,,0.0,-0.0006,0.0001,https://cdn.cboe.com/api/global/delayed_quotes/options/SPY.json,0.0,0.0,-0.0,0.0,0.0,-0.0,0.0
SPY,SPY260511P00540000,2026-05-11,1,put,540.0,77.0,0.0,1.0168,0.0,0.0,0.01,,0.0,-0.0006,0.0001,https://cdn.cboe.com/api/global/delayed_quotes/options/SPY.json,0.0,0.0,-0.0,0.0,0.0,-0.0,0.0
SPY,SPY260511P00545000,2026-05-11,1,put,545.0,140.0,0.0,0.9884,0.0,0.0,0.01,,0.0,-0.0006,0.0001,https://cdn.cboe.com/api/global/delayed_quotes/options/SPY.json,0.0,0.0,-0.0,0.0,0.0,-0.0,0.0
SPY,SPY260511P00550000,2026-05-11,1,put,550.0,86.0,0.0,0.9603,0.0,0.0,0.01,,-0.0001,-0.0007,0.0002,https://cdn.cboe.com/api/global/delayed_quotes/options/SPY.json,0.0,0.0,-0.0,0.0,0.0,-0.0,0.0
SPY,SPY260511P00555000,2026-05-11,1,put,555.0,106.0,0.0,0.9324,0.0,0.0,0.01,,-0.0001,-0.0007,0.0002,https://cdn.cboe.com/api/global/delayed_quotes/options/SPY.json,0.0,0.0,-0.0,0.0,0.0,-0.0,0.0
SPY,SPY260511P00560000,2026-05-11,1,put,560.0,10.0,0.0,0.9047,0.0,0.0,0.01,,-0.0001,-0.0007,0.0002,https://cdn.cboe.com/api/global/delayed_quotes/options/SPY.json,0.0,0.0,-0.0,0.0,0.0,-0.0,0.0
SPY,SPY260511P00565000,2026-05-11,1,put,565.0,110.0,0.0,0.8773,0.0,0.0,0.01,,-0.0001,-0.0008,0.0002,https://cdn.cboe.com/api/global/delayed_quotes/options/SPY.json,0.0,0.0,-0.0,0.0,0.0,-0.0,0.0
SPY,SPY260511P00570000,2026-05-11,1,put,570.0,2.0,0.0,0.85,0.0,0.0,0.01,,-0.0001,-0.0008,0.0002,https://cdn.cboe.com/api/global/delayed_quotes/options/SPY.json,0.0,0.0,-0.0,0.0,0.0,-0.0,0.0
SPY,SPY260511P00575000,2026-05-11,1,put,575.0,55.0,0.0,0.8229,0.0,0.0,0.01,,-0.0001,-0.0009,0.0002,https://cdn.cboe.com/api/global/delayed_quotes/options/SPY.json,0.0,0.0,-0.0,0.0,0.0,-0.0,0.0
SPY,SPY260511P00580000,2026-05-11,1,put,580.0,38.0,0.0,0.7961,0.0,0.0,0.01,,-0.0001,-0.001,0.0002,https://cdn.cboe.com/api/global/delayed_quotes/options/SPY.json,0.0,0.0,-0.0,0.0,0.0,-0.0,0.0
SPY,SPY260511P00585000,2026-05-11,1,put,585.0,184.0,0.0,0.7694,0.0,0.0,0.01,,-0.0001,-0.001,0.0003,https://cdn.cboe.com/api/global/delayed_quotes/options/SPY.json,0.0,0.0,-0.0,0.0,0.0,-0.0,0.0
SPY,SPY260511P00590000,2026-05-11,1,put,590.0,43.0,0.0,0.7429,0.0,0.0,0.01,,-0.0001,-0.0011,0.0003,https://cdn.cboe.com/api/global/delayed_quotes/options/SPY.json,0.0,0.0,-0.0,0.0,0.0,-0.0,0.0
SPY,SPY260511P00595000,2026-05-11,1,put,595.0,128.0,0.0,0.7165,0.0,0.0,0.01,,-0.0001,-0.0012,0.0004,https://cdn.cboe.com/api/global/delayed_quotes/options/SPY.json,0.0,0.0,-0.0,0.0,0.0,-0.0,0.0
SPY,SPY260511C00600000,2026-05-11,1,call,600.0,15.0,0.0,0.0,0.0,136.06,138.85,,0.9998,-0.0017,0.0004,https://cdn.cboe.com/api/global/delayed_quotes/options/SPY.json,0.0,0.0,0.0,0.0,0.0,0.0,0.0
SPY,SPY260511P00600000,2026-05-11,1,put,600.0,146.0,0.0,0.6904,0.0,0.0,0.01,,-0.0001,-0.0014,0.0004,https://cdn.cboe.com/api/global/delayed_quotes/options/SPY.json,0.0,0.0,-0.0,0.0,0.0,-0.0,0.0
SPY,SPY260511P00605000,2026-05-11,1,put,605.0,140.0,0.0,0.6644,0.0,0.0,0.01,,-0.0002,-0.0015,0.0004,https://cdn.cboe.com/api/global/delayed_quotes/options/SPY.json,0.0,0.0,-0.0,0.0,0.0,-0.0,0.0
SPY,SPY260511P00610000,2026-05-11,1,put,610.0,105.0,0.0,0.6385,0.0,0.0,0.01,,-0.0002,-0.0017,0.0005,https://cdn.cboe.com/api/global/delayed_quotes/options/SPY.json,0.0,0.0,-0.0,0.0,0.0,-0.0,0.0
SPY,SPY260511P00615000,2026-05-11,1,put,615.0,21.0,1.0,0.6129,0.0,0.0,0.01,,-0.0002,-0.0019,0.0006,https://cdn.cboe.com/api/global/delayed_quotes/options/SPY.json,0.0,0.0,-0.0,0.0,0.0,-0.0,0.0
SPY,SPY260511P00620000,2026-05-11,1,put,620.0,445.0,0.0,0.5873,0.0,0.0,0.01,,-0.0002,-0.0021,0.0007,https://cdn.cboe.com/api/global/delayed_quotes/options/SPY.json,0.0,0.0,-0.0,0.0,0.0,-0.0,0.0
SPY,SPY260511P00625000,2026-05-11,1,put,625.0,552.0,0.0,0.5619,0.0,0.0,0.01,,-0.0003,-0.0024,0.0008,https://cdn.cboe.com/api/global/delayed_quotes/options/SPY.json,0.0,0.0,-0.0,0.0,0.0,-0.0,0.0
SPY,SPY260511P00630000,2026-05-11,1,put,630.0,155.0,0.0,0.5367,0.0,0.0,0.01,,-0.0004,-0.0028,0.0009,https://cdn.cboe.com/api/global/delayed_quotes/options/SPY.json,0.0,0.0,-0.0,0.0,0.0,-0.0,0.0
SPY,SPY260511P00635000,2026-05-11,1,put,635.0,1162.0,0.0,0.5116,0.0,0.0,0.01,,-0.0004,-0.0032,0.001,https://cdn.cboe.com/api/global/delayed_quotes/options/SPY.json,0.0,0.0,-0.0,0.0,0.0,-0.0,0.0
SPY,SPY260511P00640000,2026-05-11,1,put,640.0,876.0,1.0,0.4866,0.0,0.0,0.01,,-0.0005,-0.0036,0.0012,https://cdn.cboe.com/api/global/delayed_quotes/options/SPY.json,0.0,0.0,-0.0,0.0,0.0,-0.0,0.0
SPY,SPY260511C00645000,2026-05-11,1,call,645.0,1.0,8.0,0.4677,0.0001,91.09,93.85,,0.9993,-0.0042,0.0014,https://cdn.cboe.com/api/global/delayed_quotes/options/SPY.json,0.0001,54.40832644,0.0,54.40832644,5.4408326440000004e-08,0.0,5.4408326440000004e-08
SPY,SPY260511P00645000,2026-05-11,1,put,645.0,172.0,0.0,0.4617,0.0001,0.0,0.01,,-0.0006,-0.0042,0.0014,https://cdn.cboe.com/api/global/delayed_quotes/options/SPY.json,0.0001,0.0,-9358.232147679999,-9358.232147679999,0.0,-9.358232147679998e-06,-9.358232147679998e-06
SPY,SPY260511P00650000,2026-05-11,1,put,650.0,1199.0,140.0,0.4369,0.0001,0.0,0.01,,-0.0007,-0.0048,0.0017,https://cdn.cboe.com/api/global/delayed_quotes/options/SPY.json,0.0001,0.0,-65235.583401560005,-65235.583401560005,0.0,-6.523558340156001e-05,-6.523558340156001e-05
SPY,SPY260511C00655000,2026-05-11,1,call,655.0,6.0,13.0,0.482,0.0001,81.14,83.86,,0.9991,-0.0056,0.002,https://cdn.cboe.com/api/global/delayed_quotes/options/SPY.json,0.0001,326.44995864000003,0.0,326.44995864000003,3.2644995864e-07,0.0,3.2644995864e-07
SPY,SPY260511P00655000,2026-05-11,1,put,655.0,369.0,32.0,0.4122,0.0001,0.0,0.01,,-0.0008,-0.0056,0.002,https://cdn.cboe.com/api/global/delayed_quotes/options/SPY.json,0.0001,0.0,-20076.67245636,-20076.67245636,0.0,-2.007667245636e-05,-2.007667245636e-05
SPY,SPY260511C00660000,2026-05-11,1,call,660.0,9.0,0.0,0.3834,0.0001,76.07,78.86,,0.9989,-0.0064,0.0024,https://cdn.cboe.com/api/global/delayed_quotes/options/SPY.json,0.0001,489.67493796,0.0,489.67493796,4.8967493796e-07,0.0,4.8967493796e-07
SPY,SPY260511P00660000,2026-05-11,1,put,660.0,961.0,332.0,0.3877,0.0001,0.0,0.01,,-0.001,-0.0064,0.0024,https://cdn.cboe.com/api/global/delayed_quotes/options/SPY.json,0.0001,0.0,-52286.40170884,-52286.40170884,0.0,-5.228640170884e-05,-5.228640170884e-05
SPY,SPY260511C00665000,2026-05-11,1,call,665.0,5.0,2.0,0.0,0.0002,71.04,73.87,,0.9987,-0.0075,0.0028,https://cdn.cboe.com/api/global/delayed_quotes/options/SPY.json,0.0002,544.0832644000001,0.0,544.0832644000001,5.440832644000001e-07,0.0,5.440832644000001e-07
SPY,SPY260511P00665000,2026-05-11,1,put,665.0,710.0,2741.0,0.3632,0.0002,0.0,0.01,,-0.0012,-0.0075,0.0028,https://cdn.cboe.com/api/global/delayed_quotes/options/SPY.json,0.0002,0.0,-77259.8235448,-77259.8235448,0.0,-7.725982354480001e-05,-7.725982354480001e-05
SPY,SPY260511C00670000,2026-05-11,1,call,670.0,14.0,7.0,0.3957,0.0002,66.06,68.86,,0.9985,-0.0086,0.0034,https://cdn.cboe.com/api/global/delayed_quotes/options/SPY.json,0.0002,1523.43314032,0.0,1523.43314032,1.52343314032e-06,0.0,1.52343314032e-06
SPY,SPY260511P00670000,2026-05-11,1,put,670.0,1945.0,193.0,0.3388,0.0002,0.0,0.01,,-0.0014,-0.0086,0.0034,https://cdn.cboe.com/api/global/delayed_quotes/options/SPY.json,0.0002,0.0,-211648.38985159996,-211648.38985159996,0.0,-0.00021164838985159997,-0.00021164838985159997
SPY,SPY260511P00671000,2026-05-11,1,put,671.0,270.0,3.0,0.334,0.0002,0.0,0.01,,-0.0015,-0.0089,0.0035,https://cdn.cboe.com/api/global/delayed_quotes/options/SPY.json,0.0002,0.0,-29380.496277600003,-29380.496277600003,0.0,-2.9380496277600002e-05,-2.9380496277600002e-05
SPY,SPY260511C00672000,2026-05-11,1,call,672.0,13.0,9.0,0.3569,0.0002,64.08,66.86,,0.9983,-0.0092,0.0037,https://cdn.cboe.com/api/global/delayed_quotes/options/SPY.json,0.0002,1414.6164874400001,0.0,1414.6164874400001,1.4146164874400001e-06,0.0,1.4146164874400001e-06
SPY,SPY260511P00672000,2026-05-11,1,put,672.0,729.0,268.0,0.3616,0.0002,0.01,0.02,,-0.0016,-0.0092,0.0037,https://cdn.cboe.com/api/global/delayed_quotes/options/SPY.json,0.0002,0.0,-79327.33994952001,-79327.33994952001,0.0,-7.932733994952001e-05,-7.932733994952001e-05
SPY,SPY260511P00673000,2026-05-11,1,put,673.0,180.0,3.0,0.3242,0.0002,0.0,0.01,,-0.0016,-0.0094,0.0038,https://cdn.cboe.com/api/global/delayed_quotes/options/SPY.json,0.0002,0.0,-19586.997518400003,-19586.997518400003,0.0,-1.9586997518400002e-05,-1.9586997518400002e-05
SPY,SPY260511P00674000,2026-05-11,1,put,674.0,1345.0,28.0,0.3194,0.0002,0.0,0.01,,-0.0017,-0.0097,0.004,https://cdn.cboe.com/api/global/delayed_quotes/options/SPY.json,0.0002,0.0,-146358.3981236,-146358.3981236,0.0,-0.0001463583981236,-0.0001463583981236
SPY,SPY260511C00675000,2026-05-11,1,call,675.0,5.0,4.0,0.2998,0.0002,61.05,63.86,,0.9981,-0.01,0.0041,https://cdn.cboe.com/api/global/delayed_quotes/options/SPY.json,0.0002,544.0832644000001,0.0,544.0832644000001,5.440832644000001e-07,0.0,5.440832644000001e-07
SPY,SPY260511P00675000,2026-05-11,1,put,675.0,917.0,3.0,0.3145,0.0002,0.0,0.01,,-0.0018,-0.01,0.0041,https://cdn.cboe.com/api/global/delayed_quotes/options/SPY.json,0.0002,0.0,-99784.87069095999,-99784.87069095999,0.0,-9.978487069095998e-05,-9.978487069095998e-05
SPY,SPY260511P00676000,2026-05-11,1,put,676.0,479.0,0.0,0.3096,0.0003,0.0,0.01,,-0.0018,-0.0103,0.0043,https://cdn.cboe.com/api/global/delayed_quotes/options/SPY.json,0.0003,0.0,-78184.76509428,-78184.76509428,0.0,-7.818476509428e-05,-7.818476509428e-05
SPY,SPY260511C00677000,2026-05-11,1,call,677.0,5.0,0.0,0.3296,0.0003,59.08,61.86,,0.998,-0.0106,0.0044,https://cdn.cboe.com/api/global/delayed_quotes/options/SPY.json,0.0003,816.1248965999999,0.0,816.1248965999999,8.161248965999999e-07,0.0,8.161248965999999e-07
SPY,SPY260511P00677000,2026-05-11,1,put,677.0,164.0,2.0,0.3048,0.0003,0.0,0.01,,-0.0019,-0.0106,0.0044,https://cdn.cboe.com/api/global/delayed_quotes/options/SPY.json,0.0003,0.0,-26768.896608479998,-26768.896608479998,0.0,-2.676889660848e-05,-2.676889660848e-05
SPY,SPY260511P00678000,2026-05-11,1,put,678.0,202.0,20.0,0.33,0.0003,0.01,0.02,,-0.002,-0.0109,0.0046,https://cdn.cboe.com/api/global/delayed_quotes/options/SPY.json,0.0003,0.0,-32971.445822639995,-32971.445822639995,0.0,-3.2971445822639995e-05,-3.2971445822639995e-05
SPY,SPY260511P00679000,2026-05-11,1,put,679.0,269.0,26.0,0.2951,0.0003,0.0,0.01,,-0.0021,-0.0112,0.0048,https://cdn.cboe.com/api/global/delayed_quotes/options/SPY.json,0.0003,0.0,-43907.51943708,-43907.51943708,0.0,-4.390751943708e-05,-4.390751943708e-05
SPY,SPY260511C00680000,2026-05-11,1,call,680.0,2.0,141.0,0.3132,0.0003,56.08,58.87,,0.9978,-0.0116,0.0049,https://cdn.cboe.com/api/global/delayed_quotes/options/SPY.json,0.0003,326.44995864,0.0,326.44995864,3.2644995863999996e-07,0.0,3.2644995863999996e-07
SPY,SPY260511P00680000,2026-05-11,1,put,680.0,2384.0,23.0,0.3194,0.0003,0.01,0.02,,-0.0022,-0.0116,0.0049,https://cdn.cboe.com/api/global/delayed_quotes/options/SPY.json,0.0003,0.0,-389128.35069888,-389128.35069888,0.0,-0.00038912835069887996,-0.00038912835069887996
SPY,SPY260511C00681000,2026-05-11,1,call,681.0,2.0,2.0,0.2663,0.0003,55.06,57.87,,0.9977,-0.0119,0.0051,https://cdn.cboe.com/api/global/delayed_quotes/options/SPY.json,0.0003,326.44995864,0.0,326.44995864,3.2644995863999996e-07,0.0,3.2644995863999996e-07
SPY,SPY260511P00681000,2026-05-11,1,put,681.0,152.0,6.0,0.2854,0.0003,0.0,0.01,,-0.0022,-0.0119,0.0051,https://cdn.cboe.com/api/global/delayed_quotes/options/SPY.json,0.0003,0.0,-24810.196856639996,-24810.196856639996,0.0,-2.4810196856639996e-05,-2.4810196856639996e-05
SPY,SPY260511C00682000,2026-05-11,1,call,682.0,2.0,20.0,0.3023,0.0004,54.08,56.87,,0.9976,-0.0123,0.0053,https://cdn.cboe.com/api/global/delayed_quotes/options/SPY.json,0.0004,435.26661152,0.0,435.26661152,4.3526661152000003e-07,0.0,4.3526661152000003e-07
SPY,SPY260511P00682000,2026-05-11,1,put,682.0,1204.0,183.0,0.3089,0.0004,0.01,0.02,,-0.0024,-0.0123,0.0053,https://cdn.cboe.com/api/global/delayed_quotes/options/SPY.json,0.0004,0.0,-262030.50013504003,-262030.50013504003,0.0,-0.00026203050013504,-0.00026203050013504
SPY,SPY260511C00683000,2026-05-11,1,call,683.0,12.0,1.0,0.2969,0.0004,53.06,55.87,,0.9975,-0.0127,0.0055,https://cdn.cboe.com/api/global/delayed_quotes/options/SPY.json,0.0004,2611.5996691200003,0.0,2611.5996691200003,2.61159966912e-06,0.0,2.61159966912e-06
SPY,SPY260511P00683000,2026-05-11,1,put,683.0,1006.0,363.0,0.3037,0.0004,0.01,0.02,,-0.0024,-0.0127,0.0055,https://cdn.cboe.com/api/global/delayed_quotes/options/SPY.json,0.0004,0.0,-218939.10559456004,-218939.10559456004,0.0,-0.00021893910559456003,-0.00021893910559456003
SPY,SPY260511C00684000,2026-05-11,1,call,684.0,11.0,3.0,0.3271,0.0004,52.15,54.87,,0.9974,-0.013,0.0058,https://cdn.cboe.com/api/global/delayed_quotes/options/SPY.json,0.0004,2393.96636336,0.0,2393.96636336,2.39396636336e-06,0.0,2.39396636336e-06
SPY,SPY260511P00684000,2026-05-11,1,put,684.0,260.0,2837.0,0.2984,0.0004,0.01,0.02,,-0.0026,-0.013,0.0058,https://cdn.cboe.com/api/global/delayed_quotes/options/SPY.json,0.0004,0.0,-56584.659497600005,-56584.659497600005,0.0,-5.65846594976e-05,-5.65846594976e-05
SPY,SPY260511C00685000,2026-05-11,1,call,685.0,38.0,18.0,0.2861,0.0004,51.06,53.87,,0.9972,-0.0134,0.006,https://cdn.cboe.com/api/global/delayed_quotes/options/SPY.json,0.0004,8270.06561888,0.0,8270.06561888,8.27006561888e-06,0.0,8.27006561888e-06
SPY,SPY260511P00685000,2026-05-11,1,put,685.0,924.0,2979.0,0.2931,0.0004,0.01,0.02,,-0.0027,-0.0134,0.006,https://cdn.cboe.com/api/global/delayed_quotes/options/SPY.json,0.0004,0.0,-201093.17452224,-201093.17452224,0.0,-0.00020109317452224,-0.00020109317452224
SPY,SPY260511C00686000,2026-05-11,1,call,686.0,4.0,1.0,0.2983,0.0004,50.12,52.87,,0.9971,-0.0138,0.0062,https://cdn.cboe.com/api/global/delayed_quotes/options/SPY.json,0.0004,870.53322304,0.0,870.53322304,8.705332230400001e-07,0.0,8.705332230400001e-07
SPY,SPY260511P00686000,2026-05-11,1,put,686.0,1120.0,1133.0,0.2879,0.0004,0.01,0.02,,-0.0028,-0.0138,0.0062,https://cdn.cboe.com/api/global/delayed_quotes/options/SPY.json,0.0004,0.0,-243749.3024512,-243749.3024512,0.0,-0.0002437493024512,-0.0002437493024512
SPY,SPY260511C00687000,2026-05-11,1,call,687.0,11.0,6.0,0.2323,0.0005,49.06,51.87,,0.997,-0.0143,0.0065,https://cdn.cboe.com/api/global/delayed_quotes/options/SPY.json,0.0005,2992.4579541999997,0.0,2992.4579541999997,2.9924579541999996e-06,0.0,2.9924579541999996e-06
SPY,SPY260511P00687000,2026-05-11,1,put,687.0,274.0,3218.0,0.2826,0.0005,0.01,0.02,,-0.0029,-0.0143,0.0065,https://cdn.cboe.com/api/global/delayed_quotes/options/SPY.json,0.0005,0.0,-74539.4072228,-74539.4072228,0.0,-7.45394072228e-05,-7.45394072228e-05
SPY,SPY260511C00688000,2026-05-11,1,call,688.0,2.0,0.0,0.304,0.0005,48.08,50.87,,0.9969,-0.0147,0.0068,https://cdn.cboe.com/api/global/delayed_quotes/options/SPY.json,0.0005,544.0832644000001,0.0,544.0832644000001,5.440832644000001e-07,0.0,5.440832644000001e-07
SPY,SPY260511P00688000,2026-05-11,1,put,688.0,602.0,4164.0,0.2774,0.0005,0.01,0.02,,-0.003,-0.0147,0.0068,https://cdn.cboe.com/api/global/delayed_quotes/options/SPY.json,0.0005,0.0,-163769.0625844,-163769.0625844,0.0,-0.0001637690625844,-0.0001637690625844
SPY,SPY260511C00689000,2026-05-11,1,call,689.0,6.0,1.0,0.2207,0.0005,47.08,49.87,,0.9968,-0.0152,0.007,https://cdn.cboe.com/api/global/delayed_quotes/options/SPY.json,0.0005,1632.2497931999999,0.0,1632.2497931999999,1.6322497931999998e-06,0.0,1.6322497931999998e-06
SPY,SPY260511P00689000,2026-05-11,1,put,689.0,487.0,3093.0,0.2721,0.0005,0.01,0.02,,-0.0032,-0.0152,0.007,https://cdn.cboe.com/api/global/delayed_quotes/options/SPY.json,0.0005,0.0,-132484.2748814,-132484.2748814,0.0,-0.0001324842748814,-0.0001324842748814
SPY,SPY260511C00690000,2026-05-11,1,call,690.0,36.0,46.0,0.2924,0.0006,46.15,48.87,,0.9966,-0.0156,0.0073,https://cdn.cboe.com/api/global/delayed_quotes/options/SPY.json,0.0006,11752.198511039998,0.0,11752.198511039998,1.1752198511039999e-05,0.0,1.1752198511039999e-05
SPY,SPY260511P00690000,2026-05-11,1,put,690.0,2299.0,2948.0,0.2668,0.0006,0.01,0.02,,-0.0033,-0.0156,0.0073,https://cdn.cboe.com/api/global/delayed_quotes/options/SPY.json,0.0006,0.0,-750508.4549133601,-750508.4549133601,0.0,-0.0007505084549133601,-0.0007505084549133601
SPY,SPY260511C00691000,2026-05-11,1,call,691.0,13.0,1.0,0.2631,0.0006,45.09,47.87,,0.9964,-0.0161,0.0076,https://cdn.cboe.com/api/global/delayed_quotes/options/SPY.json,0.0006,4243.8494623199995,0.0,4243.8494623199995,4.24384946232e-06,0.0,4.24384946232e-06
SPY,SPY260511P00691000,2026-05-11,1,put,691.0,634.0,959.0,0.2616,0.0006,0.01,0.02,,-0.0035,-0.0161,0.0076,https://cdn.cboe.com/api/global/delayed_quotes/options/SPY.json,0.0006,0.0,-206969.27377776,-206969.27377776,0.0,-0.00020696927377776,-0.00020696927377776
SPY,SPY260511C00692000,2026-05-11,1,call,692.0,43.0,5.0,0.2649,0.0006,44.11,46.87,,0.9963,-0.0166,0.008,https://cdn.cboe.com/api/global/delayed_quotes/options/SPY.json,0.0006,14037.348221519997,0.0,14037.348221519997,1.4037348221519997e-05,0.0,1.4037348221519997e-05
SPY,SPY260511P00692000,2026-05-11,1,put,692.0,614.0,59.0,0.2563,0.0006,0.01,0.02,,-0.0036,-0.0166,0.008,https://cdn.cboe.com/api/global/delayed_quotes/options/SPY.json,0.0006,0.0,-200440.27460495997,-200440.27460495997,0.0,-0.00020044027460495997,-0.00020044027460495997
SPY,SPY260511C00693000,2026-05-11,1,call,693.0,7.0,4.0,0.243,0.0006,43.09,45.87,,0.9961,-0.0171,0.0083,https://cdn.cboe.com/api/global/delayed_quotes/options/SPY.json,0.0006,2285.1497104799996,0.0,2285.1497104799996,2.2851497104799997e-06,0.0,2.2851497104799997e-06
SPY,SPY260511P00693000,2026-05-11,1,put,693.0,789.0,1492.0,0.251,0.0006,0.01,0.02,,-0.0038,-0.0171,0.0083,https://cdn.cboe.com/api/global/delayed_quotes/options/SPY.json,0.0006,0.0,-257569.01736695998,-257569.01736695998,0.0,-0.00025756901736696,-0.00025756901736696
SPY,SPY260511C00694000,2026-05-11,1,call,694.0,7.0,2.0,0.2467,0.0007,42.09,44.88,,0.9959,-0.0177,0.0087,https://cdn.cboe.com/api/global/delayed_quotes/options/SPY.json,0.0007,2666.00799556,0.0,2666.00799556,2.66600799556e-06,0.0,2.66600799556e-06
SPY,SPY260511P00694000,2026-05-11,1,put,694.0,784.0,3199.0,0.2458,0.0007,0.01,0.02,,-0.004,-0.0177,0.0087,https://cdn.cboe.com/api/global/delayed_quotes/options/SPY.json,0.0007,0.0,-298592.89550271997,-298592.89550271997,0.0,-0.00029859289550271997,-0.00029859289550271997
SPY,SPY260511C00695000,2026-05-11,1,call,695.0,13.0,2.0,0.2482,0.0007,41.09,43.88,,0.9958,-0.0182,0.0091,https://cdn.cboe.com/api/global/delayed_quotes/options/SPY.json,0.0007,4951.15770604,0.0,4951.15770604,4.95115770604e-06,0.0,4.95115770604e-06
SPY,SPY260511P00695000,2026-05-11,1,put,695.0,2858.0,429.0,0.2405,0.0007,0.01,0.02,,-0.0042,-0.0182,0.0091,https://cdn.cboe.com/api/global/delayed_quotes/options/SPY.json,0.0007,0.0,-1088492.9787586401,-1088492.9787586401,0.0,-0.00108849297875864,-0.00108849297875864
SPY,SPY260511C00696000,2026-05-11,1,call,696.0,3.0,0.0,0.2427,0.0008,40.07,42.88,,0.9956,-0.0188,0.0095,https://cdn.cboe.com/api/global/delayed_quotes/options/SPY.json,0.0008,1305.7998345600001,0.0,1305.7998345600001,1.30579983456e-06,0.0,1.30579983456e-06
SPY,SPY260511P00696000,2026-05-11,1,put,696.0,483.0,229.0,0.2352,0.0008,0.01,0.02,,-0.0044,-0.0188,0.0095,https://cdn.cboe.com/api/global/delayed_quotes/options/SPY.json,0.0008,0.0,-210233.77336415998,-210233.77336415998,0.0,-0.00021023377336415997,-0.00021023377336415997
SPY,SPY260511C00697000,2026-05-11,1,call,697.0,5.0,1.0,0.2595,0.0008,39.16,41.88,,0.9953,-0.0194,0.0099,https://cdn.cboe.com/api/global/delayed_quotes/options/SPY.json,0.0008,2176.3330576000003,0.0,2176.3330576000003,2.1763330576000002e-06,0.0,2.1763330576000002e-06
SPY,SPY260511P00697000,2026-05-11,1,put,697.0,1475.0,482.0,0.2425,0.0008,0.02,0.03,,-0.0046,-0.0194,0.0099,https://cdn.cboe.com/api/global/delayed_quotes/options/SPY.json,0.0008,0.0,-642018.251992,-642018.251992,0.0,-0.000642018251992,-0.000642018251992
SPY,SPY260511C00698000,2026-05-11,1,call,698.0,81.0,2.0,0.2536,0.0009,38.16,40.88,,0.9951,-0.0201,0.0104,https://cdn.cboe.com/api/global/delayed_quotes/options/SPY.json,0.0009,39663.66997475999,0.0,39663.66997475999,3.966366997475999e-05,0.0,3.966366997475999e-05
SPY,SPY260511P00698000,2026-05-11,1,put,698.0,1001.0,2812.0,0.237,0.0009,0.02,0.03,,-0.0048,-0.0201,0.0104,https://cdn.cboe.com/api/global/delayed_quotes/options/SPY.json,0.0009,0.0,-490164.61289795995,-490164.61289795995,0.0,-0.00049016461289796,-0.00049016461289796
SPY,SPY260511C00699000,2026-05-11,1,call,699.0,83.0,2.0,0.2477,0.0009,37.16,39.88,,0.9948,-0.0208,0.0109,https://cdn.cboe.com/api/global/delayed_quotes/options/SPY.json,0.0009,40643.01985068001,0.0,40643.01985068001,4.064301985068001e-05,0.0,4.064301985068001e-05
SPY,SPY260511P00699000,2026-05-11,1,put,699.0,741.0,2628.0,0.2315,0.0009,0.02,0.03,,-0.0051,-0.0208,0.0109,https://cdn.cboe.com/api/global/delayed_quotes/options/SPY.json,0.0009,0.0,-362849.12902835995,-362849.12902835995,0.0,-0.00036284912902835993,-0.00036284912902835993
SPY,SPY260511C00700000,2026-05-11,1,call,700.0,185.0,2231.0,0.2259,0.001,37.37,37.63,,0.9946,-0.0214,0.0114,https://cdn.cboe.com/api/global/delayed_quotes/options/SPY.json,0.001,100655.40391400001,0.0,100655.40391400001,0.00010065540391400002,0.0,0.00010065540391400002
SPY,SPY260511P00700000,2026-05-11,1,put,700.0,7595.0,6236.0,0.2259,0.001,0.02,0.03,,-0.0053,-0.0214,0.0114,https://cdn.cboe.com/api/global/delayed_quotes/options/SPY.json,0.001,0.0,-4132312.393118,-4132312.393118,0.0,-0.004132312393118,-0.004132312393118
SPY,SPY260511C00701000,2026-05-11,1,call,701.0,1265.0,20.0,0.2248,0.0011,36.38,36.63,,0.9943,-0.0222,0.0119,https://cdn.cboe.com/api/global/delayed_quotes/options/SPY.json,0.0011,757091.8624126001,0.0,757091.8624126001,0.0007570918624126001,0.0,0.0007570918624126001
SPY,SPY260511P00701000,2026-05-11,1,put,701.0,705.0,2353.0,0.2204,0.0011,0.02,0.03,,-0.0056,-0.0222,0.0119,https://cdn.cboe.com/api/global/delayed_quotes/options/SPY.json,0.0011,0.0,-421936.5715422001,-421936.5715422001,0.0,-0.0004219365715422001,-0.0004219365715422001
SPY,SPY260511C00702000,2026-05-11,1,call,702.0,293.0,36.0,0.2191,0.0012,35.38,35.63,,0.994,-0.023,0.0125,https://cdn.cboe.com/api/global/delayed_quotes/options/SPY.json,0.0012,191299.67576303997,0.0,191299.67576303997,0.00019129967576303995,0.0,0.00019129967576303995
SPY,SPY260511P00702000,2026-05-11,1,put,702.0,744.0,1429.0,0.2149,0.0012,0.02,0.03,,-0.0059,-0.023,0.0125,https://cdn.cboe.com/api/global/delayed_quotes/options/SPY.json,0.0012,0.0,-485757.53845631995,-485757.53845631995,0.0,-0.00048575753845631997,-0.00048575753845631997
SPY,SPY260511C00703000,2026-05-11,1,call,703.0,174.0,3.0,0.2134,0.0012,34.38,34.63,,0.9937,-0.0238,0.0132,https://cdn.cboe.com/api/global/delayed_quotes/options/SPY.json,0.0012,113604.58560672001,0.0,113604.58560672001,0.00011360458560672001,0.0,0.00011360458560672001
SPY,SPY260511P00703000,2026-05-11,1,put,703.0,1083.0,708.0,0.2093,0.0012,0.02,0.03,,-0.0062,-0.0238,0.0132,https://cdn.cboe.com/api/global/delayed_quotes/options/SPY.json,0.0012,0.0,-707090.6104142399,-707090.6104142399,0.0,-0.0007070906104142399,-0.0007070906104142399
SPY,SPY260511C00704000,2026-05-11,1,call,704.0,237.0,0.0,0.2076,0.0013,33.38,33.63,,0.9933,-0.0247,0.0139,https://cdn.cboe.com/api/global/delayed_quotes/options/SPY.json,0.0013,167632.05376163998,0.0,167632.05376163998,0.00016763205376164,0.0,0.00016763205376164
SPY,SPY260511P00704000,2026-05-11,1,put,704.0,1276.0,855.0,0.2038,0.0013,0.02,0.03,,-0.0066,-0.0247,0.0139,https://cdn.cboe.com/api/global/delayed_quotes/options/SPY.json,0.0013,0.0,-902525.31898672,-902525.31898672,0.0,-0.00090252531898672,-0.00090252531898672
SPY,SPY260511C00705000,2026-05-11,1,call,705.0,95.0,32.0,0.2177,0.0014,31.17,33.89,,0.9929,-0.0257,0.0146,https://cdn.cboe.com/api/global/delayed_quotes/options/SPY.json,0.0014,72363.0741652,0.0,72363.0741652,7.23630741652e-05,0.0,7.23630741652e-05
SPY,SPY260511P00705000,2026-05-11,1,put,705.0,1912.0,1315.0,0.2061,0.0014,0.03,0.04,,-0.007,-0.0257,0.0146,https://cdn.cboe.com/api/global/delayed_quotes/options/SPY.json,0.0014,0.0,-1456402.08214592,-1456402.08214592,0.0,-0.00145640208214592,-0.00145640208214592
SPY,SPY260511C00706000,2026-05-11,1,call,706.0,207.0,60.0,0.1999,0.0015,31.38,31.63,,0.9925,-0.0267,0.0154,https://cdn.cboe.com/api/global/delayed_quotes/options/SPY.json,0.0015,168937.8535962,0.0,168937.8535962,0.00016893785359620002,0.0,0.00016893785359620002
SPY,SPY260511P00706000,2026-05-11,1,put,706.0,1568.0,573.0,0.2004,0.0015,0.03,0.04,,-0.0074,-0.0267,0.0154,https://cdn.cboe.com/api/global/delayed_quotes/options/SPY.json,0.0015,0.0,-1279683.8378688,-1279683.8378688,0.0,-0.0012796838378688,-0.0012796838378688
SPY,SPY260511C00707000,2026-05-11,1,call,707.0,244.0,59.0,0.1941,0.0017,30.38,30.64,,0.992,-0.0278,0.0163,https://cdn.cboe.com/api/global/delayed_quotes/options/SPY.json,0.0017,225685.73807311998,0.0,225685.73807311998,0.00022568573807311997,0.0,0.00022568573807311997
SPY,SPY260511P00707000,2026-05-11,1,put,707.0,888.0,873.0,0.1946,0.0017,0.03,0.04,,-0.0079,-0.0278,0.0163,https://cdn.cboe.com/api/global/delayed_quotes/options/SPY.json,0.0017,0.0,-821348.0959382398,-821348.0959382398,0.0,-0.0008213480959382398,-0.0008213480959382398
SPY,SPY260511C00708000,2026-05-11,1,call,708.0,383.0,2.0,0.1914,0.0018,29.39,29.64,,0.9915,-0.029,0.0173,https://cdn.cboe.com/api/global/delayed_quotes/options/SPY.json,0.0018,375091.00247736,0.0,375091.00247736,0.00037509100247736004,0.0,0.00037509100247736004
SPY,SPY260511P00708000,2026-05-11,1,put,708.0,1359.0,1217.0,0.1889,0.0018,0.03,0.04,,-0.0084,-0.029,0.0173,https://cdn.cboe.com/api/global/delayed_quotes/options/SPY.json,0.0018,0.0,-1330936.48137528,-1330936.48137528,0.0,-0.0013309364813752801,-0.0013309364813752801
SPY,SPY260511C00709000,2026-05-11,1,call,709.0,240.0,21.0,0.1855,0.002,28.39,28.64,,0.9909,-0.0304,0.0184,https://cdn.cboe.com/api/global/delayed_quotes/options/SPY.json,0.002,261159.966912,0.0,261159.966912,0.000261159966912,0.0,0.000261159966912
SPY,SPY260511P00709000,2026-05-11,1,put,709.0,1336.0,2932.0,0.1831,0.002,0.03,0.04,,-0.009,-0.0304,0.0184,https://cdn.cboe.com/api/global/delayed_quotes/options/SPY.json,0.002,0.0,-1453790.4824767997,-1453790.4824767997,0.0,-0.0014537904824767998,-0.0014537904824767998
SPY,SPY260511C00710000,2026-05-11,1,call,710.0,642.0,63.0,0.1796,0.0022,27.39,27.64,,0.9902,-0.0319,0.0195,https://cdn.cboe.com/api/global/delayed_quotes/options/SPY.json,0.0022,768463.2026385601,0.0,768463.2026385601,0.0007684632026385601,0.0,0.0007684632026385601
SPY,SPY260511P00710000,2026-05-11,1,put,710.0,3867.0,7027.0,0.1773,0.0022,0.03,0.04,,-0.0097,-0.0319,0.0195,https://cdn.cboe.com/api/global/delayed_quotes/options/SPY.json,0.0022,0.0,-4628733.96355656,-4628733.96355656,0.0,-0.0046287339635565595,-0.0046287339635565595
SPY,SPY260511C00711000,2026-05-11,1,call,711.0,693.0,79.0,0.1737,0.0024,26.39,26.64,,0.9895,-0.0335,0.0209,https://cdn.cboe.com/api/global/delayed_quotes/options/SPY.json,0.0024,904919.28535008,0.0,904919.28535008,0.00090491928535008,0.0,0.00090491928535008
SPY,SPY260511P00711000,2026-05-11,1,put,711.0,5518.0,2347.0,0.1771,0.0024,0.04,0.05,,-0.0104,-0.0335,0.0209,https://cdn.cboe.com/api/global/delayed_quotes/options/SPY.json,0.0024,0.0,-7205403.487102078,-7205403.487102078,0.0,-0.007205403487102078,-0.007205403487102078
SPY,SPY260511C00712000,2026-05-11,1,call,712.0,419.0,379.0,0.1704,0.0026,25.39,25.65,,0.9886,-0.0354,0.0223,https://cdn.cboe.com/api/global/delayed_quotes/options/SPY.json,0.0026,592724.30823736,0.0,592724.30823736,0.00059272430823736,0.0,0.00059272430823736
SPY,SPY260511P00712000,2026-05-11,1,put,712.0,3145.0,3000.0,0.1712,0.0026,0.04,0.05,,-0.0113,-0.0354,0.0223,https://cdn.cboe.com/api/global/delayed_quotes/options/SPY.json,0.0026,0.0,-4448968.8529988,-4448968.8529988,0.0,-0.004448968852998799,-0.004448968852998799
SPY,SPY260511C00713000,2026-05-11,1,call,713.0,650.0,45.0,0.1668,0.0028,24.4,24.65,,0.9876,-0.0375,0.024,https://cdn.cboe.com/api/global/delayed_quotes/options/SPY.json,0.0028,990231.541208,0.0,990231.541208,0.0009902315412080001,0.0,0.0009902315412080001
SPY,SPY260511P00713000,2026-05-11,1,put,713.0,1124.0,3477.0,0.1652,0.0028,0.04,0.05,,-0.0123,-0.0375,0.024,https://cdn.cboe.com/api/global/delayed_quotes/options/SPY.json,0.0028,0.0,-1712338.8497196797,-1712338.8497196797,0.0,-0.0017123388497196797,-0.0017123388497196797
SPY,SPY260511C00714000,2026-05-11,1,call,714.0,349.0,74.0,0.1608,0.0032,23.4,23.65,,0.9865,-0.04,0.0259,https://cdn.cboe.com/api/global/delayed_quotes/options/SPY.json,0.0032,607632.1896819201,0.0,607632.1896819201,0.0006076321896819201,0.0,0.0006076321896819201
SPY,SPY260511P00714000,2026-05-11,1,put,714.0,1483.0,1921.0,0.1636,0.0032,0.05,0.06,,-0.0134,-0.04,0.0259,https://cdn.cboe.com/api/global/delayed_quotes/options/SPY.json,0.0032,0.0,-2582001.5395366405,-2582001.5395366405,0.0,-0.0025820015395366406,-0.0025820015395366406
SPY,SPY260511C00715000,2026-05-11,1,call,715.0,663.0,164.0,0.1588,0.0035,22.41,22.66,,0.9852,-0.0428,0.0281,https://cdn.cboe.com/api/global/delayed_quotes/options/SPY.json,0.0035,1262545.2150402002,0.0,1262545.2150402002,0.0012625452150402002,0.0,0.0012625452150402002
SPY,SPY260511P00715000,2026-05-11,1,put,715.0,1927.0,5748.0,0.1575,0.0035,0.05,0.06,,-0.0147,-0.0428,0.0281,https://cdn.cboe.com/api/global/delayed_quotes/options/SPY.json,0.0035,0.0,-3669569.5767458007,-3669569.5767458007,0.0,-0.0036695695767458006,-0.0036695695767458006
SPY,SPY260511C00716000,2026-05-11,1,call,716.0,388.0,38.0,0.1525,0.004,21.41,21.66,,0.9837,-0.0461,0.0306,https://cdn.cboe.com/api/global/delayed_quotes/options/SPY.json,0.004,844417.2263488001,0.0,844417.2263488001,0.0008444172263488001,0.0,0.0008444172263488001
SPY,SPY260511P00716000,2026-05-11,1,put,716.0,1570.0,21520.0,0.1513,0.004,0.05,0.06,,-0.0162,-0.0461,0.0306,https://cdn.cboe.com/api/global/delayed_quotes/options/SPY.json,0.004,0.0,-3416842.9004320004,-3416842.9004320004,0.0,-0.0034168429004320005,-0.0034168429004320005
SPY,SPY260511C00717000,2026-05-11,1,call,717.0,718.0,151.0,0.1485,0.0044,20.42,20.67,,0.9818,-0.0501,0.0334,https://cdn.cboe.com/api/global/delayed_quotes/options/SPY.json,0.0044,1718867.8488924801,0.0,1718867.8488924801,0.0017188678488924802,0.0,0.0017188678488924802
SPY,SPY260511P00717000,2026-05-11,1,put,717.0,1626.0,4204.0,0.1487,0.0044,0.06,0.07,,-0.0181,-0.05,0.0334,https://cdn.cboe.com/api/global/delayed_quotes/options/SPY.json,0.0044,0.0,-3892589.3068233603,-3892589.3068233603,0.0,-0.0038925893068233602,-0.0038925893068233602
SPY,SPY260511C00718000,2026-05-11,1,call,718.0,663.0,171.0,0.1433,0.005,19.42,19.67,,0.9797,-0.0546,0.0368,https://cdn.cboe.com/api/global/delayed_quotes/options/SPY.json,0.005,1803636.021486,0.0,1803636.021486,0.001803636021486,0.0,0.001803636021486
SPY,SPY260511P00718000,2026-05-11,1,put,718.0,1568.0,9257.0,0.1424,0.005,0.06,0.07,,-0.0202,-0.0546,0.0368,https://cdn.cboe.com/api/global/delayed_quotes/options/SPY.json,0.005,0.0,-4265612.792896001,-4265612.792896001,0.0,-0.004265612792896001,-0.004265612792896001
SPY,SPY260511C00719000,2026-05-11,1,call,719.0,511.0,446.0,0.1399,0.0058,18.43,18.68,,0.9771,-0.06,0.0407,https://cdn.cboe.com/api/global/delayed_quotes/options/SPY.json,0.0058,1612553.97902872,0.0,1612553.97902872,0.00161255397902872,0.0,0.00161255397902872
SPY,SPY260511P00719000,2026-05-11,1,put,719.0,2201.0,3771.0,0.1395,0.0057,0.07,0.08,,-0.0228,-0.06,0.0406,https://cdn.cboe.com/api/global/delayed_quotes/options/SPY.json,0.0057,0.0,-6825905.41018308,-6825905.41018308,0.0,-0.0068259054101830795,-0.0068259054101830795
SPY,SPY260511C00720000,2026-05-11,1,call,720.0,1174.0,1720.0,0.1359,0.0066,17.44,17.7,,0.9739,-0.0664,0.0452,https://cdn.cboe.com/api/global/delayed_quotes/options/SPY.json,0.0066,4215774.76587696,0.0,4215774.76587696,0.00421577476587696,0.0,0.00421577476587696
SPY,SPY260511P00720000,2026-05-11,1,put,720.0,3959.0,27194.0,0.1357,0.0066,0.08,0.09,,-0.0259,-0.0663,0.045,https://cdn.cboe.com/api/global/delayed_quotes/options/SPY.json,0.0066,0.0,-14216569.24881336,-14216569.24881336,0.0,-0.01421656924881336,-0.01421656924881336
SPY,SPY260511C00721000,2026-05-11,1,call,721.0,643.0,281.0,0.1316,0.0076,16.46,16.71,,0.9701,-0.074,0.0505,https://cdn.cboe.com/api/global/delayed_quotes/options/SPY.json,0.0076,2658826.09646992,0.0,2658826.09646992,0.00265882609646992,0.0,0.00265882609646992
SPY,SPY260511P00721000,2026-05-11,1,put,721.0,1456.0,5075.0,0.1315,0.0076,0.09,0.1,,-0.0296,-0.0738,0.0503,https://cdn.cboe.com/api/global/delayed_quotes/options/SPY.json,0.0076,0.0,-6020607.77054464,-6020607.77054464,0.0,-0.00602060777054464,-0.00602060777054464
SPY,SPY260511C00722000,2026-05-11,1,call,722.0,1566.0,693.0,0.129,0.0088,15.47,15.72,,0.9655,-0.083,0.0566,https://cdn.cboe.com/api/global/delayed_quotes/options/SPY.json,0.0088,7497902.650043521,0.0,7497902.650043521,0.0074979026500435215,0.0,0.0074979026500435215
SPY,SPY260511P00722000,2026-05-11,1,put,722.0,2805.0,10575.0,0.1289,0.0088,0.11,0.12,,-0.0342,-0.0826,0.0563,https://cdn.cboe.com/api/global/delayed_quotes/options/SPY.json,0.0088,0.0,-13430151.2984496,-13430151.2984496,0.0,-0.0134301512984496,-0.0134301512984496
SPY,SPY260511C00723000,2026-05-11,1,call,723.0,989.0,485.0,0.1247,0.0103,14.49,14.74,,0.9599,-0.0936,0.0638,https://cdn.cboe.com/api/global/delayed_quotes/options/SPY.json,0.0103,5542412.989463479,0.0,5542412.989463479,0.005542412989463479,0.0,0.005542412989463479
SPY,SPY260511P00723000,2026-05-11,1,put,723.0,1595.0,18939.0,0.1234,0.0103,0.13,0.14,,-0.04,-0.0936,0.0638,https://cdn.cboe.com/api/global/delayed_quotes/options/SPY.json,0.0103,0.0,-8938471.909195399,-8938471.909195399,0.0,-0.0089384719091954,-0.0089384719091954
SPY,SPY260511C00724000,2026-05-11,1,call,724.0,797.0,621.0,0.1216,0.012,13.51,13.76,,0.953,-0.106,0.072,https://cdn.cboe.com/api/global/delayed_quotes/options/SPY.json,0.012,5203612.3407216,0.0,5203612.3407216,0.0052036123407216,0.0,0.0052036123407216
SPY,SPY260511P00724000,2026-05-11,1,put,724.0,2020.0,5045.0,0.1212,0.012,0.15,0.16,,-0.0469,-0.1061,0.072,https://cdn.cboe.com/api/global/delayed_quotes/options/SPY.json,0.012,0.0,-13188578.329056,-13188578.329056,0.0,-0.013188578329056,-0.013188578329056
SPY,SPY260511C00725000,2026-05-11,1,call,725.0,2875.0,1302.0,0.1184,0.0141,12.54,12.78,,0.9447,-0.1205,0.0815,https://cdn.cboe.com/api/global/delayed_quotes/options/SPY.json,0.0141,22055775.330615003,0.0,22055775.330615003,0.022055775330615004,0.0,0.022055775330615004
SPY,SPY260511P00725000,2026-05-11,1,put,725.0,3986.0,14218.0,0.1168,0.0141,0.17,0.18,,-0.0552,-0.1205,0.0815,https://cdn.cboe.com/api/global/delayed_quotes/options/SPY.json,0.0141,0.0,-30578894.075767435,-30578894.075767435,0.0,-0.030578894075767436,-0.030578894075767436
SPY,SPY260511C00726000,2026-05-11,1,call,726.0,720.0,1797.0,0.1144,0.0166,11.57,11.82,,0.9346,-0.1372,0.0924,https://cdn.cboe.com/api/global/delayed_quotes/options/SPY.json,0.0166,6502883.1761088,0.0,6502883.1761088,0.0065028831761087995,0.0,0.0065028831761087995
SPY,SPY260511P00726000,2026-05-11,1,put,726.0,1577.0,5526.0,0.1142,0.0166,0.21,0.22,,-0.0653,-0.1372,0.0924,https://cdn.cboe.com/api/global/delayed_quotes/options/SPY.json,0.0166,0.0,-14243120.51211608,-14243120.51211608,0.0,-0.01424312051211608,-0.01424312051211608
SPY,SPY260511C00727000,2026-05-11,1,call,727.0,1523.0,1325.0,0.1109,0.0195,10.61,10.86,,0.9224,-0.1562,0.1046,https://cdn.cboe.com/api/global/delayed_quotes/options/SPY.json,0.0195,16158456.827783398,0.0,16158456.827783398,0.0161584568277834,0.0,0.0161584568277834
SPY,SPY260511P00727000,2026-05-11,1,put,727.0,1947.0,7365.0,0.1107,0.0195,0.25,0.26,,-0.0775,-0.1562,0.1046,https://cdn.cboe.com/api/global/delayed_quotes/options/SPY.json,0.0195,0.0,-20656937.257842604,-20656937.257842604,0.0,-0.020656937257842605,-0.020656937257842605
SPY,SPY260511C00728000,2026-05-11,1,call,728.0,771.0,1434.0,0.1074,0.0229,9.66,9.91,,0.9076,-0.1776,0.1184,https://cdn.cboe.com/api/global/delayed_quotes/options/SPY.json,0.0229,9606279.707919959,0.0,9606279.707919959,0.00960627970791996,0.0,0.00960627970791996
SPY,SPY260511P00728000,2026-05-11,1,put,728.0,1872.0,9469.0,0.1072,0.0229,0.3,0.31,,-0.0923,-0.1776,0.1184,https://cdn.cboe.com/api/global/delayed_quotes/options/SPY.json,0.0229,0.0,-23324196.644910723,-23324196.644910723,0.0,-0.023324196644910724,-0.023324196644910724
SPY,SPY260511C00729000,2026-05-11,1,call,729.0,1397.0,853.0,0.105,0.027,8.73,8.98,,0.8898,-0.2012,0.1336,https://cdn.cboe.com/api/global/delayed_quotes/options/SPY.json,0.027,20522276.6499036,0.0,20522276.6499036,0.0205222766499036,0.0,0.0205222766499036
SPY,SPY260511P00729000,2026-05-11,1,put,729.0,2834.0,12111.0,0.1037,0.027,0.36,0.37,,-0.1102,-0.2012,0.1337,https://cdn.cboe.com/api/global/delayed_quotes/options/SPY.json,0.027,0.0,-41632163.2253592,-41632163.2253592,0.0,-0.0416321632253592,-0.0416321632253592
SPY,SPY260511C00730000,2026-05-11,1,call,730.0,2784.0,3201.0,0.1007,0.0317,7.87,7.98,,0.8682,-0.2268,0.1504,https://cdn.cboe.com/api/global/delayed_quotes/options/SPY.json,0.0317,48016871.51644032,0.0,48016871.51644032,0.04801687151644032,0.0,0.04801687151644032
SPY,SPY260511P00730000,2026-05-11,1,put,730.0,3818.0,30811.0,0.1006,0.0317,0.44,0.45,,-0.1318,-0.2269,0.1504,https://cdn.cboe.com/api/global/delayed_quotes/options/SPY.json,0.0317,0.0,-65850723.94029064,-65850723.94029064,0.0,-0.06585072394029064,-0.06585072394029064
SPY,SPY260511C00731000,2026-05-11,1,call,731.0,2016.0,1365.0,0.0973,0.0371,6.97,7.07,,0.8421,-0.2542,0.1684,https://cdn.cboe.com/api/global/delayed_quotes/options/SPY.json,0.0371,40693946.04422784,0.0,40693946.04422784,0.04069394604422784,0.0,0.04069394604422784
SPY,SPY260511P00731000,2026-05-11,1,put,731.0,3137.0,9737.0,0.0969,0.0371,0.53,0.54,,-0.1579,-0.2542,0.1684,https://cdn.cboe.com/api/global/delayed_quotes/options/SPY.json,0.0371,0.0,-63321879.33568589,-63321879.33568589,0.0,-0.0633218793356859,-0.0633218793356859
SPY,SPY260511C00732000,2026-05-11,1,call,732.0,2801.0,2699.0,0.0938,0.0432,6.08,6.19,,0.8106,-0.2824,0.1876,https://cdn.cboe.com/api/global/delayed_quotes/options/SPY.json,0.0432,65835816.058846086,0.0,65835816.058846086,0.06583581605884609,0.0,0.06583581605884609
SPY,SPY260511P00732000,2026-05-11,1,put,732.0,2455.0,15212.0,0.0931,0.0432,0.64,0.65,,-0.1894,-0.2825,0.1876,https://cdn.cboe.com/api/global/delayed_quotes/options/SPY.json,0.0432,0.0,-57703294.6892064,-57703294.6892064,0.0,-0.0577032946892064,-0.0577032946892064
SPY,SPY260511C00733000,2026-05-11,1,call,733.0,2421.0,3108.0,0.0901,0.05,5.22,5.33,,0.7725,-0.3104,0.2072,https://cdn.cboe.com/api/global/delayed_quotes/options/SPY.json,0.05,65861279.155620016,0.0,65861279.155620016,0.06586127915562001,0.0,0.06586127915562001
SPY,SPY260511P00733000,2026-05-11,1,put,733.0,2067.0,15614.0,0.0898,0.0501,0.78,0.8,,-0.2275,-0.3106,0.2073,https://cdn.cboe.com/api/global/delayed_quotes/options/SPY.json,0.0501,0.0,-56343467.38649148,-56343467.38649148,0.0,-0.05634346738649148,-0.05634346738649148
SPY,SPY260511C00734000,2026-05-11,1,call,734.0,3226.0,5539.0,0.0865,0.0573,4.4,4.5,,0.727,-0.3364,0.2264,https://cdn.cboe.com/api/global/delayed_quotes/options/SPY.json,0.0573,100573682.60768712,0.0,100573682.60768712,0.10057368260768712,0.0,0.10057368260768712
SPY,SPY260511P00734000,2026-05-11,1,put,734.0,1450.0,21714.0,0.0864,0.0574,0.96,0.97,,-0.2731,-0.3366,0.2265,https://cdn.cboe.com/api/global/delayed_quotes/options/SPY.json,0.0574,0.0,-45284050.096012,-45284050.096012,0.0,-0.045284050096012,-0.045284050096012
SPY,SPY260511C00735000,2026-05-11,1,call,735.0,4071.0,19237.0,0.0834,0.0647,3.63,3.73,,0.6729,-0.3577,0.244,https://cdn.cboe.com/api/global/delayed_quotes/options/SPY.json,0.0647,143308104.11839426,0.0,143308104.11839426,0.14330810411839426,0.0,0.14330810411839426
SPY,SPY260511P00735000,2026-05-11,1,put,735.0,1435.0,56364.0,0.0827,0.0648,1.18,1.19,,-0.3272,-0.3582,0.2441,https://cdn.cboe.com/api/global/delayed_quotes/options/SPY.json,0.0648,0.0,-50593214.5900272,-50593214.5900272,0.0,-0.0505932145900272,-0.0505932145900272
SPY,SPY260511C00736000,2026-05-11,1,call,736.0,3140.0,33400.0,0.0803,0.0715,2.91,3.02,,0.6098,-0.3713,0.258,https://cdn.cboe.com/api/global/delayed_quotes/options/SPY.json,0.0715,122152133.690444,0.0,122152133.690444,0.12215213369044399,0.0,0.12215213369044399
SPY,SPY260511P00736000,2026-05-11,1,put,736.0,806.0,71340.0,0.0795,0.0716,1.46,1.47,,-0.3905,-0.3719,0.2581,https://cdn.cboe.com/api/global/delayed_quotes/options/SPY.json,0.0716,0.0,-31398827.555218235,-31398827.555218235,0.0,-0.03139882755521824,-0.03139882755521824
SPY,SPY260511C00737000,2026-05-11,1,call,737.0,3513.0,68292.0,0.0774,0.0767,2.3,2.32,,0.5382,-0.3737,0.2662,https://cdn.cboe.com/api/global/delayed_quotes/options/SPY.json,0.0767,146601657.75111324,0.0,146601657.75111324,0.14660165775111322,0.0,0.14660165775111322
SPY,SPY260511P00737000,2026-05-11,1,put,737.0,376.0,77419.0,0.0773,0.0769,1.82,1.84,,-0.4623,-0.3744,0.2661,https://cdn.cboe.com/api/global/delayed_quotes/options/SPY.json,0.0769,0.0,-15731841.140167357,-15731841.140167357,0.0,-0.015731841140167357,-0.015731841140167357
SPY,SPY260511C00738000,2026-05-11,1,call,738.0,3863.0,62382.0,0.0752,0.0791,1.75,1.76,,0.4601,-0.3622,0.2661,https://cdn.cboe.com/api/global/delayed_quotes/options/SPY.json,0.0791,166251877.74483654,0.0,166251877.74483654,0.16625187774483655,0.0,0.16625187774483655
SPY,SPY260511P00738000,2026-05-11,1,put,738.0,393.0,30392.0,0.0749,0.0792,2.26,2.29,,-0.5405,-0.3631,0.2659,https://cdn.cboe.com/api/global/delayed_quotes/options/SPY.json,0.0792,0.0,-16934918.05440864,-16934918.05440864,0.0,-0.01693491805440864,-0.01693491805440864
SPY,SPY260511C00739000,2026-05-11,1,call,739.0,1869.0,33464.0,0.0732,0.0775,1.28,1.3,,0.38,-0.3364,0.2564,https://cdn.cboe.com/api/global/delayed_quotes/options/SPY.json,0.0775,78809100.640179,0.0,78809100.640179,0.078809100640179,0.0,0.078809100640179
SPY,SPY260511P00739000,2026-05-11,1,put,739.0,30.0,5421.0,0.0722,0.0777,2.76,2.82,,-0.6208,-0.3374,0.2561,https://cdn.cboe.com/api/global/delayed_quotes/options/SPY.json,0.0777,0.0,-1268258.0893164,-1268258.0893164,0.0,-0.0012682580893164,-0.0012682580893164
SPY,SPY260511C00740000,2026-05-11,1,call,740.0,4542.0,59966.0,0.0718,0.0721,0.92,0.93,,0.3032,-0.2982,0.2376,https://cdn.cboe.com/api/global/delayed_quotes/options/SPY.json,0.0721,178175408.07583606,0.0,178175408.07583606,0.17817540807583607,0.0,0.17817540807583607
SPY,SPY260511P00740000,2026-05-11,1,put,740.0,321.0,4391.0,0.0717,0.0723,3.39,3.49,,-0.6979,-0.2992,0.2371,https://cdn.cboe.com/api/global/delayed_quotes/options/SPY.json,0.0723,0.0,-12627247.62517452,-12627247.62517452,0.0,-0.012627247625174521,-0.012627247625174521
SPY,SPY260511C00741000,2026-05-11,1,call,741.0,2787.0,22246.0,0.0714,0.0638,0.63,0.65,,0.2339,-0.2519,0.2116,https://cdn.cboe.com/api/global/delayed_quotes/options/SPY.json,0.0638,96743771.69292264,0.0,96743771.69292264,0.09674377169292264,0.0,0.09674377169292264
SPY,SPY260511P00741000,2026-05-11,1,put,741.0,152.0,1068.0,0.0706,0.0639,4.1,4.21,,-0.7673,-0.2526,0.211,https://cdn.cboe.com/api/global/delayed_quotes/options/SPY.json,0.0639,0.0,-5284571.93046432,-5284571.93046432,0.0,-0.00528457193046432,-0.00528457193046432
SPY,SPY260511C00742000,2026-05-11,1,call,742.0,2002.0,24006.0,0.0714,0.0537,0.44,0.45,,0.1749,-0.203,0.1815,https://cdn.cboe.com/api/global/delayed_quotes/options/SPY.json,0.0537,58492977.139156565,0.0,58492977.139156565,0.05849297713915656,0.0,0.05849297713915656
SPY,SPY260511P00742000,2026-05-11,1,put,742.0,19.0,680.0,0.0704,0.0538,4.9,5.01,,-0.8264,-0.2034,0.1807,https://cdn.cboe.com/api/global/delayed_quotes/options/SPY.json,0.0538,0.0,-556161.91286968,-556161.91286968,0.0,-0.00055616191286968,-0.00055616191286968
SPY,SPY260511C00743000,2026-05-11,1,call,743.0,4840.0,18847.0,0.0719,0.0433,0.3,0.31,,0.1273,-0.1569,0.1505,https://cdn.cboe.com/api/global/delayed_quotes/options/SPY.json,0.0433,114024617.8868368,0.0,114024617.8868368,0.1140246178868368,0.0,0.1140246178868368
SPY,SPY260511P00743000,2026-05-11,1,put,743.0,7.0,425.0,0.0703,0.0433,5.68,5.94,,-0.874,-0.1568,0.1495,https://cdn.cboe.com/api/global/delayed_quotes/options/SPY.json,0.0433,0.0,-164911.63743964,-164911.63743964,0.0,-0.00016491163743964,-0.00016491163743964
SPY,SPY260511C00744000,2026-05-11,1,call,744.0,733.0,23893.0,0.0716,0.0337,0.19,0.2,,0.091,-0.1176,0.1214,https://cdn.cboe.com/api/global/delayed_quotes/options/SPY.json,0.0337,13439999.20553524,0.0,13439999.20553524,0.013439999205535241,0.0,0.013439999205535241
SPY,SPY260511P00744000,2026-05-11,1,put,744.0,3.0,753.0,0.0707,0.0337,6.58,6.85,,-0.9103,-0.1172,0.1202,https://cdn.cboe.com/api/global/delayed_quotes/options/SPY.json,0.0337,0.0,-55006.81803083999,-55006.81803083999,0.0,-5.500681803083999e-05,-5.500681803083999e-05
SPY,SPY260511C00745000,2026-05-11,1,call,745.0,3657.0,23585.0,0.0732,0.0256,0.13,0.14,,0.0647,-0.087,0.0964,https://cdn.cboe.com/api/global/delayed_quotes/options/SPY.json,0.0256,50936639.94651648,0.0,50936639.94651648,0.050936639946516475,0.0,0.050936639946516475
SPY,SPY260511P00745000,2026-05-11,1,put,745.0,6.0,1463.0,0.0719,0.0255,7.53,7.78,,-0.9365,-0.0863,0.0951,https://cdn.cboe.com/api/global/delayed_quotes/options/SPY.json,0.0255,0.0,-83244.73945319999,-83244.73945319999,0.0,-8.324473945319998e-05,-8.324473945319998e-05
SPY,SPY260511C00746000,2026-05-11,1,call,746.0,4047.0,10310.0,0.075,0.0194,0.09,0.1,,0.0467,-0.0651,0.0764,https://cdn.cboe.com/api/global/delayed_quotes/options/SPY.json,0.0194,42716956.43791993,0.0,42716956.43791993,0.04271695643791993,0.0,0.04271695643791993
SPY,SPY260511C00747000,2026-05-11,1,call,747.0,930.0,5614.0,0.0766,0.0147,0.06,0.07,,0.0348,-0.0503,0.0615,https://cdn.cboe.com/api/global/delayed_quotes/options/SPY.json,0.0147,7438162.307612399,0.0,7438162.307612399,0.007438162307612399,0.0,0.007438162307612399
SPY,SPY260511C00748000,2026-05-11,1,call,748.0,933.0,4405.0,0.0808,0.0115,0.05,0.06,,0.027,-0.0407,0.0507,https://cdn.cboe.com/api/global/delayed_quotes/options/SPY.json,0.0115,5837741.3853798,0.0,5837741.3853798,0.0058377413853798,0.0,0.0058377413853798
SPY,SPY260511C00749000,2026-05-11,1,call,749.0,364.0,20965.0,0.0844,0.0092,0.04,0.05,,0.0219,-0.0344,0.0429,https://cdn.cboe.com/api/global/delayed_quotes/options/SPY.json,0.0092,1822026.03582272,0.0,1822026.03582272,0.00182202603582272,0.0,0.00182202603582272
SPY,SPY260511C00750000,2026-05-11,1,call,750.0,3265.0,17732.0,0.0873,0.0076,0.03,0.04,,0.0184,-0.0303,0.0372,https://cdn.cboe.com/api/global/delayed_quotes/options/SPY.json,0.0076,13500882.122821601,0.0,13500882.122821601,0.0135008821228216,0.0,0.0135008821228216
SPY,SPY260511C00751000,2026-05-11,1,call,751.0,728.0,5047.0,0.0932,0.0064,0.03,0.04,,0.0159,-0.0273,0.0329,https://cdn.cboe.com/api/global/delayed_quotes/options/SPY.json,0.0064,2534992.74549248,0.0,2534992.74549248,0.00253499274549248,0.0,0.00253499274549248
SPY,SPY260511C00752000,2026-05-11,1,call,752.0,195.0,6727.0,0.099,0.0054,0.03,0.04,,0.014,-0.0251,0.0294,https://cdn.cboe.com/api/global/delayed_quotes/options/SPY.json,0.0054,572919.6774132,0.0,572919.6774132,0.0005729196774132,0.0,0.0005729196774132
SPY,SPY260511C00753000,2026-05-11,1,call,753.0,201.0,1629.0,0.1002,0.0047,0.02,0.03,,0.0125,-0.0234,0.0266,https://cdn.cboe.com/api/global/delayed_quotes/options/SPY.json,0.0047,513995.45987867995,0.0,513995.45987867995,0.0005139954598786799,0.0,0.0005139954598786799
SPY,SPY260511C00754000,2026-05-11,1,call,754.0,203.0,615.0,0.1057,0.0041,0.02,0.03,,0.0112,-0.022,0.0243,https://cdn.cboe.com/api/global/delayed_quotes/options/SPY.json,0.0041,452840.50096012006,0.0,452840.50096012006,0.00045284050096012005,0.0,0.00045284050096012005
SPY,SPY260511C00755000,2026-05-11,1,call,755.0,531.0,1233.0,0.1112,0.0036,0.02,0.03,,0.0102,-0.0208,0.0223,https://cdn.cboe.com/api/global/delayed_quotes/options/SPY.json,0.0036,1040069.56822704,0.0,1040069.56822704,0.00104006956822704,0.0,0.00104006956822704
SPY,SPY260511C00756000,2026-05-11,1,call,756.0,135.0,641.0,0.1167,0.0032,0.02,0.03,,0.0094,-0.0197,0.0206,https://cdn.cboe.com/api/global/delayed_quotes/options/SPY.json,0.0032,235043.97022080002,0.0,235043.97022080002,0.00023504397022080001,0.0,0.00023504397022080001
SPY,SPY260511C00757000,2026-05-11,1,call,757.0,17.0,737.0,0.1221,0.0029,0.02,0.03,,0.0086,-0.0188,0.0191,https://cdn.cboe.com/api/global/delayed_quotes/options/SPY.json,0.0029,26823.304934919997,0.0,26823.304934919997,2.6823304934919997e-05,0.0,2.6823304934919997e-05
SPY,SPY260511C00758000,2026-05-11,1,call,758.0,70.0,173.0,0.1201,0.0026,0.02,0.03,,0.008,-0.018,0.0178,https://cdn.cboe.com/api/global/delayed_quotes/options/SPY.json,0.0026,99023.1541208,0.0,99023.1541208,9.90231541208e-05,0.0,9.90231541208e-05
SPY,SPY260511C00760000,2026-05-11,1,call,760.0,371.0,1123.0,0.1299,0.0021,0.01,0.02,,0.0069,-0.0165,0.0155,https://cdn.cboe.com/api/global/delayed_quotes/options/SPY.json,0.0021,423895.27129403997,0.0,423895.27129403997,0.00042389527129403995,0.0,0.00042389527129403995
SPY,SPY260511C00765000,2026-05-11,1,call,765.0,392.0,1161.0,0.1553,0.0014,0.01,0.02,,0.0051,-0.014,0.0116,https://cdn.cboe.com/api/global/delayed_quotes/options/SPY.json,0.0014,298592.89550271997,0.0,298592.89550271997,0.00029859289550271997,0.0,0.00029859289550271997
SPY,SPY260511C00770000,2026-05-11,1,call,770.0,5570.0,1258.0,0.1619,0.001,0.0,0.01,,0.0039,-0.012,0.009,https://cdn.cboe.com/api/global/delayed_quotes/options/SPY.json,0.001,3030543.782708,0.0,3030543.782708,0.003030543782708,0.0,0.003030543782708
SPY,SPY260511C00775000,2026-05-11,1,call,775.0,786.0,2.0,0.1839,0.0007,0.0,0.01,,0.003,-0.0103,0.0072,https://cdn.cboe.com/api/global/delayed_quotes/options/SPY.json,0.0007,299354.61207288003,0.0,299354.61207288003,0.00029935461207288,0.0,0.00029935461207288
SPY,SPY260511C00780000,2026-05-11,1,call,780.0,1508.0,0.0,0.2055,0.0005,0.0,0.01,,0.0024,-0.009,0.0058,https://cdn.cboe.com/api/global/delayed_quotes/options/SPY.json,0.0005,410238.7813576,0.0,410238.7813576,0.0004102387813576,0.0,0.0004102387813576
SPY,SPY260511C00785000,2026-05-11,1,call,785.0,3002.0,0.0,0.2268,0.0004,0.0,0.01,,0.002,-0.0078,0.0048,https://cdn.cboe.com/api/global/delayed_quotes/options/SPY.json,0.0004,653335.18389152,0.0,653335.18389152,0.0006533351838915201,0.0,0.0006533351838915201
SPY,SPY260511C00790000,2026-05-11,1,call,790.0,31.0,0.0,0.2478,0.0003,0.0,0.01,,0.0016,-0.0068,0.0039,https://cdn.cboe.com/api/global/delayed_quotes/options/SPY.json,0.0003,5059.97435892,0.0,5059.97435892,5.05997435892e-06,0.0,5.05997435892e-06
SPY,SPY260511C00795000,2026-05-11,1,call,795.0,842.0,0.0,0.2686,0.0002,0.0,0.01,,0.0013,-0.0059,0.0033,https://cdn.cboe.com/api/global/delayed_quotes/options/SPY.json,0.0002,91623.62172496003,0.0,91623.62172496003,9.162362172496003e-05,0.0,9.162362172496003e-05
SPY,SPY260511C00800000,2026-05-11,1,call,800.0,1.0,0.0,0.2891,0.0002,0.0,0.01,,0.0011,-0.0052,0.0027,https://cdn.cboe.com/api/global/delayed_quotes/options/SPY.json,0.0002,108.81665288,0.0,108.81665288,1.0881665288000001e-07,0.0,1.0881665288000001e-07
SPY,SPY260511C00940000,2026-05-11,1,call,940.0,2.0,0.0,0.7901,0.0,0.0,0.01,,0.0,0.0,0.0,https://cdn.cboe.com/api/global/delayed_quotes/options/SPY.json,0.0,0.0,0.0,0.0,0.0,0.0,0.0
SPY,SPY260512P00500000,2026-05-12,2,put,500.0,11.0,0.0,1.0854,0.0,0.0,0.01,,0.0,0.0,0.0,https://cdn.cboe.com/api/global/delayed_quotes/options/SPY.json,0.0,0.0,-0.0,0.0,0.0,-0.0,0.0
SPY,SPY260512P00515000,2026-05-12,2,put,515.0,100.0,0.0,1.0072,0.0,0.0,0.01,,0.0,0.0,0.0,https://cdn.cboe.com/api/global/delayed_quotes/options/SPY.json,0.0,0.0,-0.0,0.0,0.0,-0.0,0.0
SPY,SPY260512P00520000,2026-05-12,2,put,520.0,101.0,0.0,0.9817,0.0,0.0,0.01,,0.0,0.0,0.0,https://cdn.cboe.com/api/global/delayed_quotes/options/SPY.json,0.0,0.0,-0.0,0.0,0.0,-0.0,0.0
SPY,SPY260512P00525000,2026-05-12,2,put,525.0,100.0,0.0,0.9563,0.0,0.0,0.01,,0.0,-0.0001,0.0,https://cdn.cboe.com/api/global/delayed_quotes/options/SPY.json,0.0,0.0,-0.0,0.0,0.0,-0.0,0.0
SPY,SPY260512P00535000,2026-05-12,2,put,535.0,1.0,0.0,0.9062,0.0,0.0,0.01,,0.0,-0.0001,0.0,https://cdn.cboe.com/api/global/delayed_quotes/options/SPY.json,0.0,0.0,-0.0,0.0,0.0,-0.0,0.0
SPY,SPY260512P00545000,2026-05-12,2,put,545.0,10.0,0.0,0.8569,0.0,0.0,0.01,,0.0,-0.0002,0.0001,https://cdn.cboe.com/api/global/delayed_quotes/options/SPY.json,0.0,0.0,-0.0,0.0,0.0,-0.0,0.0
SPY,SPY260512P00550000,2026-05-12,2,put,550.0,1.0,0.0,0.8325,0.0,0.0,0.01,,0.0,-0.0002,0.0001,https://cdn.cboe.com/api/global/delayed_quotes/options/SPY.json,0.0,0.0,-0.0,0.0,0.0,-0.0,0.0
SPY,SPY260512P00555000,2026-05-12,2,put,555.0,70.0,0.0,0.8083,0.0,0.0,0.01,,0.0,-0.0003,0.0001,https://cdn.cboe.com/api/global/delayed_quotes/options/SPY.json,0.0,0.0,-0.0,0.0,0.0,-0.0,0.0
SPY,SPY260512C00560000,2026-05-12,2,call,560.0,10.0,0.0,0.7416,0.0,176.11,178.9,,0.9999,-0.0004,0.0001,https://cdn.cboe.com/api/global/delayed_quotes/options/SPY.json,0.0,0.0,0.0,0.0,0.0,0.0,0.0
SPY,SPY260512P00560000,2026-05-12,2,put,560.0,92.0,0.0,0.7844,0.0,0.0,0.01,,0.0,-0.0004,0.0001,https://cdn.cboe.com/api/global/delayed_quotes/options/SPY.json,0.0,0.0,-0.0,0.0,0.0,-0.0,0.0
SPY,SPY260512P00565000,2026-05-12,2,put,565.0,104.0,0.0,0.7606,0.0,0.0,0.01,,0.0,-0.0005,0.0002,https://cdn.cboe.com/api/global/delayed_quotes/options/SPY.json,0.0,0.0,-0.0,0.0,0.0,-0.0,0.0
SPY,SPY260512P00580000,2026-05-12,2,put,580.0,125.0,0.0,0.6902,0.0,0.0,0.01,,-0.0001,-0.001,0.0003,https://cdn.cboe.com/api/global/delayed_quotes/options/SPY.json,0.0,0.0,-0.0,0.0,0.0,-0.0,0.0
SPY,SPY260512P00585000,2026-05-12,2,put,585.0,250.0,0.0,0.6671,0.0,0.0,0.01,,-0.0001,-0.0012,0.0004,https://cdn.cboe.com/api/global/delayed_quotes/options/SPY.json,0.0,0.0,-0.0,0.0,0.0,-0.0,0.0
SPY,SPY260512P00590000,2026-05-12,2,put,590.0,17.0,0.0,0.6442,0.0,0.0,0.01,,-0.0002,-0.0015,0.0005,https://cdn.cboe.com/api/global/delayed_quotes/options/SPY.json,0.0,0.0,-0.0,0.0,0.0,-0.0,0.0
SPY,SPY260512P00595000,2026-05-12,2,put,595.0,154.0,0.0,0.6213,0.0,0.0,0.01,,-0.0002,-0.0018,0.0006,https://cdn.cboe.com/api/global/delayed_quotes/options/SPY.json,0.0,0.0,-0.0,0.0,0.0,-0.0,0.0
SPY,SPY260512C00600000,2026-05-12,2,call,600.0,1.0,0.0,0.6219,0.0,136.17,138.91,,0.9997,-0.0022,0.0007,https://cdn.cboe.com/api/global/delayed_quotes/options/SPY.json,0.0,0.0,0.0,0.0,0.0,0.0,0.0
SPY,SPY260512P00600000,2026-05-12,2,put,600.0,507.0,0.0,0.5987,0.0,0.0,0.01,,-0.0002,-0.0022,0.0007,https://cdn.cboe.com/api/global/delayed_quotes/options/SPY.json,0.0,0.0,-0.0,0.0,0.0,-0.0,0.0
SPY,SPY260512C00605000,2026-05-12,2,call,605.0,1.0,0.0,0.0,0.0,131.1,133.91,,0.9996,-0.0026,0.0008,https://cdn.cboe.com/api/global/delayed_quotes/options/SPY.json,0.0,0.0,0.0,0.0,0.0,0.0,0.0
SPY,SPY260512P00605000,2026-05-12,2,put,605.0,111.0,0.0,0.5762,0.0,0.0,0.01,,-0.0003,-0.0026,0.0008,https://cdn.cboe.com/api/global/delayed_quotes/options/SPY.json,0.0,0.0,-0.0,0.0,0.0,-0.0,0.0
SPY,SPY260512P00610000,2026-05-12,2,put,610.0,814.0,0.0,0.5538,0.0,0.0,0.01,,-0.0004,-0.0031,0.001,https://cdn.cboe.com/api/global/delayed_quotes/options/SPY.json,0.0,0.0,-0.0,0.0,0.0,-0.0,0.0
SPY,SPY260512P00615000,2026-05-12,2,put,615.0,10.0,0.0,0.5315,0.0,0.0,0.01,,-0.0004,-0.0036,0.0012,https://cdn.cboe.com/api/global/delayed_quotes/options/SPY.json,0.0,0.0,-0.0,0.0,0.0,-0.0,0.0
SPY,SPY260512P00620000,2026-05-12,2,put,620.0,177.0,0.0,0.5094,0.0,0.0,0.01,,-0.0005,-0.0042,0.0014,https://cdn.cboe.com/api/global/delayed_quotes/options/SPY.json,0.0,0.0,-0.0,0.0,0.0,-0.0,0.0
SPY,SPY260512P00625000,2026-05-12,2,put,625.0,918.0,10.0,0.4874,0.0,0.0,0.01,,-0.0006,-0.0049,0.0017,https://cdn.cboe.com/api/global/delayed_quotes/options/SPY.json,0.0,0.0,-0.0,0.0,0.0,-0.0,0.0
SPY,SPY260512P00630000,2026-05-12,2,put,630.0,11.0,0.0,0.4655,0.0001,0.0,0.01,,-0.0007,-0.0057,0.002,https://cdn.cboe.com/api/global/delayed_quotes/options/SPY.json,0.0001,0.0,-598.49159084,-598.49159084,0.0,-5.9849159084e-07,-5.9849159084e-07
SPY,SPY260512C00635000,2026-05-12,2,call,635.0,5.0,2.0,0.0,0.0001,101.14,103.92,,0.9991,-0.0067,0.0024,https://cdn.cboe.com/api/global/delayed_quotes/options/SPY.json,0.0001,272.04163220000004,0.0,272.04163220000004,2.7204163220000003e-07,0.0,2.7204163220000003e-07
SPY,SPY260512P00635000,2026-05-12,2,put,635.0,257.0,122.0,0.4438,0.0001,0.0,0.01,,-0.0008,-0.0066,0.0023,https://cdn.cboe.com/api/global/delayed_quotes/options/SPY.json,0.0001,0.0,-13982.939895080002,-13982.939895080002,0.0,-1.3982939895080003e-05,-1.3982939895080003e-05
SPY,SPY260512P00640000,2026-05-12,2,put,640.0,236.0,6.0,0.4221,0.0001,0.0,0.01,,-0.001,-0.0076,0.0028,https://cdn.cboe.com/api/global/delayed_quotes/options/SPY.json,0.0001,0.0,-12840.365039839999,-12840.365039839999,0.0,-1.2840365039839999e-05,-1.2840365039839999e-05
SPY,SPY260512P00645000,2026-05-12,2,put,645.0,358.0,1520.0,0.4005,0.0001,0.0,0.01,,-0.0012,-0.0087,0.0032,https://cdn.cboe.com/api/global/delayed_quotes/options/SPY.json,0.0001,0.0,-19478.18086552,-19478.18086552,0.0,-1.947818086552e-05,-1.947818086552e-05
SPY,SPY260512C00650000,2026-05-12,2,call,650.0,4.0,2.0,0.0,0.0001,86.14,88.93,,0.9985,-0.01,0.0038,https://cdn.cboe.com/api/global/delayed_quotes/options/SPY.json,0.0001,217.63330576,0.0,217.63330576,2.1763330576000002e-07,0.0,2.1763330576000002e-07
SPY,SPY260512P00650000,2026-05-12,2,put,650.0,1808.0,1.0,0.415,0.0001,0.01,0.02,,-0.0014,-0.0099,0.0038,https://cdn.cboe.com/api/global/delayed_quotes/options/SPY.json,0.0001,0.0,-98370.25420352002,-98370.25420352002,0.0,-9.837025420352002e-05,-9.837025420352002e-05
SPY,SPY260512C00655000,2026-05-12,2,call,655.0,5.0,0.0,0.0,0.0002,81.12,83.93,,0.9982,-0.0113,0.0044,https://cdn.cboe.com/api/global/delayed_quotes/options/SPY.json,0.0002,544.0832644000001,0.0,544.0832644000001,5.440832644000001e-07,0.0,5.440832644000001e-07
SPY,SPY260512P00655000,2026-05-12,2,put,655.0,277.0,0.0,0.3919,0.0002,0.01,0.02,,-0.0017,-0.0112,0.0044,https://cdn.cboe.com/api/global/delayed_quotes/options/SPY.json,0.0002,0.0,-30142.212847760005,-30142.212847760005,0.0,-3.0142212847760007e-05,-3.0142212847760007e-05
SPY,SPY260512C00660000,2026-05-12,2,call,660.0,5.0,0.0,0.3562,0.0002,76.12,78.94,,0.9979,-0.0128,0.0052,https://cdn.cboe.com/api/global/delayed_quotes/options/SPY.json,0.0002,544.0832644000001,0.0,544.0832644000001,5.440832644000001e-07,0.0,5.440832644000001e-07
SPY,SPY260512P00660000,2026-05-12,2,put,660.0,273.0,39.0,0.3689,0.0002,0.01,0.02,,-0.002,-0.0127,0.0052,https://cdn.cboe.com/api/global/delayed_quotes/options/SPY.json,0.0002,0.0,-29706.946236239997,-29706.946236239997,0.0,-2.9706946236239997e-05,-2.9706946236239997e-05
SPY,SPY260512C00665000,2026-05-12,2,call,665.0,6.0,0.0,0.0,0.0003,71.12,73.94,,0.9976,-0.0145,0.006,https://cdn.cboe.com/api/global/delayed_quotes/options/SPY.json,0.0003,979.3498759199999,0.0,979.3498759199999,9.7934987592e-07,0.0,9.7934987592e-07
SPY,SPY260512P00665000,2026-05-12,2,put,665.0,239.0,8.0,0.3459,0.0003,0.01,0.02,,-0.0023,-0.0143,0.006,https://cdn.cboe.com/api/global/delayed_quotes/options/SPY.json,0.0003,0.0,-39010.770057480004,-39010.770057480004,0.0,-3.901077005748e-05,-3.901077005748e-05
SPY,SPY260512C00670000,2026-05-12,2,call,670.0,7.0,6.0,0.2823,0.0003,66.15,68.94,,0.9971,-0.0163,0.0071,https://cdn.cboe.com/api/global/delayed_quotes/options/SPY.json,0.0003,1142.5748552399998,0.0,1142.5748552399998,1.1425748552399998e-06,0.0,1.1425748552399998e-06
SPY,SPY260512P00670000,2026-05-12,2,put,670.0,329.0,15.0,0.3229,0.0003,0.01,0.02,,-0.0028,-0.0163,0.0071,https://cdn.cboe.com/api/global/delayed_quotes/options/SPY.json,0.0003,0.0,-53701.01819628,-53701.01819628,0.0,-5.370101819628e-05,-5.370101819628e-05
SPY,SPY260512P00671000,2026-05-12,2,put,671.0,119.0,6.0,0.3184,0.0003,0.01,0.02,,-0.0029,-0.0167,0.0073,https://cdn.cboe.com/api/global/delayed_quotes/options/SPY.json,0.0003,0.0,-19423.772539079997,-19423.772539079997,0.0,-1.9423772539079996e-05,-1.9423772539079996e-05
SPY,SPY260512P00672000,2026-05-12,2,put,672.0,192.0,0.0,0.3138,0.0004,0.01,0.02,,-0.003,-0.0171,0.0076,https://cdn.cboe.com/api/global/delayed_quotes/options/SPY.json,0.0004,0.0,-41785.594705920004,-41785.594705920004,0.0,-4.178559470592e-05,-4.178559470592e-05
SPY,SPY260512P00673000,2026-05-12,2,put,673.0,196.0,0.0,0.3251,0.0004,0.02,0.03,,-0.0031,-0.0174,0.0078,https://cdn.cboe.com/api/global/delayed_quotes/options/SPY.json,0.0004,0.0,-42656.12792896,-42656.12792896,0.0,-4.265612792896e-05,-4.265612792896e-05
SPY,SPY260512P00674000,2026-05-12,2,put,674.0,119.0,4.0,0.32,0.0004,0.02,0.03,,-0.0032,-0.0179,0.0081,https://cdn.cboe.com/api/global/delayed_quotes/options/SPY.json,0.0004,0.0,-25898.363385440003,-25898.363385440003,0.0,-2.5898363385440003e-05,-2.5898363385440003e-05
SPY,SPY260512P00675000,2026-05-12,2,put,675.0,837.0,5.0,0.3156,0.0004,0.02,0.03,,-0.0033,-0.0182,0.0083,https://cdn.cboe.com/api/global/delayed_quotes/options/SPY.json,0.0004,0.0,-182159.07692112002,-182159.07692112002,0.0,-0.00018215907692112002,-0.00018215907692112002
SPY,SPY260512P00676000,2026-05-12,2,put,676.0,168.0,0.0,0.3108,0.0004,0.02,0.03,,-0.0034,-0.0187,0.0086,https://cdn.cboe.com/api/global/delayed_quotes/options/SPY.json,0.0004,0.0,-36562.39536768,-36562.39536768,0.0,-3.656239536768e-05,-3.656239536768e-05
SPY,SPY260512C00677000,2026-05-12,2,call,677.0,2.0,0.0,0.2698,0.0004,59.14,61.95,,0.9964,-0.0193,0.0089,https://cdn.cboe.com/api/global/delayed_quotes/options/SPY.json,0.0004,435.26661152,0.0,435.26661152,4.3526661152000003e-07,0.0,4.3526661152000003e-07
SPY,SPY260512P00677000,2026-05-12,2,put,677.0,352.0,2.0,0.3061,0.0004,0.02,0.03,,-0.0035,-0.0192,0.0088,https://cdn.cboe.com/api/global/delayed_quotes/options/SPY.json,0.0004,0.0,-76606.92362752,-76606.92362752,0.0,-7.660692362752e-05,-7.660692362752e-05
SPY,SPY260512P00678000,2026-05-12,2,put,678.0,26.0,0.0,0.3013,0.0005,0.02,0.03,,-0.0037,-0.0196,0.0091,https://cdn.cboe.com/api/global/delayed_quotes/options/SPY.json,0.0005,0.0,-7073.082437200001,-7073.082437200001,0.0,-7.0730824372e-06,-7.0730824372e-06
SPY,SPY260512P00679000,2026-05-12,2,put,679.0,180.0,1.0,0.2966,0.0005,0.02,0.03,,-0.0038,-0.0201,0.0094,https://cdn.cboe.com/api/global/delayed_quotes/options/SPY.json,0.0005,0.0,-48967.493795999995,-48967.493795999995,0.0,-4.8967493795999994e-05,-4.8967493795999994e-05
SPY,SPY260512C00680000,2026-05-12,2,call,680.0,5.0,0.0,0.2784,0.0005,56.18,58.95,,0.9959,-0.0208,0.0098,https://cdn.cboe.com/api/global/delayed_quotes/options/SPY.json,0.0005,1360.208161,0.0,1360.208161,1.360208161e-06,0.0,1.360208161e-06
SPY,SPY260512P00680000,2026-05-12,2,put,680.0,535.0,18.0,0.2918,0.0005,0.02,0.03,,-0.004,-0.0206,0.0098,https://cdn.cboe.com/api/global/delayed_quotes/options/SPY.json,0.0005,0.0,-145542.273227,-145542.273227,0.0,-0.000145542273227,-0.000145542273227
SPY,SPY260512C00681000,2026-05-12,2,call,681.0,13.0,4.0,0.2735,0.0005,55.14,57.95,,0.9958,-0.0213,0.0102,https://cdn.cboe.com/api/global/delayed_quotes/options/SPY.json,0.0005,3536.5412186000003,0.0,3536.5412186000003,3.5365412186e-06,0.0,3.5365412186e-06
SPY,SPY260512P00681000,2026-05-12,2,put,681.0,473.0,0.0,0.2869,0.0005,0.02,0.03,,-0.0041,-0.0211,0.0101,https://cdn.cboe.com/api/global/delayed_quotes/options/SPY.json,0.0005,0.0,-128675.69203060001,-128675.69203060001,0.0,-0.0001286756920306,-0.0001286756920306
SPY,SPY260512C00682000,2026-05-12,2,call,682.0,1.0,5.0,0.2685,0.0006,54.17,56.95,,0.9956,-0.0219,0.0106,https://cdn.cboe.com/api/global/delayed_quotes/options/SPY.json,0.0006,326.44995864,0.0,326.44995864,3.2644995863999996e-07,0.0,3.2644995863999996e-07
SPY,SPY260512P00682000,2026-05-12,2,put,682.0,240.0,20.0,0.2823,0.0006,0.02,0.03,,-0.0043,-0.0219,0.0106,https://cdn.cboe.com/api/global/delayed_quotes/options/SPY.json,0.0006,0.0,-78347.9900736,-78347.9900736,0.0,-7.83479900736e-05,-7.83479900736e-05
SPY,SPY260512C00683000,2026-05-12,2,call,683.0,1.0,10.0,0.2711,0.0006,53.14,55.96,,0.9954,-0.0224,0.0109,https://cdn.cboe.com/api/global/delayed_quotes/options/SPY.json,0.0006,326.44995864,0.0,326.44995864,3.2644995863999996e-07,0.0,3.2644995863999996e-07
SPY,SPY260512P00683000,2026-05-12,2,put,683.0,533.0,8.0,0.2775,0.0006,0.02,0.03,,-0.0045,-0.0225,0.011,https://cdn.cboe.com/api/global/delayed_quotes/options/SPY.json,0.0006,0.0,-173997.82795511998,-173997.82795511998,0.0,-0.00017399782795511997,-0.00017399782795511997
SPY,SPY260512C00684000,2026-05-12,2,call,684.0,4.0,2.0,0.2722,0.0006,52.14,54.96,,0.9953,-0.023,0.0114,https://cdn.cboe.com/api/global/delayed_quotes/options/SPY.json,0.0006,1305.79983456,0.0,1305.79983456,1.3057998345599998e-06,0.0,1.3057998345599998e-06
SPY,SPY260512P00684000,2026-05-12,2,put,684.0,278.0,2.0,0.2728,0.0006,0.02,0.03,,-0.0046,-0.023,0.0113,https://cdn.cboe.com/api/global/delayed_quotes/options/SPY.json,0.0006,0.0,-90753.08850191998,-90753.08850191998,0.0,-9.075308850191998e-05,-9.075308850191998e-05
SPY,SPY260512C00685000,2026-05-12,2,call,685.0,1.0,0.0,0.2672,0.0007,51.14,53.96,,0.9951,-0.0237,0.0118,https://cdn.cboe.com/api/global/delayed_quotes/options/SPY.json,0.0007,380.85828508,0.0,380.85828508,3.8085828508e-07,0.0,3.8085828508e-07
SPY,SPY260512P00685000,2026-05-12,2,put,685.0,359.0,57.0,0.2779,0.0006,0.03,0.04,,-0.0048,-0.0235,0.0117,https://cdn.cboe.com/api/global/delayed_quotes/options/SPY.json,0.0006,0.0,-117195.53515176,-117195.53515176,0.0,-0.00011719553515176,-0.00011719553515176
SPY,SPY260512C00686000,2026-05-12,2,call,686.0,13.0,5.0,0.2489,0.0007,50.15,52.96,,0.9949,-0.0243,0.0122,https://cdn.cboe.com/api/global/delayed_quotes/options/SPY.json,0.0007,4951.15770604,0.0,4951.15770604,4.95115770604e-06,0.0,4.95115770604e-06
SPY,SPY260512P00686000,2026-05-12,2,put,686.0,158.0,32.0,0.2729,0.0007,0.03,0.04,,-0.005,-0.0242,0.0122,https://cdn.cboe.com/api/global/delayed_quotes/options/SPY.json,0.0007,0.0,-60175.609042640004,-60175.609042640004,0.0,-6.017560904264e-05,-6.017560904264e-05
SPY,SPY260512C00687000,2026-05-12,2,call,687.0,3.0,0.0,0.2442,0.0007,49.17,51.96,,0.9947,-0.025,0.0127,https://cdn.cboe.com/api/global/delayed_quotes/options/SPY.json,0.0007,1142.5748552399998,0.0,1142.5748552399998,1.1425748552399998e-06,0.0,1.1425748552399998e-06
SPY,SPY260512P00687000,2026-05-12,2,put,687.0,900.0,22.0,0.268,0.0007,0.03,0.04,,-0.0052,-0.0249,0.0127,https://cdn.cboe.com/api/global/delayed_quotes/options/SPY.json,0.0007,0.0,-342772.456572,-342772.456572,0.0,-0.000342772456572,-0.000342772456572
SPY,SPY260512C00688000,2026-05-12,2,call,688.0,3.0,0.0,0.2463,0.0008,48.17,50.96,,0.9944,-0.0257,0.0132,https://cdn.cboe.com/api/global/delayed_quotes/options/SPY.json,0.0008,1305.7998345600001,0.0,1305.7998345600001,1.30579983456e-06,0.0,1.30579983456e-06
SPY,SPY260512P00688000,2026-05-12,2,put,688.0,211.0,37.0,0.2631,0.0008,0.03,0.04,,-0.0055,-0.0256,0.0132,https://cdn.cboe.com/api/global/delayed_quotes/options/SPY.json,0.0008,0.0,-91841.25503072,-91841.25503072,0.0,-9.184125503072e-05,-9.184125503072e-05
SPY,SPY260512C00689000,2026-05-12,2,call,689.0,8.0,5.0,0.2644,0.0008,47.16,49.96,,0.9942,-0.0265,0.0138,https://cdn.cboe.com/api/global/delayed_quotes/options/SPY.json,0.0008,3482.13289216,0.0,3482.13289216,3.4821328921600003e-06,0.0,3.4821328921600003e-06
SPY,SPY260512P00689000,2026-05-12,2,put,689.0,226.0,5.0,0.2582,0.0008,0.03,0.04,,-0.0057,-0.0263,0.0137,https://cdn.cboe.com/api/global/delayed_quotes/options/SPY.json,0.0008,0.0,-98370.25420352002,-98370.25420352002,0.0,-9.837025420352002e-05,-9.837025420352002e-05
SPY,SPY260512C00690000,2026-05-12,2,call,690.0,23.0,3.0,0.2557,0.0009,46.21,48.97,,0.9939,-0.0273,0.0143,https://cdn.cboe.com/api/global/delayed_quotes/options/SPY.json,0.0009,11262.52357308,0.0,11262.52357308,1.1262523573079999e-05,0.0,1.1262523573079999e-05
SPY,SPY260512P00690000,2026-05-12,2,put,690.0,1221.0,79.0,0.2529,0.0009,0.03,0.04,,-0.006,-0.0273,0.0143,https://cdn.cboe.com/api/global/delayed_quotes/options/SPY.json,0.0009,0.0,-597893.09924916,-597893.09924916,0.0,-0.0005978930992491601,-0.0005978930992491601
SPY,SPY260512C00691000,2026-05-12,2,call,691.0,1.0,0.0,0.2423,0.0009,45.15,47.97,,0.9936,-0.0282,0.0149,https://cdn.cboe.com/api/global/delayed_quotes/options/SPY.json,0.0009,489.67493795999997,0.0,489.67493795999997,4.8967493796e-07,0.0,4.8967493796e-07
SPY,SPY260512P00691000,2026-05-12,2,put,691.0,306.0,1.0,0.248,0.0009,0.03,0.04,,-0.0063,-0.0282,0.0149,https://cdn.cboe.com/api/global/delayed_quotes/options/SPY.json,0.0009,0.0,-149840.53101576,-149840.53101576,0.0,-0.00014984053101576,-0.00014984053101576
SPY,SPY260512C00692000,2026-05-12,2,call,692.0,18.0,0.0,0.2324,0.001,44.16,46.97,,0.9933,-0.0291,0.0156,https://cdn.cboe.com/api/global/delayed_quotes/options/SPY.json,0.001,9793.498759200002,0.0,9793.498759200002,9.793498759200001e-06,0.0,9.793498759200001e-06
SPY,SPY260512P00692000,2026-05-12,2,put,692.0,494.0,163.0,0.2431,0.001,0.03,0.04,,-0.0066,-0.0291,0.0156,https://cdn.cboe.com/api/global/delayed_quotes/options/SPY.json,0.001,0.0,-268777.1326136,-268777.1326136,0.0,-0.0002687771326136,-0.0002687771326136
SPY,SPY260512C00693000,2026-05-12,2,call,693.0,2.0,2.0,0.2438,0.001,43.22,45.97,,0.993,-0.0301,0.0163,https://cdn.cboe.com/api/global/delayed_quotes/options/SPY.json,0.001,1088.1665288000002,0.0,1088.1665288000002,1.0881665288000001e-06,0.0,1.0881665288000001e-06
SPY,SPY260512P00693000,2026-05-12,2,put,693.0,126.0,39.0,0.2452,0.001,0.04,0.05,,-0.0069,-0.0301,0.0163,https://cdn.cboe.com/api/global/delayed_quotes/options/SPY.json,0.001,0.0,-68554.4913144,-68554.4913144,0.0,-6.85544913144e-05,-6.85544913144e-05
SPY,SPY260512C00694000,2026-05-12,2,call,694.0,7.0,0.0,0.2273,0.0011,42.16,44.97,,0.9926,-0.0311,0.017,https://cdn.cboe.com/api/global/delayed_quotes/options/SPY.json,0.0011,4189.44113588,0.0,4189.44113588,4.18944113588e-06,0.0,4.18944113588e-06
SPY,SPY260512P00694000,2026-05-12,2,put,694.0,341.0,55.0,0.2402,0.0011,0.04,0.05,,-0.0073,-0.0311,0.017,https://cdn.cboe.com/api/global/delayed_quotes/options/SPY.json,0.0011,0.0,-204085.63247644005,-204085.63247644005,0.0,-0.00020408563247644004,-0.00020408563247644004
SPY,SPY260512C00695000,2026-05-12,2,call,695.0,7.0,0.0,0.2264,0.0012,41.16,43.98,,0.9923,-0.0322,0.0178,https://cdn.cboe.com/api/global/delayed_quotes/options/SPY.json,0.0012,4570.299420959999,0.0,4570.299420959999,4.570299420959999e-06,0.0,4.570299420959999e-06
SPY,SPY260512P00695000,2026-05-12,2,put,695.0,567.0,167.0,0.2351,0.0012,0.04,0.05,,-0.0077,-0.0323,0.0178,https://cdn.cboe.com/api/global/delayed_quotes/options/SPY.json,0.0012,0.0,-370194.25309775997,-370194.25309775997,0.0,-0.00037019425309775994,-0.00037019425309775994
SPY,SPY260512C00696000,2026-05-12,2,call,696.0,7.0,0.0,0.225,0.0012,40.16,42.98,,0.9918,-0.0335,0.0187,https://cdn.cboe.com/api/global/delayed_quotes/options/SPY.json,0.0012,4570.299420959999,0.0,4570.299420959999,4.570299420959999e-06,0.0,4.570299420959999e-06
SPY,SPY260512P00696000,2026-05-12,2,put,696.0,934.0,85.0,0.2301,0.0012,0.04,0.05,,-0.0081,-0.0335,0.0187,https://cdn.cboe.com/api/global/delayed_quotes/options/SPY.json,0.0012,0.0,-609808.52273952,-609808.52273952,0.0,-0.00060980852273952,-0.00060980852273952
SPY,SPY260512C00697000,2026-05-12,2,call,697.0,4.0,4.0,0.2365,0.0013,39.26,41.98,,0.9914,-0.0348,0.0196,https://cdn.cboe.com/api/global/delayed_quotes/options/SPY.json,0.0013,2829.2329748800003,0.0,2829.2329748800003,2.8292329748800002e-06,0.0,2.8292329748800002e-06
SPY,SPY260512P00697000,2026-05-12,2,put,697.0,249.0,246.0,0.2251,0.0013,0.04,0.05,,-0.0085,-0.0348,0.0196,https://cdn.cboe.com/api/global/delayed_quotes/options/SPY.json,0.0013,0.0,-176119.75268627997,-176119.75268627997,0.0,-0.00017611975268627997,-0.00017611975268627997
SPY,SPY260512P00698000,2026-05-12,2,put,698.0,1237.0,47.0,0.2255,0.0014,0.05,0.06,,-0.009,-0.0362,0.0206,https://cdn.cboe.com/api/global/delayed_quotes/options/SPY.json,0.0014,0.0,-942243.39728792,-942243.39728792,0.0,-0.00094224339728792,-0.00094224339728792
SPY,SPY260512C00699000,2026-05-12,2,call,699.0,53.0,0.0,0.2129,0.0015,37.2,39.99,,0.9903,-0.0377,0.0217,https://cdn.cboe.com/api/global/delayed_quotes/options/SPY.json,0.0015,43254.619519800006,0.0,43254.619519800006,4.3254619519800006e-05,0.0,4.3254619519800006e-05
SPY,SPY260512P00699000,2026-05-12,2,put,699.0,9400.0,168.0,0.2204,0.0015,0.05,0.06,,-0.0096,-0.0377,0.0217,https://cdn.cboe.com/api/global/delayed_quotes/options/SPY.json,0.0015,0.0,-7671574.02804,-7671574.02804,0.0,-0.0076715740280400005,-0.0076715740280400005
SPY,SPY260512C00700000,2026-05-12,2,call,700.0,137.0,20.0,0.2159,0.0016,37.45,37.77,,0.9897,-0.0394,0.0229,https://cdn.cboe.com/api/global/delayed_quotes/options/SPY.json,0.0016,119263.05155648,0.0,119263.05155648,0.00011926305155648,0.0,0.00011926305155648
SPY,SPY260512P00700000,2026-05-12,2,put,700.0,898.0,977.0,0.2152,0.0016,0.05,0.06,,-0.0102,-0.0394,0.0229,https://cdn.cboe.com/api/global/delayed_quotes/options/SPY.json,0.0016,0.0,-781738.83428992,-781738.83428992,0.0,-0.0007817388342899201,-0.0007817388342899201
SPY,SPY260512C00701000,2026-05-12,2,call,701.0,42.0,2.0,0.2081,0.0017,35.22,37.99,,0.9891,-0.0412,0.0242,https://cdn.cboe.com/api/global/delayed_quotes/options/SPY.json,0.0017,38847.545078159994,0.0,38847.545078159994,3.884754507815999e-05,0.0,3.884754507815999e-05
SPY,SPY260512P00701000,2026-05-12,2,put,701.0,1972.0,164.0,0.21,0.0017,0.05,0.06,,-0.0108,-0.0412,0.0242,https://cdn.cboe.com/api/global/delayed_quotes/options/SPY.json,0.0017,0.0,-1823984.73557456,-1823984.73557456,0.0,-0.00182398473557456,-0.00182398473557456
SPY,SPY260512C00702000,2026-05-12,2,call,702.0,117.0,0.0,0.2076,0.0019,35.46,35.77,,0.9884,-0.0432,0.0256,https://cdn.cboe.com/api/global/delayed_quotes/options/SPY.json,0.0019,120949.70967612001,0.0,120949.70967612001,0.00012094970967612,0.0,0.00012094970967612
SPY,SPY260512P00702000,2026-05-12,2,put,702.0,2176.0,1312.0,0.2097,0.0018,0.06,0.07,,-0.0114,-0.0428,0.0254,https://cdn.cboe.com/api/global/delayed_quotes/options/SPY.json,0.0018,0.0,-2131065.33000192,-2131065.33000192,0.0,-0.00213106533000192,-0.00213106533000192
SPY,SPY260512C00703000,2026-05-12,2,call,703.0,153.0,24.0,0.2044,0.002,34.46,34.78,,0.9875,-0.0454,0.0271,https://cdn.cboe.com/api/global/delayed_quotes/options/SPY.json,0.002,166489.47890639998,0.0,166489.47890639998,0.00016648947890639997,0.0,0.00016648947890639997
SPY,SPY260512P00703000,2026-05-12,2,put,703.0,753.0,350.0,0.2041,0.002,0.06,0.07,,-0.0124,-0.0454,0.0272,https://cdn.cboe.com/api/global/delayed_quotes/options/SPY.json,0.002,0.0,-819389.3961864,-819389.3961864,0.0,-0.0008193893961864,-0.0008193893961864
SPY,SPY260512C00704000,2026-05-12,2,call,704.0,40.0,0.0,0.1924,0.0022,32.21,35.0,,0.9866,-0.0478,0.0288,https://cdn.cboe.com/api/global/delayed_quotes/options/SPY.json,0.0022,47879.32726720001,0.0,47879.32726720001,4.787932726720001e-05,0.0,4.787932726720001e-05
SPY,SPY260512P00704000,2026-05-12,2,put,704.0,501.0,135.0,0.1988,0.0022,0.06,0.07,,-0.0133,-0.0478,0.0289,https://cdn.cboe.com/api/global/delayed_quotes/options/SPY.json,0.0022,0.0,-599688.57402168,-599688.57402168,0.0,-0.00059968857402168,-0.00059968857402168
SPY,SPY260512C00705000,2026-05-12,2,call,705.0,188.0,118.0,0.1956,0.0024,32.47,32.78,,0.9856,-0.0505,0.0307,https://cdn.cboe.com/api/global/delayed_quotes/options/SPY.json,0.0024,245490.36889727996,0.0,245490.36889727996,0.00024549036889728,0.0,0.00024549036889728
SPY,SPY260512P00705000,2026-05-12,2,put,705.0,2276.0,707.0,0.1974,0.0024,0.07,0.08,,-0.0143,-0.0505,0.0307,https://cdn.cboe.com/api/global/delayed_quotes/options/SPY.json,0.0024,0.0,-2972000.4234585604,-2972000.4234585604,0.0,-0.0029720004234585606,-0.0029720004234585606
SPY,SPY260512C00706000,2026-05-12,2,call,706.0,128.0,63.0,0.197,0.0026,31.48,31.79,,0.9845,-0.0534,0.0328,https://cdn.cboe.com/api/global/delayed_quotes/options/SPY.json,0.0026,181070.91039232002,0.0,181070.91039232002,0.00018107091039232002,0.0,0.00018107091039232002
SPY,SPY260512P00706000,2026-05-12,2,put,706.0,419.0,571.0,0.1923,0.0026,0.07,0.08,,-0.0152,-0.0529,0.0325,https://cdn.cboe.com/api/global/delayed_quotes/options/SPY.json,0.0026,0.0,-592724.30823736,-592724.30823736,0.0,-0.00059272430823736,-0.00059272430823736
SPY,SPY260512C00707000,2026-05-12,2,call,707.0,66.0,4.0,0.1848,0.0028,29.23,32.02,,0.9833,-0.0566,0.035,https://cdn.cboe.com/api/global/delayed_quotes/options/SPY.json,0.0028,100546.58726112,0.0,100546.58726112,0.00010054658726112,0.0,0.00010054658726112
SPY,SPY260512P00707000,2026-05-12,2,put,707.0,962.0,226.0,0.1899,0.0028,0.08,0.09,,-0.0166,-0.0566,0.035,https://cdn.cboe.com/api/global/delayed_quotes/options/SPY.json,0.0028,0.0,-1465542.68098784,-1465542.68098784,0.0,-0.0014655426809878401,-0.0014655426809878401
SPY,SPY260512C00708000,2026-05-12,2,call,708.0,100.0,48.0,0.1859,0.0031,29.49,29.8,,0.9819,-0.0602,0.0375,https://cdn.cboe.com/api/global/delayed_quotes/options/SPY.json,0.0031,168665.811964,0.0,168665.811964,0.000168665811964,0.0,0.000168665811964
SPY,SPY260512P00708000,2026-05-12,2,put,708.0,16002.0,1628.0,0.1845,0.0031,0.08,0.09,,-0.018,-0.0602,0.0375,https://cdn.cboe.com/api/global/delayed_quotes/options/SPY.json,0.0031,0.0,-26989903.230479278,-26989903.230479278,0.0,-0.026989903230479277,-0.026989903230479277
SPY,SPY260512C00709000,2026-05-12,2,call,709.0,218.0,3.0,0.1832,0.0034,28.5,28.81,,0.9803,-0.0641,0.0402,https://cdn.cboe.com/api/global/delayed_quotes/options/SPY.json,0.0034,403274.51557327993,0.0,403274.51557327993,0.00040327451557327994,0.0,0.00040327451557327994
SPY,SPY260512P00709000,2026-05-12,2,put,709.0,687.0,1652.0,0.1823,0.0033,0.09,0.1,,-0.0195,-0.0639,0.04,https://cdn.cboe.com/api/global/delayed_quotes/options/SPY.json,0.0033,0.0,-1233491.16872124,-1233491.16872124,0.0,-0.00123349116872124,-0.00123349116872124
SPY,SPY260512C00710000,2026-05-12,2,call,710.0,509.0,12.0,0.1802,0.0037,27.51,27.82,,0.9785,-0.0685,0.0432,https://cdn.cboe.com/api/global/delayed_quotes/options/SPY.json,0.0037,1024672.0118445199,0.0,1024672.0118445199,0.0010246720118445198,0.0,0.0010246720118445198
SPY,SPY260512P00710000,2026-05-12,2,put,710.0,1549.0,2160.0,0.1791,0.0037,0.1,0.11,,-0.0214,-0.0685,0.0432,https://cdn.cboe.com/api/global/delayed_quotes/options/SPY.json,0.0037,0.0,-3118304.4132557204,-3118304.4132557204,0.0,-0.0031183044132557206,-0.0031183044132557206
SPY,SPY260512C00711000,2026-05-12,2,call,711.0,408.0,8.0,0.1768,0.004,26.52,26.83,,0.9765,-0.0733,0.0466,https://cdn.cboe.com/api/global/delayed_quotes/options/SPY.json,0.004,887943.8875008001,0.0,887943.8875008001,0.0008879438875008,0.0,0.0008879438875008
SPY,SPY260512P00711000,2026-05-12,2,put,711.0,703.0,417.0,0.1763,0.004,0.11,0.12,,-0.0233,-0.073,0.0464,https://cdn.cboe.com/api/global/delayed_quotes/options/SPY.json,0.004,0.0,-1529962.1394928002,-1529962.1394928002,0.0,-0.0015299621394928003,-0.0015299621394928003
SPY,SPY260512C00712000,2026-05-12,2,call,712.0,473.0,22.0,0.1733,0.0044,25.52,25.84,,0.9742,-0.0787,0.0502,https://cdn.cboe.com/api/global/delayed_quotes/options/SPY.json,0.0044,1132346.08986928,0.0,1132346.08986928,0.0011323460898692802,0.0,0.0011323460898692802
SPY,SPY260512P00712000,2026-05-12,2,put,712.0,427.0,584.0,0.1728,0.0044,0.12,0.13,,-0.0255,-0.0784,0.05,https://cdn.cboe.com/api/global/delayed_quotes/options/SPY.json,0.0044,0.0,-1022223.63715472,-1022223.63715472,0.0,-0.00102222363715472,-0.00102222363715472
SPY,SPY260512C00713000,2026-05-12,2,call,713.0,307.0,7.0,0.1695,0.0049,24.54,24.85,,0.9717,-0.0846,0.0543,https://cdn.cboe.com/api/global/delayed_quotes/options/SPY.json,0.0049,818464.45463692,0.0,818464.45463692,0.00081846445463692,0.0,0.00081846445463692
SPY,SPY260512P00713000,2026-05-12,2,put,713.0,1021.0,879.0,0.1692,0.0049,0.13,0.14,,-0.0281,-0.0842,0.054,https://cdn.cboe.com/api/global/delayed_quotes/options/SPY.json,0.0049,0.0,-2721994.16346676,-2721994.16346676,0.0,-0.00272199416346676,-0.00272199416346676
SPY,SPY260512C00714000,2026-05-12,2,call,714.0,723.0,12.0,0.1669,0.0054,23.56,23.87,,0.969,-0.0907,0.0585,https://cdn.cboe.com/api/global/delayed_quotes/options/SPY.json,0.0054,2124209.88087048,0.0,2124209.88087048,0.00212420988087048,0.0,0.00212420988087048
SPY,SPY260512P00714000,2026-05-12,2,put,714.0,877.0,5569.0,0.1653,0.0054,0.14,0.15,,-0.031,-0.0908,0.0585,https://cdn.cboe.com/api/global/delayed_quotes/options/SPY.json,0.0054,0.0,-2576669.52354552,-2576669.52354552,0.0,-0.00257666952354552,-0.00257666952354552
SPY,SPY260512C00715000,2026-05-12,2,call,715.0,394.0,41.0,0.1631,0.006,22.57,22.88,,0.9655,-0.0984,0.0638,https://cdn.cboe.com/api/global/delayed_quotes/options/SPY.json,0.006,1286212.8370416,0.0,1286212.8370416,0.0012862128370416,0.0,0.0012862128370416
SPY,SPY260512P00715000,2026-05-12,2,put,715.0,1346.0,2021.0,0.163,0.006,0.16,0.17,,-0.0342,-0.098,0.0635,https://cdn.cboe.com/api/global/delayed_quotes/options/SPY.json,0.006,0.0,-4394016.4432944,-4394016.4432944,0.0,-0.0043940164432944,-0.0043940164432944
SPY,SPY260512C00716000,2026-05-12,2,call,716.0,664.0,6.0,0.1603,0.0067,21.58,21.9,,0.9617,-0.1063,0.0692,https://cdn.cboe.com/api/global/delayed_quotes/options/SPY.json,0.0067,2420517.62666272,0.0,2420517.62666272,0.00242051762666272,0.0,0.00242051762666272
SPY,SPY260512P00716000,2026-05-12,2,put,716.0,1571.0,625.0,0.1598,0.0067,0.18,0.19,,-0.0382,-0.1064,0.0693,https://cdn.cboe.com/api/global/delayed_quotes/options/SPY.json,0.0067,0.0,-5726857.216095081,-5726857.216095081,0.0,-0.00572685721609508,-0.00572685721609508
SPY,SPY260512C00717000,2026-05-12,2,call,717.0,1200.0,3504.0,0.157,0.0074,20.61,20.92,,0.9574,-0.1151,0.0752,https://cdn.cboe.com/api/global/delayed_quotes/options/SPY.json,0.0074,4831459.387872,0.0,4831459.387872,0.004831459387872,0.0,0.004831459387872
SPY,SPY260512P00717000,2026-05-12,2,put,717.0,780.0,560.0,0.1566,0.0074,0.2,0.21,,-0.0425,-0.1152,0.0753,https://cdn.cboe.com/api/global/delayed_quotes/options/SPY.json,0.0074,0.0,-3140448.6021168,-3140448.6021168,0.0,-0.0031404486021168,-0.0031404486021168
SPY,SPY260512C00718000,2026-05-12,2,call,718.0,745.0,173.0,0.1534,0.0083,19.63,19.95,,0.9526,-0.1248,0.0819,https://cdn.cboe.com/api/global/delayed_quotes/options/SPY.json,0.0083,3364338.8654174,0.0,3364338.8654174,0.0033643388654173998,0.0,0.0033643388654173998
SPY,SPY260512P00718000,2026-05-12,2,put,718.0,1430.0,831.0,0.1531,0.0083,0.22,0.23,,-0.0474,-0.1249,0.0819,https://cdn.cboe.com/api/global/delayed_quotes/options/SPY.json,0.0083,0.0,-6457724.2651636,-6457724.2651636,0.0,-0.0064577242651636,-0.0064577242651636
SPY,SPY260512C00719000,2026-05-12,2,call,719.0,536.0,158.0,0.1507,0.0092,18.66,18.97,,0.9471,-0.1353,0.0892,https://cdn.cboe.com/api/global/delayed_quotes/options/SPY.json,0.0092,2682983.3934092796,0.0,2682983.3934092796,0.0026829833934092794,0.0,0.0026829833934092794
SPY,SPY260512P00719000,2026-05-12,2,put,719.0,560.0,286.0,0.1504,0.0092,0.25,0.26,,-0.0529,-0.1354,0.0892,https://cdn.cboe.com/api/global/delayed_quotes/options/SPY.json,0.0092,0.0,-2803116.9781888,-2803116.9781888,0.0,-0.0028031169781888,-0.0028031169781888
SPY,SPY260512C00720000,2026-05-12,2,call,720.0,515.0,669.0,0.1475,0.0103,17.68,18.01,,0.9408,-0.1468,0.0971,https://cdn.cboe.com/api/global/delayed_quotes/options/SPY.json,0.0103,2886089.6760098003,0.0,2886089.6760098003,0.0028860896760098003,0.0,0.0028860896760098003
SPY,SPY260512P00720000,2026-05-12,2,put,720.0,1570.0,14067.0,0.1473,0.0103,0.28,0.29,,-0.0592,-0.147,0.0972,https://cdn.cboe.com/api/global/delayed_quotes/options/SPY.json,0.0103,0.0,-8798370.468612399,-8798370.468612399,0.0,-0.008798370468612399,-0.008798370468612399
SPY,SPY260512C00721000,2026-05-12,2,call,721.0,635.0,75.0,0.1439,0.0115,16.72,17.05,,0.9336,-0.1594,0.1058,https://cdn.cboe.com/api/global/delayed_quotes/options/SPY.json,0.0115,3973168.0382809998,0.0,3973168.0382809998,0.003973168038281,0.0,0.003973168038281
SPY,SPY260512P00721000,2026-05-12,2,put,721.0,1769.0,11600.0,0.1437,0.0115,0.31,0.32,,-0.0664,-0.1596,0.1059,https://cdn.cboe.com/api/global/delayed_quotes/options/SPY.json,0.0115,0.0,-11068557.8893214,-11068557.8893214,0.0,-0.0110685578893214,-0.0110685578893214
SPY,SPY260512C00722000,2026-05-12,2,call,722.0,904.0,162.0,0.1409,0.0128,15.76,16.08,,0.9254,-0.173,0.1154,https://cdn.cboe.com/api/global/delayed_quotes/options/SPY.json,0.0128,6295696.269025281,0.0,6295696.269025281,0.006295696269025281,0.0,0.006295696269025281
SPY,SPY260512P00722000,2026-05-12,2,put,722.0,2112.0,2273.0,0.1407,0.0129,0.35,0.36,,-0.0746,-0.1732,0.1154,https://cdn.cboe.com/api/global/delayed_quotes/options/SPY.json,0.0129,0.0,-14823439.72192512,-14823439.72192512,0.0,-0.014823439721925121,-0.014823439721925121
SPY,SPY260512C00723000,2026-05-12,2,call,723.0,335.0,33.0,0.139,0.0144,14.81,15.12,,0.9161,-0.1876,0.1256,https://cdn.cboe.com/api/global/delayed_quotes/options/SPY.json,0.0144,2624657.6674655997,0.0,2624657.6674655997,0.0026246576674655996,0.0,0.0026246576674655996
SPY,SPY260512P00723000,2026-05-12,2,put,723.0,2482.0,1421.0,0.1372,0.0144,0.39,0.4,,-0.0839,-0.1878,0.1258,https://cdn.cboe.com/api/global/delayed_quotes/options/SPY.json,0.0144,0.0,-19445971.13626752,-19445971.13626752,0.0,-0.01944597113626752,-0.01944597113626752
SPY,SPY260512C00724000,2026-05-12,2,call,724.0,1067.0,25.0,0.1349,0.0161,13.85,14.18,,0.9055,-0.2033,0.1368,https://cdn.cboe.com/api/global/delayed_quotes/options/SPY.json,0.0161,9346643.17414828,0.0,9346643.17414828,0.00934664317414828,0.0,0.00934664317414828
SPY,SPY260512P00724000,2026-05-12,2,put,724.0,1081.0,931.0,0.1347,0.0161,0.45,0.46,,-0.0945,-0.2036,0.1369,https://cdn.cboe.com/api/global/delayed_quotes/options/SPY.json,0.0161,0.0,-9469279.54194404,-9469279.54194404,0.0,-0.00946927954194404,-0.00946927954194404
SPY,SPY260512C00725000,2026-05-12,2,call,725.0,688.0,820.0,0.1317,0.018,12.91,13.24,,0.8934,-0.2201,0.1489,https://cdn.cboe.com/api/global/delayed_quotes/options/SPY.json,0.018,6737927.146329599,0.0,6737927.146329599,0.0067379271463296,0.0,0.0067379271463296
SPY,SPY260512P00725000,2026-05-12,2,put,725.0,1876.0,7009.0,0.1316,0.018,0.51,0.52,,-0.1067,-0.2204,0.149,https://cdn.cboe.com/api/global/delayed_quotes/options/SPY.json,0.018,0.0,-18372603.6722592,-18372603.6722592,0.0,-0.0183726036722592,-0.0183726036722592
SPY,SPY260512C00726000,2026-05-12,2,call,726.0,417.0,328.0,0.1287,0.0201,11.98,12.3,,0.8795,-0.2378,0.1617,https://cdn.cboe.com/api/global/delayed_quotes/options/SPY.json,0.0201,4560342.69722148,0.0,4560342.69722148,0.00456034269722148,0.0,0.00456034269722148
SPY,SPY260512P00726000,2026-05-12,2,put,726.0,853.0,1350.0,0.1286,0.0201,0.58,0.59,,-0.1206,-0.2383,0.1618,https://cdn.cboe.com/api/global/delayed_quotes/options/SPY.json,0.0201,0.0,-9328470.79311732,-9328470.79311732,0.0,-0.00932847079311732,-0.00932847079311732
SPY,SPY260512C00727000,2026-05-12,2,call,727.0,460.0,71.0,0.1256,0.0224,11.06,11.38,,0.8637,-0.2565,0.1755,https://cdn.cboe.com/api/global/delayed_quotes/options/SPY.json,0.0224,5606233.9563776,0.0,5606233.9563776,0.0056062339563776,0.0,0.0056062339563776
SPY,SPY260512P00727000,2026-05-12,2,put,727.0,378.0,781.0,0.1255,0.0225,0.66,0.67,,-0.1365,-0.257,0.1756,https://cdn.cboe.com/api/global/delayed_quotes/options/SPY.json,0.0225,0.0,-4627428.163722,-4627428.163722,0.0,-0.004627428163722,-0.004627428163722
SPY,SPY260512C00728000,2026-05-12,2,call,728.0,991.0,166.0,0.1231,0.025,10.16,10.48,,0.8456,-0.2759,0.19,https://cdn.cboe.com/api/global/delayed_quotes/options/SPY.json,0.025,13479662.87551,0.0,13479662.87551,0.01347966287551,0.0,0.01347966287551
SPY,SPY260512P00728000,2026-05-12,2,put,728.0,594.0,1431.0,0.1225,0.0251,0.75,0.77,,-0.1546,-0.2765,0.1902,https://cdn.cboe.com/api/global/delayed_quotes/options/SPY.json,0.0251,0.0,-8111955.022245361,-8111955.022245361,0.0,-0.00811195502224536,-0.00811195502224536
SPY,SPY260512C00729000,2026-05-12,2,call,729.0,627.0,165.0,0.1193,0.0278,9.26,9.59,,0.8248,-0.2958,0.2052,https://cdn.cboe.com/api/global/delayed_quotes/options/SPY.json,0.0278,9483697.748450639,0.0,9483697.748450639,0.00948369774845064,0.0,0.00948369774845064
SPY,SPY260512P00729000,2026-05-12,2,put,729.0,1072.0,2245.0,0.1195,0.0279,0.86,0.88,,-0.1754,-0.2966,0.2054,https://cdn.cboe.com/api/global/delayed_quotes/options/SPY.json,0.0279,0.0,-16272877.53828672,-16272877.53828672,0.0,-0.01627287753828672,-0.01627287753828672
SPY,SPY260512C00730000,2026-05-12,2,call,730.0,1480.0,1237.0,0.1167,0.0309,8.41,8.71,,0.8012,-0.316,0.2209,https://cdn.cboe.com/api/global/delayed_quotes/options/SPY.json,0.0309,24882015.8475408,0.0,24882015.8475408,0.0248820158475408,0.0,0.0248820158475408
SPY,SPY260512P00730000,2026-05-12,2,put,730.0,1844.0,4834.0,0.1159,0.031,0.98,0.99,,-0.1992,-0.3169,0.2212,https://cdn.cboe.com/api/global/delayed_quotes/options/SPY.json,0.031,0.0,-31101975.726161603,-31101975.726161603,0.0,-0.031101975726161604,-0.031101975726161604
SPY,SPY260512C00731000,2026-05-12,2,call,731.0,1463.0,820.0,0.1151,0.0341,7.54,7.94,,0.7743,-0.3359,0.2369,https://cdn.cboe.com/api/global/delayed_quotes/options/SPY.json,0.0341,27143389.11936652,0.0,27143389.11936652,0.02714338911936652,0.0,0.02714338911936652
SPY,SPY260512P00731000,2026-05-12,2,put,731.0,641.0,1786.0,0.1135,0.0343,1.14,1.15,,-0.2262,-0.337,0.2371,https://cdn.cboe.com/api/global/delayed_quotes/options/SPY.json,0.0343,0.0,-11962377.87607772,-11962377.87607772,0.0,-0.01196237787607772,-0.01196237787607772
SPY,SPY260512C00732000,2026-05-12,2,call,732.0,891.0,547.0,0.1107,0.0375,6.72,7.04,,0.7437,-0.3549,0.2527,https://cdn.cboe.com/api/global/delayed_quotes/options/SPY.json,0.0375,18179182.071765,0.0,18179182.071765,0.018179182071765,0.0,0.018179182071765
SPY,SPY260512P00732000,2026-05-12,2,put,732.0,793.0,4780.0,0.1106,0.0377,1.31,1.32,,-0.2569,-0.3563,0.253,https://cdn.cboe.com/api/global/delayed_quotes/options/SPY.json,0.0377,0.0,-16265967.68082884,-16265967.68082884,0.0,-0.01626596768082884,-0.01626596768082884
SPY,SPY260512C00733000,2026-05-12,2,call,733.0,840.0,405.0,0.1079,0.041,5.92,6.25,,0.7093,-0.3722,0.2679,https://cdn.cboe.com/api/global/delayed_quotes/options/SPY.json,0.041,18738227.625936,0.0,18738227.625936,0.018738227625936,0.0,0.018738227625936
SPY,SPY260512P00733000,2026-05-12,2,put,733.0,996.0,3553.0,0.1076,0.0412,1.51,1.53,,-0.2916,-0.3738,0.2681,https://cdn.cboe.com/api/global/delayed_quotes/options/SPY.json,0.0412,0.0,-22326565.57130688,-22326565.57130688,0.0,-0.02232656557130688,-0.02232656557130688
SPY,SPY260512C00734000,2026-05-12,2,call,734.0,1174.0,624.0,0.1054,0.0443,5.22,5.44,,0.6707,-0.3867,0.2818,https://cdn.cboe.com/api/global/delayed_quotes/options/SPY.json,0.0443,28296791.231568083,0.0,28296791.231568083,0.028296791231568082,0.0,0.028296791231568082
SPY,SPY260512P00734000,2026-05-12,2,put,734.0,736.0,4228.0,0.1051,0.0446,1.75,1.77,,-0.3304,-0.3887,0.282,https://cdn.cboe.com/api/global/delayed_quotes/options/SPY.json,0.0446,0.0,-17859859.603888642,-17859859.603888642,0.0,-0.017859859603888643,-0.017859859603888643
SPY,SPY260512C00735000,2026-05-12,2,call,735.0,1220.0,2355.0,0.103,0.0475,4.51,4.72,,0.6281,-0.3974,0.2936,https://cdn.cboe.com/api/global/delayed_quotes/options/SPY.json,0.0475,31529625.17198,0.0,31529625.17198,0.03152962517198,0.0,0.03152962517198
SPY,SPY260512P00735000,2026-05-12,2,put,735.0,612.0,6765.0,0.1025,0.0478,2.04,2.05,,-0.3733,-0.3998,0.2939,https://cdn.cboe.com/api/global/delayed_quotes/options/SPY.json,0.0478,0.0,-15916394.18345184,-15916394.18345184,0.0,-0.01591639418345184,-0.01591639418345184
SPY,SPY260512C00736000,2026-05-12,2,call,736.0,950.0,4210.0,0.101,0.0502,3.86,4.05,,0.5815,-0.4031,0.3025,https://cdn.cboe.com/api/global/delayed_quotes/options/SPY.json,0.0502,25947330.879236,0.0,25947330.879236,0.025947330879236,0.0,0.025947330879236
SPY,SPY260512P00736000,2026-05-12,2,put,736.0,404.0,5565.0,0.1003,0.0506,2.37,2.39,,-0.4203,-0.4059,0.3025,https://cdn.cboe.com/api/global/delayed_quotes/options/SPY.json,0.0506,0.0,-11122367.724170562,-11122367.724170562,0.0,-0.011122367724170561,-0.011122367724170561
SPY,SPY260512C00737000,2026-05-12,2,call,737.0,989.0,9682.0,0.0981,0.0523,3.3,3.33,,0.5314,-0.4025,0.3076,https://cdn.cboe.com/api/global/delayed_quotes/options/SPY.json,0.0523,28142543.626110684,0.0,28142543.626110684,0.028142543626110683,0.0,0.028142543626110683
SPY,SPY260512P00737000,2026-05-12,2,put,737.0,123.0,9528.0,0.0982,0.0527,2.75,2.77,,-0.4708,-0.4058,0.3074,https://cdn.cboe.com/api/global/delayed_quotes/options/SPY.json,0.0527,0.0,-3526802.12816724,-3526802.12816724,0.0,-0.00352680212816724,-0.00352680212816724
SPY,SPY260512C00738000,2026-05-12,2,call,738.0,1103.0,13358.0,0.0962,0.0535,2.74,2.76,,0.4786,-0.395,0.3081,https://cdn.cboe.com/api/global/delayed_quotes/options/SPY.json,0.0535,32106625.4738762,0.0,32106625.4738762,0.0321066254738762,0.0,0.0321066254738762
SPY,SPY260512P00738000,2026-05-12,2,put,738.0,114.0,7986.0,0.0961,0.054,3.18,3.21,,-0.5241,-0.3986,0.3075,https://cdn.cboe.com/api/global/delayed_quotes/options/SPY.json,0.054,0.0,-3349376.5756464,-3349376.5756464,0.0,-0.0033493765756464,-0.0033493765756464
SPY,SPY260512C00739000,2026-05-12,2,call,739.0,1249.0,9912.0,0.0942,0.0536,2.23,2.26,,0.4242,-0.3799,0.3034,https://cdn.cboe.com/api/global/delayed_quotes/options/SPY.json,0.0536,36424415.85182816,0.0,36424415.85182816,0.03642441585182816,0.0,0.03642441585182816
SPY,SPY260512P00739000,2026-05-12,2,put,739.0,35.0,2155.0,0.0926,0.0541,3.59,3.71,,-0.5791,-0.3839,0.3024,https://cdn.cboe.com/api/global/delayed_quotes/options/SPY.json,0.0541,0.0,-1030221.6611414001,-1030221.6611414001,0.0,-0.0010302216611414,-0.0010302216611414
SPY,SPY260512C00740000,2026-05-12,2,call,740.0,1347.0,9053.0,0.0924,0.0525,1.79,1.81,,0.3695,-0.3575,0.2933,https://cdn.cboe.com/api/global/delayed_quotes/options/SPY.json,0.0525,38476208.250207,0.0,38476208.250207,0.038476208250207,0.0,0.038476208250207
SPY,SPY260512P00740000,2026-05-12,2,put,740.0,317.0,850.0,0.0922,0.0531,4.14,4.36,,-0.6344,-0.3618,0.2923,https://cdn.cboe.com/api/global/delayed_quotes/options/SPY.json,0.0531,0.0,-9158390.36466588,-9158390.36466588,0.0,-0.009158390364665881,-0.009158390364665881
SPY,SPY260512C00741000,2026-05-12,2,call,741.0,601.0,4315.0,0.0909,0.0503,1.41,1.43,,0.316,-0.3286,0.2779,https://cdn.cboe.com/api/global/delayed_quotes/options/SPY.json,0.0503,16447800.307791319,0.0,16447800.307791319,0.01644780030779132,0.0,0.01644780030779132
SPY,SPY260512P00741000,2026-05-12,2,put,741.0,18.0,244.0,0.0905,0.0508,4.76,4.98,,-0.6886,-0.3329,0.276,https://cdn.cboe.com/api/global/delayed_quotes/options/SPY.json,0.0508,0.0,-497509.73696736,-497509.73696736,0.0,-0.00049750973696736,-0.00049750973696736
SPY,SPY260512C00742000,2026-05-12,2,call,742.0,830.0,3345.0,0.0896,0.0469,1.09,1.11,,0.2652,-0.2946,0.2579,https://cdn.cboe.com/api/global/delayed_quotes/options/SPY.json,0.0469,21179529.233298797,0.0,21179529.233298797,0.021179529233298796,0.0,0.021179529233298796
SPY,SPY260512P00742000,2026-05-12,2,put,742.0,184.0,209.0,0.0865,0.0474,5.31,5.7,,-0.74,-0.2985,0.2546,https://cdn.cboe.com/api/global/delayed_quotes/options/SPY.json,0.0474,0.0,-4745276.59879104,-4745276.59879104,0.0,-0.00474527659879104,-0.00474527659879104
SPY,SPY260512C00743000,2026-05-12,2,call,743.0,1337.0,3180.0,0.0888,0.0427,0.83,0.85,,0.2183,-0.2574,0.2343,https://cdn.cboe.com/api/global/delayed_quotes/options/SPY.json,0.0427,31061659.15626956,0.0,31061659.15626956,0.03106165915626956,0.0,0.03106165915626956
SPY,SPY260512P00743000,2026-05-12,2,put,743.0,36.0,40.0,0.0869,0.0431,6.13,6.44,,-0.7875,-0.2607,0.2298,https://cdn.cboe.com/api/global/delayed_quotes/options/SPY.json,0.0431,0.0,-844199.5930430399,-844199.5930430399,0.0,-0.0008441995930430399,-0.0008441995930430399
SPY,SPY260512C00744000,2026-05-12,2,call,744.0,745.0,4281.0,0.0883,0.0378,0.63,0.64,,0.1762,-0.2192,0.2084,https://cdn.cboe.com/api/global/delayed_quotes/options/SPY.json,0.0378,15321928.8087684,0.0,15321928.8087684,0.015321928808768401,0.0,0.015321928808768401
SPY,SPY260512P00744000,2026-05-12,2,put,744.0,18.0,180.0,0.086,0.0381,6.91,7.24,,-0.83,-0.2214,0.2034,https://cdn.cboe.com/api/global/delayed_quotes/options/SPY.json,0.0381,0.0,-373132.30272552004,-373132.30272552004,0.0,-0.00037313230272552003,-0.00037313230272552003
SPY,SPY260512C00745000,2026-05-12,2,call,745.0,828.0,3436.0,0.0877,0.0326,0.46,0.48,,0.1395,-0.182,0.1814,https://cdn.cboe.com/api/global/delayed_quotes/options/SPY.json,0.0326,14686330.739296317,0.0,14686330.739296317,0.014686330739296318,0.0,0.014686330739296318
SPY,SPY260512P00745000,2026-05-12,2,put,745.0,5.0,211.0,0.0843,0.0327,7.75,8.08,,-0.867,-0.1828,0.1759,https://cdn.cboe.com/api/global/delayed_quotes/options/SPY.json,0.0327,0.0,-88957.61372940001,-88957.61372940001,0.0,-8.89576137294e-05,-8.89576137294e-05
SPY,SPY260512C00746000,2026-05-12,2,call,746.0,545.0,1517.0,0.0871,0.0275,0.34,0.35,,0.1085,-0.1475,0.1547,https://cdn.cboe.com/api/global/delayed_quotes/options/SPY.json,0.0275,8154447.925195,0.0,8154447.925195,0.008154447925195001,0.0,0.008154447925195001
SPY,SPY260512C00747000,2026-05-12,2,call,747.0,383.0,2386.0,0.087,0.0227,0.24,0.25,,0.0831,-0.117,0.1295,https://cdn.cboe.com/api/global/delayed_quotes/options/SPY.json,0.0227,4730314.309020041,0.0,4730314.309020041,0.004730314309020041,0.0,0.004730314309020041
SPY,SPY260512C00748000,2026-05-12,2,call,748.0,556.0,1392.0,0.0865,0.0183,0.17,0.18,,0.063,-0.0915,0.1069,https://cdn.cboe.com/api/global/delayed_quotes/options/SPY.json,0.0183,5535938.3986171195,0.0,5535938.3986171195,0.005535938398617119,0.0,0.005535938398617119
SPY,SPY260512C00749000,2026-05-12,2,call,749.0,1110.0,1696.0,0.0868,0.0146,0.12,0.13,,0.0475,-0.071,0.0874,https://cdn.cboe.com/api/global/delayed_quotes/options/SPY.json,0.0146,8817413.3828664,0.0,8817413.3828664,0.0088174133828664,0.0,0.0088174133828664
SPY,SPY260512P00749000,2026-05-12,2,put,749.0,1.0,111.0,0.0798,0.014,11.43,11.76,,-0.9579,-0.0667,0.0798,https://cdn.cboe.com/api/global/delayed_quotes/options/SPY.json,0.014,0.0,-7617.1657016,-7617.1657016,0.0,-7.6171657016e-06,-7.6171657016e-06
SPY,SPY260512C00750000,2026-05-12,2,call,750.0,3034.0,4949.0,0.0882,0.0115,0.09,0.1,,0.036,-0.0552,0.0713,https://cdn.cboe.com/api/global/delayed_quotes/options/SPY.json,0.0115,18983609.1781804,0.0,18983609.1781804,0.0189836091781804,0.0,0.0189836091781804
SPY,SPY260512C00755000,2026-05-12,2,call,755.0,2697.0,3988.0,0.0999,0.0043,0.03,0.04,,0.0127,-0.0224,0.0313,https://cdn.cboe.com/api/global/delayed_quotes/options/SPY.json,0.0043,6309788.025573241,0.0,6309788.025573241,0.006309788025573241,0.0,0.006309788025573241
SPY,SPY260512C00760000,2026-05-12,2,call,760.0,810.0,1501.0,0.1193,0.0024,0.02,0.03,,0.0078,-0.0164,0.0205,https://cdn.cboe.com/api/global/delayed_quotes/options/SPY.json,0.0024,1057697.8659935999,0.0,1057697.8659935999,0.0010576978659935998,0.0,0.0010576978659935998
SPY,SPY260512C00765000,2026-05-12,2,call,765.0,294.0,671.0,0.1338,0.0015,0.01,0.02,,0.0058,-0.014,0.0154,https://cdn.cboe.com/api/global/delayed_quotes/options/SPY.json,0.0015,239940.71960039999,0.0,239940.71960039999,0.00023994071960039998,0.0,0.00023994071960039998
SPY,SPY260512C00770000,2026-05-12,2,call,770.0,926.0,674.0,0.155,0.0011,0.01,0.02,,0.0046,-0.0127,0.0123,https://cdn.cboe.com/api/global/delayed_quotes/options/SPY.json,0.0011,554203.2131178401,0.0,554203.2131178401,0.0005542032131178401,0.0,0.0005542032131178401
SPY,SPY260512C00775000,2026-05-12,2,call,775.0,1664.0,5551.0,0.1758,0.0008,0.01,0.02,,0.0037,-0.0115,0.0101,https://cdn.cboe.com/api/global/delayed_quotes/options/SPY.json,0.0008,724283.6415692801,0.0,724283.6415692801,0.0007242836415692801,0.0,0.0007242836415692801
SPY,SPY260512C00780000,2026-05-12,2,call,780.0,585.0,43.0,0.1774,0.0006,0.0,0.01,,0.0031,-0.0105,0.0085,https://cdn.cboe.com/api/global/delayed_quotes/options/SPY.json,0.0006,190973.22580439996,0.0,190973.22580439996,0.00019097322580439996,0.0,0.00019097322580439996
SPY,SPY260512C00785000,2026-05-12,2,call,785.0,4.0,20.0,0.1959,0.0005,0.0,0.01,,0.0026,-0.0095,0.0071,https://cdn.cboe.com/api/global/delayed_quotes/options/SPY.json,0.0005,1088.1665288000002,0.0,1088.1665288000002,1.0881665288000001e-06,0.0,1.0881665288000001e-06
SPY,SPY260512C00790000,2026-05-12,2,call,790.0,12.0,0.0,0.2141,0.0004,0.0,0.01,,0.0022,-0.0087,0.0061,https://cdn.cboe.com/api/global/delayed_quotes/options/SPY.json,0.0004,2611.5996691200003,0.0,2611.5996691200003,2.61159966912e-06,0.0,2.61159966912e-06
SPY,SPY260512C00800000,2026-05-12,2,call,800.0,3022.0,100.0,0.2498,0.0002,0.0,0.01,,0.0016,-0.0071,0.0044,https://cdn.cboe.com/api/global/delayed_quotes/options/SPY.json,0.0002,328843.92500336,0.0,328843.92500336,0.00032884392500336004,0.0,0.00032884392500336004
SPY,SPY260513P00500000,2026-05-13,3,put,500.0,10.0,0.0,0.9711,0.0,0.0,0.01,,0.0,-0.0004,0.0001,https://cdn.cboe.com/api/global/delayed_quotes/options/SPY.json,0.0,0.0,-0.0,0.0,0.0,-0.0,0.0
SPY,SPY260513P00505000,2026-05-13,3,put,505.0,31.0,0.0,0.9476,0.0,0.0,0.01,,0.0,-0.0005,0.0001,https://cdn.cboe.com/api/global/delayed_quotes/options/SPY.json,0.0,0.0,-0.0,0.0,0.0,-0.0,0.0
SPY,SPY260513P00510000,2026-05-13,3,put,510.0,100.0,0.0,0.9243,0.0,0.0,0.01,,0.0,-0.0006,0.0002,https://cdn.cboe.com/api/global/delayed_quotes/options/SPY.json,0.0,0.0,-0.0,0.0,0.0,-0.0,0.0
SPY,SPY260513P00520000,2026-05-13,3,put,520.0,1.0,0.0,0.8783,0.0,0.0,0.01,,-0.0001,-0.0008,0.0002,https://cdn.cboe.com/api/global/delayed_quotes/options/SPY.json,0.0,0.0,-0.0,0.0,0.0,-0.0,0.0
SPY,SPY260513P00525000,2026-05-13,3,put,525.0,60.0,0.0,0.8556,0.0,0.0,0.01,,-0.0001,-0.001,0.0003,https://cdn.cboe.com/api/global/delayed_quotes/options/SPY.json,0.0,0.0,-0.0,0.0,0.0,-0.0,0.0
SPY,SPY260513P00530000,2026-05-13,3,put,530.0,40.0,0.0,0.8333,0.0,0.0,0.01,,-0.0001,-0.0012,0.0003,https://cdn.cboe.com/api/global/delayed_quotes/options/SPY.json,0.0,0.0,-0.0,0.0,0.0,-0.0,0.0
SPY,SPY260513P00535000,2026-05-13,3,put,535.0,60.0,0.0,0.811,0.0,0.0,0.01,,-0.0001,-0.0013,0.0004,https://cdn.cboe.com/api/global/delayed_quotes/options/SPY.json,0.0,0.0,-0.0,0.0,0.0,-0.0,0.0
SPY,SPY260513P00540000,2026-05-13,3,put,540.0,47.0,0.0,0.7889,0.0,0.0,0.01,,-0.0001,-0.0016,0.0004,https://cdn.cboe.com/api/global/delayed_quotes/options/SPY.json,0.0,0.0,-0.0,0.0,0.0,-0.0,0.0
SPY,SPY260513P00545000,2026-05-13,3,put,545.0,50.0,0.0,0.7669,0.0,0.0,0.01,,-0.0001,-0.0018,0.0005,https://cdn.cboe.com/api/global/delayed_quotes/options/SPY.json,0.0,0.0,-0.0,0.0,0.0,-0.0,0.0
SPY,SPY260513P00550000,2026-05-13,3,put,550.0,28.0,0.0,0.7451,0.0,0.0,0.01,,-0.0002,-0.0021,0.0006,https://cdn.cboe.com/api/global/delayed_quotes/options/SPY.json,0.0,0.0,-0.0,0.0,0.0,-0.0,0.0
SPY,SPY260513P00555000,2026-05-13,3,put,555.0,10.0,0.0,0.7235,0.0,0.0,0.01,,-0.0002,-0.0024,0.0007,https://cdn.cboe.com/api/global/delayed_quotes/options/SPY.json,0.0,0.0,-0.0,0.0,0.0,-0.0,0.0
SPY,SPY260513P00560000,2026-05-13,3,put,560.0,76.0,0.0,0.7022,0.0,0.0,0.01,,-0.0002,-0.0028,0.0008,https://cdn.cboe.com/api/global/delayed_quotes/options/SPY.json,0.0,0.0,-0.0,0.0,0.0,-0.0,0.0
SPY,SPY260513P00565000,2026-05-13,3,put,565.0,70.0,0.0,0.6809,0.0,0.0,0.01,,-0.0003,-0.0032,0.0009,https://cdn.cboe.com/api/global/delayed_quotes/options/SPY.json,0.0,0.0,-0.0,0.0,0.0,-0.0,0.0
SPY,SPY260513P00570000,2026-05-13,3,put,570.0,96.0,0.0,0.6597,0.0,0.0,0.01,,-0.0003,-0.0036,0.001,https://cdn.cboe.com/api/global/delayed_quotes/options/SPY.json,0.0,0.0,-0.0,0.0,0.0,-0.0,0.0
SPY,SPY260513P00575000,2026-05-13,3,put,575.0,10.0,0.0,0.6386,0.0,0.0,0.01,,-0.0004,-0.0041,0.0012,https://cdn.cboe.com/api/global/delayed_quotes/options/SPY.json,0.0,0.0,-0.0,0.0,0.0,-0.0,0.0
SPY,SPY260513C00580000,2026-05-13,3,call,580.0,2.0,0.0,0.5918,0.0,156.16,158.98,,0.9995,-0.0046,0.0013,https://cdn.cboe.com/api/global/delayed_quotes/options/SPY.json,0.0,0.0,0.0,0.0,0.0,0.0,0.0
SPY,SPY260513P00580000,2026-05-13,3,put,580.0,379.0,0.0,0.6178,0.0,0.0,0.01,,-0.0004,-0.0046,0.0013,https://cdn.cboe.com/api/global/delayed_quotes/options/SPY.json,0.0,0.0,-0.0,0.0,0.0,-0.0,0.0
SPY,SPY260513P00585000,2026-05-13,3,put,585.0,38.0,0.0,0.5971,0.0,0.0,0.01,,-0.0005,-0.0051,0.0015,https://cdn.cboe.com/api/global/delayed_quotes/options/SPY.json,0.0,0.0,-0.0,0.0,0.0,-0.0,0.0
SPY,SPY260513P00590000,2026-05-13,3,put,590.0,126.0,0.0,0.5766,0.0,0.0,0.01,,-0.0006,-0.0058,0.0017,https://cdn.cboe.com/api/global/delayed_quotes/options/SPY.json,0.0,0.0,-0.0,0.0,0.0,-0.0,0.0
SPY,SPY260513P00595000,2026-05-13,3,put,595.0,16.0,0.0,0.5563,0.0,0.0,0.01,,-0.0006,-0.0064,0.002,https://cdn.cboe.com/api/global/delayed_quotes/options/SPY.json,0.0,0.0,-0.0,0.0,0.0,-0.0,0.0
SPY,SPY260513P00600000,2026-05-13,3,put,600.0,17.0,0.0,0.5358,0.0,0.0,0.01,,-0.0007,-0.0071,0.0022,https://cdn.cboe.com/api/global/delayed_quotes/options/SPY.json,0.0,0.0,-0.0,0.0,0.0,-0.0,0.0
SPY,SPY260513C00605000,2026-05-13,3,call,605.0,1.0,1.0,0.5408,0.0001,131.23,133.99,,0.9991,-0.0079,0.0025,https://cdn.cboe.com/api/global/delayed_quotes/options/SPY.json,0.0001,54.40832644,0.0,54.40832644,5.4408326440000004e-08,0.0,5.4408326440000004e-08
SPY,SPY260513P00605000,2026-05-13,3,put,605.0,848.0,0.0,0.5157,0.0001,0.0,0.01,,-0.0008,-0.0078,0.0025,https://cdn.cboe.com/api/global/delayed_quotes/options/SPY.json,0.0001,0.0,-46138.260821120006,-46138.260821120006,0.0,-4.613826082112e-05,-4.613826082112e-05
SPY,SPY260513P00610000,2026-05-13,3,put,610.0,3.0,16.0,0.5402,0.0001,0.01,0.02,,-0.0009,-0.0086,0.0028,https://cdn.cboe.com/api/global/delayed_quotes/options/SPY.json,0.0001,0.0,-163.22497932000002,-163.22497932000002,0.0,-1.6322497932e-07,-1.6322497932e-07
SPY,SPY260513P00615000,2026-05-13,3,put,615.0,24.0,0.0,0.5187,0.0001,0.01,0.02,,-0.001,-0.0095,0.0032,https://cdn.cboe.com/api/global/delayed_quotes/options/SPY.json,0.0001,0.0,-1305.7998345600001,-1305.7998345600001,0.0,-1.30579983456e-06,-1.30579983456e-06
SPY,SPY260513P00620000,2026-05-13,3,put,620.0,6.0,1.0,0.4974,0.0001,0.01,0.02,,-0.0012,-0.0104,0.0035,https://cdn.cboe.com/api/global/delayed_quotes/options/SPY.json,0.0001,0.0,-326.44995864000003,-326.44995864000003,0.0,-3.2644995864e-07,-3.2644995864e-07
SPY,SPY260513P00625000,2026-05-13,3,put,625.0,22.0,800.0,0.4762,0.0001,0.01,0.02,,-0.0014,-0.0115,0.004,https://cdn.cboe.com/api/global/delayed_quotes/options/SPY.json,0.0001,0.0,-1196.98318168,-1196.98318168,0.0,-1.19698318168e-06,-1.19698318168e-06
SPY,SPY260513P00630000,2026-05-13,3,put,630.0,168.0,0.0,0.4552,0.0001,0.01,0.02,,-0.0015,-0.0124,0.0044,https://cdn.cboe.com/api/global/delayed_quotes/options/SPY.json,0.0001,0.0,-9140.59884192,-9140.59884192,0.0,-9.14059884192e-06,-9.14059884192e-06
SPY,SPY260513P00635000,2026-05-13,3,put,635.0,285.0,23.0,0.4342,0.0001,0.01,0.02,,-0.0017,-0.0134,0.005,https://cdn.cboe.com/api/global/delayed_quotes/options/SPY.json,0.0001,0.0,-15506.3730354,-15506.3730354,0.0,-1.55063730354e-05,-1.55063730354e-05
SPY,SPY260513P00640000,2026-05-13,3,put,640.0,238.0,7.0,0.4131,0.0002,0.01,0.02,,-0.0019,-0.0148,0.0056,https://cdn.cboe.com/api/global/delayed_quotes/options/SPY.json,0.0002,0.0,-25898.363385440003,-25898.363385440003,0.0,-2.5898363385440003e-05,-2.5898363385440003e-05
SPY,SPY260513C00645000,2026-05-13,3,call,645.0,1.0,0.0,0.4128,0.0002,91.2,94.01,,0.9977,-0.016,0.0063,https://cdn.cboe.com/api/global/delayed_quotes/options/SPY.json,0.0002,108.81665288,0.0,108.81665288,1.0881665288000001e-07,0.0,1.0881665288000001e-07
SPY,SPY260513P00645000,2026-05-13,3,put,645.0,217.0,1.0,0.3923,0.0002,0.01,0.02,,-0.0022,-0.016,0.0063,https://cdn.cboe.com/api/global/delayed_quotes/options/SPY.json,0.0002,0.0,-23613.213674959996,-23613.213674959996,0.0,-2.3613213674959995e-05,-2.3613213674959995e-05
SPY,SPY260513P00650000,2026-05-13,3,put,650.0,389.0,125.0,0.3895,0.0002,0.02,0.03,,-0.0025,-0.0173,0.007,https://cdn.cboe.com/api/global/delayed_quotes/options/SPY.json,0.0002,0.0,-42329.67797032001,-42329.67797032001,0.0,-4.232967797032001e-05,-4.232967797032001e-05
SPY,SPY260513C00655000,2026-05-13,3,call,655.0,4.0,0.0,0.332,0.0003,81.2,84.02,,0.9971,-0.0187,0.0079,https://cdn.cboe.com/api/global/delayed_quotes/options/SPY.json,0.0003,652.89991728,0.0,652.89991728,6.528999172799999e-07,0.0,6.528999172799999e-07
SPY,SPY260513P00655000,2026-05-13,3,put,655.0,1012.0,125.0,0.368,0.0003,0.02,0.03,,-0.0028,-0.0187,0.0079,https://cdn.cboe.com/api/global/delayed_quotes/options/SPY.json,0.0003,0.0,-165183.67907184,-165183.67907184,0.0,-0.00016518367907184,-0.00016518367907184
SPY,SPY260513C00660000,2026-05-13,3,call,660.0,4.0,0.0,0.341,0.0003,76.21,79.03,,0.9967,-0.0202,0.009,https://cdn.cboe.com/api/global/delayed_quotes/options/SPY.json,0.0003,652.89991728,0.0,652.89991728,6.528999172799999e-07,0.0,6.528999172799999e-07
SPY,SPY260513P00660000,2026-05-13,3,put,660.0,114.0,67.0,0.3465,0.0003,0.02,0.03,,-0.0032,-0.0202,0.0089,https://cdn.cboe.com/api/global/delayed_quotes/options/SPY.json,0.0003,0.0,-18607.64764248,-18607.64764248,0.0,-1.860764764248e-05,-1.860764764248e-05
SPY,SPY260513C00665000,2026-05-13,3,call,665.0,1.0,0.0,0.3245,0.0004,71.22,74.03,,0.9962,-0.022,0.0102,https://cdn.cboe.com/api/global/delayed_quotes/options/SPY.json,0.0004,217.63330576,0.0,217.63330576,2.1763330576000002e-07,0.0,2.1763330576000002e-07
SPY,SPY260513P00665000,2026-05-13,3,put,665.0,599.0,38.0,0.3251,0.0004,0.02,0.03,,-0.0037,-0.022,0.0102,https://cdn.cboe.com/api/global/delayed_quotes/options/SPY.json,0.0004,0.0,-130362.35015024002,-130362.35015024002,0.0,-0.00013036235015024002,-0.00013036235015024002
SPY,SPY260513C00670000,2026-05-13,3,call,670.0,10.0,6.0,0.3071,0.0005,66.25,69.04,,0.9957,-0.0239,0.0116,https://cdn.cboe.com/api/global/delayed_quotes/options/SPY.json,0.0005,2720.416322,0.0,2720.416322,2.720416322e-06,0.0,2.720416322e-06
SPY,SPY260513P00670000,2026-05-13,3,put,670.0,276.0,28.0,0.3143,0.0005,0.03,0.04,,-0.0042,-0.0239,0.0116,https://cdn.cboe.com/api/global/delayed_quotes/options/SPY.json,0.0005,0.0,-75083.4904872,-75083.4904872,0.0,-7.508349048720001e-05,-7.508349048720001e-05
SPY,SPY260513P00671000,2026-05-13,3,put,671.0,56.0,51.0,0.3099,0.0005,0.03,0.04,,-0.0044,-0.0243,0.0119,https://cdn.cboe.com/api/global/delayed_quotes/options/SPY.json,0.0005,0.0,-15234.3314032,-15234.3314032,0.0,-1.52343314032e-05,-1.52343314032e-05
SPY,SPY260513P00672000,2026-05-13,3,put,672.0,295.0,0.0,0.3055,0.0005,0.03,0.04,,-0.0045,-0.0248,0.0122,https://cdn.cboe.com/api/global/delayed_quotes/options/SPY.json,0.0005,0.0,-80252.281499,-80252.281499,0.0,-8.0252281499e-05,-8.0252281499e-05
SPY,SPY260513C00673000,2026-05-13,3,call,673.0,2.0,0.0,0.2871,0.0005,63.23,66.04,,0.9953,-0.0252,0.0126,https://cdn.cboe.com/api/global/delayed_quotes/options/SPY.json,0.0005,544.0832644000001,0.0,544.0832644000001,5.440832644000001e-07,0.0,5.440832644000001e-07
SPY,SPY260513P00673000,2026-05-13,3,put,673.0,349.0,15.0,0.3011,0.0005,0.03,0.04,,-0.0047,-0.0252,0.0126,https://cdn.cboe.com/api/global/delayed_quotes/options/SPY.json,0.0005,0.0,-94942.5296378,-94942.5296378,0.0,-9.494252963780001e-05,-9.494252963780001e-05
SPY,SPY260513P00674000,2026-05-13,3,put,674.0,57.0,0.0,0.2967,0.0005,0.03,0.04,,-0.0048,-0.0257,0.013,https://cdn.cboe.com/api/global/delayed_quotes/options/SPY.json,0.0005,0.0,-15506.3730354,-15506.3730354,0.0,-1.55063730354e-05,-1.55063730354e-05
SPY,SPY260513C00675000,2026-05-13,3,call,675.0,11.0,0.0,0.2782,0.0006,61.22,64.04,,0.9949,-0.0263,0.0134,https://cdn.cboe.com/api/global/delayed_quotes/options/SPY.json,0.0006,3590.9495450399995,0.0,3590.9495450399995,3.5909495450399997e-06,0.0,3.5909495450399997e-06
SPY,SPY260513P00675000,2026-05-13,3,put,675.0,205.0,1.0,0.2923,0.0006,0.03,0.04,,-0.005,-0.0262,0.0133,https://cdn.cboe.com/api/global/delayed_quotes/options/SPY.json,0.0006,0.0,-66922.24152119999,-66922.24152119999,0.0,-6.692224152119999e-05,-6.692224152119999e-05
SPY,SPY260513P00676000,2026-05-13,3,put,676.0,69.0,10.0,0.288,0.0006,0.03,0.04,,-0.0051,-0.0267,0.0137,https://cdn.cboe.com/api/global/delayed_quotes/options/SPY.json,0.0006,0.0,-22525.04714616,-22525.04714616,0.0,-2.2525047146159998e-05,-2.2525047146159998e-05
SPY,SPY260513P00677000,2026-05-13,3,put,677.0,285.0,1.0,0.2836,0.0006,0.03,0.04,,-0.0053,-0.0273,0.0142,https://cdn.cboe.com/api/global/delayed_quotes/options/SPY.json,0.0006,0.0,-93038.23821239999,-93038.23821239999,0.0,-9.303823821239999e-05,-9.303823821239999e-05
SPY,SPY260513P00678000,2026-05-13,3,put,678.0,149.0,0.0,0.2872,0.0006,0.03,0.05,,-0.0055,-0.0279,0.0146,https://cdn.cboe.com/api/global/delayed_quotes/options/SPY.json,0.0006,0.0,-48641.04383736,-48641.04383736,0.0,-4.8641043837359995e-05,-4.8641043837359995e-05
SPY,SPY260513P00679000,2026-05-13,3,put,679.0,283.0,0.0,0.2825,0.0007,0.04,0.05,,-0.0057,-0.0284,0.0151,https://cdn.cboe.com/api/global/delayed_quotes/options/SPY.json,0.0007,0.0,-107782.89467764,-107782.89467764,0.0,-0.00010778289467764,-0.00010778289467764
SPY,SPY260513C00680000,2026-05-13,3,call,680.0,2.0,3.0,0.2742,0.0007,56.26,59.05,,0.994,-0.029,0.0156,https://cdn.cboe.com/api/global/delayed_quotes/options/SPY.json,0.0007,761.71657016,0.0,761.71657016,7.6171657016e-07,0.0,7.6171657016e-07
SPY,SPY260513P00680000,2026-05-13,3,put,680.0,1124.0,590.0,0.278,0.0007,0.04,0.05,,-0.0059,-0.029,0.0156,https://cdn.cboe.com/api/global/delayed_quotes/options/SPY.json,0.0007,0.0,-428084.7124299199,-428084.7124299199,0.0,-0.0004280847124299199,-0.0004280847124299199
SPY,SPY260513P00681000,2026-05-13,3,put,681.0,145.0,40.0,0.2736,0.0007,0.04,0.05,,-0.0061,-0.0297,0.0161,https://cdn.cboe.com/api/global/delayed_quotes/options/SPY.json,0.0007,0.0,-55224.45133659999,-55224.45133659999,0.0,-5.522445133659999e-05,-5.522445133659999e-05
SPY,SPY260513P00682000,2026-05-13,3,put,682.0,208.0,6.0,0.2691,0.0008,0.04,0.05,,-0.0063,-0.0304,0.0166,https://cdn.cboe.com/api/global/delayed_quotes/options/SPY.json,0.0008,0.0,-90535.45519616001,-90535.45519616001,0.0,-9.053545519616001e-05,-9.053545519616001e-05
SPY,SPY260513P00683000,2026-05-13,3,put,683.0,346.0,41.0,0.2646,0.0008,0.04,0.05,,-0.0066,-0.0311,0.0172,https://cdn.cboe.com/api/global/delayed_quotes/options/SPY.json,0.0008,0.0,-150602.24758592,-150602.24758592,0.0,-0.00015060224758592,-0.00015060224758592
SPY,SPY260513P00684000,2026-05-13,3,put,684.0,79.0,12.0,0.2601,0.0008,0.04,0.05,,-0.0068,-0.0319,0.0178,https://cdn.cboe.com/api/global/delayed_quotes/options/SPY.json,0.0008,0.0,-34386.06231008,-34386.06231008,0.0,-3.438606231008e-05,-3.438606231008e-05
SPY,SPY260513C00685000,2026-05-13,3,call,685.0,22.0,3.0,0.2508,0.0009,51.25,54.06,,0.9928,-0.0328,0.0185,https://cdn.cboe.com/api/global/delayed_quotes/options/SPY.json,0.0009,10772.848635119999,0.0,10772.848635119999,1.0772848635119999e-05,0.0,1.0772848635119999e-05
SPY,SPY260513P00685000,2026-05-13,3,put,685.0,182.0,32.0,0.2617,0.0009,0.04,0.06,,-0.0071,-0.0328,0.0185,https://cdn.cboe.com/api/global/delayed_quotes/options/SPY.json,0.0009,0.0,-89120.83870871998,-89120.83870871998,0.0,-8.912083870871997e-05,-8.912083870871997e-05
SPY,SPY260513P00686000,2026-05-13,3,put,686.0,322.0,2.0,0.2571,0.0009,0.05,0.06,,-0.0074,-0.0336,0.0192,https://cdn.cboe.com/api/global/delayed_quotes/options/SPY.json,0.0009,0.0,-157675.33002311998,-157675.33002311998,0.0,-0.00015767533002312,-0.00015767533002312
SPY,SPY260513P00687000,2026-05-13,3,put,687.0,389.0,4.0,0.2526,0.001,0.05,0.06,,-0.0077,-0.0346,0.0199,https://cdn.cboe.com/api/global/delayed_quotes/options/SPY.json,0.001,0.0,-211648.38985159996,-211648.38985159996,0.0,-0.00021164838985159997,-0.00021164838985159997
SPY,SPY260513C00688000,2026-05-13,3,call,688.0,4.0,1.0,0.2606,0.001,48.25,51.07,,0.9918,-0.0356,0.0207,https://cdn.cboe.com/api/global/delayed_quotes/options/SPY.json,0.001,2176.3330576000003,0.0,2176.3330576000003,2.1763330576000002e-06,0.0,2.1763330576000002e-06
SPY,SPY260513P00688000,2026-05-13,3,put,688.0,601.0,10.0,0.248,0.001,0.05,0.06,,-0.0081,-0.0356,0.0207,https://cdn.cboe.com/api/global/delayed_quotes/options/SPY.json,0.001,0.0,-326994.0419044,-326994.0419044,0.0,-0.0003269940419044,-0.0003269940419044
SPY,SPY260513P00689000,2026-05-13,3,put,689.0,182.0,34.0,0.2434,0.0011,0.05,0.06,,-0.0085,-0.0367,0.0216,https://cdn.cboe.com/api/global/delayed_quotes/options/SPY.json,0.0011,0.0,-108925.46953288002,-108925.46953288002,0.0,-0.00010892546953288002,-0.00010892546953288002
SPY,SPY260513C00690000,2026-05-13,3,call,690.0,15.0,4.0,0.234,0.0011,46.26,49.07,,0.991,-0.0378,0.0225,https://cdn.cboe.com/api/global/delayed_quotes/options/SPY.json,0.0011,8977.373862600001,0.0,8977.373862600001,8.977373862600001e-06,0.0,8.977373862600001e-06
SPY,SPY260513P00690000,2026-05-13,3,put,690.0,767.0,55.0,0.2438,0.0011,0.06,0.07,,-0.0089,-0.0378,0.0225,https://cdn.cboe.com/api/global/delayed_quotes/options/SPY.json,0.0011,0.0,-459043.05017428007,-459043.05017428007,0.0,-0.00045904305017428006,-0.00045904305017428006
SPY,SPY260513C00691000,2026-05-13,3,call,691.0,1.0,4.0,0.2479,0.0012,45.35,48.07,,0.9906,-0.0391,0.0235,https://cdn.cboe.com/api/global/delayed_quotes/options/SPY.json,0.0012,652.89991728,0.0,652.89991728,6.528999172799999e-07,0.0,6.528999172799999e-07
SPY,SPY260513P00691000,2026-05-13,3,put,691.0,49.0,90.0,0.2391,0.0012,0.06,0.07,,-0.0093,-0.0391,0.0235,https://cdn.cboe.com/api/global/delayed_quotes/options/SPY.json,0.0012,0.0,-31992.09594672,-31992.09594672,0.0,-3.199209594672e-05,-3.199209594672e-05
SPY,SPY260513C00692000,2026-05-13,3,call,692.0,2.0,3.0,0.2348,0.0013,44.29,47.08,,0.9901,-0.0404,0.0245,https://cdn.cboe.com/api/global/delayed_quotes/options/SPY.json,0.0013,1414.6164874400001,0.0,1414.6164874400001,1.4146164874400001e-06,0.0,1.4146164874400001e-06
SPY,SPY260513P00692000,2026-05-13,3,put,692.0,204.0,61.0,0.2345,0.0013,0.06,0.07,,-0.0098,-0.0404,0.0245,https://cdn.cboe.com/api/global/delayed_quotes/options/SPY.json,0.0013,0.0,-144290.88171888,-144290.88171888,0.0,-0.00014429088171888,-0.00014429088171888
SPY,SPY260513C00693000,2026-05-13,3,call,693.0,23.0,0.0,0.23,0.0014,43.27,46.08,,0.9896,-0.0418,0.0256,https://cdn.cboe.com/api/global/delayed_quotes/options/SPY.json,0.0014,17519.481113679998,0.0,17519.481113679998,1.751948111368e-05,0.0,1.751948111368e-05
SPY,SPY260513P00693000,2026-05-13,3,put,693.0,1210.0,13.0,0.2298,0.0014,0.06,0.07,,-0.0103,-0.0419,0.0256,https://cdn.cboe.com/api/global/delayed_quotes/options/SPY.json,0.0014,0.0,-921677.0498936,-921677.0498936,0.0,-0.0009216770498936001,-0.0009216770498936001
SPY,SPY260513P00694000,2026-05-13,3,put,694.0,543.0,183.0,0.2293,0.0014,0.07,0.08,,-0.0108,-0.0434,0.0269,https://cdn.cboe.com/api/global/delayed_quotes/options/SPY.json,0.0014,0.0,-413612.09759688,-413612.09759688,0.0,-0.00041361209759688,-0.00041361209759688
SPY,SPY260513C00695000,2026-05-13,3,call,695.0,9.0,0.0,0.2245,0.0015,41.3,44.09,,0.9885,-0.0451,0.0282,https://cdn.cboe.com/api/global/delayed_quotes/options/SPY.json,0.0015,7345.124069400001,0.0,7345.124069400001,7.3451240694000005e-06,0.0,7.3451240694000005e-06
SPY,SPY260513P00695000,2026-05-13,3,put,695.0,631.0,5.0,0.2246,0.0015,0.07,0.08,,-0.0115,-0.0451,0.0282,https://cdn.cboe.com/api/global/delayed_quotes/options/SPY.json,0.0015,0.0,-514974.8097546,-514974.8097546,0.0,-0.0005149748097546,-0.0005149748097546
SPY,SPY260513P00696000,2026-05-13,3,put,696.0,821.0,13.0,0.2198,0.0016,0.07,0.08,,-0.0121,-0.0469,0.0296,https://cdn.cboe.com/api/global/delayed_quotes/options/SPY.json,0.0016,0.0,-714707.7761158401,-714707.7761158401,0.0,-0.0007147077761158401,-0.0007147077761158401
SPY,SPY260513C00697000,2026-05-13,3,call,697.0,9.0,0.0,0.2147,0.0018,39.28,42.1,,0.9871,-0.0489,0.0311,https://cdn.cboe.com/api/global/delayed_quotes/options/SPY.json,0.0018,8814.14888328,0.0,8814.14888328,8.81414888328e-06,0.0,8.81414888328e-06
SPY,SPY260513P00697000,2026-05-13,3,put,697.0,205.0,1.0,0.2187,0.0018,0.08,0.09,,-0.0129,-0.0489,0.0311,https://cdn.cboe.com/api/global/delayed_quotes/options/SPY.json,0.0018,0.0,-200766.72456359997,-200766.72456359997,0.0,-0.00020076672456359996,-0.00020076672456359996
SPY,SPY260513P00698000,2026-05-13,3,put,698.0,385.0,6.0,0.2139,0.0019,0.08,0.09,,-0.0136,-0.051,0.0328,https://cdn.cboe.com/api/global/delayed_quotes/options/SPY.json,0.0019,0.0,-397996.90790860006,-397996.90790860006,0.0,-0.00039799690790860004,-0.00039799690790860004
SPY,SPY260513P00699000,2026-05-13,3,put,699.0,324.0,31.0,0.2123,0.002,0.09,0.1,,-0.0145,-0.0533,0.0346,https://cdn.cboe.com/api/global/delayed_quotes/options/SPY.json,0.002,0.0,-352565.9553312,-352565.9553312,0.0,-0.0003525659553312,-0.0003525659553312
SPY,SPY260513C00700000,2026-05-13,3,call,700.0,15.0,0.0,0.2069,0.0022,36.32,39.11,,0.9844,-0.0558,0.0365,https://cdn.cboe.com/api/global/delayed_quotes/options/SPY.json,0.0022,17954.747725200003,0.0,17954.747725200003,1.7954747725200002e-05,0.0,1.7954747725200002e-05
SPY,SPY260513P00700000,2026-05-13,3,put,700.0,1798.0,461.0,0.2074,0.0022,0.09,0.1,,-0.0155,-0.0558,0.0365,https://cdn.cboe.com/api/global/delayed_quotes/options/SPY.json,0.0022,0.0,-2152175.7606606404,-2152175.7606606404,0.0,-0.0021521757606606405,-0.0021521757606606405
SPY,SPY260513C00701000,2026-05-13,3,call,701.0,22.0,1.0,0.2048,0.0023,35.3,38.12,,0.9834,-0.0585,0.0386,https://cdn.cboe.com/api/global/delayed_quotes/options/SPY.json,0.0023,27530.61317864,0.0,27530.61317864,2.753061317864e-05,0.0,2.753061317864e-05
SPY,SPY260513P00701000,2026-05-13,3,put,701.0,398.0,428.0,0.2055,0.0023,0.1,0.11,,-0.0166,-0.0586,0.0386,https://cdn.cboe.com/api/global/delayed_quotes/options/SPY.json,0.0023,0.0,-498053.8202317599,-498053.8202317599,0.0,-0.0004980538202317599,-0.0004980538202317599
SPY,SPY260513C00702000,2026-05-13,3,call,702.0,22.0,0.0,0.1998,0.0025,34.31,37.12,,0.9822,-0.0615,0.0409,https://cdn.cboe.com/api/global/delayed_quotes/options/SPY.json,0.0025,29924.579542,0.0,29924.579542,2.9924579542e-05,0.0,2.9924579542e-05
SPY,SPY260513P00702000,2026-05-13,3,put,702.0,239.0,81.0,0.2005,0.0025,0.1,0.11,,-0.0177,-0.0615,0.0409,https://cdn.cboe.com/api/global/delayed_quotes/options/SPY.json,0.0025,0.0,-325089.750479,-325089.750479,0.0,-0.000325089750479,-0.000325089750479
SPY,SPY260513C00703000,2026-05-13,3,call,703.0,20.0,3.0,0.1974,0.0027,33.32,36.13,,0.9809,-0.0647,0.0434,https://cdn.cboe.com/api/global/delayed_quotes/options/SPY.json,0.0027,29380.496277600003,0.0,29380.496277600003,2.9380496277600002e-05,0.0,2.9380496277600002e-05
SPY,SPY260513P00703000,2026-05-13,3,put,703.0,228.0,562.0,0.1982,0.0027,0.11,0.12,,-0.019,-0.0647,0.0434,https://cdn.cboe.com/api/global/delayed_quotes/options/SPY.json,0.0027,0.0,-334937.65756464,-334937.65756464,0.0,-0.00033493765756464,-0.00033493765756464
SPY,SPY260513C00704000,2026-05-13,3,call,704.0,44.0,3.0,0.1936,0.0029,32.35,35.14,,0.9795,-0.0682,0.0461,https://cdn.cboe.com/api/global/delayed_quotes/options/SPY.json,0.0029,69425.02453744,0.0,69425.02453744,6.942502453744e-05,0.0,6.942502453744e-05
SPY,SPY260513P00704000,2026-05-13,3,put,704.0,602.0,150.0,0.1956,0.0029,0.12,0.13,,-0.0204,-0.0682,0.0461,https://cdn.cboe.com/api/global/delayed_quotes/options/SPY.json,0.0029,0.0,-949860.5629895199,-949860.5629895199,0.0,-0.0009498605629895199,-0.0009498605629895199
SPY,SPY260513C00705000,2026-05-13,3,call,705.0,136.0,0.0,0.1909,0.0031,32.59,32.93,,0.978,-0.0719,0.049,https://cdn.cboe.com/api/global/delayed_quotes/options/SPY.json,0.0031,229385.50427103997,0.0,229385.50427103997,0.00022938550427103996,0.0,0.00022938550427103996
SPY,SPY260513P00705000,2026-05-13,3,put,705.0,939.0,592.0,0.1906,0.0031,0.12,0.13,,-0.022,-0.072,0.0491,https://cdn.cboe.com/api/global/delayed_quotes/options/SPY.json,0.0031,0.0,-1583771.97434196,-1583771.97434196,0.0,-0.0015837719743419599,-0.0015837719743419599
SPY,SPY260513C00706000,2026-05-13,3,call,706.0,10.0,0.0,0.189,0.0034,30.34,33.16,,0.9762,-0.076,0.0522,https://cdn.cboe.com/api/global/delayed_quotes/options/SPY.json,0.0034,18498.830989599996,0.0,18498.830989599996,1.8498830989599995e-05,0.0,1.8498830989599995e-05
SPY,SPY260513P00706000,2026-05-13,3,put,706.0,332.0,145.0,0.1877,0.0034,0.13,0.14,,-0.0237,-0.0761,0.0523,https://cdn.cboe.com/api/global/delayed_quotes/options/SPY.json,0.0034,0.0,-614161.18885472,-614161.18885472,0.0,-0.00061416118885472,-0.00061416118885472
SPY,SPY260513C00707000,2026-05-13,3,call,707.0,19.0,0.0,0.1848,0.0037,29.35,32.17,,0.9743,-0.0805,0.0556,https://cdn.cboe.com/api/global/delayed_quotes/options/SPY.json,0.0037,38249.05348732,0.0,38249.05348732,3.824905348732e-05,0.0,3.824905348732e-05
SPY,SPY260513P00707000,2026-05-13,3,put,707.0,371.0,153.0,0.1846,0.0037,0.14,0.15,,-0.0256,-0.0805,0.0557,https://cdn.cboe.com/api/global/delayed_quotes/options/SPY.json,0.0037,0.0,-746863.09704188,-746863.09704188,0.0,-0.00074686309704188,-0.00074686309704188
SPY,SPY260513C00708000,2026-05-13,3,call,708.0,13.0,1.0,0.1824,0.004,28.37,31.18,,0.9722,-0.0853,0.0594,https://cdn.cboe.com/api/global/delayed_quotes/options/SPY.json,0.004,28292.329748800003,0.0,28292.329748800003,2.82923297488e-05,0.0,2.82923297488e-05
SPY,SPY260513P00708000,2026-05-13,3,put,708.0,6110.0,17298.0,0.1833,0.004,0.16,0.17,,-0.0278,-0.0854,0.0594,https://cdn.cboe.com/api/global/delayed_quotes/options/SPY.json,0.004,0.0,-13297394.981936,-13297394.981936,0.0,-0.013297394981936,-0.013297394981936
SPY,SPY260513C00709000,2026-05-13,3,call,709.0,44.0,0.0,0.1789,0.0044,27.38,30.2,,0.9698,-0.0905,0.0635,https://cdn.cboe.com/api/global/delayed_quotes/options/SPY.json,0.0044,105334.51998784002,0.0,105334.51998784002,0.00010533451998784002,0.0,0.00010533451998784002
SPY,SPY260513P00709000,2026-05-13,3,put,709.0,658.0,98.0,0.1798,0.0044,0.17,0.18,,-0.0301,-0.0906,0.0635,https://cdn.cboe.com/api/global/delayed_quotes/options/SPY.json,0.0044,0.0,-1575229.86709088,-1575229.86709088,0.0,-0.00157522986709088,-0.00157522986709088
SPY,SPY260513C00710000,2026-05-13,3,call,710.0,411.0,28.0,0.1761,0.0048,27.65,27.99,,0.9672,-0.0961,0.0679,https://cdn.cboe.com/api/global/delayed_quotes/options/SPY.json,0.0048,1073367.46400832,0.0,1073367.46400832,0.0010733674640083198,0.0,0.0010733674640083198
SPY,SPY260513P00710000,2026-05-13,3,put,710.0,1766.0,1197.0,0.1761,0.0048,0.18,0.19,,-0.0328,-0.0962,0.068,https://cdn.cboe.com/api/global/delayed_quotes/options/SPY.json,0.0048,0.0,-4612085.0156659195,-4612085.0156659195,0.0,-0.004612085015665919,-0.004612085015665919
SPY,SPY260513C00711000,2026-05-13,3,call,711.0,178.0,4.0,0.1737,0.0052,26.67,27.01,,0.9643,-0.1022,0.0728,https://cdn.cboe.com/api/global/delayed_quotes/options/SPY.json,0.0052,503603.46952864,0.0,503603.46952864,0.00050360346952864,0.0,0.00050360346952864
SPY,SPY260513P00711000,2026-05-13,3,put,711.0,492.0,193.0,0.1738,0.0052,0.2,0.21,,-0.0357,-0.1024,0.0728,https://cdn.cboe.com/api/global/delayed_quotes/options/SPY.json,0.0052,0.0,-1391982.6236409598,-1391982.6236409598,0.0,-0.0013919826236409598,-0.0013919826236409598
SPY,SPY260513C00712000,2026-05-13,3,call,712.0,41.0,3.0,0.1854,0.0056,24.43,27.25,,0.9611,-0.1088,0.0779,https://cdn.cboe.com/api/global/delayed_quotes/options/SPY.json,0.0056,124921.51750624001,0.0,124921.51750624001,0.00012492151750624001,0.0,0.00012492151750624001
SPY,SPY260513P00712000,2026-05-13,3,put,712.0,743.0,331.0,0.1712,0.0057,0.22,0.23,,-0.0389,-0.109,0.078,https://cdn.cboe.com/api/global/delayed_quotes/options/SPY.json,0.0057,0.0,-2304247.03306044,-2304247.03306044,0.0,-0.00230424703306044,-0.00230424703306044
SPY,SPY260513C00713000,2026-05-13,3,call,713.0,100.0,2.0,0.1682,0.0062,24.71,25.05,,0.9575,-0.116,0.0835,https://cdn.cboe.com/api/global/delayed_quotes/options/SPY.json,0.0062,337331.623928,0.0,337331.623928,0.000337331623928,0.0,0.000337331623928
SPY,SPY260513P00713000,2026-05-13,3,put,713.0,589.0,430.0,0.1686,0.0062,0.24,0.25,,-0.0426,-0.1166,0.0837,https://cdn.cboe.com/api/global/delayed_quotes/options/SPY.json,0.0062,0.0,-1986883.2649359198,-1986883.2649359198,0.0,-0.0019868832649359196,-0.0019868832649359196
SPY,SPY260513C00714000,2026-05-13,3,call,714.0,182.0,0.0,0.165,0.0068,23.73,24.07,,0.9535,-0.1236,0.0897,https://cdn.cboe.com/api/global/delayed_quotes/options/SPY.json,0.0068,673357.4480214401,0.0,673357.4480214401,0.0006733574480214401,0.0,0.0006733574480214401
SPY,SPY260513P00714000,2026-05-13,3,put,714.0,607.0,340.0,0.1655,0.0068,0.26,0.27,,-0.0465,-0.1242,0.0898,https://cdn.cboe.com/api/global/delayed_quotes/options/SPY.json,0.0068,0.0,-2245758.08213744,-2245758.08213744,0.0,-0.0022457580821374397,-0.0022457580821374397
SPY,SPY260513C00715000,2026-05-13,3,call,715.0,498.0,281.0,0.1627,0.0074,22.76,23.1,,0.949,-0.1318,0.0963,https://cdn.cboe.com/api/global/delayed_quotes/options/SPY.json,0.0074,2005055.6459668798,0.0,2005055.6459668798,0.0020050556459668798,0.0,0.0020050556459668798
SPY,SPY260513P00715000,2026-05-13,3,put,715.0,1046.0,1299.0,0.1632,0.0074,0.29,0.3,,-0.0509,-0.1323,0.0964,https://cdn.cboe.com/api/global/delayed_quotes/options/SPY.json,0.0074,0.0,-4211422.09976176,-4211422.09976176,0.0,-0.00421142209976176,-0.00421142209976176
SPY,SPY260513C00716000,2026-05-13,3,call,716.0,458.0,8.0,0.16,0.0081,21.79,22.13,,0.944,-0.1406,0.1034,https://cdn.cboe.com/api/global/delayed_quotes/options/SPY.json,0.0081,2018440.0942711201,0.0,2018440.0942711201,0.0020184400942711202,0.0,0.0020184400942711202
SPY,SPY260513P00716000,2026-05-13,3,put,716.0,860.0,263.0,0.1606,0.0081,0.32,0.33,,-0.0559,-0.141,0.1034,https://cdn.cboe.com/api/global/delayed_quotes/options/SPY.json,0.0081,0.0,-3790084.0198103995,-3790084.0198103995,0.0,-0.0037900840198103994,-0.0037900840198103994
SPY,SPY260513C00717000,2026-05-13,3,call,717.0,372.0,21.0,0.157,0.0089,20.82,21.16,,0.9385,-0.1501,0.1111,https://cdn.cboe.com/api/global/delayed_quotes/options/SPY.json,0.0089,1801350.8717755198,0.0,1801350.8717755198,0.0018013508717755198,0.0,0.0018013508717755198
SPY,SPY260513P00717000,2026-05-13,3,put,717.0,531.0,467.0,0.1575,0.0089,0.35,0.36,,-0.0613,-0.1504,0.1109,https://cdn.cboe.com/api/global/delayed_quotes/options/SPY.json,0.0089,0.0,-2571283.09922796,-2571283.09922796,0.0,-0.00257128309922796,-0.00257128309922796
SPY,SPY260513C00718000,2026-05-13,3,call,718.0,216.0,44.0,0.1545,0.0097,19.86,20.2,,0.9324,-0.1601,0.1194,https://cdn.cboe.com/api/global/delayed_quotes/options/SPY.json,0.0097,1139963.2555708801,0.0,1139963.2555708801,0.0011399632555708801,0.0,0.0011399632555708801
SPY,SPY260513P00718000,2026-05-13,3,put,718.0,1615.0,1217.0,0.1543,0.0098,0.38,0.4,,-0.0677,-0.1604,0.1196,https://cdn.cboe.com/api/global/delayed_quotes/options/SPY.json,0.0098,0.0,-8611205.8256588,-8611205.8256588,0.0,-0.0086112058256588,-0.0086112058256588
SPY,SPY260513C00719000,2026-05-13,3,call,719.0,793.0,37.0,0.1517,0.0107,18.9,19.24,,0.9255,-0.1709,0.1283,https://cdn.cboe.com/api/global/delayed_quotes/options/SPY.json,0.0107,4616600.906760439,0.0,4616600.906760439,0.0046166009067604395,0.0,0.0046166009067604395
SPY,SPY260513P00719000,2026-05-13,3,put,719.0,815.0,180.0,0.1519,0.0107,0.43,0.44,,-0.0746,-0.1712,0.1285,https://cdn.cboe.com/api/global/delayed_quotes/options/SPY.json,0.0107,0.0,-4744678.1072002,-4744678.1072002,0.0,-0.0047446781072002,-0.0047446781072002
SPY,SPY260513C00720000,2026-05-13,3,call,720.0,1074.0,2696.0,0.1485,0.0117,17.95,18.29,,0.9178,-0.1823,0.1378,https://cdn.cboe.com/api/global/delayed_quotes/options/SPY.json,0.0117,6836841.48379752,0.0,6836841.48379752,0.00683684148379752,0.0,0.00683684148379752
SPY,SPY260513P00720000,2026-05-13,3,put,720.0,1210.0,3378.0,0.1491,0.0117,0.47,0.48,,-0.0819,-0.1823,0.1375,https://cdn.cboe.com/api/global/delayed_quotes/options/SPY.json,0.0117,0.0,-7702586.774110801,-7702586.774110801,0.0,-0.007702586774110801,-0.007702586774110801
SPY,SPY260513C00721000,2026-05-13,3,call,721.0,393.0,285.0,0.146,0.0129,16.99,17.33,,0.9092,-0.1944,0.148,https://cdn.cboe.com/api/global/delayed_quotes/options/SPY.json,0.0129,2758338.92552868,0.0,2758338.92552868,0.00275833892552868,0.0,0.00275833892552868
SPY,SPY260513P00721000,2026-05-13,3,put,721.0,1180.0,548.0,0.1459,0.0129,0.52,0.53,,-0.0909,-0.1949,0.1482,https://cdn.cboe.com/api/global/delayed_quotes/options/SPY.json,0.0129,0.0,-8282035.4506968,-8282035.4506968,0.0,-0.0082820354506968,-0.0082820354506968
SPY,SPY260513C00722000,2026-05-13,3,call,722.0,957.0,45.0,0.1431,0.0142,16.05,16.39,,0.8996,-0.2072,0.159,https://cdn.cboe.com/api/global/delayed_quotes/options/SPY.json,0.0142,7393765.11323736,0.0,7393765.11323736,0.00739376511323736,0.0,0.00739376511323736
SPY,SPY260513P00722000,2026-05-13,3,put,722.0,541.0,4708.0,0.1433,0.0142,0.58,0.59,,-0.1006,-0.2077,0.1593,https://cdn.cboe.com/api/global/delayed_quotes/options/SPY.json,0.0142,0.0,-4179756.4537736806,-4179756.4537736806,0.0,-0.004179756453773681,-0.004179756453773681
SPY,SPY260513C00723000,2026-05-13,3,call,723.0,839.0,50.0,0.1403,0.0155,15.12,15.46,,0.8888,-0.2207,0.1706,https://cdn.cboe.com/api/global/delayed_quotes/options/SPY.json,0.0155,7075530.8118898,0.0,7075530.8118898,0.0070755308118898,0.0,0.0070755308118898
SPY,SPY260513P00723000,2026-05-13,3,put,723.0,719.0,517.0,0.1406,0.0156,0.64,0.66,,-0.1114,-0.2213,0.1708,https://cdn.cboe.com/api/global/delayed_quotes/options/SPY.json,0.0156,0.0,-6102655.52681616,-6102655.52681616,0.0,-0.00610265552681616,-0.00610265552681616
SPY,SPY260513C00724000,2026-05-13,3,call,724.0,640.0,25.0,0.1377,0.017,14.19,14.53,,0.8767,-0.2348,0.1829,https://cdn.cboe.com/api/global/delayed_quotes/options/SPY.json,0.017,5919625.916672,0.0,5919625.916672,0.005919625916672,0.0,0.005919625916672
SPY,SPY260513P00724000,2026-05-13,3,put,724.0,879.0,707.0,0.1376,0.0171,0.71,0.73,,-0.1235,-0.2355,0.1832,https://cdn.cboe.com/api/global/delayed_quotes/options/SPY.json,0.0171,0.0,-8178061.138869961,-8178061.138869961,0.0,-0.008178061138869961,-0.008178061138869961
SPY,SPY260513C00725000,2026-05-13,3,call,725.0,1365.0,795.0,0.1348,0.0187,13.27,13.61,,0.8632,-0.2495,0.196,https://cdn.cboe.com/api/global/delayed_quotes/options/SPY.json,0.0187,13887997.3654422,0.0,13887997.3654422,0.0138879973654422,0.0,0.0138879973654422
SPY,SPY260513P00725000,2026-05-13,3,put,725.0,752.0,1797.0,0.135,0.0188,0.8,0.81,,-0.1371,-0.2503,0.1963,https://cdn.cboe.com/api/global/delayed_quotes/options/SPY.json,0.0188,0.0,-7692031.55878144,-7692031.55878144,0.0,-0.007692031558781441,-0.007692031558781441
SPY,SPY260513C00726000,2026-05-13,3,call,726.0,263.0,97.0,0.1324,0.0205,12.37,12.7,,0.848,-0.2648,0.2096,https://cdn.cboe.com/api/global/delayed_quotes/options/SPY.json,0.0205,2933424.9200126003,0.0,2933424.9200126003,0.0029334249200126004,0.0,0.0029334249200126004
SPY,SPY260513P00726000,2026-05-13,3,put,726.0,706.0,556.0,0.1324,0.0206,0.89,0.91,,-0.1523,-0.2657,0.2098,https://cdn.cboe.com/api/global/delayed_quotes/options/SPY.json,0.0206,0.0,-7912929.36412784,-7912929.36412784,0.0,-0.00791292936412784,-0.00791292936412784
SPY,SPY260513C00727000,2026-05-13,3,call,727.0,500.0,681.0,0.1299,0.0224,11.48,11.81,,0.8311,-0.2804,0.2238,https://cdn.cboe.com/api/global/delayed_quotes/options/SPY.json,0.0224,6093732.56128,0.0,6093732.56128,0.00609373256128,0.0,0.00609373256128
SPY,SPY260513P00727000,2026-05-13,3,put,727.0,918.0,3095.0,0.1298,0.0225,1.0,1.01,,-0.1693,-0.2815,0.2243,https://cdn.cboe.com/api/global/delayed_quotes/options/SPY.json,0.0225,0.0,-11238039.826181998,-11238039.826181998,0.0,-0.011238039826181998,-0.011238039826181998
SPY,SPY260513C00728000,2026-05-13,3,call,728.0,446.0,24.0,0.1271,0.0244,10.61,10.94,,0.8121,-0.2963,0.2386,https://cdn.cboe.com/api/global/delayed_quotes/options/SPY.json,0.0244,5920931.71650656,0.0,5920931.71650656,0.005920931716506561,0.0,0.005920931716506561
SPY,SPY260513P00728000,2026-05-13,3,put,728.0,792.0,1024.0,0.1271,0.0245,1.12,1.14,,-0.1884,-0.2976,0.2389,https://cdn.cboe.com/api/global/delayed_quotes/options/SPY.json,0.0245,0.0,-10557391.6624176,-10557391.6624176,0.0,-0.0105573916624176,-0.0105573916624176
SPY,SPY260513C00729000,2026-05-13,3,call,729.0,518.0,78.0,0.1248,0.0266,9.75,10.08,,0.791,-0.3122,0.2534,https://cdn.cboe.com/api/global/delayed_quotes/options/SPY.json,0.0266,7496814.483514719,0.0,7496814.483514719,0.007496814483514719,0.0,0.007496814483514719
SPY,SPY260513P00729000,2026-05-13,3,put,729.0,529.0,1835.0,0.1245,0.0267,1.26,1.28,,-0.2097,-0.3136,0.2539,https://cdn.cboe.com/api/global/delayed_quotes/options/SPY.json,0.0267,0.0,-7684795.25136492,-7684795.25136492,0.0,-0.0076847952513649205,-0.0076847952513649205
SPY,SPY260513C00730000,2026-05-13,3,call,730.0,698.0,562.0,0.1223,0.0288,8.91,9.24,,0.7674,-0.3278,0.2686,https://cdn.cboe.com/api/global/delayed_quotes/options/SPY.json,0.0288,10937379.414274558,0.0,10937379.414274558,0.010937379414274558,0.0,0.010937379414274558
SPY,SPY260513P00730000,2026-05-13,3,put,730.0,1930.0,5985.0,0.122,0.029,1.42,1.44,,-0.2334,-0.3295,0.269,https://cdn.cboe.com/api/global/delayed_quotes/options/SPY.json,0.029,0.0,-30452340.308468003,-30452340.308468003,0.0,-0.030452340308468002,-0.030452340308468002
SPY,SPY260513C00731000,2026-05-13,3,call,731.0,787.0,187.0,0.1199,0.0311,8.1,8.42,,0.7414,-0.3426,0.2833,https://cdn.cboe.com/api/global/delayed_quotes/options/SPY.json,0.0311,13316818.754475081,0.0,13316818.754475081,0.01331681875447508,0.0,0.01331681875447508
SPY,SPY260513P00731000,2026-05-13,3,put,731.0,659.0,1715.0,0.1198,0.0313,1.6,1.62,,-0.2596,-0.3445,0.2837,https://cdn.cboe.com/api/global/delayed_quotes/options/SPY.json,0.0313,0.0,-11222642.26979948,-11222642.26979948,0.0,-0.011222642269799481,-0.011222642269799481
SPY,SPY260513C00732000,2026-05-13,3,call,732.0,1182.0,1570.0,0.1189,0.0334,7.34,7.68,,0.7127,-0.3563,0.2976,https://cdn.cboe.com/api/global/delayed_quotes/options/SPY.json,0.0334,21479754.37859472,0.0,21479754.37859472,0.02147975437859472,0.0,0.02147975437859472
SPY,SPY260513P00732000,2026-05-13,3,put,732.0,546.0,1176.0,0.1174,0.0337,1.81,1.83,,-0.2885,-0.3585,0.298,https://cdn.cboe.com/api/global/delayed_quotes/options/SPY.json,0.0337,0.0,-10011240.881612882,-10011240.881612882,0.0,-0.010011240881612883,-0.010011240881612883
SPY,SPY260513C00733000,2026-05-13,3,call,733.0,658.0,261.0,0.1157,0.0357,6.56,6.88,,0.6813,-0.3682,0.3108,https://cdn.cboe.com/api/global/delayed_quotes/options/SPY.json,0.0357,12780842.33071464,0.0,12780842.33071464,0.012780842330714639,0.0,0.012780842330714639
SPY,SPY260513P00733000,2026-05-13,3,put,733.0,1192.0,1942.0,0.1152,0.036,2.05,2.08,,-0.3201,-0.3707,0.3111,https://cdn.cboe.com/api/global/delayed_quotes/options/SPY.json,0.036,0.0,-23347701.0419328,-23347701.0419328,0.0,-0.0233477010419328,-0.0233477010419328
SPY,SPY260513C00734000,2026-05-13,3,call,734.0,778.0,1242.0,0.1134,0.0378,5.88,6.1,,0.6472,-0.3779,0.3226,https://cdn.cboe.com/api/global/delayed_quotes/options/SPY.json,0.0378,16000618.27278096,0.0,16000618.27278096,0.01600061827278096,0.0,0.01600061827278096
SPY,SPY260513P00734000,2026-05-13,3,put,734.0,461.0,3180.0,0.1132,0.0382,2.33,2.35,,-0.3546,-0.3808,0.3229,https://cdn.cboe.com/api/global/delayed_quotes/options/SPY.json,0.0382,0.0,-9581415.10273688,-9581415.10273688,0.0,-0.00958141510273688,-0.00958141510273688
SPY,SPY260513C00735000,2026-05-13,3,call,735.0,1005.0,2307.0,0.1114,0.0398,5.19,5.41,,0.6105,-0.3845,0.3324,https://cdn.cboe.com/api/global/delayed_quotes/options/SPY.json,0.0398,21762786.492735602,0.0,21762786.492735602,0.0217627864927356,0.0,0.0217627864927356
SPY,SPY260513P00735000,2026-05-13,3,put,735.0,678.0,2911.0,0.1112,0.0402,2.64,2.67,,-0.3916,-0.3878,0.3325,https://cdn.cboe.com/api/global/delayed_quotes/options/SPY.json,0.0402,0.0,-14829315.82118064,-14829315.82118064,0.0,-0.01482931582118064,-0.01482931582118064
SPY,SPY260513C00736000,2026-05-13,3,call,736.0,672.0,1773.0,0.1095,0.0415,4.54,4.76,,0.5713,-0.3877,0.3396,https://cdn.cboe.com/api/global/delayed_quotes/options/SPY.json,0.0415,15173394.077587202,0.0,15173394.077587202,0.015173394077587202,0.0,0.015173394077587202
SPY,SPY260513P00736000,2026-05-13,3,put,736.0,378.0,4001.0,0.1091,0.0419,2.99,3.02,,-0.4312,-0.3914,0.3397,https://cdn.cboe.com/api/global/delayed_quotes/options/SPY.json,0.0419,0.0,-8617299.558220081,-8617299.558220081,0.0,-0.008617299558220081,-0.008617299558220081
SPY,SPY260513C00737000,2026-05-13,3,call,737.0,1365.0,4937.0,0.1072,0.0428,4.01,4.04,,0.53,-0.3867,0.3439,https://cdn.cboe.com/api/global/delayed_quotes/options/SPY.json,0.0428,31786432.4727768,0.0,31786432.4727768,0.0317864324727768,0.0,0.0317864324727768
SPY,SPY260513P00737000,2026-05-13,3,put,737.0,181.0,4767.0,0.1073,0.0432,3.38,3.41,,-0.473,-0.391,0.3435,https://cdn.cboe.com/api/global/delayed_quotes/options/SPY.json,0.0432,0.0,-4254295.86099648,-4254295.86099648,0.0,-0.00425429586099648,-0.00425429586099648
SPY,SPY260513C00738000,2026-05-13,3,call,738.0,1593.0,3708.0,0.1056,0.0436,3.45,3.47,,0.487,-0.3812,0.3446,https://cdn.cboe.com/api/global/delayed_quotes/options/SPY.json,0.0436,37789194.312249124,0.0,37789194.312249124,0.03778919431224913,0.0,0.03778919431224913
SPY,SPY260513P00738000,2026-05-13,3,put,738.0,131.0,2178.0,0.1054,0.0441,3.82,3.85,,-0.5166,-0.3859,0.3442,https://cdn.cboe.com/api/global/delayed_quotes/options/SPY.json,0.0441,0.0,-3143223.42676524,-3143223.42676524,0.0,-0.00314322342676524,-0.00314322342676524
SPY,SPY260513C00739000,2026-05-13,3,call,739.0,774.0,2077.0,0.1038,0.0439,2.93,2.96,,0.4428,-0.371,0.3416,https://cdn.cboe.com/api/global/delayed_quotes/options/SPY.json,0.0439,18487187.60774184,0.0,18487187.60774184,0.01848718760774184,0.0,0.01848718760774184
SPY,SPY260513P00739000,2026-05-13,3,put,739.0,82.0,1483.0,0.1034,0.0445,4.28,4.35,,-0.5616,-0.3762,0.3403,https://cdn.cboe.com/api/global/delayed_quotes/options/SPY.json,0.0445,0.0,-1985359.8317955998,-1985359.8317955998,0.0,-0.0019853598317955998,-0.0019853598317955998
SPY,SPY260513C00740000,2026-05-13,3,call,740.0,2385.0,4906.0,0.1022,0.0435,2.46,2.49,,0.398,-0.3559,0.3344,https://cdn.cboe.com/api/global/delayed_quotes/options/SPY.json,0.0435,56447278.473338984,0.0,56447278.473338984,0.05644727847333898,0.0,0.05644727847333898
SPY,SPY260513P00740000,2026-05-13,3,put,740.0,795.0,976.0,0.1018,0.0442,4.8,4.89,,-0.6071,-0.3616,0.3323,https://cdn.cboe.com/api/global/delayed_quotes/options/SPY.json,0.0442,0.0,-19118541.827751603,-19118541.827751603,0.0,-0.019118541827751603,-0.019118541827751603
SPY,SPY260513C00741000,2026-05-13,3,call,741.0,1362.0,2710.0,0.1006,0.0426,2.04,2.06,,0.3533,-0.3362,0.3231,https://cdn.cboe.com/api/global/delayed_quotes/options/SPY.json,0.0426,31568363.90040528,0.0,31568363.90040528,0.03156836390040528,0.0,0.03156836390040528
SPY,SPY260513P00741000,2026-05-13,3,put,741.0,179.0,20.0,0.1001,0.0433,5.31,5.54,,-0.6526,-0.3422,0.321,https://cdn.cboe.com/api/global/delayed_quotes/options/SPY.json,0.0433,0.0,-4217026.157385079,-4217026.157385079,0.0,-0.004217026157385079,-0.004217026157385079
SPY,SPY260513C00742000,2026-05-13,3,call,742.0,2336.0,3200.0,0.0993,0.0409,1.67,1.69,,0.3096,-0.3126,0.3079,https://cdn.cboe.com/api/global/delayed_quotes/options/SPY.json,0.0409,51983020.88061056,0.0,51983020.88061056,0.05198302088061056,0.0,0.05198302088061056
SPY,SPY260513P00742000,2026-05-13,3,put,742.0,133.0,116.0,0.0984,0.0416,5.95,6.16,,-0.6972,-0.3187,0.3037,https://cdn.cboe.com/api/global/delayed_quotes/options/SPY.json,0.0416,0.0,-3010303.88527232,-3010303.88527232,0.0,-0.00301030388527232,-0.00301030388527232
SPY,SPY260513C00743000,2026-05-13,3,call,743.0,799.0,2342.0,0.0978,0.0387,1.35,1.37,,0.2675,-0.2856,0.289,https://cdn.cboe.com/api/global/delayed_quotes/options/SPY.json,0.0387,16823761.84349172,0.0,16823761.84349172,0.016823761843491717,0.0,0.016823761843491717
SPY,SPY260513P00743000,2026-05-13,3,put,743.0,66.0,35.0,0.0966,0.0394,6.57,6.89,,-0.7401,-0.2917,0.2838,https://cdn.cboe.com/api/global/delayed_quotes/options/SPY.json,0.0394,0.0,-1414834.1207457602,-1414834.1207457602,0.0,-0.0014148341207457602,-0.0014148341207457602
SPY,SPY260513C00744000,2026-05-13,3,call,744.0,394.0,2083.0,0.0968,0.0359,1.08,1.1,,0.2279,-0.2564,0.2673,https://cdn.cboe.com/api/global/delayed_quotes/options/SPY.json,0.0359,7695840.14163224,0.0,7695840.14163224,0.0076958401416322405,0.0,0.0076958401416322405
SPY,SPY260513P00744000,2026-05-13,3,put,744.0,50.0,112.0,0.0948,0.0366,7.3,7.6,,-0.7805,-0.2621,0.2618,https://cdn.cboe.com/api/global/delayed_quotes/options/SPY.json,0.0366,0.0,-995672.373852,-995672.373852,0.0,-0.0009956723738519999,-0.0009956723738519999
SPY,SPY260513C00745000,2026-05-13,3,call,745.0,256.0,1552.0,0.0958,0.0328,0.85,0.87,,0.1914,-0.226,0.2434,https://cdn.cboe.com/api/global/delayed_quotes/options/SPY.json,0.0328,4568558.35451392,0.0,4568558.35451392,0.00456855835451392,0.0,0.00456855835451392
SPY,SPY260513P00745000,2026-05-13,3,put,745.0,54.0,1075.0,0.0938,0.0333,8.07,8.4,,-0.8178,-0.2308,0.2352,https://cdn.cboe.com/api/global/delayed_quotes/options/SPY.json,0.0333,0.0,-978370.5260440802,-978370.5260440802,0.0,-0.0009783705260440801,-0.0009783705260440801
SPY,SPY260513C00746000,2026-05-13,3,call,746.0,1522.0,1472.0,0.0949,0.0293,0.66,0.68,,0.1584,-0.1956,0.218,https://cdn.cboe.com/api/global/delayed_quotes/options/SPY.json,0.0293,24263175.54261224,0.0,24263175.54261224,0.02426317554261224,0.0,0.02426317554261224
SPY,SPY260513P00746000,2026-05-13,3,put,746.0,9.0,804.0,0.0922,0.0297,8.89,9.21,,-0.8514,-0.199,0.2082,https://cdn.cboe.com/api/global/delayed_quotes/options/SPY.json,0.0297,0.0,-145433.45657411998,-145433.45657411998,0.0,-0.00014543345657411997,-0.00014543345657411997
SPY,SPY260513C00747000,2026-05-13,3,call,747.0,1529.0,2220.0,0.0941,0.0258,0.51,0.52,,0.1292,-0.1664,0.1924,https://cdn.cboe.com/api/global/delayed_quotes/options/SPY.json,0.0258,21463105.430704083,0.0,21463105.430704083,0.021463105430704083,0.0,0.021463105430704083
SPY,SPY260513C00748000,2026-05-13,3,call,748.0,1574.0,2119.0,0.0934,0.0222,0.38,0.4,,0.104,-0.1391,0.1674,https://cdn.cboe.com/api/global/delayed_quotes/options/SPY.json,0.0222,19011792.69127632,0.0,19011792.69127632,0.01901179269127632,0.0,0.01901179269127632
SPY,SPY260513P00748000,2026-05-13,3,put,748.0,1.0,194.0,0.089,0.0222,10.61,10.97,,-0.9063,-0.1391,0.1554,https://cdn.cboe.com/api/global/delayed_quotes/options/SPY.json,0.0222,0.0,-12078.648469680002,-12078.648469680002,0.0,-1.207864846968e-05,-1.207864846968e-05
SPY,SPY260513C00749000,2026-05-13,3,call,749.0,1193.0,1205.0,0.093,0.0188,0.29,0.3,,0.0828,-0.1147,0.1435,https://cdn.cboe.com/api/global/delayed_quotes/options/SPY.json,0.0188,12202917.087268962,0.0,12202917.087268962,0.012202917087268962,0.0,0.012202917087268962
SPY,SPY260513C00750000,2026-05-13,3,call,750.0,1073.0,2568.0,0.0932,0.0158,0.22,0.23,,0.0653,-0.0934,0.1217,https://cdn.cboe.com/api/global/delayed_quotes/options/SPY.json,0.0158,9224061.214678962,0.0,9224061.214678962,0.009224061214678963,0.0,0.009224061214678963
SPY,SPY260513P00750000,2026-05-13,3,put,750.0,3.0,234.0,0.0855,0.0152,12.46,12.82,,-0.9444,-0.0892,0.1078,https://cdn.cboe.com/api/global/delayed_quotes/options/SPY.json,0.0152,0.0,-24810.19685664,-24810.19685664,0.0,-2.481019685664e-05,-2.481019685664e-05
SPY,SPY260513C00755000,2026-05-13,3,call,755.0,2727.0,3322.0,0.0976,0.0058,0.06,0.07,,0.0201,-0.033,0.0505,https://cdn.cboe.com/api/global/delayed_quotes/options/SPY.json,0.0058,8605547.35970904,0.0,8605547.35970904,0.00860554735970904,0.0,0.00860554735970904
SPY,SPY260513C00760000,2026-05-13,3,call,760.0,678.0,444.0,0.1061,0.0026,0.02,0.03,,0.0092,-0.0173,0.0266,https://cdn.cboe.com/api/global/delayed_quotes/options/SPY.json,0.0026,959109.9784843201,0.0,959109.9784843201,0.0009591099784843201,0.0,0.0009591099784843201
SPY,SPY260513C00765000,2026-05-13,3,call,765.0,852.0,235.0,0.1197,0.0016,0.01,0.02,,0.0059,-0.0129,0.018,https://cdn.cboe.com/api/global/delayed_quotes/options/SPY.json,0.0016,741694.3060300798,0.0,741694.3060300798,0.0007416943060300798,0.0,0.0007416943060300798
SPY,SPY260513C00770000,2026-05-13,3,call,770.0,353.0,37.0,0.1384,0.0011,0.01,0.02,,0.0044,-0.0109,0.0137,https://cdn.cboe.com/api/global/delayed_quotes/options/SPY.json,0.0011,211267.53156652005,0.0,211267.53156652005,0.00021126753156652006,0.0,0.00021126753156652006
SPY,SPY260513C00775000,2026-05-13,3,call,775.0,145.0,6.0,0.1572,0.0008,0.01,0.02,,0.0036,-0.0099,0.0112,https://cdn.cboe.com/api/global/delayed_quotes/options/SPY.json,0.0008,63113.65867040001,0.0,63113.65867040001,6.31136586704e-05,0.0,6.31136586704e-05
SPY,SPY260513C00780000,2026-05-13,3,call,780.0,228.0,5.0,0.1755,0.0006,0.01,0.02,,0.003,-0.0092,0.0094,https://cdn.cboe.com/api/global/delayed_quotes/options/SPY.json,0.0006,74430.59056992,0.0,74430.59056992,7.443059056992e-05,0.0,7.443059056992e-05
SPY,SPY260513C00785000,2026-05-13,3,call,785.0,1002.0,185.0,0.175,0.0005,0.0,0.01,,0.0025,-0.0085,0.008,https://cdn.cboe.com/api/global/delayed_quotes/options/SPY.json,0.0005,272585.7154644,0.0,272585.7154644,0.0002725857154644,0.0,0.0002725857154644
SPY,SPY260513C00790000,2026-05-13,3,call,790.0,329.0,237.0,0.1915,0.0004,0.0,0.01,,0.0022,-0.0079,0.0069,https://cdn.cboe.com/api/global/delayed_quotes/options/SPY.json,0.0004,71601.35759504,0.0,71601.35759504,7.160135759504e-05,0.0,7.160135759504e-05
SPY,SPY260513C00795000,2026-05-13,3,call,795.0,52.0,524.0,0.2076,0.0003,0.0,0.01,,0.0019,-0.0074,0.006,https://cdn.cboe.com/api/global/delayed_quotes/options/SPY.json,0.0003,8487.698924639999,0.0,8487.698924639999,8.48769892464e-06,0.0,8.48769892464e-06
SPY,SPY260513C00950000,2026-05-13,3,call,950.0,1.0,0.0,0.6365,0.0,0.0,0.01,,0.0001,-0.0005,0.0002,https://cdn.cboe.com/api/global/delayed_quotes/options/SPY.json,0.0,0.0,0.0,0.0,0.0,0.0,0.0
SPY,SPY260514P00500000,2026-05-14,4,put,500.0,30.0,0.0,0.8872,0.0,0.0,0.01,,-0.0001,-0.0013,0.0004,https://cdn.cboe.com/api/global/delayed_quotes/options/SPY.json,0.0,0.0,-0.0,0.0,0.0,-0.0,0.0
SPY,SPY260514P00510000,2026-05-14,4,put,510.0,15.0,0.0,0.8444,0.0,0.0,0.01,,-0.0001,-0.0017,0.0005,https://cdn.cboe.com/api/global/delayed_quotes/options/SPY.json,0.0,0.0,-0.0,0.0,0.0,-0.0,0.0
SPY,SPY260514P00515000,2026-05-14,4,put,515.0,100.0,0.0,0.8234,0.0,0.0,0.01,,-0.0001,-0.002,0.0005,https://cdn.cboe.com/api/global/delayed_quotes/options/SPY.json,0.0,0.0,-0.0,0.0,0.0,-0.0,0.0
SPY,SPY260514P00535000,2026-05-14,4,put,535.0,396.0,0.0,0.7408,0.0,0.0,0.01,,-0.0002,-0.0032,0.0009,https://cdn.cboe.com/api/global/delayed_quotes/options/SPY.json,0.0,0.0,-0.0,0.0,0.0,-0.0,0.0
SPY,SPY260514P00540000,2026-05-14,4,put,540.0,495.0,0.0,0.7206,0.0,0.0,0.01,,-0.0003,-0.0036,0.001,https://cdn.cboe.com/api/global/delayed_quotes/options/SPY.json,0.0,0.0,-0.0,0.0,0.0,-0.0,0.0
SPY,SPY260514P00545000,2026-05-14,4,put,545.0,11.0,0.0,0.7005,0.0,0.0,0.01,,-0.0003,-0.004,0.0012,https://cdn.cboe.com/api/global/delayed_quotes/options/SPY.json,0.0,0.0,-0.0,0.0,0.0,-0.0,0.0
SPY,SPY260514P00550000,2026-05-14,4,put,550.0,181.0,0.0,0.6806,0.0,0.0,0.01,,-0.0004,-0.0045,0.0013,https://cdn.cboe.com/api/global/delayed_quotes/options/SPY.json,0.0,0.0,-0.0,0.0,0.0,-0.0,0.0
SPY,SPY260514P00560000,2026-05-14,4,put,560.0,60.0,0.0,0.6413,0.0,0.0,0.01,,-0.0005,-0.0055,0.0016,https://cdn.cboe.com/api/global/delayed_quotes/options/SPY.json,0.0,0.0,-0.0,0.0,0.0,-0.0,0.0
SPY,SPY260514P00565000,2026-05-14,4,put,565.0,62.0,0.0,0.6219,0.0,0.0,0.01,,-0.0005,-0.0061,0.0018,https://cdn.cboe.com/api/global/delayed_quotes/options/SPY.json,0.0,0.0,-0.0,0.0,0.0,-0.0,0.0
SPY,SPY260514P00570000,2026-05-14,4,put,570.0,1.0,0.0,0.6026,0.0,0.0,0.01,,-0.0006,-0.0067,0.002,https://cdn.cboe.com/api/global/delayed_quotes/options/SPY.json,0.0,0.0,-0.0,0.0,0.0,-0.0,0.0
SPY,SPY260514C00575000,2026-05-14,4,call,575.0,1.0,0.0,0.0,0.0,161.24,164.05,,0.9992,-0.0074,0.0023,https://cdn.cboe.com/api/global/delayed_quotes/options/SPY.json,0.0,0.0,0.0,0.0,0.0,0.0,0.0
SPY,SPY260514P00575000,2026-05-14,4,put,575.0,174.0,10.0,0.6342,0.0,0.01,0.02,,-0.0007,-0.0073,0.0023,https://cdn.cboe.com/api/global/delayed_quotes/options/SPY.json,0.0,0.0,-0.0,0.0,0.0,-0.0,0.0
SPY,SPY260514C00580000,2026-05-14,4,call,580.0,5.0,0.0,0.5728,0.0,156.24,159.05,,0.9992,-0.0081,0.0026,https://cdn.cboe.com/api/global/delayed_quotes/options/SPY.json,0.0,0.0,0.0,0.0,0.0,0.0,0.0
SPY,SPY260514P00580000,2026-05-14,4,put,580.0,60.0,62.0,0.6138,0.0,0.01,0.02,,-0.0008,-0.008,0.0025,https://cdn.cboe.com/api/global/delayed_quotes/options/SPY.json,0.0,0.0,-0.0,0.0,0.0,-0.0,0.0
SPY,SPY260514P00585000,2026-05-14,4,put,585.0,217.0,61.0,0.5935,0.0,0.01,0.02,,-0.0009,-0.0088,0.0028,https://cdn.cboe.com/api/global/delayed_quotes/options/SPY.json,0.0,0.0,-0.0,0.0,0.0,-0.0,0.0
SPY,SPY260514P00590000,2026-05-14,4,put,590.0,85.0,60.0,0.5733,0.0001,0.01,0.02,,-0.001,-0.0096,0.0032,https://cdn.cboe.com/api/global/delayed_quotes/options/SPY.json,0.0001,0.0,-4624.707747400001,-4624.707747400001,0.0,-4.6247077474000005e-06,-4.6247077474000005e-06
SPY,SPY260514P00595000,2026-05-14,4,put,595.0,205.0,120.0,0.5532,0.0001,0.01,0.02,,-0.0011,-0.0105,0.0035,https://cdn.cboe.com/api/global/delayed_quotes/options/SPY.json,0.0001,0.0,-11153.706920200002,-11153.706920200002,0.0,-1.1153706920200002e-05,-1.1153706920200002e-05
SPY,SPY260514P00600000,2026-05-14,4,put,600.0,300.0,0.0,0.5332,0.0001,0.01,0.02,,-0.0012,-0.0114,0.0039,https://cdn.cboe.com/api/global/delayed_quotes/options/SPY.json,0.0001,0.0,-16322.497932000002,-16322.497932000002,0.0,-1.6322497932e-05,-1.6322497932e-05
SPY,SPY260514P00605000,2026-05-14,4,put,605.0,164.0,0.0,0.5134,0.0001,0.01,0.02,,-0.0013,-0.0122,0.0043,https://cdn.cboe.com/api/global/delayed_quotes/options/SPY.json,0.0001,0.0,-8922.96553616,-8922.96553616,0.0,-8.92296553616e-06,-8.92296553616e-06
SPY,SPY260514P00610000,2026-05-14,4,put,610.0,61.0,0.0,0.4934,0.0001,0.01,0.02,,-0.0015,-0.0132,0.0048,https://cdn.cboe.com/api/global/delayed_quotes/options/SPY.json,0.0001,0.0,-3318.90791284,-3318.90791284,0.0,-3.31890791284e-06,-3.31890791284e-06
SPY,SPY260514P00615000,2026-05-14,4,put,615.0,252.0,0.0,0.474,0.0001,0.01,0.02,,-0.0017,-0.0144,0.0053,https://cdn.cboe.com/api/global/delayed_quotes/options/SPY.json,0.0001,0.0,-13710.89826288,-13710.89826288,0.0,-1.371089826288e-05,-1.371089826288e-05
SPY,SPY260514P00620000,2026-05-14,4,put,620.0,2.0,0.0,0.4755,0.0001,0.02,0.03,,-0.0019,-0.0154,0.0058,https://cdn.cboe.com/api/global/delayed_quotes/options/SPY.json,0.0001,0.0,-108.81665288,-108.81665288,0.0,-1.0881665288000001e-07,-1.0881665288000001e-07
SPY,SPY260514P00625000,2026-05-14,4,put,625.0,120.0,31.0,0.4551,0.0001,0.02,0.03,,-0.0021,-0.0165,0.0064,https://cdn.cboe.com/api/global/delayed_quotes/options/SPY.json,0.0001,0.0,-6528.9991727999995,-6528.9991727999995,0.0,-6.528999172799999e-06,-6.528999172799999e-06
SPY,SPY260514P00630000,2026-05-14,4,put,630.0,128.0,122.0,0.4354,0.0002,0.02,0.03,,-0.0023,-0.0178,0.0072,https://cdn.cboe.com/api/global/delayed_quotes/options/SPY.json,0.0002,0.0,-13928.53156864,-13928.53156864,0.0,-1.3928531568640001e-05,-1.3928531568640001e-05
SPY,SPY260514P00635000,2026-05-14,4,put,635.0,61.0,144.0,0.4155,0.0002,0.02,0.03,,-0.0026,-0.0191,0.0079,https://cdn.cboe.com/api/global/delayed_quotes/options/SPY.json,0.0002,0.0,-6637.81582568,-6637.81582568,0.0,-6.63781582568e-06,-6.63781582568e-06
SPY,SPY260514P00640000,2026-05-14,4,put,640.0,110.0,0.0,0.3952,0.0002,0.02,0.03,,-0.0029,-0.0204,0.0088,https://cdn.cboe.com/api/global/delayed_quotes/options/SPY.json,0.0002,0.0,-11969.831816800002,-11969.831816800002,0.0,-1.1969831816800002e-05,-1.1969831816800002e-05
SPY,SPY260514P00645000,2026-05-14,4,put,645.0,206.0,71.0,0.3755,0.0003,0.02,0.03,,-0.0032,-0.0219,0.0098,https://cdn.cboe.com/api/global/delayed_quotes/options/SPY.json,0.0003,0.0,-33624.34573992,-33624.34573992,0.0,-3.362434573992e-05,-3.362434573992e-05
SPY,SPY260514C00650000,2026-05-14,4,call,650.0,5.0,0.0,0.3401,0.0003,86.29,89.1,,0.9963,-0.0236,0.0109,https://cdn.cboe.com/api/global/delayed_quotes/options/SPY.json,0.0003,816.1248965999999,0.0,816.1248965999999,8.161248965999999e-07,0.0,8.161248965999999e-07
SPY,SPY260514P00650000,2026-05-14,4,put,650.0,264.0,3.0,0.3677,0.0003,0.03,0.04,,-0.0037,-0.0236,0.0109,https://cdn.cboe.com/api/global/delayed_quotes/options/SPY.json,0.0003,0.0,-43091.394540479996,-43091.394540479996,0.0,-4.3091394540479996e-05,-4.3091394540479996e-05
SPY,SPY260514P00655000,2026-05-14,4,put,655.0,181.0,39.0,0.3475,0.0004,0.03,0.04,,-0.0041,-0.0254,0.0122,https://cdn.cboe.com/api/global/delayed_quotes/options/SPY.json,0.0004,0.0,-39391.62834256,-39391.62834256,0.0,-3.939162834256e-05,-3.939162834256e-05
SPY,SPY260514C00660000,2026-05-14,4,call,660.0,6.0,0.0,0.3112,0.0004,76.31,79.12,,0.9952,-0.0274,0.0138,https://cdn.cboe.com/api/global/delayed_quotes/options/SPY.json,0.0004,1305.7998345600001,0.0,1305.7998345600001,1.30579983456e-06,0.0,1.30579983456e-06
SPY,SPY260514P00660000,2026-05-14,4,put,660.0,660.0,22.0,0.3365,0.0004,0.04,0.05,,-0.0047,-0.0274,0.0138,https://cdn.cboe.com/api/global/delayed_quotes/options/SPY.json,0.0004,0.0,-143637.98180160002,-143637.98180160002,0.0,-0.00014363798180160001,-0.00014363798180160001
SPY,SPY260514C00665000,2026-05-14,4,call,665.0,5.0,0.0,0.3062,0.0005,71.31,74.13,,0.9945,-0.0298,0.0156,https://cdn.cboe.com/api/global/delayed_quotes/options/SPY.json,0.0005,1360.208161,0.0,1360.208161,1.360208161e-06,0.0,1.360208161e-06
SPY,SPY260514P00665000,2026-05-14,4,put,665.0,133.0,20.0,0.316,0.0005,0.04,0.05,,-0.0054,-0.0297,0.0156,https://cdn.cboe.com/api/global/delayed_quotes/options/SPY.json,0.0005,0.0,-36181.5370826,-36181.5370826,0.0,-3.61815370826e-05,-3.61815370826e-05
SPY,SPY260514C00670000,2026-05-14,4,call,670.0,3.0,2.0,0.2926,0.0006,66.32,69.14,,0.9937,-0.0325,0.0179,https://cdn.cboe.com/api/global/delayed_quotes/options/SPY.json,0.0006,979.3498759199999,0.0,979.3498759199999,9.7934987592e-07,0.0,9.7934987592e-07
SPY,SPY260514P00670000,2026-05-14,4,put,670.0,204.0,27.0,0.3022,0.0006,0.05,0.06,,-0.0062,-0.0323,0.0178,https://cdn.cboe.com/api/global/delayed_quotes/options/SPY.json,0.0006,0.0,-66595.79156256,-66595.79156256,0.0,-6.659579156256e-05,-6.659579156256e-05
SPY,SPY260514C00675000,2026-05-14,4,call,675.0,1.0,2.0,0.2742,0.0008,61.33,64.15,,0.9926,-0.0359,0.0206,https://cdn.cboe.com/api/global/delayed_quotes/options/SPY.json,0.0008,435.26661152,0.0,435.26661152,4.3526661152000003e-07,0.0,4.3526661152000003e-07
SPY,SPY260514P00675000,2026-05-14,4,put,675.0,200.0,2.0,0.2869,0.0007,0.06,0.07,,-0.0073,-0.0356,0.0205,https://cdn.cboe.com/api/global/delayed_quotes/options/SPY.json,0.0007,0.0,-76171.65701599998,-76171.65701599998,0.0,-7.617165701599998e-05,-7.617165701599998e-05
SPY,SPY260514P00676000,2026-05-14,4,put,676.0,174.0,0.0,0.2826,0.0008,0.06,0.07,,-0.0076,-0.0363,0.0211,https://cdn.cboe.com/api/global/delayed_quotes/options/SPY.json,0.0008,0.0,-75736.39040448001,-75736.39040448001,0.0,-7.573639040448002e-05,-7.573639040448002e-05
SPY,SPY260514P00677000,2026-05-14,4,put,677.0,346.0,0.0,0.2784,0.0008,0.06,0.07,,-0.0078,-0.0371,0.0218,https://cdn.cboe.com/api/global/delayed_quotes/options/SPY.json,0.0008,0.0,-150602.24758592,-150602.24758592,0.0,-0.00015060224758592,-0.00015060224758592
SPY,SPY260514P00678000,2026-05-14,4,put,678.0,102.0,1.0,0.2741,0.0008,0.06,0.07,,-0.0081,-0.0381,0.0226,https://cdn.cboe.com/api/global/delayed_quotes/options/SPY.json,0.0008,0.0,-44397.19437504,-44397.19437504,0.0,-4.4397194375040005e-05,-4.4397194375040005e-05
SPY,SPY260514P00679000,2026-05-14,4,put,679.0,204.0,2.0,0.2746,0.0009,0.07,0.08,,-0.0084,-0.039,0.0234,https://cdn.cboe.com/api/global/delayed_quotes/options/SPY.json,0.0009,0.0,-99893.68734384,-99893.68734384,0.0,-9.989368734384001e-05,-9.989368734384001e-05
SPY,SPY260514C00680000,2026-05-14,4,call,680.0,3.0,10.0,0.2639,0.0009,56.35,59.16,,0.9911,-0.04,0.0242,https://cdn.cboe.com/api/global/delayed_quotes/options/SPY.json,0.0009,1469.0248138800002,0.0,1469.0248138800002,1.4690248138800003e-06,0.0,1.4690248138800003e-06
SPY,SPY260514P00680000,2026-05-14,4,put,680.0,409.0,290.0,0.2703,0.0009,0.07,0.08,,-0.0088,-0.0398,0.0241,https://cdn.cboe.com/api/global/delayed_quotes/options/SPY.json,0.0009,0.0,-200277.04962563995,-200277.04962563995,0.0,-0.00020027704962563995,-0.00020027704962563995
SPY,SPY260514C00681000,2026-05-14,4,call,681.0,1.0,0.0,0.2544,0.001,55.35,58.16,,0.9908,-0.041,0.025,https://cdn.cboe.com/api/global/delayed_quotes/options/SPY.json,0.001,544.0832644000001,0.0,544.0832644000001,5.440832644000001e-07,0.0,5.440832644000001e-07
SPY,SPY260514P00681000,2026-05-14,4,put,681.0,114.0,5.0,0.2661,0.001,0.07,0.08,,-0.0092,-0.0412,0.0251,https://cdn.cboe.com/api/global/delayed_quotes/options/SPY.json,0.001,0.0,-62025.4921416,-62025.4921416,0.0,-6.20254921416e-05,-6.20254921416e-05
SPY,SPY260514P00682000,2026-05-14,4,put,682.0,331.0,0.0,0.2618,0.001,0.07,0.08,,-0.0095,-0.0422,0.026,https://cdn.cboe.com/api/global/delayed_quotes/options/SPY.json,0.001,0.0,-180091.5605164,-180091.5605164,0.0,-0.0001800915605164,-0.0001800915605164
SPY,SPY260514P00683000,2026-05-14,4,put,683.0,129.0,0.0,0.2615,0.0011,0.08,0.09,,-0.0098,-0.0429,0.0267,https://cdn.cboe.com/api/global/delayed_quotes/options/SPY.json,0.0011,0.0,-77205.41521836,-77205.41521836,0.0,-7.720541521836e-05,-7.720541521836e-05
SPY,SPY260514C00684000,2026-05-14,4,call,684.0,2.0,0.0,0.2508,0.0011,52.35,55.17,,0.9896,-0.0442,0.0278,https://cdn.cboe.com/api/global/delayed_quotes/options/SPY.json,0.0011,1196.98318168,0.0,1196.98318168,1.19698318168e-06,0.0,1.19698318168e-06
SPY,SPY260514P00684000,2026-05-14,4,put,684.0,130.0,1.0,0.2573,0.0011,0.08,0.09,,-0.0102,-0.0441,0.0277,https://cdn.cboe.com/api/global/delayed_quotes/options/SPY.json,0.0011,0.0,-77803.90680920001,-77803.90680920001,0.0,-7.780390680920001e-05,-7.780390680920001e-05
SPY,SPY260514C00685000,2026-05-14,4,call,685.0,10.0,0.0,0.2525,0.0012,51.36,54.17,,0.9892,-0.0454,0.0288,https://cdn.cboe.com/api/global/delayed_quotes/options/SPY.json,0.0012,6528.9991727999995,0.0,6528.9991727999995,6.528999172799999e-06,0.0,6.528999172799999e-06
SPY,SPY260514P00685000,2026-05-14,4,put,685.0,2200.0,35.0,0.253,0.0012,0.08,0.09,,-0.0107,-0.0453,0.0287,https://cdn.cboe.com/api/global/delayed_quotes/options/SPY.json,0.0012,0.0,-1436379.8180159999,-1436379.8180159999,0.0,-0.0014363798180159998,-0.0014363798180159998
SPY,SPY260514P00686000,2026-05-14,4,put,686.0,686.0,1.0,0.2486,0.0012,0.08,0.09,,-0.0111,-0.0465,0.0298,https://cdn.cboe.com/api/global/delayed_quotes/options/SPY.json,0.0012,0.0,-447889.34325408,-447889.34325408,0.0,-0.00044788934325408,-0.00044788934325408
SPY,SPY260514P00687000,2026-05-14,4,put,687.0,91.0,80.0,0.2478,0.0013,0.09,0.1,,-0.0116,-0.0479,0.0309,https://cdn.cboe.com/api/global/delayed_quotes/options/SPY.json,0.0013,0.0,-64365.05017851999,-64365.05017851999,0.0,-6.436505017851999e-05,-6.436505017851999e-05
SPY,SPY260514C00688000,2026-05-14,4,call,688.0,5.0,1.0,0.2371,0.0014,48.37,51.18,,0.9877,-0.0495,0.0323,https://cdn.cboe.com/api/global/delayed_quotes/options/SPY.json,0.0014,3808.5828508,0.0,3808.5828508,3.8085828508e-06,0.0,3.8085828508e-06
SPY,SPY260514P00688000,2026-05-14,4,put,688.0,34.0,28.0,0.2434,0.0014,0.09,0.1,,-0.0122,-0.0493,0.0321,https://cdn.cboe.com/api/global/delayed_quotes/options/SPY.json,0.0014,0.0,-25898.36338544,-25898.36338544,0.0,-2.589836338544e-05,-2.589836338544e-05
SPY,SPY260514P00689000,2026-05-14,4,put,689.0,142.0,6.0,0.239,0.0014,0.09,0.1,,-0.0127,-0.0508,0.0334,https://cdn.cboe.com/api/global/delayed_quotes/options/SPY.json,0.0014,0.0,-108163.75296271998,-108163.75296271998,0.0,-0.00010816375296271998,-0.00010816375296271998
SPY,SPY260514C00690000,2026-05-14,4,call,690.0,19.0,0.0,0.2283,0.0015,46.38,49.19,,0.9865,-0.0526,0.035,https://cdn.cboe.com/api/global/delayed_quotes/options/SPY.json,0.0015,15506.3730354,0.0,15506.3730354,1.55063730354e-05,0.0,1.55063730354e-05
SPY,SPY260514P00690000,2026-05-14,4,put,690.0,2378.0,38.0,0.2377,0.0015,0.1,0.11,,-0.0134,-0.0528,0.0351,https://cdn.cboe.com/api/global/delayed_quotes/options/SPY.json,0.0015,0.0,-1940745.0041148001,-1940745.0041148001,0.0,-0.0019407450041148,-0.0019407450041148
SPY,SPY260514C00691000,2026-05-14,4,call,691.0,2.0,1.0,0.2272,0.0016,45.38,48.2,,0.9858,-0.0544,0.0366,https://cdn.cboe.com/api/global/delayed_quotes/options/SPY.json,0.0016,1741.06644608,0.0,1741.06644608,1.7410664460800001e-06,0.0,1.7410664460800001e-06
SPY,SPY260514P00691000,2026-05-14,4,put,691.0,238.0,71.0,0.2332,0.0016,0.1,0.11,,-0.0141,-0.0546,0.0366,https://cdn.cboe.com/api/global/delayed_quotes/options/SPY.json,0.0016,0.0,-207186.90708352003,-207186.90708352003,0.0,-0.00020718690708352002,-0.00020718690708352002
SPY,SPY260514P00692000,2026-05-14,4,put,692.0,47.0,3.0,0.2317,0.0017,0.1,0.12,,-0.0148,-0.0564,0.0382,https://cdn.cboe.com/api/global/delayed_quotes/options/SPY.json,0.0017,0.0,-43472.252825560005,-43472.252825560005,0.0,-4.347225282556001e-05,-4.347225282556001e-05
SPY,SPY260514C00693000,2026-05-14,4,call,693.0,1.0,0.0,0.2213,0.0018,43.39,46.21,,0.9843,-0.0582,0.0399,https://cdn.cboe.com/api/global/delayed_quotes/options/SPY.json,0.0018,979.3498759199999,0.0,979.3498759199999,9.7934987592e-07,0.0,9.7934987592e-07
SPY,SPY260514P00693000,2026-05-14,4,put,693.0,447.0,556.0,0.2272,0.0018,0.11,0.12,,-0.0156,-0.0583,0.0399,https://cdn.cboe.com/api/global/delayed_quotes/options/SPY.json,0.0018,0.0,-437769.39453623997,-437769.39453623997,0.0,-0.00043776939453623996,-0.00043776939453623996
SPY,SPY260514C00694000,2026-05-14,4,call,694.0,19.0,0.0,0.2183,0.0019,42.39,45.21,,0.9835,-0.0603,0.0417,https://cdn.cboe.com/api/global/delayed_quotes/options/SPY.json,0.0019,19641.40584484,0.0,19641.40584484,1.9641405844839998e-05,0.0,1.9641405844839998e-05
SPY,SPY260514P00694000,2026-05-14,4,put,694.0,171.0,35.0,0.2253,0.0019,0.12,0.13,,-0.0164,-0.0604,0.0417,https://cdn.cboe.com/api/global/delayed_quotes/options/SPY.json,0.0019,0.0,-176772.65260356,-176772.65260356,0.0,-0.00017677265260356,-0.00017677265260356
SPY,SPY260514C00695000,2026-05-14,4,call,695.0,24.0,1.0,0.2166,0.002,41.4,44.22,,0.9826,-0.0625,0.0436,https://cdn.cboe.com/api/global/delayed_quotes/options/SPY.json,0.002,26115.996691199998,0.0,26115.996691199998,2.6115996691199997e-05,0.0,2.6115996691199997e-05
SPY,SPY260514P00695000,2026-05-14,4,put,695.0,424.0,59.0,0.2208,0.002,0.12,0.13,,-0.0172,-0.0622,0.0434,https://cdn.cboe.com/api/global/delayed_quotes/options/SPY.json,0.002,0.0,-461382.6082111999,-461382.6082111999,0.0,-0.0004613826082111999,-0.0004613826082111999
SPY,SPY260514C00696000,2026-05-14,4,call,696.0,7.0,0.0,0.2133,0.0022,40.41,43.23,,0.9816,-0.0649,0.0457,https://cdn.cboe.com/api/global/delayed_quotes/options/SPY.json,0.0022,8378.88227176,0.0,8378.88227176,8.37888227176e-06,0.0,8.37888227176e-06
SPY,SPY260514P00696000,2026-05-14,4,put,696.0,518.0,63.0,0.2187,0.0022,0.13,0.14,,-0.0182,-0.0646,0.0454,https://cdn.cboe.com/api/global/delayed_quotes/options/SPY.json,0.0022,0.0,-620037.2881102401,-620037.2881102401,0.0,-0.0006200372881102401,-0.0006200372881102401
SPY,SPY260514C00697000,2026-05-14,4,call,697.0,1.0,3.0,0.2112,0.0023,39.41,42.23,,0.9806,-0.0674,0.0479,https://cdn.cboe.com/api/global/delayed_quotes/options/SPY.json,0.0023,1251.39150812,0.0,1251.39150812,1.2513915081200001e-06,0.0,1.2513915081200001e-06
SPY,SPY260514P00697000,2026-05-14,4,put,697.0,230.0,46.0,0.2141,0.0023,0.13,0.14,,-0.0192,-0.0671,0.0476,https://cdn.cboe.com/api/global/delayed_quotes/options/SPY.json,0.0023,0.0,-287820.0468676,-287820.0468676,0.0,-0.0002878200468676,-0.0002878200468676
SPY,SPY260514C00698000,2026-05-14,4,call,698.0,3.0,0.0,0.2088,0.0024,38.42,41.24,,0.9794,-0.0702,0.0503,https://cdn.cboe.com/api/global/delayed_quotes/options/SPY.json,0.0024,3917.3995036799997,0.0,3917.3995036799997,3.91739950368e-06,0.0,3.91739950368e-06
SPY,SPY260514P00698000,2026-05-14,4,put,698.0,909.0,144.0,0.2116,0.0024,0.14,0.15,,-0.0205,-0.0703,0.0502,https://cdn.cboe.com/api/global/delayed_quotes/options/SPY.json,0.0024,0.0,-1186972.04961504,-1186972.04961504,0.0,-0.00118697204961504,-0.00118697204961504
SPY,SPY260514P00699000,2026-05-14,4,put,699.0,558.0,79.0,0.2091,0.0026,0.15,0.16,,-0.0217,-0.0732,0.0528,https://cdn.cboe.com/api/global/delayed_quotes/options/SPY.json,0.0026,0.0,-789355.99999152,-789355.99999152,0.0,-0.00078935599999152,-0.00078935599999152
SPY,SPY260514C00700000,2026-05-14,4,call,700.0,44.0,8.0,0.2047,0.0028,36.5,39.26,,0.9768,-0.0762,0.0556,https://cdn.cboe.com/api/global/delayed_quotes/options/SPY.json,0.0028,67031.05817408,0.0,67031.05817408,6.703105817408e-05,0.0,6.703105817408e-05
SPY,SPY260514P00700000,2026-05-14,4,put,700.0,1233.0,751.0,0.2064,0.0028,0.16,0.17,,-0.0231,-0.0762,0.0556,https://cdn.cboe.com/api/global/delayed_quotes/options/SPY.json,0.0028,0.0,-1878393.0620145602,-1878393.0620145602,0.0,-0.0018783930620145603,-0.0018783930620145603
SPY,SPY260514P00701000,2026-05-14,4,put,701.0,462.0,30.0,0.2036,0.003,0.16,0.18,,-0.0246,-0.0796,0.0585,https://cdn.cboe.com/api/global/delayed_quotes/options/SPY.json,0.003,0.0,-754099.4044584002,-754099.4044584002,0.0,-0.0007540994044584002,-0.0007540994044584002
SPY,SPY260514C00702000,2026-05-14,4,call,702.0,35.0,0.0,0.196,0.0032,34.46,37.28,,0.9737,-0.0832,0.0617,https://cdn.cboe.com/api/global/delayed_quotes/options/SPY.json,0.0032,60937.3256128,0.0,60937.3256128,6.09373256128e-05,0.0,6.09373256128e-05
SPY,SPY260514P00702000,2026-05-14,4,put,702.0,199.0,687.0,0.2006,0.0032,0.18,0.19,,-0.0262,-0.0831,0.0616,https://cdn.cboe.com/api/global/delayed_quotes/options/SPY.json,0.0032,0.0,-346472.22276992,-346472.22276992,0.0,-0.00034647222276992004,-0.00034647222276992004
SPY,SPY260514C00703000,2026-05-14,4,call,703.0,5.0,1.0,0.194,0.0034,33.48,36.29,,0.9719,-0.087,0.0651,https://cdn.cboe.com/api/global/delayed_quotes/options/SPY.json,0.0034,9249.415494799998,0.0,9249.415494799998,9.249415494799998e-06,0.0,9.249415494799998e-06
SPY,SPY260514P00703000,2026-05-14,4,put,703.0,600.0,147.0,0.1974,0.0034,0.19,0.2,,-0.0279,-0.087,0.0649,https://cdn.cboe.com/api/global/delayed_quotes/options/SPY.json,0.0034,0.0,-1109929.859376,-1109929.859376,0.0,-0.001109929859376,-0.001109929859376
SPY,SPY260514C00704000,2026-05-14,4,call,704.0,7.0,8.0,0.1916,0.0037,32.49,35.3,,0.97,-0.0912,0.0688,https://cdn.cboe.com/api/global/delayed_quotes/options/SPY.json,0.0037,14091.75654796,0.0,14091.75654796,1.409175654796e-05,0.0,1.409175654796e-05
SPY,SPY260514P00704000,2026-05-14,4,put,704.0,1056.0,458.0,0.1942,0.0037,0.2,0.21,,-0.0298,-0.091,0.0685,https://cdn.cboe.com/api/global/delayed_quotes/options/SPY.json,0.0037,0.0,-2125842.1306636804,-2125842.1306636804,0.0,-0.0021258421306636806,-0.0021258421306636806
SPY,SPY260514C00705000,2026-05-14,4,call,705.0,53.0,71.0,0.0,0.0039,31.5,34.32,,0.9678,-0.0956,0.0728,https://cdn.cboe.com/api/global/delayed_quotes/options/SPY.json,0.0039,112462.01075148,0.0,112462.01075148,0.00011246201075148001,0.0,0.00011246201075148001
SPY,SPY260514P00705000,2026-05-14,4,put,705.0,774.0,295.0,0.1908,0.0039,0.21,0.22,,-0.0319,-0.0954,0.0725,https://cdn.cboe.com/api/global/delayed_quotes/options/SPY.json,0.0039,0.0,-1642369.7419178397,-1642369.7419178397,0.0,-0.0016423697419178397,-0.0016423697419178397
SPY,SPY260514C00706000,2026-05-14,4,call,706.0,177.0,3.0,0.1856,0.0042,31.75,32.13,,0.9655,-0.1003,0.077,https://cdn.cboe.com/api/global/delayed_quotes/options/SPY.json,0.0042,404471.49875495996,0.0,404471.49875495996,0.00040447149875495996,0.0,0.00040447149875495996
SPY,SPY260514P00706000,2026-05-14,4,put,706.0,159.0,1102.0,0.1888,0.0042,0.23,0.24,,-0.0342,-0.1001,0.0767,https://cdn.cboe.com/api/global/delayed_quotes/options/SPY.json,0.0042,0.0,-363338.80396632,-363338.80396632,0.0,-0.00036333880396632,-0.00036333880396632
SPY,SPY260514C00707000,2026-05-14,4,call,707.0,160.0,3.0,0.1834,0.0046,30.77,31.15,,0.963,-0.1054,0.0815,https://cdn.cboe.com/api/global/delayed_quotes/options/SPY.json,0.0046,400445.28259839996,0.0,400445.28259839996,0.00040044528259839995,0.0,0.00040044528259839995
SPY,SPY260514P00707000,2026-05-14,4,put,707.0,305.0,335.0,0.1865,0.0045,0.25,0.26,,-0.0368,-0.1051,0.0812,https://cdn.cboe.com/api/global/delayed_quotes/options/SPY.json,0.0045,0.0,-746754.2803889998,-746754.2803889998,0.0,-0.0007467542803889999,-0.0007467542803889999
SPY,SPY260514C00708000,2026-05-14,4,call,708.0,72.0,24.0,0.1803,0.0049,28.55,31.37,,0.9602,-0.1108,0.0864,https://cdn.cboe.com/api/global/delayed_quotes/options/SPY.json,0.0049,191952.57568032,0.0,191952.57568032,0.00019195257568032002,0.0,0.00019195257568032002
SPY,SPY260514P00708000,2026-05-14,4,put,708.0,371.0,651.0,0.1835,0.0049,0.26,0.27,,-0.0398,-0.111,0.0865,https://cdn.cboe.com/api/global/delayed_quotes/options/SPY.json,0.0049,0.0,-989088.9663527599,-989088.9663527599,0.0,-0.00098908896635276,-0.00098908896635276
SPY,SPY260514C00709000,2026-05-14,4,call,709.0,182.0,382.0,0.1783,0.0053,28.81,29.19,,0.9571,-0.1167,0.0916,https://cdn.cboe.com/api/global/delayed_quotes/options/SPY.json,0.0053,524822.71684024,0.0,524822.71684024,0.00052482271684024,0.0,0.00052482271684024
SPY,SPY260514P00709000,2026-05-14,4,put,709.0,408.0,1052.0,0.1808,0.0053,0.28,0.3,,-0.0429,-0.1169,0.0916,https://cdn.cboe.com/api/global/delayed_quotes/options/SPY.json,0.0053,0.0,-1176525.65093856,-1176525.65093856,0.0,-0.00117652565093856,-0.00117652565093856
SPY,SPY260514C00710000,2026-05-14,4,call,710.0,385.0,56.0,0.1755,0.0057,27.83,28.21,,0.9538,-0.1229,0.0972,https://cdn.cboe.com/api/global/delayed_quotes/options/SPY.json,0.0057,1193990.7237258002,0.0,1193990.7237258002,0.0011939907237258002,0.0,0.0011939907237258002
SPY,SPY260514P00710000,2026-05-14,4,put,710.0,1319.0,295.0,0.1778,0.0057,0.31,0.32,,-0.0462,-0.1231,0.0974,https://cdn.cboe.com/api/global/delayed_quotes/options/SPY.json,0.0057,0.0,-4090581.2067385204,-4090581.2067385204,0.0,-0.004090581206738521,-0.004090581206738521
SPY,SPY260514C00711000,2026-05-14,4,call,711.0,116.0,2.0,0.1729,0.0062,26.85,27.24,,0.9501,-0.1295,0.1033,https://cdn.cboe.com/api/global/delayed_quotes/options/SPY.json,0.0062,391304.68375648,0.0,391304.68375648,0.00039130468375648,0.0,0.00039130468375648
SPY,SPY260514P00711000,2026-05-14,4,put,711.0,491.0,46.0,0.1746,0.0062,0.33,0.34,,-0.05,-0.1298,0.1035,https://cdn.cboe.com/api/global/delayed_quotes/options/SPY.json,0.0062,0.0,-1656298.2734864801,-1656298.2734864801,0.0,-0.00165629827348648,-0.00165629827348648
SPY,SPY260514C00712000,2026-05-14,4,call,712.0,324.0,1623.0,0.1707,0.0067,25.88,26.27,,0.946,-0.1366,0.1098,https://cdn.cboe.com/api/global/delayed_quotes/options/SPY.json,0.0067,1181095.9503595203,0.0,1181095.9503595203,0.0011810959503595203,0.0,0.0011810959503595203
SPY,SPY260514P00712000,2026-05-14,4,put,712.0,595.0,126.0,0.1726,0.0067,0.36,0.37,,-0.0538,-0.1364,0.1095,https://cdn.cboe.com/api/global/delayed_quotes/options/SPY.json,0.0067,0.0,-2168987.9335306,-2168987.9335306,0.0,-0.0021689879335306,-0.0021689879335306
SPY,SPY260514C00713000,2026-05-14,4,call,713.0,119.0,0.0,0.1681,0.0072,24.91,25.3,,0.9415,-0.1441,0.1166,https://cdn.cboe.com/api/global/delayed_quotes/options/SPY.json,0.0072,466170.54093792,0.0,466170.54093792,0.00046617054093791996,0.0,0.00046617054093791996
SPY,SPY260514P00713000,2026-05-14,4,put,713.0,627.0,347.0,0.17,0.0072,0.39,0.4,,-0.0582,-0.1439,0.1163,https://cdn.cboe.com/api/global/delayed_quotes/options/SPY.json,0.0072,0.0,-2456209.48880736,-2456209.48880736,0.0,-0.00245620948880736,-0.00245620948880736
SPY,SPY260514C00714000,2026-05-14,4,call,714.0,146.0,0.0,0.1657,0.0078,23.95,24.33,,0.9366,-0.1521,0.124,https://cdn.cboe.com/api/global/delayed_quotes/options/SPY.json,0.0078,619602.02149872,0.0,619602.02149872,0.00061960202149872,0.0,0.00061960202149872
SPY,SPY260514P00714000,2026-05-14,4,put,714.0,1061.0,416.0,0.1668,0.0078,0.42,0.43,,-0.0635,-0.1524,0.1241,https://cdn.cboe.com/api/global/delayed_quotes/options/SPY.json,0.0078,0.0,-4502724.27952152,-4502724.27952152,0.0,-0.00450272427952152,-0.00450272427952152
SPY,SPY260514C00715000,2026-05-14,4,call,715.0,611.0,3.0,0.1635,0.0085,22.99,23.37,,0.9312,-0.1605,0.1319,https://cdn.cboe.com/api/global/delayed_quotes/options/SPY.json,0.0085,2825696.4336614003,0.0,2825696.4336614003,0.0028256964336614,0.0,0.0028256964336614
SPY,SPY260514P00715000,2026-05-14,4,put,715.0,1281.0,544.0,0.1645,0.0085,0.46,0.47,,-0.0689,-0.1609,0.1322,https://cdn.cboe.com/api/global/delayed_quotes/options/SPY.json,0.0085,0.0,-5924250.6244194005,-5924250.6244194005,0.0,-0.0059242506244194006,-0.0059242506244194006
SPY,SPY260514C00716000,2026-05-14,4,call,716.0,154.0,6.0,0.1609,0.0092,22.03,22.41,,0.9252,-0.1695,0.1404,https://cdn.cboe.com/api/global/delayed_quotes/options/SPY.json,0.0092,770857.16900192,0.0,770857.16900192,0.00077085716900192,0.0,0.00077085716900192
SPY,SPY260514P00716000,2026-05-14,4,put,716.0,719.0,207.0,0.1619,0.0092,0.5,0.51,,-0.0749,-0.1699,0.1406,https://cdn.cboe.com/api/global/delayed_quotes/options/SPY.json,0.0092,0.0,-3599001.9773531198,-3599001.9773531198,0.0,-0.0035990019773531196,-0.0035990019773531196
SPY,SPY260514C00717000,2026-05-14,4,call,717.0,268.0,22.0,0.158,0.0099,21.07,21.45,,0.9186,-0.1789,0.1493,https://cdn.cboe.com/api/global/delayed_quotes/options/SPY.json,0.0099,1443561.7171060801,0.0,1443561.7171060801,0.0014435617171060801,0.0,0.0014435617171060801
SPY,SPY260514P00717000,2026-05-14,4,put,717.0,632.0,175.0,0.1593,0.01,0.54,0.56,,-0.0815,-0.1795,0.1495,https://cdn.cboe.com/api/global/delayed_quotes/options/SPY.json,0.01,0.0,-3438606.2310079997,-3438606.2310079997,0.0,-0.003438606231008,-0.003438606231008
SPY,SPY260514C00718000,2026-05-14,4,call,718.0,187.0,156.0,0.1555,0.0107,20.12,20.5,,0.9114,-0.1889,0.1587,https://cdn.cboe.com/api/global/delayed_quotes/options/SPY.json,0.0107,1088656.20373796,0.0,1088656.20373796,0.00108865620373796,0.0,0.00108865620373796
SPY,SPY260514P00718000,2026-05-14,4,put,718.0,888.0,503.0,0.1568,0.0108,0.59,0.61,,-0.0888,-0.1895,0.1589,https://cdn.cboe.com/api/global/delayed_quotes/options/SPY.json,0.0108,0.0,-5217976.138901761,-5217976.138901761,0.0,-0.005217976138901761,-0.005217976138901761
SPY,SPY260514C00719000,2026-05-14,4,call,719.0,86.0,293.0,0.1546,0.0116,19.18,19.56,,0.9034,-0.1994,0.1689,https://cdn.cboe.com/api/global/delayed_quotes/options/SPY.json,0.0116,542777.46456544,0.0,542777.46456544,0.00054277746456544,0.0,0.00054277746456544
SPY,SPY260514P00719000,2026-05-14,4,put,719.0,643.0,320.0,0.1542,0.0117,0.65,0.66,,-0.0968,-0.2,0.1692,https://cdn.cboe.com/api/global/delayed_quotes/options/SPY.json,0.0117,0.0,-4093192.80640764,-4093192.80640764,0.0,-0.00409319280640764,-0.00409319280640764
SPY,SPY260514C00720000,2026-05-14,4,call,720.0,283.0,271.0,0.1508,0.0126,18.24,18.62,,0.8946,-0.2103,0.1796,https://cdn.cboe.com/api/global/delayed_quotes/options/SPY.json,0.0126,1940092.1041975198,0.0,1940092.1041975198,0.0019400921041975198,0.0,0.0019400921041975198
SPY,SPY260514P00720000,2026-05-14,4,put,720.0,10346.0,7159.0,0.1519,0.0127,0.71,0.73,,-0.1056,-0.211,0.1799,https://cdn.cboe.com/api/global/delayed_quotes/options/SPY.json,0.0127,0.0,-71489385.25922647,-71489385.25922647,0.0,-0.07148938525922648,-0.07148938525922648
SPY,SPY260514C00721000,2026-05-14,4,call,721.0,232.0,23.0,0.1484,0.0137,17.31,17.69,,0.8849,-0.2217,0.1907,https://cdn.cboe.com/api/global/delayed_quotes/options/SPY.json,0.0137,1729314.2475689598,0.0,1729314.2475689598,0.00172931424756896,0.0,0.00172931424756896
SPY,SPY260514P00721000,2026-05-14,4,put,721.0,433.0,477.0,0.1495,0.0137,0.78,0.79,,-0.1154,-0.2225,0.1909,https://cdn.cboe.com/api/global/delayed_quotes/options/SPY.json,0.0137,0.0,-3227556.33274724,-3227556.33274724,0.0,-0.0032275563327472403,-0.0032275563327472403
SPY,SPY260514C00722000,2026-05-14,4,call,722.0,469.0,1526.0,0.1462,0.0148,16.39,16.77,,0.8742,-0.2335,0.2024,https://cdn.cboe.com/api/global/delayed_quotes/options/SPY.json,0.0148,3776590.7548532803,0.0,3776590.7548532803,0.0037765907548532804,0.0,0.0037765907548532804
SPY,SPY260514P00722000,2026-05-14,4,put,722.0,1663.0,217.0,0.1469,0.0149,0.86,0.87,,-0.1261,-0.2344,0.2029,https://cdn.cboe.com/api/global/delayed_quotes/options/SPY.json,0.0149,0.0,-13481675.983588278,-13481675.983588278,0.0,-0.013481675983588279,-0.013481675983588279
SPY,SPY260514C00723000,2026-05-14,4,call,723.0,400.0,4.0,0.144,0.016,15.48,15.86,,0.8624,-0.2457,0.2149,https://cdn.cboe.com/api/global/delayed_quotes/options/SPY.json,0.016,3482132.89216,0.0,3482132.89216,0.0034821328921599997,0.0,0.0034821328921599997
SPY,SPY260514P00723000,2026-05-14,4,put,723.0,894.0,192.0,0.1444,0.0161,0.94,0.96,,-0.1379,-0.2468,0.2154,https://cdn.cboe.com/api/global/delayed_quotes/options/SPY.json,0.0161,0.0,-7831208.057814959,-7831208.057814959,0.0,-0.007831208057814959,-0.007831208057814959
SPY,SPY260514C00724000,2026-05-14,4,call,724.0,311.0,22.0,0.1413,0.0173,14.57,14.95,,0.8495,-0.2583,0.2277,https://cdn.cboe.com/api/global/delayed_quotes/options/SPY.json,0.0173,2927331.18745132,0.0,2927331.18745132,0.0029273311874513197,0.0,0.0029273311874513197
SPY,SPY260514P00724000,2026-05-14,4,put,724.0,1770.0,948.0,0.1422,0.0174,1.04,1.05,,-0.151,-0.2594,0.228,https://cdn.cboe.com/api/global/delayed_quotes/options/SPY.json,0.0174,0.0,-16756676.3769912,-16756676.3769912,0.0,-0.0167566763769912,-0.0167566763769912
SPY,SPY260514C00725000,2026-05-14,4,call,725.0,565.0,22.0,0.1395,0.0187,13.7,14.06,,0.8352,-0.2711,0.2409,https://cdn.cboe.com/api/global/delayed_quotes/options/SPY.json,0.0187,5748511.730018199,0.0,5748511.730018199,0.005748511730018199,0.0,0.005748511730018199
SPY,SPY260514P00725000,2026-05-14,4,put,725.0,949.0,1817.0,0.1395,0.0188,1.14,1.16,,-0.1653,-0.2724,0.2414,https://cdn.cboe.com/api/global/delayed_quotes/options/SPY.json,0.0188,0.0,-9707098.33681328,-9707098.33681328,0.0,-0.009707098336813281,-0.009707098336813281
SPY,SPY260514C00726000,2026-05-14,4,call,726.0,143.0,25.0,0.1372,0.0201,12.82,13.18,,0.8196,-0.284,0.2547,https://cdn.cboe.com/api/global/delayed_quotes/options/SPY.json,0.0201,1563858.52686492,0.0,1563858.52686492,0.00156385852686492,0.0,0.00156385852686492
SPY,SPY260514P00726000,2026-05-14,4,put,726.0,628.0,3325.0,0.1372,0.0202,1.26,1.28,,-0.1811,-0.2855,0.2553,https://cdn.cboe.com/api/global/delayed_quotes/options/SPY.json,0.0202,0.0,-6902022.658872639,-6902022.658872639,0.0,-0.006902022658872639,-0.006902022658872639
SPY,SPY260514C00727000,2026-05-14,4,call,727.0,378.0,108.0,0.1357,0.0217,11.99,12.32,,0.8023,-0.297,0.2686,https://cdn.cboe.com/api/global/delayed_quotes/options/SPY.json,0.0217,4462897.38456744,0.0,4462897.38456744,0.00446289738456744,0.0,0.00446289738456744
SPY,SPY260514P00727000,2026-05-14,4,put,727.0,1444.0,456.0,0.1351,0.0218,1.39,1.41,,-0.1984,-0.2986,0.269,https://cdn.cboe.com/api/global/delayed_quotes/options/SPY.json,0.0218,0.0,-17127305.89670048,-17127305.89670048,0.0,-0.01712730589670048,-0.01712730589670048
SPY,SPY260514C00728000,2026-05-14,4,call,728.0,309.0,120.0,0.1325,0.0233,11.09,11.46,,0.7835,-0.3098,0.2826,https://cdn.cboe.com/api/global/delayed_quotes/options/SPY.json,0.0233,3917236.27870068,0.0,3917236.27870068,0.00391723627870068,0.0,0.00391723627870068
SPY,SPY260514P00728000,2026-05-14,4,put,728.0,881.0,853.0,0.1326,0.0234,1.54,1.56,,-0.2174,-0.3117,0.2833,https://cdn.cboe.com/api/global/delayed_quotes/options/SPY.json,0.0234,0.0,-11216494.12891176,-11216494.12891176,0.0,-0.01121649412891176,-0.01121649412891176
SPY,SPY260514C00729000,2026-05-14,4,call,729.0,717.0,56.0,0.1304,0.0249,10.26,10.63,,0.7629,-0.3223,0.2968,https://cdn.cboe.com/api/global/delayed_quotes/options/SPY.json,0.0249,9713681.744312517,0.0,9713681.744312517,0.009713681744312518,0.0,0.009713681744312518
SPY,SPY260514P00729000,2026-05-14,4,put,729.0,517.0,510.0,0.1303,0.0251,1.71,1.73,,-0.2382,-0.3244,0.2974,https://cdn.cboe.com/api/global/delayed_quotes/options/SPY.json,0.0251,0.0,-7060405.297139481,-7060405.297139481,0.0,-0.007060405297139481,-0.007060405297139481
SPY,SPY260514C00730000,2026-05-14,4,call,730.0,757.0,378.0,0.1282,0.0266,9.46,9.82,,0.7404,-0.3342,0.3106,https://cdn.cboe.com/api/global/delayed_quotes/options/SPY.json,0.0266,10955769.428611279,0.0,10955769.428611279,0.010955769428611279,0.0,0.010955769428611279
SPY,SPY260514P00730000,2026-05-14,4,put,730.0,1037.0,3651.0,0.1282,0.0268,1.9,1.92,,-0.2608,-0.3365,0.311,https://cdn.cboe.com/api/global/delayed_quotes/options/SPY.json,0.0268,0.0,-15120944.45089904,-15120944.45089904,0.0,-0.015120944450899041,-0.015120944450899041
SPY,SPY260514C00731000,2026-05-14,4,call,731.0,974.0,573.0,0.1277,0.0283,8.68,9.04,,0.716,-0.3453,0.324,https://cdn.cboe.com/api/global/delayed_quotes/options/SPY.json,0.0283,14997219.91657448,0.0,14997219.91657448,0.01499721991657448,0.0,0.01499721991657448
SPY,SPY260514P00731000,2026-05-14,4,put,731.0,1038.0,877.0,0.126,0.0285,2.11,2.13,,-0.2854,-0.3479,0.3247,https://cdn.cboe.com/api/global/delayed_quotes/options/SPY.json,0.0285,0.0,-16095615.2107452,-16095615.2107452,0.0,-0.0160956152107452,-0.0160956152107452
SPY,SPY260514C00732000,2026-05-14,4,call,732.0,686.0,164.0,0.1242,0.0299,7.9,8.27,,0.6897,-0.3552,0.3367,https://cdn.cboe.com/api/global/delayed_quotes/options/SPY.json,0.0299,11159909.469414158,0.0,11159909.469414158,0.011159909469414158,0.0,0.011159909469414158
SPY,SPY260514P00732000,2026-05-14,4,put,732.0,677.0,780.0,0.1241,0.0302,2.34,2.37,,-0.312,-0.3581,0.3371,https://cdn.cboe.com/api/global/delayed_quotes/options/SPY.json,0.0302,0.0,-11123999.97396376,-11123999.97396376,0.0,-0.01112399997396376,-0.01112399997396376
SPY,SPY260514C00733000,2026-05-14,4,call,733.0,848.0,259.0,0.1223,0.0315,7.23,7.48,,0.6614,-0.3636,0.3481,https://cdn.cboe.com/api/global/delayed_quotes/options/SPY.json,0.0315,14533552.1586528,0.0,14533552.1586528,0.0145335521586528,0.0,0.0145335521586528
SPY,SPY260514P00733000,2026-05-14,4,put,733.0,631.0,956.0,0.122,0.0318,2.61,2.63,,-0.3407,-0.3669,0.3488,https://cdn.cboe.com/api/global/delayed_quotes/options/SPY.json,0.0318,0.0,-10917465.96679752,-10917465.96679752,0.0,-0.01091746596679752,-0.01091746596679752
SPY,SPY260514C00734000,2026-05-14,4,call,734.0,695.0,232.0,0.1206,0.033,6.53,6.78,,0.6311,-0.3702,0.3584,https://cdn.cboe.com/api/global/delayed_quotes/options/SPY.json,0.033,12478549.669014,0.0,12478549.669014,0.012478549669013999,0.0,0.012478549669013999
SPY,SPY260514P00734000,2026-05-14,4,put,734.0,248.0,870.0,0.1203,0.0334,2.9,2.93,,-0.3713,-0.3738,0.3587,https://cdn.cboe.com/api/global/delayed_quotes/options/SPY.json,0.0334,0.0,-4506750.49567808,-4506750.49567808,0.0,-0.0045067504956780805,-0.0045067504956780805
SPY,SPY260514C00735000,2026-05-14,4,call,735.0,1423.0,1080.0,0.1188,0.0344,5.85,6.11,,0.599,-0.3746,0.3666,https://cdn.cboe.com/api/global/delayed_quotes/options/SPY.json,0.0344,26633528.69229728,0.0,26633528.69229728,0.02663352869229728,0.0,0.02663352869229728
SPY,SPY260514P00735000,2026-05-14,4,put,735.0,224.0,3209.0,0.1184,0.0348,3.23,3.26,,-0.4039,-0.3787,0.367,https://cdn.cboe.com/api/global/delayed_quotes/options/SPY.json,0.0348,0.0,-4241237.86265088,-4241237.86265088,0.0,-0.00424123786265088,-0.00424123786265088
SPY,SPY260514C00736000,2026-05-14,4,call,736.0,638.0,1608.0,0.1172,0.0355,5.22,5.47,,0.5651,-0.3764,0.3729,https://cdn.cboe.com/api/global/delayed_quotes/options/SPY.json,0.0355,12322941.855395598,0.0,12322941.855395598,0.012322941855395599,0.0,0.012322941855395599
SPY,SPY260514P00736000,2026-05-14,4,put,736.0,424.0,2322.0,0.1169,0.0359,3.6,3.62,,-0.4382,-0.3809,0.3729,https://cdn.cboe.com/api/global/delayed_quotes/options/SPY.json,0.0359,0.0,-8281817.817391041,-8281817.817391041,0.0,-0.00828181781739104,-0.00828181781739104
SPY,SPY260514C00737000,2026-05-14,4,call,737.0,609.0,2676.0,0.1151,0.0364,4.7,4.73,,0.5298,-0.3755,0.3766,https://cdn.cboe.com/api/global/delayed_quotes/options/SPY.json,0.0364,12061020.171913441,0.0,12061020.171913441,0.01206102017191344,0.0,0.01206102017191344
SPY,SPY260514P00737000,2026-05-14,4,put,737.0,123.0,2205.0,0.1153,0.0369,4.0,4.03,,-0.474,-0.3806,0.3763,https://cdn.cboe.com/api/global/delayed_quotes/options/SPY.json,0.0369,0.0,-2469430.71213228,-2469430.71213228,0.0,-0.00246943071213228,-0.00246943071213228
SPY,SPY260514C00738000,2026-05-14,4,call,738.0,712.0,2360.0,0.1134,0.037,4.14,4.17,,0.4933,-0.3715,0.3776,https://cdn.cboe.com/api/global/delayed_quotes/options/SPY.json,0.037,14333329.517353596,0.0,14333329.517353596,0.014333329517353596,0.0,0.014333329517353596
SPY,SPY260514P00738000,2026-05-14,4,put,738.0,28.0,868.0,0.1137,0.0376,4.43,4.47,,-0.5112,-0.377,0.3769,https://cdn.cboe.com/api/global/delayed_quotes/options/SPY.json,0.0376,0.0,-572810.86076032,-572810.86076032,0.0,-0.00057281086076032,-0.00057281086076032
SPY,SPY260514C00739000,2026-05-14,4,call,739.0,436.0,1957.0,0.1121,0.0372,3.62,3.65,,0.4559,-0.3642,0.3755,https://cdn.cboe.com/api/global/delayed_quotes/options/SPY.json,0.0372,8824595.281956477,0.0,8824595.281956477,0.008824595281956477,0.0,0.008824595281956477
SPY,SPY260514P00739000,2026-05-14,4,put,739.0,64.0,925.0,0.1121,0.0379,4.91,4.94,,-0.5493,-0.3703,0.3741,https://cdn.cboe.com/api/global/delayed_quotes/options/SPY.json,0.0379,0.0,-1319728.3661286402,-1319728.3661286402,0.0,-0.0013197283661286403,-0.0013197283661286403
SPY,SPY260514C00740000,2026-05-14,4,call,740.0,1295.0,2298.0,0.1108,0.0371,3.13,3.16,,0.418,-0.3537,0.3702,https://cdn.cboe.com/api/global/delayed_quotes/options/SPY.json,0.0371,26140208.396465797,0.0,26140208.396465797,0.026140208396465796,0.0,0.026140208396465796
SPY,SPY260514P00740000,2026-05-14,4,put,740.0,157.0,545.0,0.1105,0.0378,5.32,5.57,,-0.5879,-0.3603,0.3682,https://cdn.cboe.com/api/global/delayed_quotes/options/SPY.json,0.0378,0.0,-3228916.54090824,-3228916.54090824,0.0,-0.0032289165409082397,-0.0032289165409082397
SPY,SPY260514C00741000,2026-05-14,4,call,741.0,709.0,1333.0,0.1093,0.0366,2.69,2.72,,0.3801,-0.34,0.3618,https://cdn.cboe.com/api/global/delayed_quotes/options/SPY.json,0.0366,14118634.261221359,0.0,14118634.261221359,0.014118634261221358,0.0,0.014118634261221358
SPY,SPY260514P00741000,2026-05-14,4,put,741.0,66.0,52.0,0.109,0.0374,5.88,6.13,,-0.6267,-0.3471,0.3586,https://cdn.cboe.com/api/global/delayed_quotes/options/SPY.json,0.0374,0.0,-1343015.1298449603,-1343015.1298449603,0.0,-0.0013430151298449602,-0.0013430151298449602
SPY,SPY260514C00742000,2026-05-14,4,call,742.0,783.0,1267.0,0.1081,0.0358,2.29,2.32,,0.3426,-0.3232,0.35,https://cdn.cboe.com/api/global/delayed_quotes/options/SPY.json,0.0358,15251415.61770216,0.0,15251415.61770216,0.01525141561770216,0.0,0.01525141561770216
SPY,SPY260514P00742000,2026-05-14,4,put,742.0,60.0,103.0,0.1075,0.0366,6.48,6.73,,-0.6651,-0.3308,0.3455,https://cdn.cboe.com/api/global/delayed_quotes/options/SPY.json,0.0366,0.0,-1194806.8486224,-1194806.8486224,0.0,-0.0011948068486224,-0.0011948068486224
SPY,SPY260514C00743000,2026-05-14,4,call,743.0,609.0,937.0,0.1068,0.0345,1.94,1.96,,0.3059,-0.3037,0.3354,https://cdn.cboe.com/api/global/delayed_quotes/options/SPY.json,0.0345,11431461.426676203,0.0,11431461.426676203,0.011431461426676202,0.0,0.011431461426676202
SPY,SPY260514P00743000,2026-05-14,4,put,743.0,107.0,355.0,0.1062,0.0353,7.12,7.38,,-0.7027,-0.3115,0.3302,https://cdn.cboe.com/api/global/delayed_quotes/options/SPY.json,0.0353,0.0,-2055056.8979652398,-2055056.8979652398,0.0,-0.00205505689796524,-0.00205505689796524
SPY,SPY260514C00744000,2026-05-14,4,call,744.0,523.0,988.0,0.1058,0.0329,1.62,1.64,,0.2705,-0.282,0.3178,https://cdn.cboe.com/api/global/delayed_quotes/options/SPY.json,0.0329,9361877.50555148,0.0,9361877.50555148,0.00936187750555148,0.0,0.00936187750555148
SPY,SPY260514P00744000,2026-05-14,4,put,744.0,31.0,1227.0,0.1046,0.0337,7.74,8.12,,-0.7391,-0.29,0.3105,https://cdn.cboe.com/api/global/delayed_quotes/options/SPY.json,0.0337,0.0,-568403.78631868,-568403.78631868,0.0,-0.0005684037863186801,-0.0005684037863186801
SPY,SPY260514C00745000,2026-05-14,4,call,745.0,852.0,1646.0,0.1049,0.031,1.34,1.36,,0.2368,-0.2585,0.2981,https://cdn.cboe.com/api/global/delayed_quotes/options/SPY.json,0.031,14370327.179332798,0.0,14370327.179332798,0.014370327179332799,0.0,0.014370327179332799
SPY,SPY260514P00745000,2026-05-14,4,put,745.0,116.0,794.0,0.1031,0.0318,8.46,8.84,,-0.7738,-0.2663,0.29,https://cdn.cboe.com/api/global/delayed_quotes/options/SPY.json,0.0318,0.0,-2007014.34571872,-2007014.34571872,0.0,-0.00200701434571872,-0.00200701434571872
SPY,SPY260514C00746000,2026-05-14,4,call,746.0,614.0,467.0,0.1037,0.0288,1.1,1.12,,0.2051,-0.234,0.2763,https://cdn.cboe.com/api/global/delayed_quotes/options/SPY.json,0.0288,9621133.18103808,0.0,9621133.18103808,0.009621133181038079,0.0,0.009621133181038079
SPY,SPY260514P00746000,2026-05-14,4,put,746.0,32.0,3.0,0.1008,0.0295,9.22,9.61,,-0.8064,-0.2412,0.2658,https://cdn.cboe.com/api/global/delayed_quotes/options/SPY.json,0.0295,0.0,-513614.60159359995,-513614.60159359995,0.0,-0.0005136146015935999,-0.0005136146015935999
SPY,SPY260514C00747000,2026-05-14,4,call,747.0,187.0,750.0,0.1031,0.0264,0.9,0.91,,0.1758,-0.209,0.2533,https://cdn.cboe.com/api/global/delayed_quotes/options/SPY.json,0.0264,2686030.25968992,0.0,2686030.25968992,0.00268603025968992,0.0,0.00268603025968992
SPY,SPY260514C00748000,2026-05-14,4,call,748.0,1153.0,447.0,0.1021,0.0239,0.72,0.74,,0.149,-0.1842,0.2295,https://cdn.cboe.com/api/global/delayed_quotes/options/SPY.json,0.0239,14993139.29209148,0.0,14993139.29209148,0.01499313929209148,0.0,0.01499313929209148
SPY,SPY260514P00748000,2026-05-14,4,put,748.0,20.0,163.0,0.0981,0.0244,10.85,11.24,,-0.8639,-0.1891,0.2161,https://cdn.cboe.com/api/global/delayed_quotes/options/SPY.json,0.0244,0.0,-265512.6330272,-265512.6330272,0.0,-0.0002655126330272,-0.0002655126330272
SPY,SPY260514C00749000,2026-05-14,4,call,749.0,804.0,366.0,0.1015,0.0213,0.57,0.59,,0.1251,-0.1604,0.2056,https://cdn.cboe.com/api/global/delayed_quotes/options/SPY.json,0.0213,9317534.71950288,0.0,9317534.71950288,0.00931753471950288,0.0,0.00931753471950288
SPY,SPY260514C00750000,2026-05-14,4,call,750.0,1447.0,775.0,0.101,0.0188,0.46,0.47,,0.104,-0.1381,0.1824,https://cdn.cboe.com/api/global/delayed_quotes/options/SPY.json,0.0188,14801023.49143184,0.0,14801023.49143184,0.01480102349143184,0.0,0.01480102349143184
SPY,SPY260514P00750000,2026-05-14,4,put,750.0,2.0,481.0,0.0966,0.0188,12.61,13.01,,-0.9096,-0.1386,0.1646,https://cdn.cboe.com/api/global/delayed_quotes/options/SPY.json,0.0188,0.0,-20457.53074144,-20457.53074144,0.0,-2.045753074144e-05,-2.045753074144e-05
SPY,SPY260514C00755000,2026-05-14,4,call,755.0,3991.0,1406.0,0.1014,0.0087,0.14,0.15,,0.0388,-0.0598,0.0904,https://cdn.cboe.com/api/global/delayed_quotes/options/SPY.json,0.0087,18891495.88151748,0.0,18891495.88151748,0.018891495881517482,0.0,0.018891495881517482
SPY,SPY260514C00760000,2026-05-14,4,call,760.0,786.0,390.0,0.1095,0.0042,0.06,0.07,,0.0174,-0.0308,0.0483,https://cdn.cboe.com/api/global/delayed_quotes/options/SPY.json,0.0042,1796127.6724372795,0.0,1796127.6724372795,0.0017961276724372795,0.0,0.0017961276724372795
SPY,SPY260514C00765000,2026-05-14,4,call,765.0,501.0,374.0,0.1196,0.0024,0.03,0.04,,0.0105,-0.0213,0.0316,https://cdn.cboe.com/api/global/delayed_quotes/options/SPY.json,0.0024,654205.71711456,0.0,654205.71711456,0.0006542057171145599,0.0,0.0006542057171145599
SPY,SPY260514C00770000,2026-05-14,4,call,770.0,268.0,317.0,0.133,0.0016,0.02,0.03,,0.0072,-0.0166,0.0228,https://cdn.cboe.com/api/global/delayed_quotes/options/SPY.json,0.0016,233302.90377472003,0.0,233302.90377472003,0.00023330290377472003,0.0,0.00023330290377472003
SPY,SPY260514C00775000,2026-05-14,4,call,775.0,172.0,137.0,0.1508,0.0011,0.02,0.03,,0.0054,-0.0139,0.0176,https://cdn.cboe.com/api/global/delayed_quotes/options/SPY.json,0.0011,102940.55362448002,0.0,102940.55362448002,0.00010294055362448001,0.0,0.00010294055362448001
SPY,SPY260514C00780000,2026-05-14,4,call,780.0,299.0,7.0,0.1596,0.0008,0.01,0.02,,0.0043,-0.012,0.0141,https://cdn.cboe.com/api/global/delayed_quotes/options/SPY.json,0.0008,130144.71684448,0.0,130144.71684448,0.00013014471684448,0.0,0.00013014471684448
SPY,SPY260514C00785000,2026-05-14,4,call,785.0,125.0,0.0,0.176,0.0006,0.01,0.02,,0.0034,-0.0104,0.0114,https://cdn.cboe.com/api/global/delayed_quotes/options/SPY.json,0.0006,40806.24483,0.0,40806.24483,4.0806244830000005e-05,0.0,4.0806244830000005e-05
SPY,SPY260514C00790000,2026-05-14,4,call,790.0,345.0,0.0,0.1921,0.0005,0.01,0.02,,0.0029,-0.0097,0.0098,https://cdn.cboe.com/api/global/delayed_quotes/options/SPY.json,0.0005,93854.363109,0.0,93854.363109,9.3854363109e-05,0.0,9.3854363109e-05
SPY,SPY260514C00795000,2026-05-14,4,call,795.0,34.0,20.0,0.2081,0.0004,0.01,0.02,,0.0024,-0.0087,0.0083,https://cdn.cboe.com/api/global/delayed_quotes/options/SPY.json,0.0004,7399.532395840001,0.0,7399.532395840001,7.399532395840002e-06,0.0,7.399532395840002e-06
SPY,SPY260514C00800000,2026-05-14,4,call,800.0,113.0,1.0,0.2238,0.0003,0.01,0.02,,0.0022,-0.0082,0.0074,https://cdn.cboe.com/api/global/delayed_quotes/options/SPY.json,0.0003,18444.42266316,0.0,18444.42266316,1.844442266316e-05,0.0,1.844442266316e-05
SPY,SPY260514C00805000,2026-05-14,4,call,805.0,543.0,1.0,0.2178,0.0003,0.0,0.01,,0.0019,-0.0077,0.0065,https://cdn.cboe.com/api/global/delayed_quotes/options/SPY.json,0.0003,88631.16377076,0.0,88631.16377076,8.863116377076e-05,0.0,8.863116377076e-05
SPY,SPY260514C00810000,2026-05-14,4,call,810.0,214.0,0.0,0.232,0.0002,0.0,0.01,,0.0017,-0.0072,0.0058,https://cdn.cboe.com/api/global/delayed_quotes/options/SPY.json,0.0002,23286.76371632,0.0,23286.76371632,2.3286763716320003e-05,0.0,2.3286763716320003e-05
SPY,SPY260514C00815000,2026-05-14,4,call,815.0,354.0,0.0,0.246,0.0002,0.0,0.01,,0.0015,-0.0068,0.0052,https://cdn.cboe.com/api/global/delayed_quotes/options/SPY.json,0.0002,38521.095119519996,0.0,38521.095119519996,3.8521095119519994e-05,0.0,3.8521095119519994e-05
SPY,SPY260514C00855000,2026-05-14,4,call,855.0,10.0,0.0,0.353,0.0001,0.0,0.01,,0.0007,-0.004,0.0024,https://cdn.cboe.com/api/global/delayed_quotes/options/SPY.json,0.0001,544.0832644000001,0.0,544.0832644000001,5.440832644000001e-07,0.0,5.440832644000001e-07
SPY,SPY260515C00360000,2026-05-15,5,call,360.0,68.0,0.0,0.0,0.0,376.26,379.08,,0.9998,-0.0045,0.0007,https://cdn.cboe.com/api/global/delayed_quotes/options/SPY.json,0.0,0.0,0.0,0.0,0.0,0.0,0.0
SPY,SPY260515P00360000,2026-05-15,5,put,360.0,5109.0,0.0,1.4717,0.0,0.0,0.01,,-0.0002,-0.0045,0.0007,https://cdn.cboe.com/api/global/delayed_quotes/options/SPY.json,0.0,0.0,-0.0,0.0,0.0,-0.0,0.0
SPY,SPY260515C00365000,2026-05-15,5,call,365.0,65.0,0.0,0.0,0.0,371.27,374.08,,0.9998,-0.0046,0.0007,https://cdn.cboe.com/api/global/delayed_quotes/options/SPY.json,0.0,0.0,0.0,0.0,0.0,0.0,0.0
SPY,SPY260515P00365000,2026-05-15,5,put,365.0,2414.0,0.0,1.4445,0.0,0.0,0.01,,-0.0002,-0.0046,0.0007,https://cdn.cboe.com/api/global/delayed_quotes/options/SPY.json,0.0,0.0,-0.0,0.0,0.0,-0.0,0.0
SPY,SPY260515C00370000,2026-05-15,5,call,370.0,2.0,0.0,0.0,0.0,366.29,369.08,,0.9998,-0.0046,0.0007,https://cdn.cboe.com/api/global/delayed_quotes/options/SPY.json,0.0,0.0,0.0,0.0,0.0,0.0,0.0
SPY,SPY260515P00370000,2026-05-15,5,put,370.0,2584.0,0.0,1.4178,0.0,0.0,0.01,,-0.0002,-0.0046,0.0007,https://cdn.cboe.com/api/global/delayed_quotes/options/SPY.json,0.0,0.0,-0.0,0.0,0.0,-0.0,0.0
SPY,SPY260515C00375000,2026-05-15,5,call,375.0,2.0,0.0,0.0,0.0,361.27,364.09,,0.9998,-0.0046,0.0007,https://cdn.cboe.com/api/global/delayed_quotes/options/SPY.json,0.0,0.0,0.0,0.0,0.0,0.0,0.0
SPY,SPY260515P00375000,2026-05-15,5,put,375.0,3139.0,0.0,1.3914,0.0,0.0,0.01,,-0.0002,-0.0046,0.0007,https://cdn.cboe.com/api/global/delayed_quotes/options/SPY.json,0.0,0.0,-0.0,0.0,0.0,-0.0,0.0
SPY,SPY260515C00380000,2026-05-15,5,call,380.0,2.0,0.0,0.0,0.0,356.3,359.09,,0.9998,-0.0046,0.0007,https://cdn.cboe.com/api/global/delayed_quotes/options/SPY.json,0.0,0.0,0.0,0.0,0.0,0.0,0.0
SPY,SPY260515P00380000,2026-05-15,5,put,380.0,2004.0,0.0,1.3654,0.0,0.0,0.01,,-0.0002,-0.0046,0.0007,https://cdn.cboe.com/api/global/delayed_quotes/options/SPY.json,0.0,0.0,-0.0,0.0,0.0,-0.0,0.0
SPY,SPY260515P00385000,2026-05-15,5,put,385.0,10496.0,0.0,1.3395,0.0,0.0,0.01,,-0.0002,-0.0046,0.0008,https://cdn.cboe.com/api/global/delayed_quotes/options/SPY.json,0.0,0.0,-0.0,0.0,0.0,-0.0,0.0
SPY,SPY260515C00390000,2026-05-15,5,call,390.0,1.0,0.0,0.0,0.0,346.29,349.1,,0.9998,-0.0046,0.0008,https://cdn.cboe.com/api/global/delayed_quotes/options/SPY.json,0.0,0.0,0.0,0.0,0.0,0.0,0.0
SPY,SPY260515P00390000,2026-05-15,5,put,390.0,2273.0,0.0,1.3141,0.0,0.0,0.01,,-0.0002,-0.0046,0.0008,https://cdn.cboe.com/api/global/delayed_quotes/options/SPY.json,0.0,0.0,-0.0,0.0,0.0,-0.0,0.0
SPY,SPY260515C00395000,2026-05-15,5,call,395.0,9.0,0.0,0.0,0.0,341.29,344.1,,0.9998,-0.0046,0.0008,https://cdn.cboe.com/api/global/delayed_quotes/options/SPY.json,0.0,0.0,0.0,0.0,0.0,0.0,0.0
SPY,SPY260515P00395000,2026-05-15,5,put,395.0,5013.0,0.0,1.289,0.0,0.0,0.01,,-0.0002,-0.0046,0.0008,https://cdn.cboe.com/api/global/delayed_quotes/options/SPY.json,0.0,0.0,-0.0,0.0,0.0,-0.0,0.0
SPY,SPY260515C00400000,2026-05-15,5,call,400.0,24.0,10.0,0.0,0.0,336.29,339.11,,0.9998,-0.0046,0.0008,https://cdn.cboe.com/api/global/delayed_quotes/options/SPY.json,0.0,0.0,0.0,0.0,0.0,0.0,0.0
SPY,SPY260515P00400000,2026-05-15,5,put,400.0,25973.0,2.0,1.2642,0.0,0.0,0.01,,-0.0002,-0.0046,0.0008,https://cdn.cboe.com/api/global/delayed_quotes/options/SPY.json,0.0,0.0,-0.0,0.0,0.0,-0.0,0.0
SPY,SPY260515C00405000,2026-05-15,5,call,405.0,12.0,0.0,0.0,0.0,331.3,334.11,,0.9998,-0.0046,0.0008,https://cdn.cboe.com/api/global/delayed_quotes/options/SPY.json,0.0,0.0,0.0,0.0,0.0,0.0,0.0
SPY,SPY260515P00405000,2026-05-15,5,put,405.0,8532.0,0.0,1.2399,0.0,0.0,0.01,,-0.0002,-0.0047,0.0008,https://cdn.cboe.com/api/global/delayed_quotes/options/SPY.json,0.0,0.0,-0.0,0.0,0.0,-0.0,0.0
SPY,SPY260515C00410000,2026-05-15,5,call,410.0,8.0,0.0,0.0,0.0,326.3,329.11,,0.9998,-0.0047,0.0008,https://cdn.cboe.com/api/global/delayed_quotes/options/SPY.json,0.0,0.0,0.0,0.0,0.0,0.0,0.0
SPY,SPY260515P00410000,2026-05-15,5,put,410.0,3024.0,0.0,1.2157,0.0,0.0,0.01,,-0.0002,-0.0047,0.0008,https://cdn.cboe.com/api/global/delayed_quotes/options/SPY.json,0.0,0.0,-0.0,0.0,0.0,-0.0,0.0
SPY,SPY260515P00415000,2026-05-15,5,put,415.0,1575.0,0.0,1.1918,0.0,0.0,0.01,,-0.0002,-0.0047,0.0008,https://cdn.cboe.com/api/global/delayed_quotes/options/SPY.json,0.0,0.0,-0.0,0.0,0.0,-0.0,0.0
SPY,SPY260515C00420000,2026-05-15,5,call,420.0,14.0,0.0,0.0,0.0,316.33,319.12,,0.9997,-0.0047,0.0009,https://cdn.cboe.com/api/global/delayed_quotes/options/SPY.json,0.0,0.0,0.0,0.0,0.0,0.0,0.0
SPY,SPY260515P00420000,2026-05-15,5,put,420.0,2687.0,0.0,1.1681,0.0,0.0,0.01,,-0.0002,-0.0047,0.0009,https://cdn.cboe.com/api/global/delayed_quotes/options/SPY.json,0.0,0.0,-0.0,0.0,0.0,-0.0,0.0
SPY,SPY260515C00425000,2026-05-15,5,call,425.0,8.0,0.0,0.0,0.0,311.31,314.13,,0.9997,-0.0047,0.0009,https://cdn.cboe.com/api/global/delayed_quotes/options/SPY.json,0.0,0.0,0.0,0.0,0.0,0.0,0.0
SPY,SPY260515P00425000,2026-05-15,5,put,425.0,12134.0,0.0,1.1447,0.0,0.0,0.01,,-0.0002,-0.0047,0.0009,https://cdn.cboe.com/api/global/delayed_quotes/options/SPY.json,0.0,0.0,-0.0,0.0,0.0,-0.0,0.0
SPY,SPY260515C00430000,2026-05-15,5,call,430.0,705.0,0.0,0.0,0.0,307.57,307.92,,0.9997,-0.0047,0.0009,https://cdn.cboe.com/api/global/delayed_quotes/options/SPY.json,0.0,0.0,0.0,0.0,0.0,0.0,0.0
SPY,SPY260515P00430000,2026-05-15,5,put,430.0,2461.0,0.0,1.1216,0.0,0.0,0.01,,-0.0002,-0.0048,0.0009,https://cdn.cboe.com/api/global/delayed_quotes/options/SPY.json,0.0,0.0,-0.0,0.0,0.0,-0.0,0.0
SPY,SPY260515C00435000,2026-05-15,5,call,435.0,19.0,0.0,0.0,0.0,301.32,304.13,,0.9997,-0.0048,0.0009,https://cdn.cboe.com/api/global/delayed_quotes/options/SPY.json,0.0,0.0,0.0,0.0,0.0,0.0,0.0
SPY,SPY260515P00435000,2026-05-15,5,put,435.0,2826.0,0.0,1.0987,0.0,0.0,0.01,,-0.0002,-0.0048,0.0009,https://cdn.cboe.com/api/global/delayed_quotes/options/SPY.json,0.0,0.0,-0.0,0.0,0.0,-0.0,0.0
SPY,SPY260515C00440000,2026-05-15,5,call,440.0,16.0,0.0,0.0,0.0,296.32,299.14,,0.9997,-0.0048,0.001,https://cdn.cboe.com/api/global/delayed_quotes/options/SPY.json,0.0,0.0,0.0,0.0,0.0,0.0,0.0
SPY,SPY260515P00440000,2026-05-15,5,put,440.0,3560.0,0.0,1.0761,0.0,0.0,0.01,,-0.0003,-0.0048,0.001,https://cdn.cboe.com/api/global/delayed_quotes/options/SPY.json,0.0,0.0,-0.0,0.0,0.0,-0.0,0.0
SPY,SPY260515P00445000,2026-05-15,5,put,445.0,86416.0,0.0,1.0538,0.0,0.0,0.01,,-0.0003,-0.0048,0.001,https://cdn.cboe.com/api/global/delayed_quotes/options/SPY.json,0.0,0.0,-0.0,0.0,0.0,-0.0,0.0
SPY,SPY260515C00450000,2026-05-15,5,call,450.0,9.0,1.0,0.0,0.0,286.33,289.15,,0.9997,-0.0049,0.001,https://cdn.cboe.com/api/global/delayed_quotes/options/SPY.json,0.0,0.0,0.0,0.0,0.0,0.0,0.0
SPY,SPY260515P00450000,2026-05-15,5,put,450.0,84697.0,1.0,1.0316,0.0,0.0,0.01,,-0.0003,-0.0049,0.001,https://cdn.cboe.com/api/global/delayed_quotes/options/SPY.json,0.0,0.0,-0.0,0.0,0.0,-0.0,0.0
SPY,SPY260515C00455000,2026-05-15,5,call,455.0,1.0,0.0,0.0,0.0,281.34,284.15,,0.9997,-0.0049,0.001,https://cdn.cboe.com/api/global/delayed_quotes/options/SPY.json,0.0,0.0,0.0,0.0,0.0,0.0,0.0
SPY,SPY260515P00455000,2026-05-15,5,put,455.0,5689.0,0.0,1.0097,0.0,0.0,0.01,,-0.0003,-0.0049,0.001,https://cdn.cboe.com/api/global/delayed_quotes/options/SPY.json,0.0,0.0,-0.0,0.0,0.0,-0.0,0.0
SPY,SPY260515C00460000,2026-05-15,5,call,460.0,2.0,0.0,0.0,0.0,276.34,279.15,,0.9997,-0.005,0.0011,https://cdn.cboe.com/api/global/delayed_quotes/options/SPY.json,0.0,0.0,0.0,0.0,0.0,0.0,0.0
SPY,SPY260515P00460000,2026-05-15,5,put,460.0,2662.0,0.0,0.9881,0.0,0.0,0.01,,-0.0003,-0.005,0.0011,https://cdn.cboe.com/api/global/delayed_quotes/options/SPY.json,0.0,0.0,-0.0,0.0,0.0,-0.0,0.0
SPY,SPY260515C00465000,2026-05-15,5,call,465.0,3.0,0.0,0.0,0.0,271.36,274.16,,0.9997,-0.005,0.0011,https://cdn.cboe.com/api/global/delayed_quotes/options/SPY.json,0.0,0.0,0.0,0.0,0.0,0.0,0.0
SPY,SPY260515P00465000,2026-05-15,5,put,465.0,1547.0,0.0,0.9666,0.0,0.0,0.01,,-0.0003,-0.005,0.0011,https://cdn.cboe.com/api/global/delayed_quotes/options/SPY.json,0.0,0.0,-0.0,0.0,0.0,-0.0,0.0
SPY,SPY260515C00470000,2026-05-15,5,call,470.0,15.0,0.0,0.0,0.0,266.37,269.16,,0.9997,-0.0051,0.0011,https://cdn.cboe.com/api/global/delayed_quotes/options/SPY.json,0.0,0.0,0.0,0.0,0.0,0.0,0.0
SPY,SPY260515P00470000,2026-05-15,5,put,470.0,3902.0,0.0,0.9454,0.0,0.0,0.01,,-0.0003,-0.0051,0.0011,https://cdn.cboe.com/api/global/delayed_quotes/options/SPY.json,0.0,0.0,-0.0,0.0,0.0,-0.0,0.0
SPY,SPY260515C00475000,2026-05-15,5,call,475.0,28.0,0.0,0.0,0.0,261.35,264.17,,0.9997,-0.0051,0.0012,https://cdn.cboe.com/api/global/delayed_quotes/options/SPY.json,0.0,0.0,0.0,0.0,0.0,0.0,0.0
SPY,SPY260515P00475000,2026-05-15,5,put,475.0,5465.0,0.0,0.9243,0.0,0.0,0.01,,-0.0003,-0.0052,0.0012,https://cdn.cboe.com/api/global/delayed_quotes/options/SPY.json,0.0,0.0,-0.0,0.0,0.0,-0.0,0.0
SPY,SPY260515C00480000,2026-05-15,5,call,480.0,11.0,1.0,0.0,0.0,256.36,259.17,,0.9996,-0.0052,0.0012,https://cdn.cboe.com/api/global/delayed_quotes/options/SPY.json,0.0,0.0,0.0,0.0,0.0,0.0,0.0
SPY,SPY260515P00480000,2026-05-15,5,put,480.0,79002.0,20.0,0.9035,0.0,0.0,0.01,,-0.0003,-0.0052,0.0012,https://cdn.cboe.com/api/global/delayed_quotes/options/SPY.json,0.0,0.0,-0.0,0.0,0.0,-0.0,0.0
SPY,SPY260515C00485000,2026-05-15,5,call,485.0,6.0,0.0,0.0,0.0,251.36,254.17,,0.9996,-0.0053,0.0013,https://cdn.cboe.com/api/global/delayed_quotes/options/SPY.json,0.0,0.0,0.0,0.0,0.0,0.0,0.0
SPY,SPY260515P00485000,2026-05-15,5,put,485.0,1868.0,0.0,0.8829,0.0,0.0,0.01,,-0.0003,-0.0053,0.0013,https://cdn.cboe.com/api/global/delayed_quotes/options/SPY.json,0.0,0.0,-0.0,0.0,0.0,-0.0,0.0
SPY,SPY260515C00490000,2026-05-15,5,call,490.0,32.0,0.0,0.0,0.0,246.38,249.18,,0.9996,-0.0054,0.0013,https://cdn.cboe.com/api/global/delayed_quotes/options/SPY.json,0.0,0.0,0.0,0.0,0.0,0.0,0.0
SPY,SPY260515P00490000,2026-05-15,5,put,490.0,2970.0,430.0,0.8624,0.0,0.0,0.01,,-0.0004,-0.0054,0.0013,https://cdn.cboe.com/api/global/delayed_quotes/options/SPY.json,0.0,0.0,-0.0,0.0,0.0,-0.0,0.0
SPY,SPY260515C00495000,2026-05-15,5,call,495.0,17.0,0.0,0.0,0.0,241.39,244.18,,0.9996,-0.0055,0.0014,https://cdn.cboe.com/api/global/delayed_quotes/options/SPY.json,0.0,0.0,0.0,0.0,0.0,0.0,0.0
SPY,SPY260515P00495000,2026-05-15,5,put,495.0,162073.0,400.0,0.8422,0.0,0.0,0.01,,-0.0004,-0.0055,0.0014,https://cdn.cboe.com/api/global/delayed_quotes/options/SPY.json,0.0,0.0,-0.0,0.0,0.0,-0.0,0.0
SPY,SPY260515C00500000,2026-05-15,5,call,500.0,340.0,1.0,0.0,0.0,237.63,237.98,,0.9996,-0.0056,0.0014,https://cdn.cboe.com/api/global/delayed_quotes/options/SPY.json,0.0,0.0,0.0,0.0,0.0,0.0,0.0
SPY,SPY260515P00500000,2026-05-15,5,put,500.0,164778.0,1.0,0.8222,0.0,0.0,0.01,,-0.0004,-0.0056,0.0014,https://cdn.cboe.com/api/global/delayed_quotes/options/SPY.json,0.0,0.0,-0.0,0.0,0.0,-0.0,0.0
SPY,SPY260515C00505000,2026-05-15,5,call,505.0,68.0,0.0,0.0,0.0,231.4,234.19,,0.9996,-0.0057,0.0015,https://cdn.cboe.com/api/global/delayed_quotes/options/SPY.json,0.0,0.0,0.0,0.0,0.0,0.0,0.0
SPY,SPY260515P00505000,2026-05-15,5,put,505.0,4838.0,0.0,0.8023,0.0,0.0,0.01,,-0.0004,-0.0057,0.0015,https://cdn.cboe.com/api/global/delayed_quotes/options/SPY.json,0.0,0.0,-0.0,0.0,0.0,-0.0,0.0
SPY,SPY260515C00510000,2026-05-15,5,call,510.0,28.0,0.0,0.0,0.0,226.38,229.2,,0.9996,-0.0058,0.0016,https://cdn.cboe.com/api/global/delayed_quotes/options/SPY.json,0.0,0.0,0.0,0.0,0.0,0.0,0.0
SPY,SPY260515P00510000,2026-05-15,5,put,510.0,2249.0,0.0,0.7826,0.0,0.0,0.01,,-0.0004,-0.0058,0.0016,https://cdn.cboe.com/api/global/delayed_quotes/options/SPY.json,0.0,0.0,-0.0,0.0,0.0,-0.0,0.0
SPY,SPY260515C00515000,2026-05-15,5,call,515.0,76.0,0.0,0.0,0.0,221.41,224.2,,0.9995,-0.006,0.0016,https://cdn.cboe.com/api/global/delayed_quotes/options/SPY.json,0.0,0.0,0.0,0.0,0.0,0.0,0.0
SPY,SPY260515P00515000,2026-05-15,5,put,515.0,2216.0,3.0,0.763,0.0,0.0,0.01,,-0.0004,-0.006,0.0016,https://cdn.cboe.com/api/global/delayed_quotes/options/SPY.json,0.0,0.0,-0.0,0.0,0.0,-0.0,0.0
SPY,SPY260515C00520000,2026-05-15,5,call,520.0,43.0,0.0,0.0,0.0,216.39,219.21,,0.9995,-0.0061,0.0017,https://cdn.cboe.com/api/global/delayed_quotes/options/SPY.json,0.0,0.0,0.0,0.0,0.0,0.0,0.0
SPY,SPY260515P00520000,2026-05-15,5,put,520.0,10543.0,5.0,0.7437,0.0,0.0,0.01,,-0.0005,-0.0062,0.0017,https://cdn.cboe.com/api/global/delayed_quotes/options/SPY.json,0.0,0.0,-0.0,0.0,0.0,-0.0,0.0
SPY,SPY260515C00525000,2026-05-15,5,call,525.0,76.0,0.0,0.0,0.0,211.4,214.21,,0.9995,-0.0063,0.0018,https://cdn.cboe.com/api/global/delayed_quotes/options/SPY.json,0.0,0.0,0.0,0.0,0.0,0.0,0.0
SPY,SPY260515P00525000,2026-05-15,5,put,525.0,5916.0,0.0,0.7245,0.0,0.0,0.01,,-0.0005,-0.0063,0.0018,https://cdn.cboe.com/api/global/delayed_quotes/options/SPY.json,0.0,0.0,-0.0,0.0,0.0,-0.0,0.0
SPY,SPY260515C00530000,2026-05-15,5,call,530.0,157.0,0.0,0.0,0.0,207.66,208.01,,0.9995,-0.0065,0.0019,https://cdn.cboe.com/api/global/delayed_quotes/options/SPY.json,0.0,0.0,0.0,0.0,0.0,0.0,0.0
SPY,SPY260515P00530000,2026-05-15,5,put,530.0,164394.0,113.0,0.7055,0.0,0.0,0.01,,-0.0005,-0.0065,0.0019,https://cdn.cboe.com/api/global/delayed_quotes/options/SPY.json,0.0,0.0,-0.0,0.0,0.0,-0.0,0.0
SPY,SPY260515C00535000,2026-05-15,5,call,535.0,332.0,1.0,0.0,0.0,202.66,203.01,,0.9994,-0.0067,0.002,https://cdn.cboe.com/api/global/delayed_quotes/options/SPY.json,0.0,0.0,0.0,0.0,0.0,0.0,0.0
SPY,SPY260515P00535000,2026-05-15,5,put,535.0,5594.0,0.0,0.6866,0.0,0.0,0.01,,-0.0006,-0.0067,0.002,https://cdn.cboe.com/api/global/delayed_quotes/options/SPY.json,0.0,0.0,-0.0,0.0,0.0,-0.0,0.0
SPY,SPY260515C00540000,2026-05-15,5,call,540.0,47.0,0.0,0.0,0.0,196.41,199.22,,0.9994,-0.0069,0.0021,https://cdn.cboe.com/api/global/delayed_quotes/options/SPY.json,0.0,0.0,0.0,0.0,0.0,0.0,0.0
SPY,SPY260515P00540000,2026-05-15,5,put,540.0,16219.0,6.0,0.6677,0.0,0.0,0.01,,-0.0006,-0.0069,0.0021,https://cdn.cboe.com/api/global/delayed_quotes/options/SPY.json,0.0,0.0,-0.0,0.0,0.0,-0.0,0.0
SPY,SPY260515C00545000,2026-05-15,5,call,545.0,43.0,0.0,0.0,0.0,191.42,194.23,,0.9994,-0.0072,0.0022,https://cdn.cboe.com/api/global/delayed_quotes/options/SPY.json,0.0,0.0,0.0,0.0,0.0,0.0,0.0
SPY,SPY260515P00545000,2026-05-15,5,put,545.0,83494.0,28.0,0.6493,0.0,0.0,0.01,,-0.0006,-0.0072,0.0022,https://cdn.cboe.com/api/global/delayed_quotes/options/SPY.json,0.0,0.0,-0.0,0.0,0.0,-0.0,0.0
SPY,SPY260515C00550000,2026-05-15,5,call,550.0,59.0,0.0,0.0,0.0,186.42,189.23,,0.9993,-0.0075,0.0024,https://cdn.cboe.com/api/global/delayed_quotes/options/SPY.json,0.0,0.0,0.0,0.0,0.0,0.0,0.0
SPY,SPY260515P00550000,2026-05-15,5,put,550.0,118104.0,142.0,0.6846,0.0,0.01,0.02,,-0.0007,-0.0075,0.0024,https://cdn.cboe.com/api/global/delayed_quotes/options/SPY.json,0.0,0.0,-0.0,0.0,0.0,-0.0,0.0
SPY,SPY260515C00555000,2026-05-15,5,call,555.0,16.0,0.0,0.0,0.0,181.43,184.24,,0.9993,-0.0078,0.0025,https://cdn.cboe.com/api/global/delayed_quotes/options/SPY.json,0.0,0.0,0.0,0.0,0.0,0.0,0.0
SPY,SPY260515P00555000,2026-05-15,5,put,555.0,8207.0,110.0,0.6651,0.0,0.01,0.02,,-0.0007,-0.0078,0.0025,https://cdn.cboe.com/api/global/delayed_quotes/options/SPY.json,0.0,0.0,-0.0,0.0,0.0,-0.0,0.0
SPY,SPY260515C00560000,2026-05-15,5,call,560.0,65.0,0.0,0.0,0.0,176.43,179.24,,0.9992,-0.0081,0.0027,https://cdn.cboe.com/api/global/delayed_quotes/options/SPY.json,0.0,0.0,0.0,0.0,0.0,0.0,0.0
SPY,SPY260515P00560000,2026-05-15,5,put,560.0,37077.0,146.0,0.6456,0.0,0.01,0.02,,-0.0008,-0.0082,0.0027,https://cdn.cboe.com/api/global/delayed_quotes/options/SPY.json,0.0,0.0,-0.0,0.0,0.0,-0.0,0.0
SPY,SPY260515C00565000,2026-05-15,5,call,565.0,1441.0,3.0,0.0,0.0,172.69,173.04,,0.9992,-0.0085,0.0029,https://cdn.cboe.com/api/global/delayed_quotes/options/SPY.json,0.0,0.0,0.0,0.0,0.0,0.0,0.0
SPY,SPY260515P00565000,2026-05-15,5,put,565.0,8435.0,22.0,0.6263,0.0,0.01,0.02,,-0.0008,-0.0086,0.0029,https://cdn.cboe.com/api/global/delayed_quotes/options/SPY.json,0.0,0.0,-0.0,0.0,0.0,-0.0,0.0
SPY,SPY260515C00570000,2026-05-15,5,call,570.0,4804.0,2.0,0.0,0.0,167.69,168.05,,0.9991,-0.009,0.0031,https://cdn.cboe.com/api/global/delayed_quotes/options/SPY.json,0.0,0.0,0.0,0.0,0.0,0.0,0.0
SPY,SPY260515P00570000,2026-05-15,5,put,570.0,22129.0,5134.0,0.6069,0.0,0.01,0.02,,-0.0009,-0.009,0.0031,https://cdn.cboe.com/api/global/delayed_quotes/options/SPY.json,0.0,0.0,-0.0,0.0,0.0,-0.0,0.0
SPY,SPY260515C00575000,2026-05-15,5,call,575.0,1479.0,5.0,0.0,0.0,162.7,163.05,,0.999,-0.0094,0.0034,https://cdn.cboe.com/api/global/delayed_quotes/options/SPY.json,0.0,0.0,0.0,0.0,0.0,0.0,0.0
SPY,SPY260515P00575000,2026-05-15,5,put,575.0,52524.0,59.0,0.5879,0.0,0.01,0.02,,-0.001,-0.0095,0.0034,https://cdn.cboe.com/api/global/delayed_quotes/options/SPY.json,0.0,0.0,-0.0,0.0,0.0,-0.0,0.0
SPY,SPY260515C00580000,2026-05-15,5,call,580.0,881.0,0.0,0.0,0.0001,157.7,158.06,,0.999,-0.0099,0.0036,https://cdn.cboe.com/api/global/delayed_quotes/options/SPY.json,0.0001,47933.735593640005,0.0,47933.735593640005,4.7933735593640006e-05,0.0,4.7933735593640006e-05
SPY,SPY260515P00580000,2026-05-15,5,put,580.0,102773.0,18.0,0.5688,0.0001,0.01,0.02,,-0.001,-0.0099,0.0036,https://cdn.cboe.com/api/global/delayed_quotes/options/SPY.json,0.0001,0.0,-5591706.933218121,-5591706.933218121,0.0,-0.005591706933218121,-0.005591706933218121
SPY,SPY260515C00585000,2026-05-15,5,call,585.0,997.0,0.0,0.0,0.0001,152.71,153.06,,0.9989,-0.0105,0.0039,https://cdn.cboe.com/api/global/delayed_quotes/options/SPY.json,0.0001,54245.10146068,0.0,54245.10146068,5.424510146068e-05,0.0,5.424510146068e-05
SPY,SPY260515P00585000,2026-05-15,5,put,585.0,7288.0,2008.0,0.55,0.0001,0.01,0.02,,-0.0011,-0.0105,0.0039,https://cdn.cboe.com/api/global/delayed_quotes/options/SPY.json,0.0001,0.0,-396527.88309471996,-396527.88309471996,0.0,-0.00039652788309471994,-0.00039652788309471994
SPY,SPY260515C00590000,2026-05-15,5,call,590.0,1356.0,5.0,0.0,0.0001,147.72,148.07,,0.9988,-0.0111,0.0042,https://cdn.cboe.com/api/global/delayed_quotes/options/SPY.json,0.0001,73777.69065264,0.0,73777.69065264,7.377769065264e-05,0.0,7.377769065264e-05
SPY,SPY260515P00590000,2026-05-15,5,put,590.0,21978.0,1020.0,0.5313,0.0001,0.01,0.02,,-0.0012,-0.0111,0.0042,https://cdn.cboe.com/api/global/delayed_quotes/options/SPY.json,0.0001,0.0,-1195786.19849832,-1195786.19849832,0.0,-0.0011957861984983201,-0.0011957861984983201
SPY,SPY260515C00595000,2026-05-15,5,call,595.0,1963.0,11.0,0.0,0.0001,142.72,143.07,,0.9986,-0.0118,0.0046,https://cdn.cboe.com/api/global/delayed_quotes/options/SPY.json,0.0001,106803.54480172,0.0,106803.54480172,0.00010680354480172,0.0,0.00010680354480172
SPY,SPY260515P00595000,2026-05-15,5,put,595.0,18834.0,314.0,0.5127,0.0001,0.01,0.02,,-0.0013,-0.0118,0.0046,https://cdn.cboe.com/api/global/delayed_quotes/options/SPY.json,0.0001,0.0,-1024726.4201709601,-1024726.4201709601,0.0,-0.0010247264201709602,-0.0010247264201709602
SPY,SPY260515C00600000,2026-05-15,5,call,600.0,1340.0,56.0,0.0,0.0001,137.72,138.08,,0.9985,-0.0126,0.005,https://cdn.cboe.com/api/global/delayed_quotes/options/SPY.json,0.0001,72907.1574296,0.0,72907.1574296,7.290715742960001e-05,0.0,7.290715742960001e-05
SPY,SPY260515P00600000,2026-05-15,5,put,600.0,92649.0,1153.0,0.5165,0.0001,0.02,0.03,,-0.0015,-0.0126,0.0051,https://cdn.cboe.com/api/global/delayed_quotes/options/SPY.json,0.0001,0.0,-5040877.0363395605,-5040877.0363395605,0.0,-0.005040877036339561,-0.005040877036339561
SPY,SPY260515P00601000,2026-05-15,5,put,601.0,7164.0,0.0,0.5127,0.0001,0.02,0.03,,-0.0015,-0.0127,0.0052,https://cdn.cboe.com/api/global/delayed_quotes/options/SPY.json,0.0001,0.0,-389781.25061616,-389781.25061616,0.0,-0.00038978125061616,-0.00038978125061616
SPY,SPY260515C00602000,2026-05-15,5,call,602.0,1.0,0.0,0.0,0.0001,134.47,137.29,,0.9984,-0.0129,0.0052,https://cdn.cboe.com/api/global/delayed_quotes/options/SPY.json,0.0001,54.40832644,0.0,54.40832644,5.4408326440000004e-08,0.0,5.4408326440000004e-08
SPY,SPY260515P00602000,2026-05-15,5,put,602.0,7370.0,26.0,0.5089,0.0001,0.02,0.03,,-0.0015,-0.0129,0.0052,https://cdn.cboe.com/api/global/delayed_quotes/options/SPY.json,0.0001,0.0,-400989.36586280004,-400989.36586280004,0.0,-0.00040098936586280005,-0.00040098936586280005
SPY,SPY260515P00603000,2026-05-15,5,put,603.0,847.0,50.0,0.5051,0.0001,0.02,0.03,,-0.0016,-0.0131,0.0053,https://cdn.cboe.com/api/global/delayed_quotes/options/SPY.json,0.0001,0.0,-46083.852494679995,-46083.852494679995,0.0,-4.608385249468e-05,-4.608385249468e-05
SPY,SPY260515P00604000,2026-05-15,5,put,604.0,701.0,102.0,0.5014,0.0001,0.02,0.03,,-0.0016,-0.0133,0.0055,https://cdn.cboe.com/api/global/delayed_quotes/options/SPY.json,0.0001,0.0,-38140.23683444,-38140.23683444,0.0,-3.814023683444e-05,-3.814023683444e-05
SPY,SPY260515C00605000,2026-05-15,5,call,605.0,1605.0,1.0,0.0,0.0001,132.73,133.08,,0.9984,-0.0134,0.0055,https://cdn.cboe.com/api/global/delayed_quotes/options/SPY.json,0.0001,87325.3639362,0.0,87325.3639362,8.732536393619999e-05,0.0,8.732536393619999e-05
SPY,SPY260515P00605000,2026-05-15,5,put,605.0,25629.0,3.0,0.4976,0.0001,0.02,0.03,,-0.0016,-0.0135,0.0056,https://cdn.cboe.com/api/global/delayed_quotes/options/SPY.json,0.0001,0.0,-1394430.99833076,-1394430.99833076,0.0,-0.00139443099833076,-0.00139443099833076
SPY,SPY260515C00606000,2026-05-15,5,call,606.0,6.0,0.0,0.0,0.0001,130.47,133.29,,0.9983,-0.0136,0.0056,https://cdn.cboe.com/api/global/delayed_quotes/options/SPY.json,0.0001,326.44995864000003,0.0,326.44995864000003,3.2644995864e-07,0.0,3.2644995864e-07
SPY,SPY260515P00606000,2026-05-15,5,put,606.0,1720.0,45.0,0.4938,0.0001,0.02,0.03,,-0.0016,-0.0136,0.0057,https://cdn.cboe.com/api/global/delayed_quotes/options/SPY.json,0.0001,0.0,-93582.32147680002,-93582.32147680002,0.0,-9.358232147680001e-05,-9.358232147680001e-05
SPY,SPY260515C00607000,2026-05-15,5,call,607.0,2.0,0.0,0.0,0.0001,129.48,132.29,,0.9983,-0.0138,0.0057,https://cdn.cboe.com/api/global/delayed_quotes/options/SPY.json,0.0001,108.81665288,0.0,108.81665288,1.0881665288000001e-07,0.0,1.0881665288000001e-07
SPY,SPY260515P00607000,2026-05-15,5,put,607.0,1454.0,1.0,0.49,0.0001,0.02,0.03,,-0.0017,-0.0138,0.0058,https://cdn.cboe.com/api/global/delayed_quotes/options/SPY.json,0.0001,0.0,-79109.70664376,-79109.70664376,0.0,-7.910970664376e-05,-7.910970664376e-05
SPY,SPY260515C00608000,2026-05-15,5,call,608.0,1005.0,0.0,0.0,0.0001,129.73,130.09,,0.9983,-0.014,0.0058,https://cdn.cboe.com/api/global/delayed_quotes/options/SPY.json,0.0001,54680.3680722,0.0,54680.3680722,5.4680368072199996e-05,0.0,5.4680368072199996e-05
SPY,SPY260515P00608000,2026-05-15,5,put,608.0,562.0,194.0,0.4862,0.0001,0.02,0.03,,-0.0017,-0.014,0.0059,https://cdn.cboe.com/api/global/delayed_quotes/options/SPY.json,0.0001,0.0,-30577.47945928,-30577.47945928,0.0,-3.057747945928e-05,-3.057747945928e-05
SPY,SPY260515P00609000,2026-05-15,5,put,609.0,1840.0,17.0,0.4823,0.0001,0.02,0.03,,-0.0018,-0.0142,0.006,https://cdn.cboe.com/api/global/delayed_quotes/options/SPY.json,0.0001,0.0,-100111.32064959999,-100111.32064959999,0.0,-0.00010011132064959999,-0.00010011132064959999
SPY,SPY260515C00610000,2026-05-15,5,call,610.0,1516.0,75.0,0.0,0.0001,127.73,128.09,,0.9982,-0.0143,0.0061,https://cdn.cboe.com/api/global/delayed_quotes/options/SPY.json,0.0001,82483.02288304002,0.0,82483.02288304002,8.248302288304002e-05,0.0,8.248302288304002e-05
SPY,SPY260515P00610000,2026-05-15,5,put,610.0,21349.0,294.0,0.4785,0.0001,0.02,0.03,,-0.0018,-0.0144,0.0061,https://cdn.cboe.com/api/global/delayed_quotes/options/SPY.json,0.0001,0.0,-1161563.36116756,-1161563.36116756,0.0,-0.00116156336116756,-0.00116156336116756
SPY,SPY260515P00611000,2026-05-15,5,put,611.0,1174.0,3116.0,0.4747,0.0001,0.02,0.03,,-0.0018,-0.0145,0.0062,https://cdn.cboe.com/api/global/delayed_quotes/options/SPY.json,0.0001,0.0,-63875.375240559995,-63875.375240559995,0.0,-6.387537524056e-05,-6.387537524056e-05
SPY,SPY260515C00612000,2026-05-15,5,call,612.0,1001.0,0.0,0.0,0.0001,125.74,126.09,,0.9981,-0.0147,0.0063,https://cdn.cboe.com/api/global/delayed_quotes/options/SPY.json,0.0001,54462.73476644001,0.0,54462.73476644001,5.446273476644001e-05,0.0,5.446273476644001e-05
SPY,SPY260515P00612000,2026-05-15,5,put,612.0,3164.0,3044.0,0.471,0.0001,0.02,0.03,,-0.0019,-0.0147,0.0063,https://cdn.cboe.com/api/global/delayed_quotes/options/SPY.json,0.0001,0.0,-172147.94485616,-172147.94485616,0.0,-0.00017214794485616,-0.00017214794485616
SPY,SPY260515P00613000,2026-05-15,5,put,613.0,5487.0,4.0,0.4672,0.0001,0.02,0.03,,-0.0019,-0.015,0.0064,https://cdn.cboe.com/api/global/delayed_quotes/options/SPY.json,0.0001,0.0,-298538.48717628,-298538.48717628,0.0,-0.00029853848717628,-0.00029853848717628
SPY,SPY260515P00614000,2026-05-15,5,put,614.0,6122.0,1130.0,0.4634,0.0001,0.02,0.03,,-0.0019,-0.0152,0.0066,https://cdn.cboe.com/api/global/delayed_quotes/options/SPY.json,0.0001,0.0,-333087.77446568,-333087.77446568,0.0,-0.00033308777446568,-0.00033308777446568
SPY,SPY260515C00615000,2026-05-15,5,call,615.0,816.0,0.0,0.3407,0.0001,122.74,123.1,,0.998,-0.0154,0.0067,https://cdn.cboe.com/api/global/delayed_quotes/options/SPY.json,0.0001,44397.19437504,0.0,44397.19437504,4.4397194375040005e-05,0.0,4.4397194375040005e-05
SPY,SPY260515P00615000,2026-05-15,5,put,615.0,25911.0,1354.0,0.4598,0.0001,0.02,0.03,,-0.002,-0.0155,0.0067,https://cdn.cboe.com/api/global/delayed_quotes/options/SPY.json,0.0001,0.0,-1409774.1463868401,-1409774.1463868401,0.0,-0.00140977414638684,-0.00140977414638684
SPY,SPY260515P00616000,2026-05-15,5,put,616.0,678.0,3.0,0.456,0.0001,0.02,0.03,,-0.002,-0.0157,0.0069,https://cdn.cboe.com/api/global/delayed_quotes/options/SPY.json,0.0001,0.0,-36888.84532632,-36888.84532632,0.0,-3.688884532632e-05,-3.688884532632e-05
SPY,SPY260515P00617000,2026-05-15,5,put,617.0,1497.0,0.0,0.4522,0.0001,0.02,0.03,,-0.0021,-0.0158,0.007,https://cdn.cboe.com/api/global/delayed_quotes/options/SPY.json,0.0001,0.0,-81449.26468068,-81449.26468068,0.0,-8.144926468068e-05,-8.144926468068e-05
SPY,SPY260515P00618000,2026-05-15,5,put,618.0,571.0,61.0,0.4484,0.0001,0.02,0.03,,-0.0021,-0.016,0.0071,https://cdn.cboe.com/api/global/delayed_quotes/options/SPY.json,0.0001,0.0,-31067.154397240003,-31067.154397240003,0.0,-3.106715439724e-05,-3.106715439724e-05
SPY,SPY260515C00619000,2026-05-15,5,call,619.0,2.0,0.0,0.0,0.0001,117.49,120.3,,0.9978,-0.0162,0.0072,https://cdn.cboe.com/api/global/delayed_quotes/options/SPY.json,0.0001,108.81665288,0.0,108.81665288,1.0881665288000001e-07,0.0,1.0881665288000001e-07
SPY,SPY260515P00619000,2026-05-15,5,put,619.0,1247.0,0.0,0.4446,0.0001,0.02,0.03,,-0.0022,-0.0163,0.0072,https://cdn.cboe.com/api/global/delayed_quotes/options/SPY.json,0.0001,0.0,-67847.18307068001,-67847.18307068001,0.0,-6.784718307068001e-05,-6.784718307068001e-05
SPY,SPY260515C00620000,2026-05-15,5,call,620.0,8306.0,1098.0,0.3557,0.0001,117.85,118.0,,0.9978,-0.0165,0.0074,https://cdn.cboe.com/api/global/delayed_quotes/options/SPY.json,0.0001,451915.55941064004,0.0,451915.55941064004,0.00045191555941064004,0.0,0.00045191555941064004
SPY,SPY260515P00620000,2026-05-15,5,put,620.0,51140.0,328.0,0.4409,0.0001,0.02,0.03,,-0.0022,-0.0165,0.0074,https://cdn.cboe.com/api/global/delayed_quotes/options/SPY.json,0.0001,0.0,-2782441.8141415995,-2782441.8141415995,0.0,-0.0027824418141415993,-0.0027824418141415993
SPY,SPY260515C00621000,2026-05-15,5,call,621.0,31.0,0.0,0.0,0.0001,115.49,118.31,,0.9977,-0.0167,0.0075,https://cdn.cboe.com/api/global/delayed_quotes/options/SPY.json,0.0001,1686.6581196400002,0.0,1686.6581196400002,1.6866581196400002e-06,0.0,1.6866581196400002e-06
SPY,SPY260515P00621000,2026-05-15,5,put,621.0,606.0,0.0,0.4372,0.0001,0.02,0.03,,-0.0022,-0.0167,0.0075,https://cdn.cboe.com/api/global/delayed_quotes/options/SPY.json,0.0001,0.0,-32971.44582264,-32971.44582264,0.0,-3.297144582264e-05,-3.297144582264e-05
SPY,SPY260515P00622000,2026-05-15,5,put,622.0,938.0,0.0,0.4334,0.0002,0.02,0.03,,-0.0023,-0.017,0.0077,https://cdn.cboe.com/api/global/delayed_quotes/options/SPY.json,0.0002,0.0,-102070.02040144001,-102070.02040144001,0.0,-0.00010207002040144001,-0.00010207002040144001
SPY,SPY260515P00623000,2026-05-15,5,put,623.0,649.0,0.0,0.4297,0.0002,0.02,0.03,,-0.0024,-0.0172,0.0078,https://cdn.cboe.com/api/global/delayed_quotes/options/SPY.json,0.0002,0.0,-70622.00771912,-70622.00771912,0.0,-7.062200771912e-05,-7.062200771912e-05
SPY,SPY260515P00624000,2026-05-15,5,put,624.0,910.0,3.0,0.426,0.0002,0.02,0.03,,-0.0024,-0.0175,0.008,https://cdn.cboe.com/api/global/delayed_quotes/options/SPY.json,0.0002,0.0,-99023.1541208,-99023.1541208,0.0,-9.90231541208e-05,-9.90231541208e-05
SPY,SPY260515C00625000,2026-05-15,5,call,625.0,577.0,0.0,0.3533,0.0002,112.75,113.11,,0.9975,-0.0177,0.0082,https://cdn.cboe.com/api/global/delayed_quotes/options/SPY.json,0.0002,62787.20871176001,0.0,62787.20871176001,6.278720871176001e-05,0.0,6.278720871176001e-05
SPY,SPY260515P00625000,2026-05-15,5,put,625.0,58890.0,3842.0,0.4222,0.0002,0.02,0.03,,-0.0025,-0.0177,0.0082,https://cdn.cboe.com/api/global/delayed_quotes/options/SPY.json,0.0002,0.0,-6408212.688103199,-6408212.688103199,0.0,-0.006408212688103199,-0.006408212688103199
SPY,SPY260515C00626000,2026-05-15,5,call,626.0,2.0,0.0,0.0,0.0002,110.5,113.31,,0.9975,-0.018,0.0083,https://cdn.cboe.com/api/global/delayed_quotes/options/SPY.json,0.0002,217.63330576,0.0,217.63330576,2.1763330576000002e-07,0.0,2.1763330576000002e-07
SPY,SPY260515P00626000,2026-05-15,5,put,626.0,2359.0,0.0,0.4185,0.0002,0.02,0.03,,-0.0025,-0.018,0.0084,https://cdn.cboe.com/api/global/delayed_quotes/options/SPY.json,0.0002,0.0,-256698.48414391998,-256698.48414391998,0.0,-0.00025669848414391997,-0.00025669848414391997
SPY,SPY260515P00627000,2026-05-15,5,put,627.0,1807.0,6493.0,0.4284,0.0002,0.03,0.04,,-0.0026,-0.0184,0.0086,https://cdn.cboe.com/api/global/delayed_quotes/options/SPY.json,0.0002,0.0,-196631.69175416,-196631.69175416,0.0,-0.00019663169175416,-0.00019663169175416
SPY,SPY260515P00628000,2026-05-15,5,put,628.0,3741.0,6422.0,0.4246,0.0002,0.03,0.04,,-0.0026,-0.0187,0.0088,https://cdn.cboe.com/api/global/delayed_quotes/options/SPY.json,0.0002,0.0,-407083.09842408,-407083.09842408,0.0,-0.00040708309842408,-0.00040708309842408
SPY,SPY260515P00629000,2026-05-15,5,put,629.0,1824.0,2.0,0.4208,0.0002,0.03,0.04,,-0.0027,-0.019,0.0089,https://cdn.cboe.com/api/global/delayed_quotes/options/SPY.json,0.0002,0.0,-198481.57485312,-198481.57485312,0.0,-0.00019848157485312,-0.00019848157485312
SPY,SPY260515C00630000,2026-05-15,5,call,630.0,1752.0,26.0,0.3689,0.0002,107.76,108.12,,0.9972,-0.0191,0.0091,https://cdn.cboe.com/api/global/delayed_quotes/options/SPY.json,0.0002,190646.77584575998,0.0,190646.77584575998,0.00019064677584576,0.0,0.00019064677584576
SPY,SPY260515P00630000,2026-05-15,5,put,630.0,56442.0,129.0,0.4168,0.0002,0.03,0.04,,-0.0028,-0.0191,0.0091,https://cdn.cboe.com/api/global/delayed_quotes/options/SPY.json,0.0002,0.0,-6141829.521852961,-6141829.521852961,0.0,-0.006141829521852961,-0.006141829521852961
SPY,SPY260515P00631000,2026-05-15,5,put,631.0,802.0,0.0,0.413,0.0002,0.03,0.04,,-0.0028,-0.0194,0.0093,https://cdn.cboe.com/api/global/delayed_quotes/options/SPY.json,0.0002,0.0,-87270.95560976,-87270.95560976,0.0,-8.727095560975999e-05,-8.727095560975999e-05
SPY,SPY260515P00632000,2026-05-15,5,put,632.0,1070.0,0.0,0.4092,0.0002,0.03,0.04,,-0.0029,-0.0197,0.0095,https://cdn.cboe.com/api/global/delayed_quotes/options/SPY.json,0.0002,0.0,-116433.8185816,-116433.8185816,0.0,-0.00011643381858160001,-0.00011643381858160001
SPY,SPY260515C00633000,2026-05-15,5,call,633.0,10.0,0.0,0.0,0.0002,103.5,106.32,,0.997,-0.02,0.0097,https://cdn.cboe.com/api/global/delayed_quotes/options/SPY.json,0.0002,1088.1665288000002,0.0,1088.1665288000002,1.0881665288000001e-06,0.0,1.0881665288000001e-06
SPY,SPY260515P00633000,2026-05-15,5,put,633.0,2005.0,12.0,0.4056,0.0002,0.03,0.04,,-0.003,-0.0202,0.0097,https://cdn.cboe.com/api/global/delayed_quotes/options/SPY.json,0.0002,0.0,-218177.3890244,-218177.3890244,0.0,-0.0002181773890244,-0.0002181773890244
SPY,SPY260515C00634000,2026-05-15,5,call,634.0,125.0,0.0,0.361,0.0002,103.77,104.12,,0.997,-0.0203,0.0099,https://cdn.cboe.com/api/global/delayed_quotes/options/SPY.json,0.0002,13602.08161,0.0,13602.08161,1.3602081609999999e-05,0.0,1.3602081609999999e-05
SPY,SPY260515P00634000,2026-05-15,5,put,634.0,1688.0,0.0,0.4018,0.0002,0.03,0.04,,-0.0031,-0.0205,0.01,https://cdn.cboe.com/api/global/delayed_quotes/options/SPY.json,0.0002,0.0,-183682.51006144,-183682.51006144,0.0,-0.00018368251006144,-0.00018368251006144
SPY,SPY260515C00635000,2026-05-15,5,call,635.0,8048.0,1.0,0.3554,0.0002,102.87,103.02,,0.9969,-0.0206,0.0101,https://cdn.cboe.com/api/global/delayed_quotes/options/SPY.json,0.0002,875756.4223782402,0.0,875756.4223782402,0.0008757564223782401,0.0,0.0008757564223782401
SPY,SPY260515P00635000,2026-05-15,5,put,635.0,38749.0,136.0,0.398,0.0002,0.03,0.04,,-0.0031,-0.0208,0.0102,https://cdn.cboe.com/api/global/delayed_quotes/options/SPY.json,0.0002,0.0,-4216536.48244712,-4216536.48244712,0.0,-0.00421653648244712,-0.00421653648244712
SPY,SPY260515C00636000,2026-05-15,5,call,636.0,2.0,0.0,0.3496,0.0002,100.56,103.33,,0.9968,-0.0209,0.0103,https://cdn.cboe.com/api/global/delayed_quotes/options/SPY.json,0.0002,217.63330576,0.0,217.63330576,2.1763330576000002e-07,0.0,2.1763330576000002e-07
SPY,SPY260515P00636000,2026-05-15,5,put,636.0,2280.0,100.0,0.3942,0.0002,0.03,0.04,,-0.0032,-0.0211,0.0104,https://cdn.cboe.com/api/global/delayed_quotes/options/SPY.json,0.0002,0.0,-248101.9685664,-248101.9685664,0.0,-0.0002481019685664,-0.0002481019685664
SPY,SPY260515P00637000,2026-05-15,5,put,637.0,807.0,48.0,0.3904,0.0002,0.03,0.04,,-0.0033,-0.0215,0.0106,https://cdn.cboe.com/api/global/delayed_quotes/options/SPY.json,0.0002,0.0,-87815.03887416,-87815.03887416,0.0,-8.781503887416e-05,-8.781503887416e-05
SPY,SPY260515C00638000,2026-05-15,5,call,638.0,1.0,0.0,0.0,0.0002,98.51,101.33,,0.9966,-0.0216,0.0108,https://cdn.cboe.com/api/global/delayed_quotes/options/SPY.json,0.0002,108.81665288,0.0,108.81665288,1.0881665288000001e-07,0.0,1.0881665288000001e-07
SPY,SPY260515P00638000,2026-05-15,5,put,638.0,1385.0,201.0,0.3866,0.0002,0.03,0.04,,-0.0034,-0.0218,0.0109,https://cdn.cboe.com/api/global/delayed_quotes/options/SPY.json,0.0002,0.0,-150711.06423880003,-150711.06423880003,0.0,-0.00015071106423880003,-0.00015071106423880003
SPY,SPY260515C00639000,2026-05-15,5,call,639.0,2.0,0.0,0.0,0.0003,97.51,100.33,,0.9966,-0.022,0.0111,https://cdn.cboe.com/api/global/delayed_quotes/options/SPY.json,0.0003,326.44995864,0.0,326.44995864,3.2644995863999996e-07,0.0,3.2644995863999996e-07
SPY,SPY260515P00639000,2026-05-15,5,put,639.0,1352.0,18.0,0.3829,0.0003,0.03,0.04,,-0.0034,-0.0222,0.0111,https://cdn.cboe.com/api/global/delayed_quotes/options/SPY.json,0.0003,0.0,-220680.17204063997,-220680.17204063997,0.0,-0.00022068017204063996,-0.00022068017204063996
SPY,SPY260515C00640000,2026-05-15,5,call,640.0,7506.0,35.0,0.3524,0.0003,97.88,98.03,,0.9965,-0.0223,0.0113,https://cdn.cboe.com/api/global/delayed_quotes/options/SPY.json,0.0003,1225166.69477592,0.0,1225166.69477592,0.00122516669477592,0.0,0.00122516669477592
SPY,SPY260515P00640000,2026-05-15,5,put,640.0,87932.0,11404.0,0.3791,0.0003,0.03,0.04,,-0.0035,-0.0225,0.0114,https://cdn.cboe.com/api/global/delayed_quotes/options/SPY.json,0.0003,0.0,-14352698.88156624,-14352698.88156624,0.0,-0.014352698881566239,-0.014352698881566239
SPY,SPY260515P00641000,2026-05-15,5,put,641.0,843.0,1.0,0.3753,0.0003,0.03,0.04,,-0.0036,-0.0229,0.0116,https://cdn.cboe.com/api/global/delayed_quotes/options/SPY.json,0.0003,0.0,-137598.65756675997,-137598.65756675997,0.0,-0.00013759865756675997,-0.00013759865756675997
SPY,SPY260515C00642000,2026-05-15,5,call,642.0,67.0,0.0,0.3116,0.0003,94.52,97.34,,0.9963,-0.0231,0.0118,https://cdn.cboe.com/api/global/delayed_quotes/options/SPY.json,0.0003,10936.07361444,0.0,10936.07361444,1.093607361444e-05,0.0,1.093607361444e-05
SPY,SPY260515P00642000,2026-05-15,5,put,642.0,1249.0,4.0,0.3811,0.0003,0.04,0.05,,-0.0037,-0.0233,0.0119,https://cdn.cboe.com/api/global/delayed_quotes/options/SPY.json,0.0003,0.0,-203867.99917067998,-203867.99917067998,0.0,-0.00020386799917067997,-0.00020386799917067997
SPY,SPY260515C00643000,2026-05-15,5,call,643.0,2.0,0.0,0.3246,0.0003,93.52,96.34,,0.9962,-0.0234,0.0121,https://cdn.cboe.com/api/global/delayed_quotes/options/SPY.json,0.0003,326.44995864,0.0,326.44995864,3.2644995863999996e-07,0.0,3.2644995863999996e-07
SPY,SPY260515P00643000,2026-05-15,5,put,643.0,2316.0,5.0,0.3773,0.0003,0.04,0.05,,-0.0038,-0.0237,0.0122,https://cdn.cboe.com/api/global/delayed_quotes/options/SPY.json,0.0003,0.0,-378029.05210512003,-378029.05210512003,0.0,-0.00037802905210512,-0.00037802905210512
SPY,SPY260515C00644000,2026-05-15,5,call,644.0,243.0,1.0,0.3417,0.0003,93.78,94.14,,0.9961,-0.0238,0.0124,https://cdn.cboe.com/api/global/delayed_quotes/options/SPY.json,0.0003,39663.66997475999,0.0,39663.66997475999,3.966366997475999e-05,0.0,3.966366997475999e-05
SPY,SPY260515P00644000,2026-05-15,5,put,644.0,1171.0,200.0,0.3734,0.0003,0.04,0.05,,-0.0039,-0.024,0.0125,https://cdn.cboe.com/api/global/delayed_quotes/options/SPY.json,0.0003,0.0,-191136.45078371998,-191136.45078371998,0.0,-0.00019113645078371998,-0.00019113645078371998
SPY,SPY260515C00645000,2026-05-15,5,call,645.0,2740.0,23.0,0.3447,0.0003,92.79,93.15,,0.996,-0.0242,0.0127,https://cdn.cboe.com/api/global/delayed_quotes/options/SPY.json,0.0003,447236.4433367999,0.0,447236.4433367999,0.00044723644333679994,0.0,0.00044723644333679994
SPY,SPY260515P00645000,2026-05-15,5,put,645.0,22314.0,510.0,0.3696,0.0003,0.04,0.05,,-0.004,-0.0245,0.0128,https://cdn.cboe.com/api/global/delayed_quotes/options/SPY.json,0.0003,0.0,-3642202.18854648,-3642202.18854648,0.0,-0.0036422021885464803,-0.0036422021885464803
SPY,SPY260515C00646000,2026-05-15,5,call,646.0,9.0,0.0,0.2757,0.0003,90.53,93.34,,0.9959,-0.0246,0.013,https://cdn.cboe.com/api/global/delayed_quotes/options/SPY.json,0.0003,1469.0248138799998,0.0,1469.0248138799998,1.4690248138799998e-06,0.0,1.4690248138799998e-06
SPY,SPY260515P00646000,2026-05-15,5,put,646.0,480.0,375.0,0.3658,0.0003,0.04,0.05,,-0.0041,-0.0249,0.0131,https://cdn.cboe.com/api/global/delayed_quotes/options/SPY.json,0.0003,0.0,-78347.9900736,-78347.9900736,0.0,-7.83479900736e-05,-7.83479900736e-05
SPY,SPY260515C00647000,2026-05-15,5,call,647.0,1.0,0.0,0.3005,0.0003,89.53,92.34,,0.9958,-0.0251,0.0133,https://cdn.cboe.com/api/global/delayed_quotes/options/SPY.json,0.0003,163.22497932,0.0,163.22497932,1.6322497931999998e-07,0.0,1.6322497931999998e-07
SPY,SPY260515P00647000,2026-05-15,5,put,647.0,773.0,414.0,0.3619,0.0003,0.04,0.05,,-0.0042,-0.0253,0.0134,https://cdn.cboe.com/api/global/delayed_quotes/options/SPY.json,0.0003,0.0,-126172.90901435999,-126172.90901435999,0.0,-0.00012617290901435998,-0.00012617290901435998
SPY,SPY260515C00648000,2026-05-15,5,call,648.0,8.0,0.0,0.3108,0.0003,88.53,91.35,,0.9957,-0.0255,0.0136,https://cdn.cboe.com/api/global/delayed_quotes/options/SPY.json,0.0003,1305.79983456,0.0,1305.79983456,1.3057998345599998e-06,0.0,1.3057998345599998e-06
SPY,SPY260515P00648000,2026-05-15,5,put,648.0,837.0,38.0,0.3581,0.0003,0.04,0.05,,-0.0043,-0.0257,0.0137,https://cdn.cboe.com/api/global/delayed_quotes/options/SPY.json,0.0003,0.0,-136619.30769083998,-136619.30769083998,0.0,-0.00013661930769083997,-0.00013661930769083997
SPY,SPY260515C00649000,2026-05-15,5,call,649.0,15.0,0.0,0.3054,0.0004,87.53,90.35,,0.9956,-0.026,0.014,https://cdn.cboe.com/api/global/delayed_quotes/options/SPY.json,0.0004,3264.4995863999998,0.0,3264.4995863999998,3.2644995863999997e-06,0.0,3.2644995863999997e-06
SPY,SPY260515P00649000,2026-05-15,5,put,649.0,764.0,32.0,0.3543,0.0004,0.04,0.05,,-0.0044,-0.0262,0.0141,https://cdn.cboe.com/api/global/delayed_quotes/options/SPY.json,0.0004,0.0,-166271.84560064002,-166271.84560064002,0.0,-0.00016627184560064003,-0.00016627184560064003
SPY,SPY260515C00650000,2026-05-15,5,call,650.0,8260.0,53.0,0.3344,0.0004,87.9,88.05,,0.9954,-0.0264,0.0143,https://cdn.cboe.com/api/global/delayed_quotes/options/SPY.json,0.0004,1797651.1055776,0.0,1797651.1055776,0.0017976511055776,0.0,0.0017976511055776
SPY,SPY260515P00650000,2026-05-15,5,put,650.0,113551.0,1190.0,0.3504,0.0004,0.04,0.05,,-0.0046,-0.0266,0.0144,https://cdn.cboe.com/api/global/delayed_quotes/options/SPY.json,0.0004,0.0,-24712479.502353758,-24712479.502353758,0.0,-0.02471247950235376,-0.02471247950235376
SPY,SPY260515C00651000,2026-05-15,5,call,651.0,1139.0,1.0,0.3298,0.0004,86.8,87.15,,0.9953,-0.0269,0.0147,https://cdn.cboe.com/api/global/delayed_quotes/options/SPY.json,0.0004,247884.33526064001,0.0,247884.33526064001,0.00024788433526064,0.0,0.00024788433526064
SPY,SPY260515P00651000,2026-05-15,5,put,651.0,3579.0,15.0,0.3465,0.0004,0.04,0.05,,-0.0047,-0.0269,0.0147,https://cdn.cboe.com/api/global/delayed_quotes/options/SPY.json,0.0004,0.0,-778909.60131504,-778909.60131504,0.0,-0.00077890960131504,-0.00077890960131504
SPY,SPY260515C00652000,2026-05-15,5,call,652.0,1481.0,1.0,0.3252,0.0004,85.8,86.15,,0.9952,-0.0273,0.015,https://cdn.cboe.com/api/global/delayed_quotes/options/SPY.json,0.0004,322314.92583056,0.0,322314.92583056,0.00032231492583056,0.0,0.00032231492583056
SPY,SPY260515P00652000,2026-05-15,5,put,652.0,3300.0,6.0,0.3502,0.0004,0.05,0.06,,-0.0048,-0.0276,0.0151,https://cdn.cboe.com/api/global/delayed_quotes/options/SPY.json,0.0004,0.0,-718189.909008,-718189.909008,0.0,-0.000718189909008,-0.000718189909008
SPY,SPY260515C00653000,2026-05-15,5,call,653.0,1121.0,0.0,0.3262,0.0004,84.8,85.16,,0.995,-0.0278,0.0154,https://cdn.cboe.com/api/global/delayed_quotes/options/SPY.json,0.0004,243966.93575696004,0.0,243966.93575696004,0.00024396693575696004,0.0,0.00024396693575696004
SPY,SPY260515P00653000,2026-05-15,5,put,653.0,3424.0,43.0,0.3462,0.0004,0.05,0.06,,-0.0049,-0.0279,0.0154,https://cdn.cboe.com/api/global/delayed_quotes/options/SPY.json,0.0004,0.0,-745176.43892224,-745176.43892224,0.0,-0.0007451764389222401,-0.0007451764389222401
SPY,SPY260515C00654000,2026-05-15,5,call,654.0,1704.0,0.0,0.3218,0.0004,83.8,84.16,,0.9949,-0.0283,0.0158,https://cdn.cboe.com/api/global/delayed_quotes/options/SPY.json,0.0004,370847.1530150399,0.0,370847.1530150399,0.0003708471530150399,0.0,0.0003708471530150399
SPY,SPY260515P00654000,2026-05-15,5,put,654.0,3808.0,14.0,0.3423,0.0004,0.05,0.06,,-0.0051,-0.0284,0.0158,https://cdn.cboe.com/api/global/delayed_quotes/options/SPY.json,0.0004,0.0,-828747.6283340801,-828747.6283340801,0.0,-0.0008287476283340801,-0.0008287476283340801
SPY,SPY260515C00655000,2026-05-15,5,call,655.0,3390.0,16.0,0.3172,0.0004,82.8,83.16,,0.9948,-0.0289,0.0162,https://cdn.cboe.com/api/global/delayed_quotes/options/SPY.json,0.0004,737776.9065264001,0.0,737776.9065264001,0.0007377769065264002,0.0,0.0007377769065264002
SPY,SPY260515P00655000,2026-05-15,5,put,655.0,15635.0,174.0,0.3384,0.0004,0.05,0.06,,-0.0052,-0.0289,0.0162,https://cdn.cboe.com/api/global/delayed_quotes/options/SPY.json,0.0004,0.0,-3402696.7355576004,-3402696.7355576004,0.0,-0.0034026967355576003,-0.0034026967355576003
SPY,SPY260515C00656000,2026-05-15,5,call,656.0,1346.0,5.0,0.3178,0.0004,81.81,82.16,,0.9946,-0.0294,0.0167,https://cdn.cboe.com/api/global/delayed_quotes/options/SPY.json,0.0004,292934.42955296,0.0,292934.42955296,0.00029293442955296,0.0,0.00029293442955296
SPY,SPY260515P00656000,2026-05-15,5,put,656.0,2320.0,20.0,0.3346,0.0004,0.05,0.06,,-0.0054,-0.0295,0.0167,https://cdn.cboe.com/api/global/delayed_quotes/options/SPY.json,0.0004,0.0,-504909.26936320006,-504909.26936320006,0.0,-0.0005049092693632,-0.0005049092693632
SPY,SPY260515C00657000,2026-05-15,5,call,657.0,1626.0,3.0,0.3179,0.0005,80.81,81.17,,0.9945,-0.0299,0.0171,https://cdn.cboe.com/api/global/delayed_quotes/options/SPY.json,0.0005,442339.69395720004,0.0,442339.69395720004,0.00044233969395720006,0.0,0.00044233969395720006
SPY,SPY260515P00657000,2026-05-15,5,put,657.0,2748.0,153.0,0.3307,0.0005,0.05,0.06,,-0.0055,-0.03,0.0171,https://cdn.cboe.com/api/global/delayed_quotes/options/SPY.json,0.0005,0.0,-747570.4052856,-747570.4052856,0.0,-0.0007475704052856,-0.0007475704052856
SPY,SPY260515C00658000,2026-05-15,5,call,658.0,1371.0,1.0,0.3135,0.0005,79.81,80.17,,0.9943,-0.0305,0.0175,https://cdn.cboe.com/api/global/delayed_quotes/options/SPY.json,0.0005,372969.07774619997,0.0,372969.07774619997,0.00037296907774619995,0.0,0.00037296907774619995
SPY,SPY260515P00658000,2026-05-15,5,put,658.0,2493.0,39.0,0.3268,0.0005,0.05,0.06,,-0.0057,-0.0306,0.0176,https://cdn.cboe.com/api/global/delayed_quotes/options/SPY.json,0.0005,0.0,-678199.7890745999,-678199.7890745999,0.0,-0.0006781997890745998,-0.0006781997890745998
SPY,SPY260515C00659000,2026-05-15,5,call,659.0,822.0,6.0,0.3091,0.0005,78.81,79.17,,0.9941,-0.0311,0.018,https://cdn.cboe.com/api/global/delayed_quotes/options/SPY.json,0.0005,223618.22166840002,0.0,223618.22166840002,0.00022361822166840002,0.0,0.00022361822166840002
SPY,SPY260515P00659000,2026-05-15,5,put,659.0,2144.0,264.0,0.329,0.0005,0.06,0.07,,-0.0058,-0.0312,0.018,https://cdn.cboe.com/api/global/delayed_quotes/options/SPY.json,0.0005,0.0,-583257.2594368,-583257.2594368,0.0,-0.0005832572594368001,-0.0005832572594368001
SPY,SPY260515C00660000,2026-05-15,5,call,660.0,10523.0,27.0,0.3089,0.0005,77.92,78.07,,0.994,-0.0317,0.0185,https://cdn.cboe.com/api/global/delayed_quotes/options/SPY.json,0.0005,2862694.0956405997,0.0,2862694.0956405997,0.0028626940956406,0.0,0.0028626940956406
SPY,SPY260515P00660000,2026-05-15,5,put,660.0,46564.0,2615.0,0.3251,0.0005,0.06,0.07,,-0.006,-0.0318,0.0185,https://cdn.cboe.com/api/global/delayed_quotes/options/SPY.json,0.0005,0.0,-12667346.561760798,-12667346.561760798,0.0,-0.012667346561760799,-0.012667346561760799
SPY,SPY260515C00661000,2026-05-15,5,call,661.0,858.0,0.0,0.3045,0.0005,76.82,77.17,,0.9938,-0.0323,0.019,https://cdn.cboe.com/api/global/delayed_quotes/options/SPY.json,0.0005,233411.7204276,0.0,233411.7204276,0.0002334117204276,0.0,0.0002334117204276
SPY,SPY260515P00661000,2026-05-15,5,put,661.0,2637.0,314.0,0.3212,0.0005,0.06,0.07,,-0.0062,-0.0324,0.019,https://cdn.cboe.com/api/global/delayed_quotes/options/SPY.json,0.0005,0.0,-717373.7841114,-717373.7841114,0.0,-0.0007173737841114,-0.0007173737841114
SPY,SPY260515C00662000,2026-05-15,5,call,662.0,1190.0,2.0,0.304,0.0006,75.82,76.18,,0.9936,-0.033,0.0195,https://cdn.cboe.com/api/global/delayed_quotes/options/SPY.json,0.0006,388475.45078159997,0.0,388475.45078159997,0.0003884754507816,0.0,0.0003884754507816
SPY,SPY260515P00662000,2026-05-15,5,put,662.0,2541.0,177.0,0.3172,0.0006,0.06,0.07,,-0.0064,-0.033,0.0196,https://cdn.cboe.com/api/global/delayed_quotes/options/SPY.json,0.0006,0.0,-829509.3449042401,-829509.3449042401,0.0,-0.0008295093449042401,-0.0008295093449042401
SPY,SPY260515C00663000,2026-05-15,5,call,663.0,1268.0,8.0,0.2996,0.0006,74.82,75.18,,0.9934,-0.0336,0.0201,https://cdn.cboe.com/api/global/delayed_quotes/options/SPY.json,0.0006,413938.54755552,0.0,413938.54755552,0.00041393854755552,0.0,0.00041393854755552
SPY,SPY260515P00663000,2026-05-15,5,put,663.0,1196.0,795.0,0.3133,0.0006,0.06,0.07,,-0.0066,-0.0337,0.0201,https://cdn.cboe.com/api/global/delayed_quotes/options/SPY.json,0.0006,0.0,-390434.15053344,-390434.15053344,0.0,-0.00039043415053344,-0.00039043415053344
SPY,SPY260515C00664000,2026-05-15,5,call,664.0,1480.0,3.0,0.2988,0.0006,73.83,74.19,,0.9932,-0.0343,0.0206,https://cdn.cboe.com/api/global/delayed_quotes/options/SPY.json,0.0006,483145.93878719996,0.0,483145.93878719996,0.0004831459387872,0.0,0.0004831459387872
SPY,SPY260515P00664000,2026-05-15,5,put,664.0,1542.0,19.0,0.3096,0.0006,0.06,0.07,,-0.0068,-0.0345,0.0207,https://cdn.cboe.com/api/global/delayed_quotes/options/SPY.json,0.0006,0.0,-503385.83622288,-503385.83622288,0.0,-0.00050338583622288,-0.00050338583622288
SPY,SPY260515C00665000,2026-05-15,5,call,665.0,7948.0,34.0,0.2945,0.0006,72.93,73.08,,0.993,-0.035,0.0212,https://cdn.cboe.com/api/global/delayed_quotes/options/SPY.json,0.0006,2594624.27127072,0.0,2594624.27127072,0.0025946242712707197,0.0,0.0025946242712707197
SPY,SPY260515P00665000,2026-05-15,5,put,665.0,24614.0,469.0,0.3106,0.0006,0.07,0.08,,-0.007,-0.0351,0.0213,https://cdn.cboe.com/api/global/delayed_quotes/options/SPY.json,0.0006,0.0,-8035239.281964958,-8035239.281964958,0.0,-0.008035239281964958,-0.008035239281964958
SPY,SPY260515C00666000,2026-05-15,5,call,666.0,1050.0,11.0,0.2934,0.0006,71.83,72.19,,0.9927,-0.0357,0.0218,https://cdn.cboe.com/api/global/delayed_quotes/options/SPY.json,0.0006,342772.45657199994,0.0,342772.45657199994,0.0003427724565719999,0.0,0.0003427724565719999
SPY,SPY260515P00666000,2026-05-15,5,put,666.0,3707.0,219.0,0.3066,0.0006,0.07,0.08,,-0.0073,-0.0358,0.0219,https://cdn.cboe.com/api/global/delayed_quotes/options/SPY.json,0.0006,0.0,-1210149.9966784797,-1210149.9966784797,0.0,-0.0012101499966784798,-0.0012101499966784798
SPY,SPY260515C00667000,2026-05-15,5,call,667.0,2680.0,102.0,0.2891,0.0007,70.83,71.19,,0.9925,-0.0365,0.0224,https://cdn.cboe.com/api/global/delayed_quotes/options/SPY.json,0.0007,1020700.2040144,0.0,1020700.2040144,0.0010207002040144,0.0,0.0010207002040144
SPY,SPY260515P00667000,2026-05-15,5,put,667.0,2599.0,587.0,0.3026,0.0007,0.07,0.08,,-0.0075,-0.0366,0.0225,https://cdn.cboe.com/api/global/delayed_quotes/options/SPY.json,0.0007,0.0,-989850.6829229199,-989850.6829229199,0.0,-0.0009898506829229198,-0.0009898506829229198
SPY,SPY260515C00668000,2026-05-15,5,call,668.0,1584.0,5.0,0.2879,0.0007,69.84,70.19,,0.9922,-0.0372,0.0231,https://cdn.cboe.com/api/global/delayed_quotes/options/SPY.json,0.0007,603279.52356672,0.0,603279.52356672,0.00060327952356672,0.0,0.00060327952356672
SPY,SPY260515P00668000,2026-05-15,5,put,668.0,20392.0,158.0,0.2987,0.0007,0.07,0.08,,-0.0078,-0.0374,0.0232,https://cdn.cboe.com/api/global/delayed_quotes/options/SPY.json,0.0007,0.0,-7766462.149351359,-7766462.149351359,0.0,-0.007766462149351359,-0.007766462149351359
SPY,SPY260515C00669000,2026-05-15,5,call,669.0,1356.0,12.0,0.2864,0.0007,68.84,69.2,,0.992,-0.038,0.0238,https://cdn.cboe.com/api/global/delayed_quotes/options/SPY.json,0.0007,516443.83456848003,0.0,516443.83456848003,0.0005164438345684801,0.0,0.0005164438345684801
SPY,SPY260515P00669000,2026-05-15,5,put,669.0,7034.0,163.0,0.295,0.0007,0.07,0.08,,-0.008,-0.0383,0.0239,https://cdn.cboe.com/api/global/delayed_quotes/options/SPY.json,0.0007,0.0,-2678957.17725272,-2678957.17725272,0.0,-0.00267895717725272,-0.00267895717725272
SPY,SPY260515C00670000,2026-05-15,5,call,670.0,6764.0,1118.0,0.2821,0.0008,67.95,68.1,,0.9917,-0.0389,0.0246,https://cdn.cboe.com/api/global/delayed_quotes/options/SPY.json,0.0008,2944143.3603212796,0.0,2944143.3603212796,0.0029441433603212795,0.0,0.0029441433603212795
SPY,SPY260515P00670000,2026-05-15,5,put,670.0,40641.0,3287.0,0.2951,0.0008,0.08,0.09,,-0.0083,-0.039,0.0246,https://cdn.cboe.com/api/global/delayed_quotes/options/SPY.json,0.0008,0.0,-17689670.358784318,-17689670.358784318,0.0,-0.01768967035878432,-0.01768967035878432
SPY,SPY260515C00671000,2026-05-15,5,call,671.0,6805.0,39.0,0.2805,0.0008,66.95,67.1,,0.9914,-0.0397,0.0253,https://cdn.cboe.com/api/global/delayed_quotes/options/SPY.json,0.0008,2961989.2913935995,0.0,2961989.2913935995,0.0029619892913935993,0.0,0.0029619892913935993
SPY,SPY260515P00671000,2026-05-15,5,put,671.0,2077.0,1052.0,0.2911,0.0008,0.08,0.09,,-0.0086,-0.0399,0.0253,https://cdn.cboe.com/api/global/delayed_quotes/options/SPY.json,0.0008,0.0,-904048.7521270402,-904048.7521270402,0.0,-0.0009040487521270402,-0.0009040487521270402
SPY,SPY260515C00672000,2026-05-15,5,call,672.0,1810.0,9.0,0.2762,0.0008,65.85,66.2,,0.9911,-0.0406,0.0261,https://cdn.cboe.com/api/global/delayed_quotes/options/SPY.json,0.0008,787832.5668512001,0.0,787832.5668512001,0.0007878325668512001,0.0,0.0007878325668512001
SPY,SPY260515P00672000,2026-05-15,5,put,672.0,2719.0,547.0,0.2871,0.0008,0.08,0.09,,-0.0089,-0.0408,0.0262,https://cdn.cboe.com/api/global/delayed_quotes/options/SPY.json,0.0008,0.0,-1183489.9167228802,-1183489.9167228802,0.0,-0.0011834899167228801,-0.0011834899167228801
SPY,SPY260515C00673000,2026-05-15,5,call,673.0,2749.0,37.0,0.2792,0.0008,64.86,65.21,,0.9908,-0.0416,0.0269,https://cdn.cboe.com/api/global/delayed_quotes/options/SPY.json,0.0008,1196547.9150684802,0.0,1196547.9150684802,0.0011965479150684803,0.0,0.0011965479150684803
SPY,SPY260515P00673000,2026-05-15,5,put,673.0,22785.0,110.0,0.2831,0.0008,0.08,0.09,,-0.0092,-0.0417,0.027,https://cdn.cboe.com/api/global/delayed_quotes/options/SPY.json,0.0008,0.0,-9917549.7434832,-9917549.7434832,0.0,-0.0099175497434832,-0.0099175497434832
SPY,SPY260515C00674000,2026-05-15,5,call,674.0,3506.0,37.0,0.2726,0.0009,63.86,64.21,,0.9905,-0.0426,0.0278,https://cdn.cboe.com/api/global/delayed_quotes/options/SPY.json,0.0009,1716800.3324877599,0.0,1716800.3324877599,0.0017168003324877599,0.0,0.0017168003324877599
SPY,SPY260515P00674000,2026-05-15,5,put,674.0,13236.0,519.0,0.2831,0.0009,0.09,0.1,,-0.0096,-0.0429,0.028,https://cdn.cboe.com/api/global/delayed_quotes/options/SPY.json,0.0009,0.0,-6481337.478838559,-6481337.478838559,0.0,-0.006481337478838559,-0.006481337478838559
SPY,SPY260515C00675000,2026-05-15,5,call,675.0,14056.0,153.0,0.2682,0.0009,62.96,63.11,,0.9901,-0.0436,0.0287,https://cdn.cboe.com/api/global/delayed_quotes/options/SPY.json,0.0009,6882870.927965759,0.0,6882870.927965759,0.006882870927965759,0.0,0.006882870927965759
SPY,SPY260515P00675000,2026-05-15,5,put,675.0,78267.0,760.0,0.2789,0.0009,0.09,0.1,,-0.0099,-0.0437,0.0288,https://cdn.cboe.com/api/global/delayed_quotes/options/SPY.json,0.0009,0.0,-38325388.36931532,-38325388.36931532,0.0,-0.038325388369315316,-0.038325388369315316
SPY,SPY260515C00676000,2026-05-15,5,call,676.0,1840.0,17.0,0.2662,0.001,61.86,62.22,,0.9898,-0.0446,0.0296,https://cdn.cboe.com/api/global/delayed_quotes/options/SPY.json,0.001,1001113.206496,0.0,1001113.206496,0.001001113206496,0.0,0.001001113206496
SPY,SPY260515P00676000,2026-05-15,5,put,676.0,31861.0,142.0,0.2748,0.001,0.09,0.1,,-0.0102,-0.0448,0.0297,https://cdn.cboe.com/api/global/delayed_quotes/options/SPY.json,0.001,0.0,-17335036.8870484,-17335036.8870484,0.0,-0.0173350368870484,-0.0173350368870484
SPY,SPY260515C00677000,2026-05-15,5,call,677.0,2612.0,55.0,0.264,0.001,60.87,61.22,,0.9894,-0.0457,0.0306,https://cdn.cboe.com/api/global/delayed_quotes/options/SPY.json,0.001,1421145.4866127998,0.0,1421145.4866127998,0.0014211454866127997,0.0,0.0014211454866127997
SPY,SPY260515P00677000,2026-05-15,5,put,677.0,1981.0,150.0,0.2708,0.001,0.09,0.1,,-0.0106,-0.0459,0.0307,https://cdn.cboe.com/api/global/delayed_quotes/options/SPY.json,0.001,0.0,-1077828.9467764,-1077828.9467764,0.0,-0.0010778289467764002,-0.0010778289467764002
SPY,SPY260515C00678000,2026-05-15,5,call,678.0,2569.0,14.0,0.2618,0.001,59.87,60.23,,0.989,-0.0469,0.0316,https://cdn.cboe.com/api/global/delayed_quotes/options/SPY.json,0.001,1397749.9062436,0.0,1397749.9062436,0.0013977499062436,0.0,0.0013977499062436
SPY,SPY260515P00678000,2026-05-15,5,put,678.0,7405.0,82.0,0.2703,0.001,0.1,0.11,,-0.0111,-0.0472,0.0318,https://cdn.cboe.com/api/global/delayed_quotes/options/SPY.json,0.001,0.0,-4028936.572882,-4028936.572882,0.0,-0.004028936572882,-0.004028936572882
SPY,SPY260515C00679000,2026-05-15,5,call,679.0,2283.0,13.0,0.2575,0.0011,58.87,59.23,,0.9885,-0.048,0.0327,https://cdn.cboe.com/api/global/delayed_quotes/options/SPY.json,0.0011,1366356.3018877204,0.0,1366356.3018877204,0.0013663563018877203,0.0,0.0013663563018877203
SPY,SPY260515P00679000,2026-05-15,5,put,679.0,3048.0,23.0,0.2662,0.0011,0.1,0.11,,-0.0115,-0.0484,0.0329,https://cdn.cboe.com/api/global/delayed_quotes/options/SPY.json,0.0011,0.0,-1824202.3688803203,-1824202.3688803203,0.0,-0.0018242023688803204,-0.0018242023688803204
SPY,SPY260515C00680000,2026-05-15,5,call,680.0,13624.0,7022.0,0.2551,0.0012,57.98,58.13,,0.9881,-0.0493,0.0338,https://cdn.cboe.com/api/global/delayed_quotes/options/SPY.json,0.0012,8895108.473022718,0.0,8895108.473022718,0.008895108473022719,0.0,0.008895108473022719
SPY,SPY260515P00680000,2026-05-15,5,put,680.0,96190.0,2635.0,0.2621,0.0012,0.1,0.11,,-0.012,-0.0497,0.034,https://cdn.cboe.com/api/global/delayed_quotes/options/SPY.json,0.0012,0.0,-62802443.04316319,-62802443.04316319,0.0,-0.0628024430431632,-0.0628024430431632
SPY,SPY260515C00681000,2026-05-15,5,call,681.0,1726.0,47.0,0.2526,0.0012,56.89,57.24,,0.9876,-0.0506,0.035,https://cdn.cboe.com/api/global/delayed_quotes/options/SPY.json,0.0012,1126905.25722528,0.0,1126905.25722528,0.00112690525722528,0.0,0.00112690525722528
SPY,SPY260515P00681000,2026-05-15,5,put,681.0,4004.0,25.0,0.2611,0.0012,0.11,0.12,,-0.0125,-0.051,0.0352,https://cdn.cboe.com/api/global/delayed_quotes/options/SPY.json,0.0012,0.0,-2614211.2687891196,-2614211.2687891196,0.0,-0.0026142112687891194,-0.0026142112687891194
SPY,SPY260515C00682000,2026-05-15,5,call,682.0,2478.0,23.0,0.25,0.0013,55.89,56.24,,0.9871,-0.052,0.0363,https://cdn.cboe.com/api/global/delayed_quotes/options/SPY.json,0.0013,1752709.82793816,0.0,1752709.82793816,0.00175270982793816,0.0,0.00175270982793816
SPY,SPY260515P00682000,2026-05-15,5,put,682.0,2664.0,139.0,0.257,0.0013,0.11,0.12,,-0.013,-0.0524,0.0364,https://cdn.cboe.com/api/global/delayed_quotes/options/SPY.json,0.0013,0.0,-1884269.16127008,-1884269.16127008,0.0,-0.0018842691612700798,-0.0018842691612700798
SPY,SPY260515C00683000,2026-05-15,5,call,683.0,2456.0,14.0,0.2474,0.0013,54.89,55.25,,0.9865,-0.0534,0.0376,https://cdn.cboe.com/api/global/delayed_quotes/options/SPY.json,0.0013,1737149.04657632,0.0,1737149.04657632,0.00173714904657632,0.0,0.00173714904657632
SPY,SPY260515P00683000,2026-05-15,5,put,683.0,6584.0,155.0,0.2528,0.0013,0.11,0.12,,-0.0135,-0.0538,0.0378,https://cdn.cboe.com/api/global/delayed_quotes/options/SPY.json,0.0013,0.0,-4656917.47665248,-4656917.47665248,0.0,-0.00465691747665248,-0.00465691747665248
SPY,SPY260515C00684000,2026-05-15,5,call,684.0,1506.0,43.0,0.2447,0.0014,53.9,54.25,,0.986,-0.0549,0.039,https://cdn.cboe.com/api/global/delayed_quotes/options/SPY.json,0.0014,1147145.15466096,0.0,1147145.15466096,0.00114714515466096,0.0,0.00114714515466096
SPY,SPY260515P00684000,2026-05-15,5,put,684.0,46763.0,350.0,0.2515,0.0014,0.12,0.13,,-0.0141,-0.0553,0.0392,https://cdn.cboe.com/api/global/delayed_quotes/options/SPY.json,0.0014,0.0,-35620151.97039208,-35620151.97039208,0.0,-0.035620151970392075,-0.035620151970392075
SPY,SPY260515C00685000,2026-05-15,5,call,685.0,14516.0,78.0,0.2419,0.0014,53.01,53.15,,0.9853,-0.0565,0.0405,https://cdn.cboe.com/api/global/delayed_quotes/options/SPY.json,0.0014,11057077.732442558,0.0,11057077.732442558,0.011057077732442558,0.0,0.011057077732442558
SPY,SPY260515P00685000,2026-05-15,5,put,685.0,52886.0,729.0,0.2473,0.0015,0.12,0.13,,-0.0147,-0.0568,0.0407,https://cdn.cboe.com/api/global/delayed_quotes/options/SPY.json,0.0015,0.0,-43161581.2815876,-43161581.2815876,0.0,-0.0431615812815876,-0.0431615812815876
SPY,SPY260515C00686000,2026-05-15,5,call,686.0,2043.0,26.0,0.239,0.0015,51.91,52.26,,0.9847,-0.0581,0.0421,https://cdn.cboe.com/api/global/delayed_quotes/options/SPY.json,0.0015,1667343.1637538,0.0,1667343.1637538,0.0016673431637538002,0.0,0.0016673431637538002
SPY,SPY260515P00686000,2026-05-15,5,put,686.0,4925.0,112.0,0.2458,0.0015,0.13,0.14,,-0.0154,-0.0585,0.0423,https://cdn.cboe.com/api/global/delayed_quotes/options/SPY.json,0.0015,0.0,-4019415.115755,-4019415.115755,0.0,-0.004019415115755,-0.004019415115755
SPY,SPY260515C00687000,2026-05-15,5,call,687.0,3386.0,18.0,0.2361,0.0016,50.91,51.27,,0.984,-0.0599,0.0437,https://cdn.cboe.com/api/global/delayed_quotes/options/SPY.json,0.0016,2947625.49321344,0.0,2947625.49321344,0.00294762549321344,0.0,0.00294762549321344
SPY,SPY260515P00687000,2026-05-15,5,put,687.0,2753.0,56.0,0.2415,0.0016,0.13,0.14,,-0.0161,-0.0602,0.0439,https://cdn.cboe.com/api/global/delayed_quotes/options/SPY.json,0.0016,0.0,-2396577.9630291197,-2396577.9630291197,0.0,-0.0023965779630291196,-0.0023965779630291196
SPY,SPY260515C00688000,2026-05-15,5,call,688.0,2334.0,13.0,0.2331,0.0017,49.92,50.27,,0.9832,-0.0617,0.0454,https://cdn.cboe.com/api/global/delayed_quotes/options/SPY.json,0.0017,2158813.57648632,0.0,2158813.57648632,0.00215881357648632,0.0,0.00215881357648632
SPY,SPY260515P00688000,2026-05-15,5,put,688.0,8680.0,178.0,0.2397,0.0017,0.14,0.15,,-0.0168,-0.0621,0.0456,https://cdn.cboe.com/api/global/delayed_quotes/options/SPY.json,0.0017,0.0,-8028492.649486399,-8028492.649486399,0.0,-0.008028492649486399,-0.008028492649486399
SPY,SPY260515C00689000,2026-05-15,5,call,689.0,2234.0,13.0,0.2313,0.0018,48.93,49.28,,0.9824,-0.0636,0.0472,https://cdn.cboe.com/api/global/delayed_quotes/options/SPY.json,0.0018,2187867.62280528,0.0,2187867.62280528,0.00218786762280528,0.0,0.00218786762280528
SPY,SPY260515P00689000,2026-05-15,5,put,689.0,11396.0,153.0,0.2352,0.0018,0.14,0.15,,-0.0176,-0.064,0.0474,https://cdn.cboe.com/api/global/delayed_quotes/options/SPY.json,0.0018,0.0,-11160671.18598432,-11160671.18598432,0.0,-0.011160671185984319,-0.011160671185984319
SPY,SPY260515C00690000,2026-05-15,5,call,690.0,21963.0,253.0,0.2281,0.0019,48.04,48.18,,0.9816,-0.0657,0.0491,https://cdn.cboe.com/api/global/delayed_quotes/options/SPY.json,0.0019,22704431.39843268,0.0,22704431.39843268,0.02270443139843268,0.0,0.02270443139843268
SPY,SPY260515P00690000,2026-05-15,5,put,690.0,112585.0,1663.0,0.2334,0.0019,0.15,0.16,,-0.0184,-0.066,0.0493,https://cdn.cboe.com/api/global/delayed_quotes/options/SPY.json,0.0019,0.0,-116385667.21270058,-116385667.21270058,0.0,-0.11638566721270058,-0.11638566721270058
SPY,SPY260515C00691000,2026-05-15,5,call,691.0,2143.0,9.0,0.2249,0.002,46.94,47.29,,0.9807,-0.0678,0.0512,https://cdn.cboe.com/api/global/delayed_quotes/options/SPY.json,0.002,2331940.8712184,0.0,2331940.8712184,0.0023319408712184,0.0,0.0023319408712184
SPY,SPY260515P00691000,2026-05-15,5,put,691.0,3196.0,274.0,0.2312,0.002,0.16,0.17,,-0.0194,-0.0682,0.0513,https://cdn.cboe.com/api/global/delayed_quotes/options/SPY.json,0.002,0.0,-3477780.2260448,-3477780.2260448,0.0,-0.0034777802260448003,-0.0034777802260448003
SPY,SPY260515C00692000,2026-05-15,5,call,692.0,1799.0,34.0,0.2228,0.0021,45.95,46.3,,0.9797,-0.0701,0.0534,https://cdn.cboe.com/api/global/delayed_quotes/options/SPY.json,0.0021,2055492.1645767598,0.0,2055492.1645767598,0.0020554921645767597,0.0,0.0020554921645767597
SPY,SPY260515P00692000,2026-05-15,5,put,692.0,12989.0,95.0,0.2269,0.0021,0.16,0.17,,-0.0203,-0.0704,0.0534,https://cdn.cboe.com/api/global/delayed_quotes/options/SPY.json,0.0021,0.0,-14840904.794712357,-14840904.794712357,0.0,-0.014840904794712357,-0.014840904794712357
SPY,SPY260515C00693000,2026-05-15,5,call,693.0,3349.0,28.0,0.2194,0.0022,44.95,45.3,,0.9787,-0.0725,0.0557,https://cdn.cboe.com/api/global/delayed_quotes/options/SPY.json,0.0022,4008696.6754463203,0.0,4008696.6754463203,0.00400869667544632,0.0,0.00400869667544632
SPY,SPY260515P00693000,2026-05-15,5,put,693.0,5869.0,219.0,0.2246,0.0022,0.17,0.18,,-0.0214,-0.0728,0.0558,https://cdn.cboe.com/api/global/delayed_quotes/options/SPY.json,0.0022,0.0,-7025094.29327992,-7025094.29327992,0.0,-0.007025094293279919,-0.007025094293279919
SPY,SPY260515C00694000,2026-05-15,5,call,694.0,2255.0,24.0,0.217,0.0023,43.96,44.32,,0.9776,-0.075,0.0582,https://cdn.cboe.com/api/global/delayed_quotes/options/SPY.json,0.0023,2821887.8508106,0.0,2821887.8508106,0.0028218878508106,0.0,0.0028218878508106
SPY,SPY260515P00694000,2026-05-15,5,put,694.0,2682.0,1305.0,0.2224,0.0023,0.18,0.19,,-0.0224,-0.0753,0.0583,https://cdn.cboe.com/api/global/delayed_quotes/options/SPY.json,0.0023,0.0,-3356232.02477784,-3356232.02477784,0.0,-0.0033562320247778397,-0.0033562320247778397
SPY,SPY260515C00695000,2026-05-15,5,call,695.0,6227.0,123.0,0.2145,0.0025,43.08,43.22,,0.9764,-0.0777,0.0608,https://cdn.cboe.com/api/global/delayed_quotes/options/SPY.json,0.0025,8470016.218547,0.0,8470016.218547,0.008470016218547,0.0,0.008470016218547
SPY,SPY260515P00695000,2026-05-15,5,put,695.0,25397.0,1487.0,0.2198,0.0025,0.19,0.2,,-0.0236,-0.0779,0.0609,https://cdn.cboe.com/api/global/delayed_quotes/options/SPY.json,0.0025,0.0,-34545206.664917,-34545206.664917,0.0,-0.034545206664917,-0.034545206664917
SPY,SPY260515C00696000,2026-05-15,5,call,696.0,3812.0,19.0,0.2119,0.0026,41.98,42.34,,0.9751,-0.0805,0.0635,https://cdn.cboe.com/api/global/delayed_quotes/options/SPY.json,0.0026,5392518.0501212785,0.0,5392518.0501212785,0.0053925180501212784,0.0,0.0053925180501212784
SPY,SPY260515P00696000,2026-05-15,5,put,696.0,13398.0,739.0,0.217,0.0026,0.2,0.21,,-0.0249,-0.0808,0.0636,https://cdn.cboe.com/api/global/delayed_quotes/options/SPY.json,0.0026,0.0,-18953031.698721122,-18953031.698721122,0.0,-0.01895303169872112,-0.01895303169872112
SPY,SPY260515C00697000,2026-05-15,5,call,697.0,2014.0,23.0,0.2092,0.0028,41.0,41.35,,0.9737,-0.0835,0.0664,https://cdn.cboe.com/api/global/delayed_quotes/options/SPY.json,0.0028,3068194.3446044796,0.0,3068194.3446044796,0.0030681943446044797,0.0,0.0030681943446044797
SPY,SPY260515P00697000,2026-05-15,5,put,697.0,2715.0,495.0,0.2142,0.0028,0.21,0.22,,-0.0263,-0.0838,0.0664,https://cdn.cboe.com/api/global/delayed_quotes/options/SPY.json,0.0028,0.0,-4136120.9759688005,-4136120.9759688005,0.0,-0.004136120975968801,-0.004136120975968801
SPY,SPY260515C00698000,2026-05-15,5,call,698.0,2667.0,5.0,0.2063,0.0029,40.0,40.36,,0.9722,-0.0867,0.0694,https://cdn.cboe.com/api/global/delayed_quotes/options/SPY.json,0.0029,4208103.19184892,0.0,4208103.19184892,0.00420810319184892,0.0,0.00420810319184892
SPY,SPY260515P00698000,2026-05-15,5,put,698.0,6081.0,3876.0,0.2112,0.003,0.22,0.23,,-0.0278,-0.0869,0.0694,https://cdn.cboe.com/api/global/delayed_quotes/options/SPY.json,0.003,0.0,-9925710.9924492,-9925710.9924492,0.0,-0.0099257109924492,-0.0099257109924492
SPY,SPY260515C00699000,2026-05-15,5,call,699.0,3102.0,10.0,0.2042,0.0031,39.02,39.38,,0.9706,-0.09,0.0728,https://cdn.cboe.com/api/global/delayed_quotes/options/SPY.json,0.0031,5232013.487123279,0.0,5232013.487123279,0.005232013487123279,0.0,0.005232013487123279
SPY,SPY260515P00699000,2026-05-15,5,put,699.0,4673.0,718.0,0.2082,0.0031,0.23,0.24,,-0.0294,-0.0903,0.0726,https://cdn.cboe.com/api/global/delayed_quotes/options/SPY.json,0.0031,0.0,-7881753.393077721,-7881753.393077721,0.0,-0.007881753393077721,-0.007881753393077721
SPY,SPY260515C00700000,2026-05-15,5,call,700.0,41136.0,266.0,0.2011,0.0033,38.13,38.28,,0.9688,-0.0936,0.0763,https://cdn.cboe.com/api/global/delayed_quotes/options/SPY.json,0.0033,73858650.24238272,0.0,73858650.24238272,0.07385865024238272,0.0,0.07385865024238272
SPY,SPY260515P00700000,2026-05-15,5,put,700.0,58221.0,9935.0,0.2049,0.0033,0.24,0.25,,-0.0313,-0.0943,0.0766,https://cdn.cboe.com/api/global/delayed_quotes/options/SPY.json,0.0033,0.0,-104534336.73088692,-104534336.73088692,0.0,-0.10453433673088693,-0.10453433673088693
SPY,SPY260515C00701000,2026-05-15,5,call,701.0,3368.0,8.0,0.1986,0.0035,37.04,37.4,,0.967,-0.0973,0.08,https://cdn.cboe.com/api/global/delayed_quotes/options/SPY.json,0.0035,6413653.5207472,0.0,6413653.5207472,0.0064136535207472,0.0,0.0064136535207472
SPY,SPY260515P00701000,2026-05-15,5,put,701.0,2265.0,186.0,0.203,0.0036,0.26,0.27,,-0.0332,-0.0981,0.0805,https://cdn.cboe.com/api/global/delayed_quotes/options/SPY.json,0.0036,0.0,-4436454.937917599,-4436454.937917599,0.0,-0.0044364549379176,-0.0044364549379176
SPY,SPY260515C00702000,2026-05-15,5,call,702.0,3918.0,36.0,0.196,0.0038,36.06,36.41,,0.9649,-0.1013,0.084,https://cdn.cboe.com/api/global/delayed_quotes/options/SPY.json,0.0038,8100529.273692961,0.0,8100529.273692961,0.008100529273692961,0.0,0.008100529273692961
SPY,SPY260515P00702000,2026-05-15,5,put,702.0,2599.0,400.0,0.1997,0.0038,0.27,0.28,,-0.0352,-0.1021,0.0846,https://cdn.cboe.com/api/global/delayed_quotes/options/SPY.json,0.0038,0.0,-5373475.135867281,-5373475.135867281,0.0,-0.005373475135867281,-0.005373475135867281
SPY,SPY260515C00703000,2026-05-15,5,call,703.0,5235.0,34.0,0.1939,0.004,35.18,35.33,,0.9627,-0.1056,0.0883,https://cdn.cboe.com/api/global/delayed_quotes/options/SPY.json,0.004,11393103.556536,0.0,11393103.556536,0.011393103556536,0.0,0.011393103556536
SPY,SPY260515P00703000,2026-05-15,5,put,703.0,3098.0,701.0,0.1975,0.004,0.29,0.3,,-0.0375,-0.1064,0.0887,https://cdn.cboe.com/api/global/delayed_quotes/options/SPY.json,0.004,0.0,-6742279.8124448005,-6742279.8124448005,0.0,-0.0067422798124448,-0.0067422798124448
SPY,SPY260515C00704000,2026-05-15,5,call,704.0,2968.0,41.0,0.191,0.0043,34.09,34.45,,0.9603,-0.11,0.0927,https://cdn.cboe.com/api/global/delayed_quotes/options/SPY.json,0.0043,6943808.25357856,0.0,6943808.25357856,0.00694380825357856,0.0,0.00694380825357856
SPY,SPY260515P00704000,2026-05-15,5,put,704.0,5976.0,668.0,0.195,0.0043,0.31,0.32,,-0.0399,-0.111,0.093,https://cdn.cboe.com/api/global/delayed_quotes/options/SPY.json,0.0043,0.0,-13981198.82863392,-13981198.82863392,0.0,-0.013981198828633919,-0.013981198828633919
SPY,SPY260515C00705000,2026-05-15,5,call,705.0,9848.0,428.0,0.1892,0.0046,33.22,33.37,,0.9577,-0.1148,0.0975,https://cdn.cboe.com/api/global/delayed_quotes/options/SPY.json,0.0046,24647407.14393152,0.0,24647407.14393152,0.02464740714393152,0.0,0.02464740714393152
SPY,SPY260515P00705000,2026-05-15,5,put,705.0,15354.0,3178.0,0.1926,0.0046,0.33,0.34,,-0.0424,-0.1154,0.0974,https://cdn.cboe.com/api/global/delayed_quotes/options/SPY.json,0.0046,0.0,-38427730.43134896,-38427730.43134896,0.0,-0.03842773043134896,-0.03842773043134896
SPY,SPY260515C00706000,2026-05-15,5,call,706.0,2782.0,32.0,0.1865,0.0049,32.14,32.49,,0.9549,-0.1198,0.1026,https://cdn.cboe.com/api/global/delayed_quotes/options/SPY.json,0.0049,7416834.24364792,0.0,7416834.24364792,0.00741683424364792,0.0,0.00741683424364792
SPY,SPY260515P00706000,2026-05-15,5,put,706.0,19286.0,17316.0,0.1897,0.0049,0.35,0.36,,-0.0453,-0.1208,0.103,https://cdn.cboe.com/api/global/delayed_quotes/options/SPY.json,0.0049,0.0,-51416630.20237017,-51416630.20237017,0.0,-0.05141663020237017,-0.05141663020237017
SPY,SPY260515C00707000,2026-05-15,5,call,707.0,3299.0,173.0,0.1842,0.0052,31.16,31.52,,0.9518,-0.1252,0.1081,https://cdn.cboe.com/api/global/delayed_quotes/options/SPY.json,0.0052,9333639.58412912,0.0,9333639.58412912,0.00933363958412912,0.0,0.00933363958412912
SPY,SPY260515P00707000,2026-05-15,5,put,707.0,3579.0,1864.0,0.1868,0.0052,0.37,0.38,,-0.0484,-0.1262,0.1086,https://cdn.cboe.com/api/global/delayed_quotes/options/SPY.json,0.0052,0.0,-10125824.817095518,-10125824.817095518,0.0,-0.010125824817095518,-0.010125824817095518
SPY,SPY260515C00708000,2026-05-15,5,call,708.0,4038.0,53.0,0.1817,0.0056,30.19,30.54,,0.9485,-0.1308,0.1139,https://cdn.cboe.com/api/global/delayed_quotes/options/SPY.json,0.0056,12303246.04122432,0.0,12303246.04122432,0.01230324604122432,0.0,0.01230324604122432
SPY,SPY260515P00708000,2026-05-15,5,put,708.0,4364.0,1504.0,0.1835,0.0056,0.39,0.4,,-0.0519,-0.132,0.1147,https://cdn.cboe.com/api/global/delayed_quotes/options/SPY.json,0.0056,0.0,-13296524.44871296,-13296524.44871296,0.0,-0.01329652444871296,-0.01329652444871296
SPY,SPY260515C00709000,2026-05-15,5,call,709.0,4495.0,14.0,0.1795,0.006,29.22,29.57,,0.9449,-0.1367,0.12,https://cdn.cboe.com/api/global/delayed_quotes/options/SPY.json,0.006,14673925.640867999,0.0,14673925.640867999,0.014673925640867998,0.0,0.014673925640867998
SPY,SPY260515P00709000,2026-05-15,5,put,709.0,6144.0,910.0,0.1815,0.006,0.42,0.43,,-0.0554,-0.1379,0.1204,https://cdn.cboe.com/api/global/delayed_quotes/options/SPY.json,0.006,0.0,-20057085.458841603,-20057085.458841603,0.0,-0.020057085458841602,-0.020057085458841602
SPY,SPY260515C00710000,2026-05-15,5,call,710.0,28921.0,450.0,0.177,0.0064,28.35,28.5,,0.941,-0.143,0.1264,https://cdn.cboe.com/api/global/delayed_quotes/options/SPY.json,0.0064,100706765.37415938,0.0,100706765.37415938,0.10070676537415939,0.0,0.10070676537415939
SPY,SPY260515P00710000,2026-05-15,5,put,710.0,24348.0,6283.0,0.1795,0.0064,0.45,0.47,,-0.0595,-0.1445,0.127,https://cdn.cboe.com/api/global/delayed_quotes/options/SPY.json,0.0064,0.0,-84782971.65831168,-84782971.65831168,0.0,-0.08478297165831168,-0.08478297165831168
SPY,SPY260515C00711000,2026-05-15,5,call,711.0,10775.0,126.0,0.1748,0.0068,27.39,27.53,,0.9367,-0.1497,0.1333,https://cdn.cboe.com/api/global/delayed_quotes/options/SPY.json,0.0068,39864980.782588,0.0,39864980.782588,0.039864980782587996,0.0,0.039864980782587996
SPY,SPY260515P00711000,2026-05-15,5,put,711.0,3952.0,1034.0,0.1771,0.0069,0.49,0.5,,-0.0636,-0.151,0.1337,https://cdn.cboe.com/api/global/delayed_quotes/options/SPY.json,0.0069,0.0,-14836497.72027072,-14836497.72027072,0.0,-0.014836497720270719,-0.014836497720270719
SPY,SPY260515C00712000,2026-05-15,5,call,712.0,7635.0,118.0,0.1723,0.0073,26.42,26.57,,0.932,-0.1567,0.1407,https://cdn.cboe.com/api/global/delayed_quotes/options/SPY.json,0.0073,30324752.7829662,0.0,30324752.7829662,0.0303247527829662,0.0,0.0303247527829662
SPY,SPY260515P00712000,2026-05-15,5,put,712.0,5195.0,16523.0,0.1742,0.0074,0.52,0.53,,-0.0686,-0.1583,0.1419,https://cdn.cboe.com/api/global/delayed_quotes/options/SPY.json,0.0074,0.0,-20916192.933329202,-20916192.933329202,0.0,-0.020916192933329202,-0.020916192933329202
SPY,SPY260515C00713000,2026-05-15,5,call,713.0,5664.0,64.0,0.1699,0.0079,25.46,25.61,,0.927,-0.164,0.1485,https://cdn.cboe.com/api/global/delayed_quotes/options/SPY.json,0.0079,24345332.11553664,0.0,24345332.11553664,0.02434533211553664,0.0,0.02434533211553664
SPY,SPY260515P00713000,2026-05-15,5,put,713.0,4658.0,2546.0,0.1718,0.008,0.56,0.57,,-0.0737,-0.1658,0.1497,https://cdn.cboe.com/api/global/delayed_quotes/options/SPY.json,0.008,0.0,-20274718.7646016,-20274718.7646016,0.0,-0.020274718764601598,-0.020274718764601598
SPY,SPY260515C00714000,2026-05-15,5,call,714.0,4615.0,85.0,0.1677,0.0084,24.4,24.76,,0.9214,-0.1718,0.1568,https://cdn.cboe.com/api/global/delayed_quotes/options/SPY.json,0.0084,21091931.8277304,0.0,21091931.8277304,0.0210919318277304,0.0,0.0210919318277304
SPY,SPY260515P00714000,2026-05-15,5,put,714.0,3533.0,685.0,0.1694,0.0085,0.6,0.62,,-0.0794,-0.1738,0.1577,https://cdn.cboe.com/api/global/delayed_quotes/options/SPY.json,0.0085,0.0,-16339092.4715642,-16339092.4715642,0.0,-0.0163390924715642,-0.0163390924715642
SPY,SPY260515C00715000,2026-05-15,5,call,715.0,11585.0,542.0,0.1655,0.0091,23.56,23.7,,0.9154,-0.1799,0.1654,https://cdn.cboe.com/api/global/delayed_quotes/options/SPY.json,0.0091,57359162.0244734,0.0,57359162.0244734,0.0573591620244734,0.0,0.0573591620244734
SPY,SPY260515P00715000,2026-05-15,5,put,715.0,11911.0,6530.0,0.1668,0.0092,0.65,0.66,,-0.0855,-0.1821,0.1661,https://cdn.cboe.com/api/global/delayed_quotes/options/SPY.json,0.0092,0.0,-59621297.012869276,-59621297.012869276,0.0,-0.05962129701286928,-0.05962129701286928
SPY,SPY260515C00716000,2026-05-15,5,call,716.0,1617.0,20.0,0.163,0.0097,22.5,22.85,,0.9088,-0.1884,0.1746,https://cdn.cboe.com/api/global/delayed_quotes/options/SPY.json,0.0097,8533891.59378756,0.0,8533891.59378756,0.00853389159378756,0.0,0.00853389159378756
SPY,SPY260515P00716000,2026-05-15,5,put,716.0,2756.0,1197.0,0.1643,0.0098,0.7,0.72,,-0.0921,-0.1907,0.1759,https://cdn.cboe.com/api/global/delayed_quotes/options/SPY.json,0.0098,0.0,-14695036.071526721,-14695036.071526721,0.0,-0.014695036071526722,-0.014695036071526722
SPY,SPY260515C00717000,2026-05-15,5,call,717.0,2477.0,202.0,0.1608,0.0104,21.56,21.92,,0.9016,-0.1973,0.1843,https://cdn.cboe.com/api/global/delayed_quotes/options/SPY.json,0.0104,14016020.157555519,0.0,14016020.157555519,0.014016020157555518,0.0,0.014016020157555518
SPY,SPY260515P00717000,2026-05-15,5,put,717.0,2824.0,2454.0,0.162,0.0106,0.76,0.78,,-0.0994,-0.1998,0.186,https://cdn.cboe.com/api/global/delayed_quotes/options/SPY.json,0.0106,0.0,-16286806.069855362,-16286806.069855362,0.0,-0.016286806069855362,-0.016286806069855362
SPY,SPY260515C00718000,2026-05-15,5,call,718.0,4116.0,207.0,0.1586,0.0112,20.63,20.98,,0.8938,-0.2066,0.1946,https://cdn.cboe.com/api/global/delayed_quotes/options/SPY.json,0.0112,25081803.22222848,0.0,25081803.22222848,0.02508180322222848,0.0,0.02508180322222848
SPY,SPY260515P00718000,2026-05-15,5,put,718.0,3692.0,1453.0,0.1598,0.0113,0.82,0.84,,-0.1074,-0.2094,0.1958,https://cdn.cboe.com/api/global/delayed_quotes/options/SPY.json,0.0113,0.0,-22698936.15746224,-22698936.15746224,0.0,-0.02269893615746224,-0.02269893615746224
SPY,SPY260515C00719000,2026-05-15,5,call,719.0,2318.0,144.0,0.1212,0.012,18.52,20.11,,0.8852,-0.2163,0.2051,https://cdn.cboe.com/api/global/delayed_quotes/options/SPY.json,0.012,15134220.082550399,0.0,15134220.082550399,0.015134220082550399,0.0,0.015134220082550399
SPY,SPY260515P00719000,2026-05-15,5,put,719.0,3265.0,1085.0,0.1574,0.0122,0.89,0.91,,-0.1161,-0.2193,0.2061,https://cdn.cboe.com/api/global/delayed_quotes/options/SPY.json,0.0122,0.0,-21672468.670845203,-21672468.670845203,0.0,-0.021672468670845203,-0.021672468670845203
SPY,SPY260515C00720000,2026-05-15,5,call,720.0,21042.0,1767.0,0.1543,0.0129,18.88,19.03,,0.8759,-0.2264,0.2163,https://cdn.cboe.com/api/global/delayed_quotes/options/SPY.json,0.0129,147686940.63861194,0.0,147686940.63861194,0.14768694063861193,0.0,0.14768694063861193
SPY,SPY260515P00720000,2026-05-15,5,put,720.0,21378.0,20288.0,0.155,0.013,0.97,0.99,,-0.1256,-0.2295,0.2182,https://cdn.cboe.com/api/global/delayed_quotes/options/SPY.json,0.013,0.0,-151208356.3424616,-151208356.3424616,0.0,-0.15120835634246158,-0.15120835634246158
SPY,SPY260515C00721000,2026-05-15,5,call,721.0,5812.0,83.0,0.1521,0.0138,17.97,18.11,,0.8657,-0.2368,0.2281,https://cdn.cboe.com/api/global/delayed_quotes/options/SPY.json,0.0138,43638524.67116064,0.0,43638524.67116064,0.04363852467116064,0.0,0.04363852467116064
SPY,SPY260515P00721000,2026-05-15,5,put,721.0,5752.0,2494.0,0.153,0.014,1.06,1.07,,-0.136,-0.2402,0.23,https://cdn.cboe.com/api/global/delayed_quotes/options/SPY.json,0.014,0.0,-43813937.1156032,-43813937.1156032,0.0,-0.0438139371156032,-0.0438139371156032
SPY,SPY260515C00722000,2026-05-15,5,call,722.0,5882.0,151.0,0.1499,0.0148,17.06,17.21,,0.8546,-0.2474,0.2402,https://cdn.cboe.com/api/global/delayed_quotes/options/SPY.json,0.0148,47364406.86577184,0.0,47364406.86577184,0.04736440686577184,0.0,0.04736440686577184
SPY,SPY260515P00722000,2026-05-15,5,put,722.0,3037.0,6491.0,0.1503,0.015,1.15,1.16,,-0.1474,-0.2512,0.2417,https://cdn.cboe.com/api/global/delayed_quotes/options/SPY.json,0.015,0.0,-24785713.109741997,-24785713.109741997,0.0,-0.024785713109741998,-0.024785713109741998
SPY,SPY260515C00723000,2026-05-15,5,call,723.0,9286.0,456.0,0.1478,0.0158,16.17,16.31,,0.8424,-0.2584,0.2527,https://cdn.cboe.com/api/global/delayed_quotes/options/SPY.json,0.0158,79827243.65285073,0.0,79827243.65285073,0.07982724365285074,0.0,0.07982724365285074
SPY,SPY260515P00723000,2026-05-15,5,put,723.0,7921.0,3041.0,0.1486,0.0161,1.26,1.27,,-0.1597,-0.2624,0.2541,https://cdn.cboe.com/api/global/delayed_quotes/options/SPY.json,0.0161,0.0,-69385904.95072964,-69385904.95072964,0.0,-0.06938590495072963,-0.06938590495072963
SPY,SPY260515C00724000,2026-05-15,5,call,724.0,4363.0,489.0,0.1463,0.0169,15.19,15.53,,0.8292,-0.2696,0.2656,https://cdn.cboe.com/api/global/delayed_quotes/options/SPY.json,0.0169,40117816.27555468,0.0,40117816.27555468,0.04011781627555468,0.0,0.04011781627555468
SPY,SPY260515P00724000,2026-05-15,5,put,724.0,1589.0,5371.0,0.1462,0.0172,1.37,1.39,,-0.1731,-0.2739,0.2682,https://cdn.cboe.com/api/global/delayed_quotes/options/SPY.json,0.0172,0.0,-14870230.88266352,-14870230.88266352,0.0,-0.01487023088266352,-0.01487023088266352
SPY,SPY260515C00725000,2026-05-15,5,call,725.0,13774.0,2003.0,0.1439,0.0181,14.42,14.56,,0.8148,-0.2808,0.279,https://cdn.cboe.com/api/global/delayed_quotes/options/SPY.json,0.0181,135645072.19760537,0.0,135645072.19760537,0.13564507219760538,0.0,0.13564507219760538
SPY,SPY260515P00725000,2026-05-15,5,put,725.0,32729.0,17191.0,0.1441,0.0184,1.5,1.52,,-0.1878,-0.2855,0.2808,https://cdn.cboe.com/api/global/delayed_quotes/options/SPY.json,0.0184,0.0,-327654341.35407585,-327654341.35407585,0.0,-0.32765434135407584,-0.32765434135407584
SPY,SPY260515C00726000,2026-05-15,5,call,726.0,4633.0,908.0,0.1427,0.0192,13.45,13.8,,0.7992,-0.2921,0.2924,https://cdn.cboe.com/api/global/delayed_quotes/options/SPY.json,0.0192,48398165.06813183,0.0,48398165.06813183,0.048398165068131827,0.0,0.048398165068131827
SPY,SPY260515P00726000,2026-05-15,5,put,726.0,1288.0,1450.0,0.142,0.0196,1.64,1.66,,-0.2037,-0.2971,0.2937,https://cdn.cboe.com/api/global/delayed_quotes/options/SPY.json,0.0196,0.0,-13735273.193125118,-13735273.193125118,0.0,-0.013735273193125118,-0.013735273193125118
SPY,SPY260515C00727000,2026-05-15,5,call,727.0,2114.0,848.0,0.14,0.0205,12.62,12.95,,0.7823,-0.3033,0.3058,https://cdn.cboe.com/api/global/delayed_quotes/options/SPY.json,0.0205,23578936.429302804,0.0,23578936.429302804,0.023578936429302803,0.0,0.023578936429302803
SPY,SPY260515P00727000,2026-05-15,5,put,727.0,1844.0,1180.0,0.1401,0.0208,1.8,1.82,,-0.221,-0.3087,0.3087,https://cdn.cboe.com/api/global/delayed_quotes/options/SPY.json,0.0208,0.0,-20868422.422714878,-20868422.422714878,0.0,-0.020868422422714878,-0.020868422422714878
SPY,SPY260515C00728000,2026-05-15,5,call,728.0,3341.0,1351.0,0.1377,0.0217,11.8,12.1,,0.764,-0.3143,0.3195,https://cdn.cboe.com/api/global/delayed_quotes/options/SPY.json,0.0217,39445873.44402068,0.0,39445873.44402068,0.03944587344402068,0.0,0.03944587344402068
SPY,SPY260515P00728000,2026-05-15,5,put,728.0,2261.0,2192.0,0.138,0.0221,1.97,1.99,,-0.2397,-0.32,0.3214,https://cdn.cboe.com/api/global/delayed_quotes/options/SPY.json,0.0221,0.0,-27186806.96386564,-27186806.96386564,0.0,-0.02718680696386564,-0.02718680696386564
SPY,SPY260515C00729000,2026-05-15,5,call,729.0,2916.0,1217.0,0.1356,0.023,11.03,11.24,,0.7443,-0.3248,0.3327,https://cdn.cboe.com/api/global/delayed_quotes/options/SPY.json,0.023,36490576.3767792,0.0,36490576.3767792,0.0364905763767792,0.0,0.0364905763767792
SPY,SPY260515P00729000,2026-05-15,5,put,729.0,3647.0,2476.0,0.1362,0.0234,2.16,2.18,,-0.2598,-0.3309,0.334,https://cdn.cboe.com/api/global/delayed_quotes/options/SPY.json,0.0234,0.0,-46431956.96724312,-46431956.96724312,0.0,-0.04643195696724312,-0.04643195696724312
SPY,SPY260515C00730000,2026-05-15,5,call,730.0,19135.0,3601.0,0.1345,0.0243,10.3,10.44,,0.7232,-0.3348,0.3456,https://cdn.cboe.com/api/global/delayed_quotes/options/SPY.json,0.0243,252988108.32234418,0.0,252988108.32234418,0.2529881083223442,0.0,0.2529881083223442
SPY,SPY260515P00730000,2026-05-15,5,put,730.0,13984.0,18779.0,0.1342,0.0248,2.37,2.4,,-0.2814,-0.3412,0.3481,https://cdn.cboe.com/api/global/delayed_quotes/options/SPY.json,0.0248,0.0,-188689817.16036606,-188689817.16036606,0.0,-0.18868981716036606,-0.18868981716036606
SPY,SPY260515C00731000,2026-05-15,5,call,731.0,9638.0,5366.0,0.1327,0.0256,9.53,9.67,,0.7006,-0.3439,0.358,https://cdn.cboe.com/api/global/delayed_quotes/options/SPY.json,0.0256,134243187.2585523,0.0,134243187.2585523,0.1342431872585523,0.0,0.1342431872585523
SPY,SPY260515P00731000,2026-05-15,5,put,731.0,4939.0,2615.0,0.1324,0.0261,2.61,2.63,,-0.3046,-0.3507,0.3598,https://cdn.cboe.com/api/global/delayed_quotes/options/SPY.json,0.0261,0.0,-70136631.03894876,-70136631.03894876,0.0,-0.07013663103894877,-0.07013663103894877
SPY,SPY260515C00732000,2026-05-15,5,call,732.0,3856.0,1661.0,0.1306,0.0268,8.68,9.0,,0.6765,-0.3519,0.3695,https://cdn.cboe.com/api/global/delayed_quotes/options/SPY.json,0.0268,56225999.80970752,0.0,56225999.80970752,0.05622599980970752,0.0,0.05622599980970752
SPY,SPY260515P00732000,2026-05-15,5,put,732.0,4034.0,7078.0,0.1306,0.0273,2.86,2.89,,-0.3292,-0.3591,0.371,https://cdn.cboe.com/api/global/delayed_quotes/options/SPY.json,0.0273,0.0,-59918910.55849609,-59918910.55849609,0.0,-0.05991891055849609,-0.05991891055849609
SPY,SPY260515C00733000,2026-05-15,5,call,733.0,13254.0,1135.0,0.1291,0.028,8.06,8.2,,0.6509,-0.3587,0.38,https://cdn.cboe.com/api/global/delayed_quotes/options/SPY.json,0.028,201915828.41801283,0.0,201915828.41801283,0.20191582841801284,0.0,0.20191582841801284
SPY,SPY260515P00733000,2026-05-15,5,put,733.0,11030.0,6542.0,0.1289,0.0285,3.14,3.17,,-0.3554,-0.3663,0.3815,https://cdn.cboe.com/api/global/delayed_quotes/options/SPY.json,0.0285,0.0,-171035294.580462,-171035294.580462,0.0,-0.17103529458046202,-0.17103529458046202
SPY,SPY260515C00734000,2026-05-15,5,call,734.0,4611.0,1633.0,0.1282,0.029,7.32,7.61,,0.624,-0.364,0.3892,https://cdn.cboe.com/api/global/delayed_quotes/options/SPY.json,0.029,72754270.0323036,0.0,72754270.0323036,0.0727542700323036,0.0,0.0727542700323036
SPY,SPY260515P00734000,2026-05-15,5,put,734.0,4593.0,10050.0,0.1273,0.0297,3.46,3.48,,-0.3831,-0.3719,0.39,https://cdn.cboe.com/api/global/delayed_quotes/options/SPY.json,0.0297,0.0,-74219540.67165925,-74219540.67165925,0.0,-0.07421954067165924,-0.07421954067165924
SPY,SPY260515C00735000,2026-05-15,5,call,735.0,13041.0,13705.0,0.1261,0.03,6.71,6.85,,0.5956,-0.3676,0.3967,https://cdn.cboe.com/api/global/delayed_quotes/options/SPY.json,0.03,212861695.53121197,0.0,212861695.53121197,0.21286169553121198,0.0,0.21286169553121198
SPY,SPY260515P00735000,2026-05-15,5,put,735.0,1774.0,12903.0,0.1257,0.0307,3.8,3.83,,-0.4121,-0.3758,0.3975,https://cdn.cboe.com/api/global/delayed_quotes/options/SPY.json,0.0307,0.0,-29631753.92909992,-29631753.92909992,0.0,-0.029631753929099922,-0.029631753929099922
SPY,SPY260515C00736000,2026-05-15,5,call,736.0,3030.0,9602.0,0.123,0.0309,5.97,6.19,,0.5661,-0.3692,0.4026,https://cdn.cboe.com/api/global/delayed_quotes/options/SPY.json,0.0309,50940883.79597879,0.0,50940883.79597879,0.05094088379597879,0.0,0.05094088379597879
SPY,SPY260515P00736000,2026-05-15,5,put,736.0,797.0,6374.0,0.1241,0.0316,4.17,4.2,,-0.4425,-0.3776,0.4026,https://cdn.cboe.com/api/global/delayed_quotes/options/SPY.json,0.0316,0.0,-13702845.830566881,-13702845.830566881,0.0,-0.01370284583056688,-0.01370284583056688
SPY,SPY260515C00737000,2026-05-15,5,call,737.0,3513.0,43281.0,0.1225,0.0316,5.5,5.53,,0.5354,-0.3687,0.4063,https://cdn.cboe.com/api/global/delayed_quotes/options/SPY.json,0.0316,60399118.44765553,0.0,60399118.44765553,0.060399118447655525,0.0,0.060399118447655525
SPY,SPY260515P00737000,2026-05-15,5,put,737.0,654.0,16482.0,0.1228,0.0323,4.57,4.6,,-0.474,-0.3775,0.4052,https://cdn.cboe.com/api/global/delayed_quotes/options/SPY.json,0.0323,0.0,-11493323.693838479,-11493323.693838479,0.0,-0.01149332369383848,-0.01149332369383848
SPY,SPY260515C00738000,2026-05-15,5,call,738.0,1710.0,6164.0,0.1213,0.032,4.93,4.96,,0.5039,-0.3659,0.4078,https://cdn.cboe.com/api/global/delayed_quotes/options/SPY.json,0.032,29772236.227968004,0.0,29772236.227968004,0.029772236227968003,0.0,0.029772236227968003
SPY,SPY260515P00738000,2026-05-15,5,put,738.0,145.0,4181.0,0.1212,0.0328,5.01,5.04,,-0.5065,-0.3748,0.4064,https://cdn.cboe.com/api/global/delayed_quotes/options/SPY.json,0.0328,0.0,-2587660.0054864003,-2587660.0054864003,0.0,-0.0025876600054864003,-0.0025876600054864003
SPY,SPY260515C00739000,2026-05-15,5,call,739.0,2472.0,4966.0,0.1198,0.0323,4.4,4.43,,0.4716,-0.3608,0.4069,https://cdn.cboe.com/api/global/delayed_quotes/options/SPY.json,0.0323,43442654.69597664,0.0,43442654.69597664,0.043442654695976635,0.0,0.043442654695976635
SPY,SPY260515P00739000,2026-05-15,5,put,739.0,107.0,1234.0,0.1199,0.0332,5.48,5.52,,-0.5397,-0.37,0.4046,https://cdn.cboe.com/api/global/delayed_quotes/options/SPY.json,0.0332,0.0,-1932801.3884545602,-1932801.3884545602,0.0,-0.0019328013884545602,-0.0019328013884545602
SPY,SPY260515C00740000,2026-05-15,5,call,740.0,12576.0,16150.0,0.1187,0.0324,3.9,3.93,,0.4388,-0.3532,0.4034,https://cdn.cboe.com/api/global/delayed_quotes/options/SPY.json,0.0324,221693472.71225855,0.0,221693472.71225855,0.22169347271225856,0.0,0.22169347271225856
SPY,SPY260515P00740000,2026-05-15,5,put,740.0,719.0,1853.0,0.1183,0.0332,5.93,6.08,,-0.5735,-0.3625,0.3996,https://cdn.cboe.com/api/global/delayed_quotes/options/SPY.json,0.0332,0.0,-12987702.78783952,-12987702.78783952,0.0,-0.012987702787839521,-0.012987702787839521
SPY,SPY260515C00741000,2026-05-15,5,call,741.0,2122.0,3728.0,0.1174,0.0322,3.44,3.47,,0.4058,-0.3434,0.3972,https://cdn.cboe.com/api/global/delayed_quotes/options/SPY.json,0.0322,37176338.923228964,0.0,37176338.923228964,0.03717633892322896,0.0,0.03717633892322896
SPY,SPY260515P00741000,2026-05-15,5,put,741.0,109.0,228.0,0.117,0.0331,6.4,6.7,,-0.6075,-0.3528,0.3926,https://cdn.cboe.com/api/global/delayed_quotes/options/SPY.json,0.0331,0.0,-1962998.0096287597,-1962998.0096287597,0.0,-0.0019629980096287597,-0.0019629980096287597
SPY,SPY260515C00742000,2026-05-15,5,call,742.0,2926.0,4912.0,0.1164,0.0317,3.01,3.04,,0.373,-0.3312,0.3885,https://cdn.cboe.com/api/global/delayed_quotes/options/SPY.json,0.0317,50466007.92281048,0.0,50466007.92281048,0.05046600792281048,0.0,0.05046600792281048
SPY,SPY260515P00742000,2026-05-15,5,put,742.0,145.0,523.0,0.1157,0.0326,6.96,7.3,,-0.6414,-0.3407,0.3812,https://cdn.cboe.com/api/global/delayed_quotes/options/SPY.json,0.0326,0.0,-2571881.5908187996,-2571881.5908187996,0.0,-0.0025718815908187995,-0.0025718815908187995
SPY,SPY260515C00743000,2026-05-15,5,call,743.0,1976.0,2749.0,0.1153,0.031,2.62,2.65,,0.3406,-0.317,0.3771,https://cdn.cboe.com/api/global/delayed_quotes/options/SPY.json,0.031,33328364.4440864,0.0,33328364.4440864,0.0333283644440864,0.0,0.0333283644440864
SPY,SPY260515P00743000,2026-05-15,5,put,743.0,164.0,193.0,0.1143,0.0319,7.58,7.91,,-0.6748,-0.3264,0.3693,https://cdn.cboe.com/api/global/delayed_quotes/options/SPY.json,0.0319,0.0,-2846426.00603504,-2846426.00603504,0.0,-0.00284642600603504,-0.00284642600603504
SPY,SPY260515C00744000,2026-05-15,5,call,744.0,1402.0,3526.0,0.1142,0.03,2.26,2.29,,0.3089,-0.3008,0.3634,https://cdn.cboe.com/api/global/delayed_quotes/options/SPY.json,0.03,22884142.100663997,0.0,22884142.100663997,0.022884142100663998,0.0,0.022884142100663998
SPY,SPY260515P00744000,2026-05-15,5,put,744.0,184.0,18.0,0.1126,0.0309,8.18,8.58,,-0.7077,-0.3101,0.3516,https://cdn.cboe.com/api/global/delayed_quotes/options/SPY.json,0.0309,0.0,-3093439.8080726396,-3093439.8080726396,0.0,-0.0030934398080726395,-0.0030934398080726395
SPY,SPY260515C00745000,2026-05-15,5,call,745.0,9988.0,9103.0,0.1132,0.0289,1.95,1.97,,0.2782,-0.2828,0.3473,https://cdn.cboe.com/api/global/delayed_quotes/options/SPY.json,0.0289,157051375.33550605,0.0,157051375.33550605,0.15705137533550606,0.0,0.15705137533550606
SPY,SPY260515P00745000,2026-05-15,5,put,745.0,426.0,1059.0,0.1112,0.0297,8.87,9.27,,-0.7394,-0.2918,0.3355,https://cdn.cboe.com/api/global/delayed_quotes/options/SPY.json,0.0297,0.0,-6883850.27784168,-6883850.27784168,0.0,-0.00688385027784168,-0.00688385027784168
SPY,SPY260515C00746000,2026-05-15,5,call,746.0,1940.0,1661.0,0.1122,0.0275,1.65,1.68,,0.2486,-0.2635,0.3294,https://cdn.cboe.com/api/global/delayed_quotes/options/SPY.json,0.0275,29026842.15574,0.0,29026842.15574,0.02902684215574,0.0,0.02902684215574
SPY,SPY260515P00746000,2026-05-15,5,put,746.0,15.0,682.0,0.1098,0.0282,9.59,9.99,,-0.7701,-0.2719,0.3124,https://cdn.cboe.com/api/global/delayed_quotes/options/SPY.json,0.0282,0.0,-230147.22084119997,-230147.22084119997,0.0,-0.00023014722084119997,-0.00023014722084119997
SPY,SPY260515C00747000,2026-05-15,5,call,747.0,2540.0,2944.0,0.1112,0.0259,1.4,1.42,,0.2203,-0.2429,0.3095,https://cdn.cboe.com/api/global/delayed_quotes/options/SPY.json,0.0259,35793061.6318184,0.0,35793061.6318184,0.0357930616318184,0.0,0.0357930616318184
SPY,SPY260515P00747000,2026-05-15,5,put,747.0,6.0,219.0,0.1085,0.0266,10.35,10.75,,-0.7993,-0.2505,0.2928,https://cdn.cboe.com/api/global/delayed_quotes/options/SPY.json,0.0266,0.0,-86835.68899823999,-86835.68899823999,0.0,-8.683568899823999e-05,-8.683568899823999e-05
SPY,SPY260515C00748000,2026-05-15,5,call,748.0,1062.0,1444.0,0.1102,0.0242,1.17,1.19,,0.1936,-0.2215,0.2885,https://cdn.cboe.com/api/global/delayed_quotes/options/SPY.json,0.0242,13983157.528385758,0.0,13983157.528385758,0.013983157528385758,0.0,0.013983157528385758
SPY,SPY260515P00748000,2026-05-15,5,put,748.0,124.0,142.0,0.1069,0.0247,11.13,11.53,,-0.8268,-0.2279,0.2659,https://cdn.cboe.com/api/global/delayed_quotes/options/SPY.json,0.0247,0.0,-1666418.2222043201,-1666418.2222043201,0.0,-0.00166641822220432,-0.00166641822220432
SPY,SPY260515C00749000,2026-05-15,5,call,749.0,8948.0,2464.0,0.1092,0.0224,0.97,0.99,,0.1685,-0.1998,0.2662,https://cdn.cboe.com/api/global/delayed_quotes/options/SPY.json,0.0224,109053437.91666687,0.0,109053437.91666687,0.10905343791666687,0.0,0.10905343791666687
SPY,SPY260515C00750000,2026-05-15,5,call,750.0,14132.0,11753.0,0.1087,0.0205,0.81,0.82,,0.1453,-0.1781,0.2434,https://cdn.cboe.com/api/global/delayed_quotes/options/SPY.json,0.0205,157624186.1962664,0.0,157624186.1962664,0.15762418619626642,0.0,0.15762418619626642
SPY,SPY260515P00750000,2026-05-15,5,put,750.0,162.0,326.0,0.1038,0.0206,12.8,13.2,,-0.8762,-0.1808,0.2158,https://cdn.cboe.com/api/global/delayed_quotes/options/SPY.json,0.0206,0.0,-1815714.6699556801,-1815714.6699556801,0.0,-0.00181571466995568,-0.00181571466995568
SPY,SPY260515C00751000,2026-05-15,5,call,751.0,1443.0,2781.0,0.1078,0.0185,0.65,0.67,,0.1242,-0.1572,0.2204,https://cdn.cboe.com/api/global/delayed_quotes/options/SPY.json,0.0185,14524574.7847902,0.0,14524574.7847902,0.0145245747847902,0.0,0.0145245747847902
SPY,SPY260515P00751000,2026-05-15,5,put,751.0,2.0,0.0,0.1021,0.0184,13.67,14.08,,-0.8974,-0.157,0.1915,https://cdn.cboe.com/api/global/delayed_quotes/options/SPY.json,0.0184,0.0,-20022.26412992,-20022.26412992,0.0,-2.0022264129920002e-05,-2.0022264129920002e-05
SPY,SPY260515C00752000,2026-05-15,5,call,752.0,1890.0,1835.0,0.1071,0.0166,0.53,0.54,,0.1054,-0.1374,0.1979,https://cdn.cboe.com/api/global/delayed_quotes/options/SPY.json,0.0166,17070068.3372856,0.0,17070068.3372856,0.0170700683372856,0.0,0.0170700683372856
SPY,SPY260515C00753000,2026-05-15,5,call,753.0,1497.0,1861.0,0.1064,0.0147,0.43,0.44,,0.0889,-0.1192,0.1763,https://cdn.cboe.com/api/global/delayed_quotes/options/SPY.json,0.0147,11973041.90805996,0.0,11973041.90805996,0.01197304190805996,0.0,0.01197304190805996
SPY,SPY260515C00754000,2026-05-15,5,call,754.0,654.0,3534.0,0.1063,0.0129,0.35,0.36,,0.0747,-0.1031,0.1564,https://cdn.cboe.com/api/global/delayed_quotes/options/SPY.json,0.0129,4590212.868437041,0.0,4590212.868437041,0.004590212868437041,0.0,0.004590212868437041
SPY,SPY260515C00755000,2026-05-15,5,call,755.0,4238.0,2080.0,0.106,0.0113,0.28,0.29,,0.0627,-0.089,0.1381,https://cdn.cboe.com/api/global/delayed_quotes/options/SPY.json,0.0113,26055821.08215736,0.0,26055821.08215736,0.026055821082157357,0.0,0.026055821082157357
SPY,SPY260515P00755000,2026-05-15,5,put,755.0,3.0,316.0,0.1374,0.0102,16.38,19.07,,-0.9566,-0.0778,0.1033,https://cdn.cboe.com/api/global/delayed_quotes/options/SPY.json,0.0102,0.0,-16648.94789064,-16648.94789064,0.0,-1.664894789064e-05,-1.664894789064e-05
SPY,SPY260515C00756000,2026-05-15,5,call,756.0,1085.0,1902.0,0.1064,0.0098,0.23,0.24,,0.0528,-0.0769,0.1219,https://cdn.cboe.com/api/global/delayed_quotes/options/SPY.json,0.0098,5785237.3503652,0.0,5785237.3503652,0.0057852373503652,0.0,0.0057852373503652
SPY,SPY260515C00760000,2026-05-15,5,call,760.0,8437.0,3183.0,0.1095,0.0057,0.11,0.12,,0.0283,-0.0458,0.076,https://cdn.cboe.com/api/global/delayed_quotes/options/SPY.json,0.0057,26165453.859933957,0.0,26165453.859933957,0.02616545385993396,0.0,0.02616545385993396
SPY,SPY260515P00760000,2026-05-15,5,put,760.0,4.0,4.0,0.1149,0.0042,22.0,23.98,,-0.9852,-0.0298,0.0449,https://cdn.cboe.com/api/global/delayed_quotes/options/SPY.json,0.0042,0.0,-9140.598841919998,-9140.598841919998,0.0,-9.140598841919999e-06,-9.140598841919999e-06
SPY,SPY260515C00765000,2026-05-15,5,call,765.0,5331.0,1319.0,0.1192,0.0032,0.06,0.07,,0.0156,-0.0287,0.0471,https://cdn.cboe.com/api/global/delayed_quotes/options/SPY.json,0.0032,9281625.224052481,0.0,9281625.224052481,0.009281625224052481,0.0,0.009281625224052481
SPY,SPY260515C00770000,2026-05-15,5,call,770.0,4785.0,637.0,0.1312,0.002,0.04,0.05,,0.0103,-0.0213,0.0331,https://cdn.cboe.com/api/global/delayed_quotes/options/SPY.json,0.002,5206876.840308,0.0,5206876.840308,0.005206876840308,0.0,0.005206876840308
SPY,SPY260515C00775000,2026-05-15,5,call,775.0,3422.0,1194.0,0.1443,0.0014,0.03,0.04,,0.0075,-0.0173,0.0251,https://cdn.cboe.com/api/global/delayed_quotes/options/SPY.json,0.0014,2606594.1030875198,0.0,2606594.1030875198,0.0026065941030875197,0.0,0.0026065941030875197
SPY,SPY260515C00780000,2026-05-15,5,call,780.0,6755.0,887.0,0.1549,0.001,0.02,0.03,,0.006,-0.0154,0.0205,https://cdn.cboe.com/api/global/delayed_quotes/options/SPY.json,0.001,3675282.4510219996,0.0,3675282.4510219996,0.0036752824510219995,0.0,0.0036752824510219995
SPY,SPY260515C00785000,2026-05-15,5,call,785.0,5950.0,138.0,0.1707,0.0008,0.02,0.03,,0.005,-0.0138,0.0171,https://cdn.cboe.com/api/global/delayed_quotes/options/SPY.json,0.0008,2589836.338544,0.0,2589836.338544,0.002589836338544,0.0,0.002589836338544
SPY,SPY260515C00790000,2026-05-15,5,call,790.0,5175.0,3705.0,0.1771,0.0006,0.01,0.02,,0.0041,-0.0124,0.0144,https://cdn.cboe.com/api/global/delayed_quotes/options/SPY.json,0.0006,1689378.5359619996,0.0,1689378.5359619996,0.0016893785359619995,0.0,0.0016893785359619995
SPY,SPY260515C00795000,2026-05-15,5,call,795.0,4612.0,3.0,0.1919,0.0005,0.01,0.02,,0.0036,-0.0116,0.0126,https://cdn.cboe.com/api/global/delayed_quotes/options/SPY.json,0.0005,1254656.0077064,0.0,1254656.0077064,0.0012546560077064,0.0,0.0012546560077064
SPY,SPY260515C00800000,2026-05-15,5,call,800.0,6232.0,239.0,0.2064,0.0004,0.01,0.02,,0.0031,-0.0107,0.0109,https://cdn.cboe.com/api/global/delayed_quotes/options/SPY.json,0.0004,1356290.7614963201,0.0,1356290.7614963201,0.0013562907614963202,0.0,0.0013562907614963202
SPY,SPY260515C00805000,2026-05-15,5,call,805.0,6678.0,75.0,0.2208,0.0004,0.01,0.02,,0.0027,-0.0099,0.0096,https://cdn.cboe.com/api/global/delayed_quotes/options/SPY.json,0.0004,1453355.21586528,0.0,1453355.21586528,0.00145335521586528,0.0,0.00145335521586528
SPY,SPY260515C00810000,2026-05-15,5,call,810.0,7755.0,464.0,0.2352,0.0003,0.01,0.02,,0.0024,-0.0094,0.0086,https://cdn.cboe.com/api/global/delayed_quotes/options/SPY.json,0.0003,1265809.7146265998,0.0,1265809.7146265998,0.0012658097146265998,0.0,0.0012658097146265998
SPY,SPY260515C00815000,2026-05-15,5,call,815.0,6418.0,1980.0,0.2492,0.0003,0.01,0.02,,0.0021,-0.0088,0.0077,https://cdn.cboe.com/api/global/delayed_quotes/options/SPY.json,0.0003,1047577.9172757597,0.0,1047577.9172757597,0.0010475779172757597,0.0,0.0010475779172757597
SPY,SPY260515C00820000,2026-05-15,5,call,820.0,929.0,1385.0,0.2628,0.0002,0.01,0.02,,0.0019,-0.0082,0.0069,https://cdn.cboe.com/api/global/delayed_quotes/options/SPY.json,0.0002,101090.67052552002,0.0,101090.67052552002,0.00010109067052552002,0.0,0.00010109067052552002
SPY,SPY260515C00825000,2026-05-15,5,call,825.0,5171.0,12.0,0.2766,0.0002,0.01,0.02,,0.0017,-0.0076,0.0061,https://cdn.cboe.com/api/global/delayed_quotes/options/SPY.json,0.0002,562690.91204248,0.0,562690.91204248,0.00056269091204248,0.0,0.00056269091204248
SPY,SPY260515C00830000,2026-05-15,5,call,830.0,3482.0,146.0,0.2902,0.0002,0.01,0.02,,0.0015,-0.007,0.0055,https://cdn.cboe.com/api/global/delayed_quotes/options/SPY.json,0.0002,378899.58532816,0.0,378899.58532816,0.00037889958532816005,0.0,0.00037889958532816005
SPY,SPY260515C00835000,2026-05-15,5,call,835.0,910.0,3.0,0.3038,0.0001,0.01,0.02,,0.0014,-0.0066,0.005,https://cdn.cboe.com/api/global/delayed_quotes/options/SPY.json,0.0001,49511.5770604,0.0,49511.5770604,4.95115770604e-05,0.0,4.95115770604e-05
SPY,SPY260515C00840000,2026-05-15,5,call,840.0,322.0,0.0,0.3168,0.0001,0.01,0.02,,0.0012,-0.0062,0.0045,https://cdn.cboe.com/api/global/delayed_quotes/options/SPY.json,0.0001,17519.481113679998,0.0,17519.481113679998,1.751948111368e-05,0.0,1.751948111368e-05
SPY,SPY260515C00845000,2026-05-15,5,call,845.0,1379.0,0.0,0.3024,0.0001,0.0,0.01,,0.0011,-0.0057,0.0041,https://cdn.cboe.com/api/global/delayed_quotes/options/SPY.json,0.0001,75029.08216076,0.0,75029.08216076,7.502908216076e-05,0.0,7.502908216076e-05
SPY,SPY260515C00850000,2026-05-15,5,call,850.0,5999.0,0.0,0.3145,0.0001,0.0,0.01,,0.001,-0.0053,0.0037,https://cdn.cboe.com/api/global/delayed_quotes/options/SPY.json,0.0001,326395.55031356,0.0,326395.55031356,0.00032639555031356,0.0,0.00032639555031356
SPY,SPY260515C00855000,2026-05-15,5,call,855.0,10959.0,0.0,0.3265,0.0001,0.0,0.01,,0.0009,-0.005,0.0034,https://cdn.cboe.com/api/global/delayed_quotes/options/SPY.json,0.0001,596260.84945596,0.0,596260.84945596,0.0005962608494559599,0.0,0.0005962608494559599
SPY,SPY260515C00860000,2026-05-15,5,call,860.0,4268.0,0.0,0.3384,0.0001,0.0,0.01,,0.0008,-0.0046,0.003,https://cdn.cboe.com/api/global/delayed_quotes/options/SPY.json,0.0001,232214.73724592,0.0,232214.73724592,0.00023221473724592,0.0,0.00023221473724592
SPY,SPY260515C00865000,2026-05-15,5,call,865.0,15499.0,0.0,0.3502,0.0001,0.0,0.01,,0.0007,-0.0043,0.0028,https://cdn.cboe.com/api/global/delayed_quotes/options/SPY.json,0.0001,843274.65149356,0.0,843274.65149356,0.00084327465149356,0.0,0.00084327465149356
SPY,SPY260515C00870000,2026-05-15,5,call,870.0,3301.0,0.0,0.3617,0.0001,0.0,0.01,,0.0006,-0.0039,0.0025,https://cdn.cboe.com/api/global/delayed_quotes/options/SPY.json,0.0001,179601.88557843998,0.0,179601.88557843998,0.00017960188557843997,0.0,0.00017960188557843997
SPY,SPY260515C00875000,2026-05-15,5,call,875.0,12801.0,0.0,0.3734,0.0,0.0,0.01,,0.0006,-0.0036,0.0023,https://cdn.cboe.com/api/global/delayed_quotes/options/SPY.json,0.0,0.0,0.0,0.0,0.0,0.0,0.0
SPY,SPY260515C00880000,2026-05-15,5,call,880.0,7457.0,0.0,0.385,0.0,0.0,0.01,,0.0005,-0.0034,0.002,https://cdn.cboe.com/api/global/delayed_quotes/options/SPY.json,0.0,0.0,0.0,0.0,0.0,0.0,0.0
SPY,SPY260515C00885000,2026-05-15,5,call,885.0,7386.0,0.0,0.3962,0.0,0.0,0.01,,0.0005,-0.0031,0.0019,https://cdn.cboe.com/api/global/delayed_quotes/options/SPY.json,0.0,0.0,0.0,0.0,0.0,0.0,0.0
SPY,SPY260515C00890000,2026-05-15,5,call,890.0,4151.0,0.0,0.4075,0.0,0.0,0.01,,0.0004,-0.0028,0.0017,https://cdn.cboe.com/api/global/delayed_quotes/options/SPY.json,0.0,0.0,0.0,0.0,0.0,0.0,0.0
SPY,SPY260515C00895000,2026-05-15,5,call,895.0,30.0,0.0,0.4187,0.0,0.0,0.01,,0.0004,-0.0026,0.0015,https://cdn.cboe.com/api/global/delayed_quotes/options/SPY.json,0.0,0.0,0.0,0.0,0.0,0.0,0.0
SPY,SPY260515C00900000,2026-05-15,5,call,900.0,7.0,0.0,0.4301,0.0,0.0,0.01,,0.0004,-0.0024,0.0014,https://cdn.cboe.com/api/global/delayed_quotes/options/SPY.json,0.0,0.0,0.0,0.0,0.0,0.0,0.0
SPY,SPY260515C00905000,2026-05-15,5,call,905.0,27.0,0.0,0.4411,0.0,0.0,0.01,,0.0003,-0.0022,0.0013,https://cdn.cboe.com/api/global/delayed_quotes/options/SPY.json,0.0,0.0,0.0,0.0,0.0,0.0,0.0
SPY,SPY260515C00910000,2026-05-15,5,call,910.0,508.0,0.0,0.4521,0.0,0.0,0.01,,0.0003,-0.002,0.0012,https://cdn.cboe.com/api/global/delayed_quotes/options/SPY.json,0.0,0.0,0.0,0.0,0.0,0.0,0.0
SPY,SPY260515C00915000,2026-05-15,5,call,915.0,9.0,0.0,0.463,0.0,0.0,0.01,,0.0003,-0.0019,0.001,https://cdn.cboe.com/api/global/delayed_quotes/options/SPY.json,0.0,0.0,0.0,0.0,0.0,0.0,0.0
SPY,SPY260515C00920000,2026-05-15,5,call,920.0,57.0,0.0,0.4736,0.0,0.0,0.01,,0.0002,-0.0017,0.0009,https://cdn.cboe.com/api/global/delayed_quotes/options/SPY.json,0.0,0.0,0.0,0.0,0.0,0.0,0.0
SPY,SPY260515C00930000,2026-05-15,5,call,930.0,73.0,0.0,0.495,0.0,0.0,0.01,,0.0002,-0.0014,0.0008,https://cdn.cboe.com/api/global/delayed_quotes/options/SPY.json,0.0,0.0,0.0,0.0,0.0,0.0,0.0
SPY,SPY260515C00940000,2026-05-15,5,call,940.0,2307.0,0.0,0.5163,0.0,0.0,0.01,,0.0001,-0.0012,0.0006,https://cdn.cboe.com/api/global/delayed_quotes/options/SPY.json,0.0,0.0,0.0,0.0,0.0,0.0,0.0
SPY,SPY260515C00945000,2026-05-15,5,call,945.0,189.0,0.0,0.5268,0.0,0.0,0.01,,0.0001,-0.0011,0.0006,https://cdn.cboe.com/api/global/delayed_quotes/options/SPY.json,0.0,0.0,0.0,0.0,0.0,0.0,0.0
SPY,SPY260515C00950000,2026-05-15,5,call,950.0,268.0,0.0,0.5371,0.0,0.0,0.01,,0.0001,-0.001,0.0005,https://cdn.cboe.com/api/global/delayed_quotes/options/SPY.json,0.0,0.0,0.0,0.0,0.0,0.0,0.0
SPY,SPY260515C00955000,2026-05-15,5,call,955.0,487.0,0.0,0.5474,0.0,0.0,0.01,,0.0001,-0.0009,0.0005,https://cdn.cboe.com/api/global/delayed_quotes/options/SPY.json,0.0,0.0,0.0,0.0,0.0,0.0,0.0
SPY,SPY260515C00960000,2026-05-15,5,call,960.0,3618.0,0.0,0.5576,0.0,0.0,0.01,,0.0001,-0.0008,0.0004,https://cdn.cboe.com/api/global/delayed_quotes/options/SPY.json,0.0,0.0,0.0,0.0,0.0,0.0,0.0
SPY,SPY260515C00965000,2026-05-15,5,call,965.0,7202.0,0.0,0.5676,0.0,0.0,0.01,,0.0001,-0.0008,0.0004,https://cdn.cboe.com/api/global/delayed_quotes/options/SPY.json,0.0,0.0,0.0,0.0,0.0,0.0,0.0
SPY,SPY260515C00970000,2026-05-15,5,call,970.0,3164.0,0.0,0.5777,0.0,0.0,0.01,,0.0001,-0.0007,0.0004,https://cdn.cboe.com/api/global/delayed_quotes/options/SPY.json,0.0,0.0,0.0,0.0,0.0,0.0,0.0
SPY,SPY260515C00975000,2026-05-15,5,call,975.0,4130.0,0.0,0.5878,0.0,0.0,0.01,,0.0001,-0.0006,0.0003,https://cdn.cboe.com/api/global/delayed_quotes/options/SPY.json,0.0,0.0,0.0,0.0,0.0,0.0,0.0
SPY,SPY260515C00980000,2026-05-15,5,call,980.0,10.0,0.0,0.5977,0.0,0.0,0.01,,0.0001,-0.0006,0.0003,https://cdn.cboe.com/api/global/delayed_quotes/options/SPY.json,0.0,0.0,0.0,0.0,0.0,0.0,0.0
SPY,SPY260515C00985000,2026-05-15,5,call,985.0,1196.0,0.0,0.6076,0.0,0.0,0.01,,0.0001,-0.0005,0.0003,https://cdn.cboe.com/api/global/delayed_quotes/options/SPY.json,0.0,0.0,0.0,0.0,0.0,0.0,0.0
SPY,SPY260515C00990000,2026-05-15,5,call,990.0,771.0,0.0,0.6174,0.0,0.0,0.01,,0.0,-0.0005,0.0002,https://cdn.cboe.com/api/global/delayed_quotes/options/SPY.json,0.0,0.0,0.0,0.0,0.0,0.0,0.0
SPY,SPY260515C00995000,2026-05-15,5,call,995.0,433.0,0.0,0.6272,0.0,0.0,0.01,,0.0,-0.0004,0.0002,https://cdn.cboe.com/api/global/delayed_quotes/options/SPY.json,0.0,0.0,0.0,0.0,0.0,0.0,0.0
SPY,SPY260515C01000000,2026-05-15,5,call,1000.0,503.0,0.0,0.6371,0.0,0.0,0.01,,0.0,-0.0004,0.0002,https://cdn.cboe.com/api/global/delayed_quotes/options/SPY.json,0.0,0.0,0.0,0.0,0.0,0.0,0.0
SPY,SPY260518P00500000,2026-05-18,8,put,500.0,10.0,0.0,0.688,0.0,0.0,0.01,,-0.0003,-0.003,0.0012,https://cdn.cboe.com/api/global/delayed_quotes/options/SPY.json,0.0,0.0,-0.0,0.0,0.0,-0.0,0.0
SPY,SPY260518P00510000,2026-05-18,8,put,510.0,103.0,0.0,0.6549,0.0,0.0,0.01,,-0.0003,-0.0035,0.0015,https://cdn.cboe.com/api/global/delayed_quotes/options/SPY.json,0.0,0.0,-0.0,0.0,0.0,-0.0,0.0
SPY,SPY260518P00520000,2026-05-18,8,put,520.0,2.0,0.0,0.6224,0.0,0.0,0.01,,-0.0004,-0.0041,0.0018,https://cdn.cboe.com/api/global/delayed_quotes/options/SPY.json,0.0,0.0,-0.0,0.0,0.0,-0.0,0.0
SPY,SPY260518P00545000,2026-05-18,8,put,545.0,120.0,0.0,0.5898,0.0,0.01,0.02,,-0.0006,-0.0059,0.0028,https://cdn.cboe.com/api/global/delayed_quotes/options/SPY.json,0.0,0.0,-0.0,0.0,0.0,-0.0,0.0
SPY,SPY260518P00550000,2026-05-18,8,put,550.0,15.0,0.0,0.5732,0.0,0.01,0.02,,-0.0007,-0.0064,0.0031,https://cdn.cboe.com/api/global/delayed_quotes/options/SPY.json,0.0,0.0,-0.0,0.0,0.0,-0.0,0.0
SPY,SPY260518P00570000,2026-05-18,8,put,570.0,120.0,0.0,0.5082,0.0,0.01,0.02,,-0.001,-0.0083,0.0043,https://cdn.cboe.com/api/global/delayed_quotes/options/SPY.json,0.0,0.0,-0.0,0.0,0.0,-0.0,0.0
SPY,SPY260518P00575000,2026-05-18,8,put,575.0,233.0,0.0,0.4922,0.0001,0.01,0.02,,-0.0011,-0.0088,0.0047,https://cdn.cboe.com/api/global/delayed_quotes/options/SPY.json,0.0001,0.0,-12677.14006052,-12677.14006052,0.0,-1.267714006052e-05,-1.267714006052e-05
SPY,SPY260518P00580000,2026-05-18,8,put,580.0,120.0,0.0,0.4764,0.0001,0.01,0.02,,-0.0012,-0.0094,0.0052,https://cdn.cboe.com/api/global/delayed_quotes/options/SPY.json,0.0001,0.0,-6528.9991727999995,-6528.9991727999995,0.0,-6.528999172799999e-06,-6.528999172799999e-06
SPY,SPY260518P00585000,2026-05-18,8,put,585.0,170.0,124.0,0.4606,0.0001,0.01,0.02,,-0.0014,-0.0101,0.0056,https://cdn.cboe.com/api/global/delayed_quotes/options/SPY.json,0.0001,0.0,-9249.415494800001,-9249.415494800001,0.0,-9.249415494800001e-06,-9.249415494800001e-06
SPY,SPY260518P00590000,2026-05-18,8,put,590.0,227.0,0.0,0.4648,0.0001,0.02,0.03,,-0.0015,-0.0107,0.0062,https://cdn.cboe.com/api/global/delayed_quotes/options/SPY.json,0.0001,0.0,-12350.69010188,-12350.69010188,0.0,-1.235069010188e-05,-1.235069010188e-05
SPY,SPY260518P00595000,2026-05-18,8,put,595.0,135.0,343.0,0.4487,0.0001,0.02,0.03,,-0.0016,-0.0114,0.0067,https://cdn.cboe.com/api/global/delayed_quotes/options/SPY.json,0.0001,0.0,-7345.124069400001,-7345.124069400001,0.0,-7.3451240694000005e-06,-7.3451240694000005e-06
SPY,SPY260518P00600000,2026-05-18,8,put,600.0,99.0,10.0,0.4324,0.0001,0.02,0.03,,-0.0018,-0.0121,0.0074,https://cdn.cboe.com/api/global/delayed_quotes/options/SPY.json,0.0001,0.0,-5386.42431756,-5386.42431756,0.0,-5.38642431756e-06,-5.38642431756e-06
SPY,SPY260518P00605000,2026-05-18,8,put,605.0,121.0,78.0,0.4165,0.0001,0.02,0.03,,-0.002,-0.0129,0.008,https://cdn.cboe.com/api/global/delayed_quotes/options/SPY.json,0.0001,0.0,-6583.407499240001,-6583.407499240001,0.0,-6.583407499240001e-06,-6.583407499240001e-06
SPY,SPY260518P00610000,2026-05-18,8,put,610.0,2.0,105.0,0.4006,0.0001,0.02,0.03,,-0.0022,-0.0138,0.0088,https://cdn.cboe.com/api/global/delayed_quotes/options/SPY.json,0.0001,0.0,-108.81665288,-108.81665288,0.0,-1.0881665288000001e-07,-1.0881665288000001e-07
SPY,SPY260518P00615000,2026-05-18,8,put,615.0,115.0,120.0,0.3971,0.0002,0.03,0.04,,-0.0024,-0.0147,0.0097,https://cdn.cboe.com/api/global/delayed_quotes/options/SPY.json,0.0002,0.0,-12513.915081199999,-12513.915081199999,0.0,-1.2513915081199999e-05,-1.2513915081199999e-05
SPY,SPY260518P00635000,2026-05-18,8,put,635.0,10.0,0.0,0.3417,0.0003,0.04,0.05,,-0.0038,-0.0196,0.0146,https://cdn.cboe.com/api/global/delayed_quotes/options/SPY.json,0.0003,0.0,-1632.2497931999999,-1632.2497931999999,0.0,-1.6322497931999998e-06,-1.6322497931999998e-06
SPY,SPY260518P00640000,2026-05-18,8,put,640.0,2.0,3.0,0.3258,0.0003,0.04,0.05,,-0.0043,-0.0213,0.0164,https://cdn.cboe.com/api/global/delayed_quotes/options/SPY.json,0.0003,0.0,-326.44995864,-326.44995864,0.0,-3.2644995863999996e-07,-3.2644995863999996e-07
SPY,SPY260518C00645000,2026-05-18,8,call,645.0,5.0,0.0,0.2969,0.0004,91.6,94.41,,0.9951,-0.023,0.0184,https://cdn.cboe.com/api/global/delayed_quotes/options/SPY.json,0.0004,1088.1665288000002,0.0,1088.1665288000002,1.0881665288000001e-06,0.0,1.0881665288000001e-06
SPY,SPY260518P00645000,2026-05-18,8,put,645.0,140.0,5.0,0.3163,0.0004,0.05,0.06,,-0.0049,-0.0231,0.0185,https://cdn.cboe.com/api/global/delayed_quotes/options/SPY.json,0.0004,0.0,-30468.6628064,-30468.6628064,0.0,-3.04686628064e-05,-3.04686628064e-05
SPY,SPY260518P00650000,2026-05-18,8,put,650.0,499.0,1.0,0.3056,0.0004,0.06,0.07,,-0.0056,-0.0252,0.0209,https://cdn.cboe.com/api/global/delayed_quotes/options/SPY.json,0.0004,0.0,-108599.01957424,-108599.01957424,0.0,-0.00010859901957424,-0.00010859901957424
SPY,SPY260518P00655000,2026-05-18,8,put,655.0,205.0,57.0,0.2938,0.0005,0.07,0.08,,-0.0065,-0.0277,0.0238,https://cdn.cboe.com/api/global/delayed_quotes/options/SPY.json,0.0005,0.0,-55768.534601,-55768.534601,0.0,-5.5768534600999996e-05,-5.5768534600999996e-05
SPY,SPY260518C00660000,2026-05-18,8,call,660.0,2.0,0.0,0.2681,0.0006,76.64,79.45,,0.9924,-0.0306,0.0273,https://cdn.cboe.com/api/global/delayed_quotes/options/SPY.json,0.0006,652.89991728,0.0,652.89991728,6.528999172799999e-07,0.0,6.528999172799999e-07
SPY,SPY260518P00660000,2026-05-18,8,put,660.0,143.0,80.0,0.2812,0.0006,0.08,0.09,,-0.0076,-0.0306,0.0272,https://cdn.cboe.com/api/global/delayed_quotes/options/SPY.json,0.0006,0.0,-46682.344085519995,-46682.344085519995,0.0,-4.6682344085519996e-05,-4.6682344085519996e-05
SPY,SPY260518P00665000,2026-05-18,8,put,665.0,139.0,103.0,0.268,0.0007,0.09,0.1,,-0.0089,-0.034,0.0316,https://cdn.cboe.com/api/global/delayed_quotes/options/SPY.json,0.0007,0.0,-52939.30162612,-52939.30162612,0.0,-5.2939301626120005e-05,-5.2939301626120005e-05
SPY,SPY260518C00670000,2026-05-18,8,call,670.0,3.0,2.0,0.2447,0.0009,66.68,69.49,,0.9893,-0.0384,0.0369,https://cdn.cboe.com/api/global/delayed_quotes/options/SPY.json,0.0009,1469.0248138800002,0.0,1469.0248138800002,1.4690248138800003e-06,0.0,1.4690248138800003e-06
SPY,SPY260518P00670000,2026-05-18,8,put,670.0,643.0,57.0,0.2571,0.0009,0.11,0.12,,-0.0107,-0.0385,0.037,https://cdn.cboe.com/api/global/delayed_quotes/options/SPY.json,0.0009,0.0,-314860.98510828003,-314860.98510828003,0.0,-0.00031486098510828003,-0.00031486098510828003
SPY,SPY260518C00675000,2026-05-18,8,call,675.0,8.0,1.0,0.2362,0.0011,61.71,64.52,,0.9871,-0.0434,0.0434,https://cdn.cboe.com/api/global/delayed_quotes/options/SPY.json,0.0011,4787.93272672,0.0,4787.93272672,4.78793272672e-06,0.0,4.78793272672e-06
SPY,SPY260518P00675000,2026-05-18,8,put,675.0,487.0,110.0,0.245,0.0011,0.13,0.14,,-0.0128,-0.0432,0.0432,https://cdn.cboe.com/api/global/delayed_quotes/options/SPY.json,0.0011,0.0,-291465.40473908006,-291465.40473908006,0.0,-0.00029146540473908006,-0.00029146540473908006
SPY,SPY260518C00680000,2026-05-18,8,call,680.0,6.0,9.0,0.2256,0.0014,56.74,59.55,,0.9842,-0.0496,0.0517,https://cdn.cboe.com/api/global/delayed_quotes/options/SPY.json,0.0014,4570.299420959999,0.0,4570.299420959999,4.570299420959999e-06,0.0,4.570299420959999e-06
SPY,SPY260518P00680000,2026-05-18,8,put,680.0,261.0,319.0,0.2317,0.0014,0.15,0.16,,-0.0157,-0.0497,0.0517,https://cdn.cboe.com/api/global/delayed_quotes/options/SPY.json,0.0014,0.0,-198808.02481176,-198808.02481176,0.0,-0.00019880802481175999,-0.00019880802481175999
SPY,SPY260518C00685000,2026-05-18,8,call,685.0,11.0,1.0,0.2134,0.0018,51.77,54.58,,0.9804,-0.0572,0.0621,https://cdn.cboe.com/api/global/delayed_quotes/options/SPY.json,0.0018,10772.848635119999,0.0,10772.848635119999,1.0772848635119999e-05,0.0,1.0772848635119999e-05
SPY,SPY260518P00685000,2026-05-18,8,put,685.0,569.0,332.0,0.2193,0.0018,0.18,0.19,,-0.0196,-0.0575,0.0622,https://cdn.cboe.com/api/global/delayed_quotes/options/SPY.json,0.0018,0.0,-557250.07939848,-557250.07939848,0.0,-0.00055725007939848,-0.00055725007939848
SPY,SPY260518P00686000,2026-05-18,8,put,686.0,114.0,0.0,0.2175,0.0018,0.19,0.2,,-0.0204,-0.059,0.0645,https://cdn.cboe.com/api/global/delayed_quotes/options/SPY.json,0.0018,0.0,-111645.88585487999,-111645.88585487999,0.0,-0.00011164588585487999,-0.00011164588585487999
SPY,SPY260518P00687000,2026-05-18,8,put,687.0,220.0,224.0,0.2154,0.0019,0.2,0.21,,-0.0214,-0.0608,0.067,https://cdn.cboe.com/api/global/delayed_quotes/options/SPY.json,0.0019,0.0,-227426.8045192,-227426.8045192,0.0,-0.0002274268045192,-0.0002274268045192
SPY,SPY260518P00688000,2026-05-18,8,put,688.0,6.0,4.0,0.2133,0.002,0.2,0.22,,-0.0224,-0.0627,0.0697,https://cdn.cboe.com/api/global/delayed_quotes/options/SPY.json,0.002,0.0,-6528.9991727999995,-6528.9991727999995,0.0,-6.528999172799999e-06,-6.528999172799999e-06
SPY,SPY260518P00689000,2026-05-18,8,put,689.0,4.0,5.0,0.2092,0.0022,0.21,0.23,,-0.0235,-0.0648,0.0726,https://cdn.cboe.com/api/global/delayed_quotes/options/SPY.json,0.0022,0.0,-4787.93272672,-4787.93272672,0.0,-4.78793272672e-06,-4.78793272672e-06
SPY,SPY260518C00690000,2026-05-18,8,call,690.0,21.0,1.0,0.2048,0.0023,46.82,49.63,,0.9753,-0.0667,0.0754,https://cdn.cboe.com/api/global/delayed_quotes/options/SPY.json,0.0023,26279.221670519993,0.0,26279.221670519993,2.6279221670519993e-05,0.0,2.6279221670519993e-05
SPY,SPY260518P00690000,2026-05-18,8,put,690.0,436.0,171.0,0.2072,0.0023,0.22,0.23,,-0.0247,-0.0669,0.0755,https://cdn.cboe.com/api/global/delayed_quotes/options/SPY.json,0.0023,0.0,-545606.69754032,-545606.69754032,0.0,-0.00054560669754032,-0.00054560669754032
SPY,SPY260518C00691000,2026-05-18,8,call,691.0,1.0,0.0,0.201,0.0024,45.83,48.64,,0.9741,-0.0688,0.0785,https://cdn.cboe.com/api/global/delayed_quotes/options/SPY.json,0.0024,1305.79983456,0.0,1305.79983456,1.3057998345599998e-06,0.0,1.3057998345599998e-06
SPY,SPY260518P00691000,2026-05-18,8,put,691.0,104.0,51.0,0.205,0.0024,0.23,0.24,,-0.0258,-0.0688,0.0783,https://cdn.cboe.com/api/global/delayed_quotes/options/SPY.json,0.0024,0.0,-135803.18279423998,-135803.18279423998,0.0,-0.00013580318279424,-0.00013580318279424
SPY,SPY260518C00692000,2026-05-18,8,call,692.0,4.0,0.0,0.1986,0.0025,44.86,47.65,,0.9728,-0.0711,0.0817,https://cdn.cboe.com/api/global/delayed_quotes/options/SPY.json,0.0025,5440.832644,0.0,5440.832644,5.440832644e-06,0.0,5.440832644e-06
SPY,SPY260518P00692000,2026-05-18,8,put,692.0,35.0,201.0,0.2039,0.0025,0.24,0.26,,-0.0271,-0.0711,0.0815,https://cdn.cboe.com/api/global/delayed_quotes/options/SPY.json,0.0025,0.0,-47607.285635,-47607.285635,0.0,-4.7607285635e-05,-4.7607285635e-05
SPY,SPY260518P00693000,2026-05-18,8,put,693.0,46.0,31.0,0.2014,0.0026,0.26,0.27,,-0.0284,-0.0734,0.0849,https://cdn.cboe.com/api/global/delayed_quotes/options/SPY.json,0.0026,0.0,-65072.358422239995,-65072.358422239995,0.0,-6.507235842224e-05,-6.507235842224e-05
SPY,SPY260518P00694000,2026-05-18,8,put,694.0,227.0,17.0,0.1987,0.0028,0.27,0.28,,-0.0299,-0.0758,0.0885,https://cdn.cboe.com/api/global/delayed_quotes/options/SPY.json,0.0028,0.0,-345819.32285263995,-345819.32285263995,0.0,-0.00034581932285263994,-0.00034581932285263994
SPY,SPY260518C00695000,2026-05-18,8,call,695.0,9.0,14.0,0.1922,0.0029,41.88,44.69,,0.9684,-0.0785,0.0925,https://cdn.cboe.com/api/global/delayed_quotes/options/SPY.json,0.0029,14200.573200840001,0.0,14200.573200840001,1.4200573200840001e-05,0.0,1.4200573200840001e-05
SPY,SPY260518P00695000,2026-05-18,8,put,695.0,347.0,481.0,0.1961,0.0029,0.28,0.29,,-0.0315,-0.0784,0.0923,https://cdn.cboe.com/api/global/delayed_quotes/options/SPY.json,0.0029,0.0,-547510.9889657199,-547510.9889657199,0.0,-0.0005475109889657199,-0.0005475109889657199
SPY,SPY260518C00696000,2026-05-18,8,call,696.0,1.0,0.0,0.1907,0.0031,40.89,43.71,,0.9667,-0.0812,0.0965,https://cdn.cboe.com/api/global/delayed_quotes/options/SPY.json,0.0031,1686.65811964,0.0,1686.65811964,1.68665811964e-06,0.0,1.68665811964e-06
SPY,SPY260518P00696000,2026-05-18,8,put,696.0,89.0,5.0,0.1945,0.0031,0.29,0.31,,-0.0332,-0.0811,0.0963,https://cdn.cboe.com/api/global/delayed_quotes/options/SPY.json,0.0031,0.0,-150112.57264795998,-150112.57264795998,0.0,-0.00015011257264796,-0.00015011257264796
SPY,SPY260518P00697000,2026-05-18,8,put,697.0,215.0,199.0,0.1916,0.0033,0.31,0.32,,-0.0349,-0.0839,0.1005,https://cdn.cboe.com/api/global/delayed_quotes/options/SPY.json,0.0033,0.0,-386027.07609180006,-386027.07609180006,0.0,-0.00038602707609180007,-0.00038602707609180007
SPY,SPY260518C00698000,2026-05-18,8,call,698.0,2.0,0.0,0.1861,0.0035,38.93,41.74,,0.963,-0.087,0.1051,https://cdn.cboe.com/api/global/delayed_quotes/options/SPY.json,0.0035,3808.5828508,0.0,3808.5828508,3.8085828508e-06,0.0,3.8085828508e-06
SPY,SPY260518P00698000,2026-05-18,8,put,698.0,5.0,76.0,0.1897,0.0035,0.33,0.34,,-0.0369,-0.0868,0.1048,https://cdn.cboe.com/api/global/delayed_quotes/options/SPY.json,0.0035,0.0,-9521.457127000001,-9521.457127000001,0.0,-9.521457127000001e-06,-9.521457127000001e-06
SPY,SPY260518C00699000,2026-05-18,8,call,699.0,1.0,0.0,0.1842,0.0037,37.95,40.76,,0.9609,-0.0901,0.1098,https://cdn.cboe.com/api/global/delayed_quotes/options/SPY.json,0.0037,2013.10807828,0.0,2013.10807828,2.01310807828e-06,0.0,2.01310807828e-06
SPY,SPY260518P00699000,2026-05-18,8,put,699.0,21.0,15.0,0.1872,0.0037,0.34,0.36,,-0.0389,-0.0899,0.1094,https://cdn.cboe.com/api/global/delayed_quotes/options/SPY.json,0.0037,0.0,-42275.26964388,-42275.26964388,0.0,-4.2275269643879996e-05,-4.2275269643879996e-05
SPY,SPY260518C00700000,2026-05-18,8,call,700.0,20.0,1.0,0.1831,0.0039,36.97,39.78,,0.9587,-0.0933,0.1147,https://cdn.cboe.com/api/global/delayed_quotes/options/SPY.json,0.0039,42438.4946232,0.0,42438.4946232,4.24384946232e-05,0.0,4.24384946232e-05
SPY,SPY260518P00700000,2026-05-18,8,put,700.0,1552.0,1190.0,0.1848,0.0039,0.36,0.38,,-0.0414,-0.0936,0.1148,https://cdn.cboe.com/api/global/delayed_quotes/options/SPY.json,0.0039,0.0,-3293227.1827603197,-3293227.1827603197,0.0,-0.0032932271827603196,-0.0032932271827603196
SPY,SPY260518P00701000,2026-05-18,8,put,701.0,74.0,36.0,0.1828,0.0041,0.38,0.4,,-0.0437,-0.097,0.1199,https://cdn.cboe.com/api/global/delayed_quotes/options/SPY.json,0.0041,0.0,-165074.86241896,-165074.86241896,0.0,-0.00016507486241896,-0.00016507486241896
SPY,SPY260518C00702000,2026-05-18,8,call,702.0,2.0,0.0,0.1785,0.0044,35.01,37.82,,0.9537,-0.1004,0.1254,https://cdn.cboe.com/api/global/delayed_quotes/options/SPY.json,0.0044,4787.93272672,0.0,4787.93272672,4.78793272672e-06,0.0,4.78793272672e-06
SPY,SPY260518P00702000,2026-05-18,8,put,702.0,98.0,8.0,0.1806,0.0044,0.4,0.42,,-0.0463,-0.1006,0.1257,https://cdn.cboe.com/api/global/delayed_quotes/options/SPY.json,0.0044,0.0,-234608.70360928003,-234608.70360928003,0.0,-0.00023460870360928003,-0.00023460870360928003
SPY,SPY260518P00703000,2026-05-18,8,put,703.0,104.0,116.0,0.1781,0.0046,0.43,0.44,,-0.0491,-0.1044,0.1316,https://cdn.cboe.com/api/global/delayed_quotes/options/SPY.json,0.0046,0.0,-260289.43368895998,-260289.43368895998,0.0,-0.00026028943368896,-0.00026028943368896
SPY,SPY260518P00704000,2026-05-18,8,put,704.0,113.0,212.0,0.1762,0.0049,0.45,0.47,,-0.0519,-0.1083,0.1374,https://cdn.cboe.com/api/global/delayed_quotes/options/SPY.json,0.0049,0.0,-301258.90349828,-301258.90349828,0.0,-0.00030125890349828,-0.00030125890349828
SPY,SPY260518C00705000,2026-05-18,8,call,705.0,3.0,20.0,0.1738,0.0052,32.09,34.9,,0.9448,-0.1123,0.1439,https://cdn.cboe.com/api/global/delayed_quotes/options/SPY.json,0.0052,8487.698924639999,0.0,8487.698924639999,8.48769892464e-06,0.0,8.48769892464e-06
SPY,SPY260518P00705000,2026-05-18,8,put,705.0,747.0,510.0,0.174,0.0052,0.48,0.5,,-0.0553,-0.1126,0.1441,https://cdn.cboe.com/api/global/delayed_quotes/options/SPY.json,0.0052,0.0,-2113437.03223536,-2113437.03223536,0.0,-0.00211343703223536,-0.00211343703223536
SPY,SPY260518C00706000,2026-05-18,8,call,706.0,1.0,0.0,0.1702,0.0055,31.12,33.93,,0.9414,-0.1167,0.1507,https://cdn.cboe.com/api/global/delayed_quotes/options/SPY.json,0.0055,2992.4579541999997,0.0,2992.4579541999997,2.9924579541999996e-06,0.0,2.9924579541999996e-06
SPY,SPY260518P00706000,2026-05-18,8,put,706.0,38.0,40.0,0.1721,0.0055,0.51,0.53,,-0.0586,-0.1169,0.1506,https://cdn.cboe.com/api/global/delayed_quotes/options/SPY.json,0.0055,0.0,-113713.4022596,-113713.4022596,0.0,-0.0001137134022596,-0.0001137134022596
SPY,SPY260518C00707000,2026-05-18,8,call,707.0,1.0,2.0,0.1679,0.0059,30.16,32.97,,0.9376,-0.1213,0.1579,https://cdn.cboe.com/api/global/delayed_quotes/options/SPY.json,0.0059,3210.0912599599997,0.0,3210.0912599599997,3.2100912599599998e-06,0.0,3.2100912599599998e-06
SPY,SPY260518P00707000,2026-05-18,8,put,707.0,14.0,53.0,0.1702,0.0059,0.55,0.56,,-0.0623,-0.1215,0.1578,https://cdn.cboe.com/api/global/delayed_quotes/options/SPY.json,0.0059,0.0,-44941.27763944,-44941.27763944,0.0,-4.494127763944e-05,-4.494127763944e-05
SPY,SPY260518P00708000,2026-05-18,8,put,708.0,75.0,18.0,0.1681,0.0062,0.58,0.6,,-0.0663,-0.1263,0.1656,https://cdn.cboe.com/api/global/delayed_quotes/options/SPY.json,0.0062,0.0,-252998.717946,-252998.717946,0.0,-0.000252998717946,-0.000252998717946
SPY,SPY260518P00709000,2026-05-18,8,put,709.0,729.0,43.0,0.1658,0.0067,0.62,0.64,,-0.0709,-0.1317,0.174,https://cdn.cboe.com/api/global/delayed_quotes/options/SPY.json,0.0067,0.0,-2657465.8883089204,-2657465.8883089204,0.0,-0.0026574658883089203,-0.0026574658883089203
SPY,SPY260518C00710000,2026-05-18,8,call,710.0,57.0,3.0,0.163,0.0071,27.27,30.09,,0.9246,-0.1366,0.1821,https://cdn.cboe.com/api/global/delayed_quotes/options/SPY.json,0.0071,220190.49710267998,0.0,220190.49710267998,0.00022019049710267997,0.0,0.00022019049710267997
SPY,SPY260518P00710000,2026-05-18,8,put,710.0,1115.0,386.0,0.164,0.0071,0.66,0.68,,-0.0753,-0.1368,0.182,https://cdn.cboe.com/api/global/delayed_quotes/options/SPY.json,0.0071,0.0,-4307235.1626226,-4307235.1626226,0.0,-0.0043072351626226,-0.0043072351626226
SPY,SPY260518P00711000,2026-05-18,8,put,711.0,465.0,65.0,0.1619,0.0075,0.71,0.73,,-0.0804,-0.1424,0.1907,https://cdn.cboe.com/api/global/delayed_quotes/options/SPY.json,0.0075,0.0,-1897490.384595,-1897490.384595,0.0,-0.0018974903845949999,-0.0018974903845949999
SPY,SPY260518C00712000,2026-05-18,8,call,712.0,1.0,1.0,0.1546,0.008,25.37,28.18,,0.914,-0.148,0.2003,https://cdn.cboe.com/api/global/delayed_quotes/options/SPY.json,0.008,4352.666115200001,0.0,4352.666115200001,4.3526661152000004e-06,0.0,4.3526661152000004e-06
SPY,SPY260518P00712000,2026-05-18,8,put,712.0,1233.0,1058.0,0.1599,0.008,0.76,0.78,,-0.0862,-0.1485,0.2007,https://cdn.cboe.com/api/global/delayed_quotes/options/SPY.json,0.008,0.0,-5366837.320041601,-5366837.320041601,0.0,-0.005366837320041601,-0.005366837320041601
SPY,SPY260518C00713000,2026-05-18,8,call,713.0,1.0,0.0,0.1563,0.0085,24.45,27.24,,0.9081,-0.1541,0.2102,https://cdn.cboe.com/api/global/delayed_quotes/options/SPY.json,0.0085,4624.707747400001,0.0,4624.707747400001,4.6247077474000005e-06,0.0,4.6247077474000005e-06
SPY,SPY260518P00713000,2026-05-18,8,put,713.0,141.0,52.0,0.1578,0.0086,0.81,0.83,,-0.0922,-0.1547,0.2108,https://cdn.cboe.com/api/global/delayed_quotes/options/SPY.json,0.0086,0.0,-659755.36641144,-659755.36641144,0.0,-0.00065975536641144,-0.00065975536641144
SPY,SPY260518C00714000,2026-05-18,8,call,714.0,7.0,21.0,0.1533,0.0091,23.53,26.3,,0.9017,-0.1604,0.2206,https://cdn.cboe.com/api/global/delayed_quotes/options/SPY.json,0.0091,34658.10394228001,0.0,34658.10394228001,3.465810394228001e-05,0.0,3.465810394228001e-05
SPY,SPY260518P00714000,2026-05-18,8,put,714.0,438.0,75.0,0.1559,0.0091,0.87,0.89,,-0.0986,-0.1611,0.2211,https://cdn.cboe.com/api/global/delayed_quotes/options/SPY.json,0.0091,0.0,-2168607.07524552,-2168607.07524552,0.0,-0.0021686070752455202,-0.0021686070752455202
SPY,SPY260518C00715000,2026-05-18,8,call,715.0,200.0,33.0,0.1533,0.0096,23.78,24.19,,0.8947,-0.1671,0.2314,https://cdn.cboe.com/api/global/delayed_quotes/options/SPY.json,0.0096,1044639.867648,0.0,1044639.867648,0.001044639867648,0.0,0.001044639867648
SPY,SPY260518P00715000,2026-05-18,8,put,715.0,1263.0,200.0,0.1542,0.0097,0.94,0.95,,-0.1056,-0.1678,0.2318,https://cdn.cboe.com/api/global/delayed_quotes/options/SPY.json,0.0097,0.0,-6665618.480490841,-6665618.480490841,0.0,-0.006665618480490841,-0.006665618480490841
SPY,SPY260518C00716000,2026-05-18,8,call,716.0,22.0,8.0,0.149,0.0103,21.63,24.34,,0.8872,-0.1739,0.2426,https://cdn.cboe.com/api/global/delayed_quotes/options/SPY.json,0.0103,123289.26771304,0.0,123289.26771304,0.00012328926771304,0.0,0.00012328926771304
SPY,SPY260518P00716000,2026-05-18,8,put,716.0,1097.0,198.0,0.1523,0.0103,1.01,1.03,,-0.1132,-0.1747,0.243,https://cdn.cboe.com/api/global/delayed_quotes/options/SPY.json,0.0103,0.0,-6147651.212782038,-6147651.212782038,0.0,-0.006147651212782038,-0.006147651212782038
SPY,SPY260518C00717000,2026-05-18,8,call,717.0,14.0,0.0,0.1472,0.0109,20.71,23.42,,0.8791,-0.181,0.2542,https://cdn.cboe.com/api/global/delayed_quotes/options/SPY.json,0.0109,83027.10614744002,0.0,83027.10614744002,8.302710614744002e-05,0.0,8.302710614744002e-05
SPY,SPY260518P00717000,2026-05-18,8,put,717.0,84.0,57.0,0.1502,0.011,1.08,1.1,,-0.1213,-0.1819,0.255,https://cdn.cboe.com/api/global/delayed_quotes/options/SPY.json,0.011,0.0,-502732.9363056,-502732.9363056,0.0,-0.0005027329363056,-0.0005027329363056
SPY,SPY260518C00718000,2026-05-18,8,call,718.0,6.0,7.0,0.1482,0.0116,21.02,21.43,,0.8703,-0.1884,0.2665,https://cdn.cboe.com/api/global/delayed_quotes/options/SPY.json,0.0116,37868.19520223999,0.0,37868.19520223999,3.7868195202239996e-05,0.0,3.7868195202239996e-05
SPY,SPY260518P00718000,2026-05-18,8,put,718.0,142.0,147.0,0.1486,0.0117,1.17,1.19,,-0.1301,-0.1893,0.2672,https://cdn.cboe.com/api/global/delayed_quotes/options/SPY.json,0.0117,0.0,-903939.9354741599,-903939.9354741599,0.0,-0.0009039399354741599,-0.0009039399354741599
SPY,SPY260518C00719000,2026-05-18,8,call,719.0,73.0,0.0,0.1463,0.0123,20.11,20.52,,0.8609,-0.1959,0.2792,https://cdn.cboe.com/api/global/delayed_quotes/options/SPY.json,0.0123,488532.36310476006,0.0,488532.36310476006,0.0004885323631047601,0.0,0.0004885323631047601
SPY,SPY260518P00719000,2026-05-18,8,put,719.0,130.0,51.0,0.1467,0.0124,1.26,1.28,,-0.1396,-0.1969,0.2798,https://cdn.cboe.com/api/global/delayed_quotes/options/SPY.json,0.0124,0.0,-877062.2222127999,-877062.2222127999,0.0,-0.0008770622222128,-0.0008770622222128
SPY,SPY260518C00720000,2026-05-18,8,call,720.0,276.0,35.0,0.1445,0.0131,19.22,19.62,,0.8507,-0.2036,0.2921,https://cdn.cboe.com/api/global/delayed_quotes/options/SPY.json,0.0131,1967187.45076464,0.0,1967187.45076464,0.00196718745076464,0.0,0.00196718745076464
SPY,SPY260518P00720000,2026-05-18,8,put,720.0,6538.0,944.0,0.1449,0.0132,1.36,1.38,,-0.1499,-0.2047,0.2925,https://cdn.cboe.com/api/global/delayed_quotes/options/SPY.json,0.0132,0.0,-46955256.25094304,-46955256.25094304,0.0,-0.046955256250943045,-0.046955256250943045
SPY,SPY260518C00721000,2026-05-18,8,call,721.0,43.0,57.0,0.1433,0.0139,18.32,18.73,,0.8397,-0.2114,0.3054,https://cdn.cboe.com/api/global/delayed_quotes/options/SPY.json,0.0139,325198.56713188003,0.0,325198.56713188003,0.00032519856713188005,0.0,0.00032519856713188005
SPY,SPY260518P00721000,2026-05-18,8,put,721.0,250.0,107.0,0.1432,0.014,1.47,1.49,,-0.1609,-0.2127,0.3063,https://cdn.cboe.com/api/global/delayed_quotes/options/SPY.json,0.014,0.0,-1904291.4254,-1904291.4254,0.0,-0.0019042914254,-0.0019042914254
SPY,SPY260518C00722000,2026-05-18,8,call,722.0,63.0,2.0,0.1414,0.0147,17.45,17.85,,0.8279,-0.2194,0.3191,https://cdn.cboe.com/api/global/delayed_quotes/options/SPY.json,0.0147,503875.5111608399,0.0,503875.5111608399,0.0005038755111608399,0.0,0.0005038755111608399
SPY,SPY260518P00722000,2026-05-18,8,put,722.0,218.0,277.0,0.1415,0.0148,1.59,1.61,,-0.1728,-0.2207,0.32,https://cdn.cboe.com/api/global/delayed_quotes/options/SPY.json,0.0148,0.0,-1755430.2442601598,-1755430.2442601598,0.0,-0.0017554302442601597,-0.0017554302442601597
SPY,SPY260518C00723000,2026-05-18,8,call,723.0,54.0,24.0,0.1398,0.0156,16.58,16.99,,0.8153,-0.2273,0.3331,https://cdn.cboe.com/api/global/delayed_quotes/options/SPY.json,0.0156,458335.74193056,0.0,458335.74193056,0.00045833574193056,0.0,0.00045833574193056
SPY,SPY260518P00723000,2026-05-18,8,put,723.0,588.0,576.0,0.1398,0.0157,1.72,1.74,,-0.1856,-0.2288,0.3338,https://cdn.cboe.com/api/global/delayed_quotes/options/SPY.json,0.0157,0.0,-5022759.063635039,-5022759.063635039,0.0,-0.005022759063635039,-0.005022759063635039
SPY,SPY260518C00724000,2026-05-18,8,call,724.0,59.0,7.0,0.1383,0.0164,15.72,16.13,,0.8017,-0.2353,0.3471,https://cdn.cboe.com/api/global/delayed_quotes/options/SPY.json,0.0164,526454.9666334401,0.0,526454.9666334401,0.0005264549666334402,0.0,0.0005264549666334402
SPY,SPY260518P00724000,2026-05-18,8,put,724.0,217.0,582.0,0.1382,0.0166,1.86,1.88,,-0.1993,-0.237,0.3476,https://cdn.cboe.com/api/global/delayed_quotes/options/SPY.json,0.0166,0.0,-1959896.7350216797,-1959896.7350216797,0.0,-0.00195989673502168,-0.00195989673502168
SPY,SPY260518C00725000,2026-05-18,8,call,725.0,806.0,195.0,0.1365,0.0173,14.88,15.29,,0.7872,-0.2432,0.3611,https://cdn.cboe.com/api/global/delayed_quotes/options/SPY.json,0.0173,7586588.222140719,0.0,7586588.222140719,0.007586588222140719,0.0,0.007586588222140719
SPY,SPY260518P00725000,2026-05-18,8,put,725.0,776.0,1329.0,0.1366,0.0175,2.02,2.04,,-0.2139,-0.245,0.3623,https://cdn.cboe.com/api/global/delayed_quotes/options/SPY.json,0.0175,0.0,-7388650.730552001,-7388650.730552001,0.0,-0.007388650730552001,-0.007388650730552001
SPY,SPY260518C00726000,2026-05-18,8,call,726.0,128.0,473.0,0.1351,0.0183,14.06,14.46,,0.7717,-0.2509,0.3753,https://cdn.cboe.com/api/global/delayed_quotes/options/SPY.json,0.0183,1274460.63853056,0.0,1274460.63853056,0.00127446063853056,0.0,0.00127446063853056
SPY,SPY260518P00726000,2026-05-18,8,put,726.0,268.0,122.0,0.135,0.0184,2.18,2.21,,-0.2296,-0.253,0.3763,https://cdn.cboe.com/api/global/delayed_quotes/options/SPY.json,0.0184,0.0,-2682983.3934092796,-2682983.3934092796,0.0,-0.0026829833934092794,-0.0026829833934092794
SPY,SPY260518C00727000,2026-05-18,8,call,727.0,158.0,577.0,0.1336,0.0192,13.24,13.64,,0.7551,-0.2584,0.3893,https://cdn.cboe.com/api/global/delayed_quotes/options/SPY.json,0.0192,1650530.99088384,0.0,1650530.99088384,0.00165053099088384,0.0,0.00165053099088384
SPY,SPY260518P00727000,2026-05-18,8,put,727.0,242.0,432.0,0.1335,0.0194,2.37,2.39,,-0.2464,-0.2607,0.3899,https://cdn.cboe.com/api/global/delayed_quotes/options/SPY.json,0.0194,0.0,-2554362.10970512,-2554362.10970512,0.0,-0.0025543621097051197,-0.0025543621097051197
SPY,SPY260518C00728000,2026-05-18,8,call,728.0,40.0,28.0,0.1321,0.0201,12.45,12.85,,0.7375,-0.2655,0.4028,https://cdn.cboe.com/api/global/delayed_quotes/options/SPY.json,0.0201,437442.9445776,0.0,437442.9445776,0.00043744294457759997,0.0,0.00043744294457759997
SPY,SPY260518P00728000,2026-05-18,8,put,728.0,238.0,355.0,0.1319,0.0203,2.57,2.6,,-0.2641,-0.2681,0.404,https://cdn.cboe.com/api/global/delayed_quotes/options/SPY.json,0.0203,0.0,-2628683.8836221597,-2628683.8836221597,0.0,-0.0026286838836221595,-0.0026286838836221595
SPY,SPY260518C00729000,2026-05-18,8,call,729.0,107.0,12.0,0.1308,0.0211,11.67,12.07,,0.7189,-0.2723,0.416,https://cdn.cboe.com/api/global/delayed_quotes/options/SPY.json,0.0211,1228376.7860358802,0.0,1228376.7860358802,0.0012283767860358803,0.0,0.0012283767860358803
SPY,SPY260518P00729000,2026-05-18,8,put,729.0,187.0,323.0,0.1304,0.0213,2.79,2.82,,-0.283,-0.2751,0.4171,https://cdn.cboe.com/api/global/delayed_quotes/options/SPY.json,0.0213,0.0,-2167138.05043164,-2167138.05043164,0.0,-0.00216713805043164,-0.00216713805043164
SPY,SPY260518C00730000,2026-05-18,8,call,730.0,976.0,85.0,0.1292,0.022,10.92,11.29,,0.6992,-0.2785,0.4288,https://cdn.cboe.com/api/global/delayed_quotes/options/SPY.json,0.022,11682555.8531968,0.0,11682555.8531968,0.0116825558531968,0.0,0.0116825558531968
SPY,SPY260518P00730000,2026-05-18,8,put,730.0,1056.0,3116.0,0.129,0.0222,3.03,3.05,,-0.303,-0.2816,0.4294,https://cdn.cboe.com/api/global/delayed_quotes/options/SPY.json,0.0222,0.0,-12755052.783982081,-12755052.783982081,0.0,-0.012755052783982082,-0.012755052783982082
SPY,SPY260518C00731000,2026-05-18,8,call,731.0,177.0,47.0,0.1286,0.0229,10.24,10.56,,0.6784,-0.284,0.4405,https://cdn.cboe.com/api/global/delayed_quotes/options/SPY.json,0.0229,2205332.6955925203,0.0,2205332.6955925203,0.00220533269559252,0.0,0.00220533269559252
SPY,SPY260518P00731000,2026-05-18,8,put,731.0,494.0,644.0,0.1277,0.0232,3.29,3.32,,-0.324,-0.2875,0.4415,https://cdn.cboe.com/api/global/delayed_quotes/options/SPY.json,0.0232,0.0,-6235629.476635519,-6235629.476635519,0.0,-0.00623562947663552,-0.00623562947663552
SPY,SPY260518C00732000,2026-05-18,8,call,732.0,322.0,878.0,0.1262,0.0237,9.46,9.81,,0.6566,-0.2888,0.4514,https://cdn.cboe.com/api/global/delayed_quotes/options/SPY.json,0.0237,4152117.0239421595,0.0,4152117.0239421595,0.004152117023942159,0.0,0.004152117023942159
SPY,SPY260518P00732000,2026-05-18,8,put,732.0,320.0,593.0,0.1263,0.0241,3.57,3.6,,-0.3462,-0.2927,0.4523,https://cdn.cboe.com/api/global/delayed_quotes/options/SPY.json,0.0241,0.0,-4195970.135052799,-4195970.135052799,0.0,-0.004195970135052799,-0.004195970135052799
SPY,SPY260518C00733000,2026-05-18,8,call,733.0,396.0,86.0,0.1255,0.0246,8.8,9.13,,0.6337,-0.2928,0.4614,https://cdn.cboe.com/api/global/delayed_quotes/options/SPY.json,0.0246,5300241.52847904,0.0,5300241.52847904,0.00530024152847904,0.0,0.00530024152847904
SPY,SPY260518P00733000,2026-05-18,8,put,733.0,306.0,1509.0,0.1248,0.0249,3.87,3.9,,-0.3695,-0.2971,0.4618,https://cdn.cboe.com/api/global/delayed_quotes/options/SPY.json,0.0249,0.0,-4145588.0247693597,-4145588.0247693597,0.0,-0.00414558802476936,-0.00414558802476936
SPY,SPY260518C00734000,2026-05-18,8,call,734.0,598.0,241.0,0.1232,0.0253,8.08,8.41,,0.6099,-0.2957,0.4698,https://cdn.cboe.com/api/global/delayed_quotes/options/SPY.json,0.0253,8231653.340413361,0.0,8231653.340413361,0.008231653340413361,0.0,0.008231653340413361
SPY,SPY260518P00734000,2026-05-18,8,put,734.0,303.0,983.0,0.1236,0.0257,4.2,4.23,,-0.3937,-0.3005,0.4704,https://cdn.cboe.com/api/global/delayed_quotes/options/SPY.json,0.0257,0.0,-4236830.78820924,-4236830.78820924,0.0,-0.00423683078820924,-0.00423683078820924
SPY,SPY260518C00735000,2026-05-18,8,call,735.0,2067.0,229.0,0.122,0.026,7.42,7.77,,0.5851,-0.2976,0.4768,https://cdn.cboe.com/api/global/delayed_quotes/options/SPY.json,0.026,29240122.7953848,0.0,29240122.7953848,0.029240122795384797,0.0,0.029240122795384797
SPY,SPY260518P00735000,2026-05-18,8,put,735.0,251.0,1932.0,0.1224,0.0265,4.55,4.59,,-0.419,-0.3028,0.4769,https://cdn.cboe.com/api/global/delayed_quotes/options/SPY.json,0.0265,0.0,-3618969.8331566,-3618969.8331566,0.0,-0.0036189698331566002,-0.0036189698331566002
SPY,SPY260518C00736000,2026-05-18,8,call,736.0,329.0,1000.0,0.122,0.0266,6.9,7.2,,0.5595,-0.2983,0.4823,https://cdn.cboe.com/api/global/delayed_quotes/options/SPY.json,0.0266,4761490.2800701605,0.0,4761490.2800701605,0.004761490280070161,0.0,0.004761490280070161
SPY,SPY260518P00736000,2026-05-18,8,put,736.0,83.0,1695.0,0.1211,0.0271,4.93,4.97,,-0.4452,-0.304,0.482,https://cdn.cboe.com/api/global/delayed_quotes/options/SPY.json,0.0271,0.0,-1223806.48661492,-1223806.48661492,0.0,-0.00122380648661492,-0.00122380648661492
SPY,SPY260518C00737000,2026-05-18,8,call,737.0,227.0,1309.0,0.1196,0.027,6.36,6.39,,0.5331,-0.2977,0.4858,https://cdn.cboe.com/api/global/delayed_quotes/options/SPY.json,0.027,3334686.3275075997,0.0,3334686.3275075997,0.0033346863275076,0.0,0.0033346863275076
SPY,SPY260518P00737000,2026-05-18,8,put,737.0,47.0,1645.0,0.12,0.0276,5.34,5.38,,-0.4722,-0.304,0.485,https://cdn.cboe.com/api/global/delayed_quotes/options/SPY.json,0.0276,0.0,-705784.8105796799,-705784.8105796799,0.0,-0.0007057848105796799,-0.0007057848105796799
SPY,SPY260518C00738000,2026-05-18,8,call,738.0,257.0,981.0,0.1185,0.0274,5.79,5.83,,0.5061,-0.2957,0.4873,https://cdn.cboe.com/api/global/delayed_quotes/options/SPY.json,0.0274,3831325.5312519204,0.0,3831325.5312519204,0.0038313255312519205,0.0,0.0038313255312519205
SPY,SPY260518P00738000,2026-05-18,8,put,738.0,34.0,578.0,0.1187,0.0281,5.78,5.81,,-0.5,-0.3026,0.4859,https://cdn.cboe.com/api/global/delayed_quotes/options/SPY.json,0.0281,0.0,-519817.15080776,-519817.15080776,0.0,-0.00051981715080776,-0.00051981715080776
SPY,SPY260518C00739000,2026-05-18,8,call,739.0,293.0,608.0,0.1174,0.0276,5.25,5.29,,0.4785,-0.2924,0.4867,https://cdn.cboe.com/api/global/delayed_quotes/options/SPY.json,0.0276,4399892.54254992,0.0,4399892.54254992,0.004399892542549921,0.0,0.004399892542549921
SPY,SPY260518P00739000,2026-05-18,8,put,739.0,33.0,181.0,0.1176,0.0284,6.24,6.28,,-0.5283,-0.2999,0.4851,https://cdn.cboe.com/api/global/delayed_quotes/options/SPY.json,0.0284,0.0,-509914.83539568,-509914.83539568,0.0,-0.00050991483539568,-0.00050991483539568
SPY,SPY260518C00740000,2026-05-18,8,call,740.0,898.0,1863.0,0.1163,0.0277,4.74,4.78,,0.4505,-0.2875,0.4839,https://cdn.cboe.com/api/global/delayed_quotes/options/SPY.json,0.0277,13533853.568644239,0.0,13533853.568644239,0.013533853568644238,0.0,0.013533853568644238
SPY,SPY260518P00740000,2026-05-18,8,put,740.0,59.0,63.0,0.1163,0.0286,6.58,6.92,,-0.5572,-0.2958,0.4802,https://cdn.cboe.com/api/global/delayed_quotes/options/SPY.json,0.0286,0.0,-918086.1003485601,-918086.1003485601,0.0,-0.0009180861003485601,-0.0009180861003485601
SPY,SPY260518C00741000,2026-05-18,8,call,741.0,513.0,930.0,0.1152,0.0277,4.26,4.3,,0.4223,-0.2813,0.4788,https://cdn.cboe.com/api/global/delayed_quotes/options/SPY.json,0.0277,7731477.5954504395,0.0,7731477.5954504395,0.0077314775954504394,0.0,0.0077314775954504394
SPY,SPY260518P00741000,2026-05-18,8,put,741.0,70.0,22.0,0.1153,0.0286,7.12,7.44,,-0.5865,-0.2902,0.4749,https://cdn.cboe.com/api/global/delayed_quotes/options/SPY.json,0.0286,0.0,-1089254.6953288,-1089254.6953288,0.0,-0.0010892546953288,-0.0010892546953288
SPY,SPY260518C00742000,2026-05-18,8,call,742.0,223.0,660.0,0.1141,0.0275,3.81,3.84,,0.394,-0.2736,0.4713,https://cdn.cboe.com/api/global/delayed_quotes/options/SPY.json,0.0275,3336590.618933,0.0,3336590.618933,0.0033365906189330003,0.0,0.0033365906189330003
SPY,SPY260518C00743000,2026-05-18,8,call,743.0,255.0,531.0,0.1131,0.0271,3.39,3.42,,0.3657,-0.2646,0.4615,https://cdn.cboe.com/api/global/delayed_quotes/options/SPY.json,0.0271,3759887.3986362,0.0,3759887.3986362,0.0037598873986362,0.0,0.0037598873986362
SPY,SPY260518P00743000,2026-05-18,8,put,743.0,49.0,72.0,0.1126,0.0282,8.22,8.58,,-0.6453,-0.2749,0.4541,https://cdn.cboe.com/api/global/delayed_quotes/options/SPY.json,0.0282,0.0,-751814.2547479199,-751814.2547479199,0.0,-0.0007518142547479199,-0.0007518142547479199
SPY,SPY260518C00744000,2026-05-18,8,call,744.0,111.0,309.0,0.1121,0.0266,3.0,3.03,,0.3377,-0.2542,0.4493,https://cdn.cboe.com/api/global/delayed_quotes/options/SPY.json,0.0266,1606460.24646744,0.0,1606460.24646744,0.0016064602464674399,0.0,0.0016064602464674399
SPY,SPY260518C00745000,2026-05-18,8,call,745.0,627.0,1057.0,0.111,0.0259,2.64,2.67,,0.3102,-0.2427,0.4351,https://cdn.cboe.com/api/global/delayed_quotes/options/SPY.json,0.0259,8835531.355570922,0.0,8835531.355570922,0.008835531355570922,0.0,0.008835531355570922
SPY,SPY260518P00745000,2026-05-18,8,put,745.0,67.0,162.0,0.1114,0.0271,9.42,9.9,,-0.7035,-0.2543,0.4225,https://cdn.cboe.com/api/global/delayed_quotes/options/SPY.json,0.0271,0.0,-987891.9831710799,-987891.9831710799,0.0,-0.00098789198317108,-0.00098789198317108
SPY,SPY260518C00746000,2026-05-18,8,call,746.0,159.0,698.0,0.11,0.0251,2.31,2.34,,0.2832,-0.2301,0.4186,https://cdn.cboe.com/api/global/delayed_quotes/options/SPY.json,0.0251,2171381.89989396,0.0,2171381.89989396,0.00217138189989396,0.0,0.00217138189989396
SPY,SPY260518C00747000,2026-05-18,8,call,747.0,52.0,1401.0,0.109,0.0241,2.01,2.04,,0.2571,-0.2166,0.4004,https://cdn.cboe.com/api/global/delayed_quotes/options/SPY.json,0.0241,681845.14694608,0.0,681845.14694608,0.00068184514694608,0.0,0.00068184514694608
SPY,SPY260518C00748000,2026-05-18,8,call,748.0,29.0,74.0,0.1081,0.023,1.74,1.76,,0.2319,-0.2024,0.3804,https://cdn.cboe.com/api/global/delayed_quotes/options/SPY.json,0.023,362903.53735480004,0.0,362903.53735480004,0.0003629035373548,0.0,0.0003629035373548
SPY,SPY260518C00749000,2026-05-18,8,call,749.0,74.0,176.0,0.1071,0.0218,1.49,1.51,,0.2079,-0.1878,0.3589,https://cdn.cboe.com/api/global/delayed_quotes/options/SPY.json,0.0218,877715.1221300799,0.0,877715.1221300799,0.0008777151221300799,0.0,0.0008777151221300799
SPY,SPY260518C00750000,2026-05-18,8,call,750.0,523.0,1409.0,0.1062,0.0205,1.27,1.29,,0.1851,-0.1728,0.3365,https://cdn.cboe.com/api/global/delayed_quotes/options/SPY.json,0.0205,5833388.7192646,0.0,5833388.7192646,0.0058333887192646,0.0,0.0058333887192646
SPY,SPY260518P00750000,2026-05-18,8,put,750.0,20.0,183.0,0.104,0.0217,13.1,13.61,,-0.8363,-0.1848,0.3092,https://cdn.cboe.com/api/global/delayed_quotes/options/SPY.json,0.0217,0.0,-236132.1367496,-236132.1367496,0.0,-0.00023613213674960001,-0.00023613213674960001
SPY,SPY260518C00755000,2026-05-18,8,call,755.0,804.0,433.0,0.1024,0.0133,0.52,0.54,,0.0941,-0.1021,0.2198,https://cdn.cboe.com/api/global/delayed_quotes/options/SPY.json,0.0133,5817991.16288208,0.0,5817991.16288208,0.00581799116288208,0.0,0.00581799116288208
SPY,SPY260518C00760000,2026-05-18,8,call,760.0,808.0,2477.0,0.1023,0.0074,0.21,0.22,,0.044,-0.0546,0.1279,https://cdn.cboe.com/api/global/delayed_quotes/options/SPY.json,0.0074,3253182.6545004803,0.0,3253182.6545004803,0.00325318265450048,0.0,0.00325318265450048
SPY,SPY260518C00765000,2026-05-18,8,call,765.0,609.0,8981.0,0.107,0.0041,0.1,0.11,,0.0228,-0.0321,0.0772,https://cdn.cboe.com/api/global/delayed_quotes/options/SPY.json,0.0041,1358521.50288036,0.0,1358521.50288036,0.00135852150288036,0.0,0.00135852150288036
SPY,SPY260518C00770000,2026-05-18,8,call,770.0,349.0,299.0,0.1152,0.0024,0.06,0.07,,0.0133,-0.021,0.05,https://cdn.cboe.com/api/global/delayed_quotes/options/SPY.json,0.0024,455724.14226143993,0.0,455724.14226143993,0.00045572414226143995,0.0,0.00045572414226143995
SPY,SPY260518C00775000,2026-05-18,8,call,775.0,229.0,236.0,0.1241,0.0015,0.04,0.05,,0.0084,-0.0147,0.0341,https://cdn.cboe.com/api/global/delayed_quotes/options/SPY.json,0.0015,186892.6013214,0.0,186892.6013214,0.0001868926013214,0.0,0.0001868926013214
SPY,SPY260518C00780000,2026-05-18,8,call,780.0,188.0,6.0,0.1344,0.0011,0.03,0.04,,0.0061,-0.0117,0.0256,https://cdn.cboe.com/api/global/delayed_quotes/options/SPY.json,0.0011,112516.41907792,0.0,112516.41907792,0.00011251641907792,0.0,0.00011251641907792
SPY,SPY260518C00785000,2026-05-18,8,call,785.0,138.0,0.0,0.1427,0.0008,0.02,0.03,,0.0049,-0.0103,0.0209,https://cdn.cboe.com/api/global/delayed_quotes/options/SPY.json,0.0008,60066.79238976,0.0,60066.79238976,6.006679238976e-05,0.0,6.006679238976e-05
SPY,SPY260518C00790000,2026-05-18,8,call,790.0,54.0,8.0,0.1558,0.0006,0.02,0.03,,0.0042,-0.0096,0.018,https://cdn.cboe.com/api/global/delayed_quotes/options/SPY.json,0.0006,17628.29776656,0.0,17628.29776656,1.762829776656e-05,0.0,1.762829776656e-05
SPY,SPY260518C00795000,2026-05-18,8,call,795.0,24.0,52.0,0.1604,0.0005,0.01,0.02,,0.0037,-0.0092,0.016,https://cdn.cboe.com/api/global/delayed_quotes/options/SPY.json,0.0005,6528.9991727999995,0.0,6528.9991727999995,6.528999172799999e-06,0.0,6.528999172799999e-06
SPY,SPY260518C00800000,2026-05-18,8,call,800.0,143.0,150.0,0.1725,0.0005,0.01,0.02,,0.0033,-0.0088,0.0144,https://cdn.cboe.com/api/global/delayed_quotes/options/SPY.json,0.0005,38901.953404600004,0.0,38901.953404600004,3.8901953404600005e-05,0.0,3.8901953404600005e-05
SPY,SPY260518C00810000,2026-05-18,8,call,810.0,17.0,245.0,0.1964,0.0003,0.01,0.02,,0.0028,-0.0083,0.012,https://cdn.cboe.com/api/global/delayed_quotes/options/SPY.json,0.0003,2774.8246484399997,0.0,2774.8246484399997,2.77482464844e-06,0.0,2.77482464844e-06
SPY,SPY260518C00815000,2026-05-18,8,call,815.0,757.0,2712.0,0.2082,0.0003,0.01,0.02,,0.0025,-0.0081,0.011,https://cdn.cboe.com/api/global/delayed_quotes/options/SPY.json,0.0003,123561.30934523998,0.0,123561.30934523998,0.00012356130934523997,0.0,0.00012356130934523997
SPY,SPY260518C00820000,2026-05-18,8,call,820.0,236.0,1015.0,0.2198,0.0003,0.01,0.02,,0.0023,-0.0079,0.0101,https://cdn.cboe.com/api/global/delayed_quotes/options/SPY.json,0.0003,38521.095119519996,0.0,38521.095119519996,3.8521095119519994e-05,0.0,3.8521095119519994e-05
SPY,SPY260518C00825000,2026-05-18,8,call,825.0,48.0,567.0,0.2314,0.0002,0.01,0.02,,0.0021,-0.0075,0.0092,https://cdn.cboe.com/api/global/delayed_quotes/options/SPY.json,0.0002,5223.1993382400005,0.0,5223.1993382400005,5.22319933824e-06,0.0,5.22319933824e-06
SPY,SPY260518C00830000,2026-05-18,8,call,830.0,327.0,462.0,0.2428,0.0002,0.0,0.02,,0.002,-0.0073,0.0086,https://cdn.cboe.com/api/global/delayed_quotes/options/SPY.json,0.0002,35583.04549176,0.0,35583.04549176,3.558304549176e-05,0.0,3.558304549176e-05
SPY,SPY260518C00835000,2026-05-18,8,call,835.0,22.0,0.0,0.2321,0.0002,0.0,0.01,,0.0018,-0.0072,0.008,https://cdn.cboe.com/api/global/delayed_quotes/options/SPY.json,0.0002,2393.96636336,0.0,2393.96636336,2.39396636336e-06,0.0,2.39396636336e-06
SPY,SPY260518C00860000,2026-05-18,8,call,860.0,47.0,0.0,0.2829,0.0001,0.0,0.01,,0.0013,-0.006,0.0056,https://cdn.cboe.com/api/global/delayed_quotes/options/SPY.json,0.0001,2557.19134268,0.0,2557.19134268,2.55719134268e-06,0.0,2.55719134268e-06
SPY,SPY260519P00500000,2026-05-19,9,put,500.0,11.0,0.0,0.6564,0.0,0.0,0.01,,-0.0005,-0.005,0.0022,https://cdn.cboe.com/api/global/delayed_quotes/options/SPY.json,0.0,0.0,-0.0,0.0,0.0,-0.0,0.0
SPY,SPY260519P00530000,2026-05-19,9,put,530.0,3.0,0.0,0.6108,0.0,0.01,0.02,,-0.0006,-0.006,0.003,https://cdn.cboe.com/api/global/delayed_quotes/options/SPY.json,0.0,0.0,-0.0,0.0,0.0,-0.0,0.0
SPY,SPY260519P00535000,2026-05-19,9,put,535.0,2.0,0.0,0.5946,0.0,0.01,0.02,,-0.0007,-0.0063,0.0032,https://cdn.cboe.com/api/global/delayed_quotes/options/SPY.json,0.0,0.0,-0.0,0.0,0.0,-0.0,0.0
SPY,SPY260519P00540000,2026-05-19,9,put,540.0,120.0,0.0,0.5786,0.0,0.01,0.02,,-0.0008,-0.0066,0.0034,https://cdn.cboe.com/api/global/delayed_quotes/options/SPY.json,0.0,0.0,-0.0,0.0,0.0,-0.0,0.0
SPY,SPY260519P00550000,2026-05-19,9,put,550.0,101.0,0.0,0.5466,0.0,0.01,0.02,,-0.0009,-0.0072,0.0039,https://cdn.cboe.com/api/global/delayed_quotes/options/SPY.json,0.0,0.0,-0.0,0.0,0.0,-0.0,0.0
SPY,SPY260519P00555000,2026-05-19,9,put,555.0,120.0,0.0,0.5312,0.0,0.01,0.02,,-0.0009,-0.0076,0.0042,https://cdn.cboe.com/api/global/delayed_quotes/options/SPY.json,0.0,0.0,-0.0,0.0,0.0,-0.0,0.0
SPY,SPY260519P00560000,2026-05-19,9,put,560.0,121.0,0.0,0.5156,0.0,0.01,0.02,,-0.001,-0.008,0.0045,https://cdn.cboe.com/api/global/delayed_quotes/options/SPY.json,0.0,0.0,-0.0,0.0,0.0,-0.0,0.0
SPY,SPY260519P00565000,2026-05-19,9,put,565.0,241.0,1.0,0.5,0.0001,0.01,0.02,,-0.0011,-0.0084,0.0049,https://cdn.cboe.com/api/global/delayed_quotes/options/SPY.json,0.0001,0.0,-13112.40667204,-13112.40667204,0.0,-1.311240667204e-05,-1.311240667204e-05
SPY,SPY260519P00575000,2026-05-19,9,put,575.0,240.0,96.0,0.4902,0.0001,0.02,0.03,,-0.0013,-0.0095,0.0057,https://cdn.cboe.com/api/global/delayed_quotes/options/SPY.json,0.0001,0.0,-13057.998345599999,-13057.998345599999,0.0,-1.3057998345599999e-05,-1.3057998345599999e-05
SPY,SPY260519P00580000,2026-05-19,9,put,580.0,123.0,0.0,0.4745,0.0001,0.02,0.03,,-0.0014,-0.0101,0.0062,https://cdn.cboe.com/api/global/delayed_quotes/options/SPY.json,0.0001,0.0,-6692.22415212,-6692.22415212,0.0,-6.6922241521200004e-06,-6.6922241521200004e-06
SPY,SPY260519P00600000,2026-05-19,9,put,600.0,72.0,120.0,0.4258,0.0001,0.03,0.04,,-0.0021,-0.0132,0.009,https://cdn.cboe.com/api/global/delayed_quotes/options/SPY.json,0.0001,0.0,-3917.39950368,-3917.39950368,0.0,-3.91739950368e-06,-3.91739950368e-06
SPY,SPY260519P00605000,2026-05-19,9,put,605.0,60.0,85.0,0.4101,0.0001,0.03,0.04,,-0.0024,-0.0142,0.0099,https://cdn.cboe.com/api/global/delayed_quotes/options/SPY.json,0.0001,0.0,-3264.4995863999998,-3264.4995863999998,0.0,-3.2644995863999997e-06,-3.2644995863999997e-06
SPY,SPY260519P00610000,2026-05-19,9,put,610.0,2.0,0.0,0.3946,0.0002,0.03,0.04,,-0.0026,-0.0153,0.0109,https://cdn.cboe.com/api/global/delayed_quotes/options/SPY.json,0.0002,0.0,-217.63330576,-217.63330576,0.0,-2.1763330576000002e-07,-2.1763330576000002e-07
SPY,SPY260519P00620000,2026-05-19,9,put,620.0,10.0,0.0,0.3729,0.0002,0.04,0.05,,-0.0033,-0.0177,0.0134,https://cdn.cboe.com/api/global/delayed_quotes/options/SPY.json,0.0002,0.0,-1088.1665288000002,-1088.1665288000002,0.0,-1.0881665288000001e-06,-1.0881665288000001e-06
SPY,SPY260519P00625000,2026-05-19,9,put,625.0,3.0,1.0,0.3573,0.0002,0.04,0.05,,-0.0037,-0.0192,0.0149,https://cdn.cboe.com/api/global/delayed_quotes/options/SPY.json,0.0002,0.0,-326.44995864000003,-326.44995864000003,0.0,-3.2644995864e-07,-3.2644995864e-07
SPY,SPY260519P00630000,2026-05-19,9,put,630.0,152.0,0.0,0.3489,0.0003,0.05,0.06,,-0.0042,-0.0208,0.0166,https://cdn.cboe.com/api/global/delayed_quotes/options/SPY.json,0.0003,0.0,-24810.196856639996,-24810.196856639996,0.0,-2.4810196856639996e-05,-2.4810196856639996e-05
SPY,SPY260519P00635000,2026-05-19,9,put,635.0,6.0,0.0,0.339,0.0003,0.06,0.07,,-0.0047,-0.0224,0.0185,https://cdn.cboe.com/api/global/delayed_quotes/options/SPY.json,0.0003,0.0,-979.3498759199999,-979.3498759199999,0.0,-9.7934987592e-07,-9.7934987592e-07
SPY,SPY260519P00640000,2026-05-19,9,put,640.0,2.0,0.0,0.3231,0.0004,0.06,0.07,,-0.0053,-0.0243,0.0208,https://cdn.cboe.com/api/global/delayed_quotes/options/SPY.json,0.0004,0.0,-435.26661152,-435.26661152,0.0,-4.3526661152000003e-07,-4.3526661152000003e-07
SPY,SPY260519C00645000,2026-05-19,9,call,645.0,5.0,0.0,0.2991,0.0004,91.72,94.51,,0.9939,-0.0266,0.0235,https://cdn.cboe.com/api/global/delayed_quotes/options/SPY.json,0.0004,1088.1665288000002,0.0,1088.1665288000002,1.0881665288000001e-06,0.0,1.0881665288000001e-06
SPY,SPY260519P00645000,2026-05-19,9,put,645.0,12.0,18.0,0.3122,0.0004,0.07,0.08,,-0.0061,-0.0265,0.0234,https://cdn.cboe.com/api/global/delayed_quotes/options/SPY.json,0.0004,0.0,-2611.5996691200003,-2611.5996691200003,0.0,-2.61159966912e-06,-2.61159966912e-06
SPY,SPY260519P00650000,2026-05-19,9,put,650.0,392.0,301.0,0.3006,0.0005,0.08,0.09,,-0.007,-0.029,0.0265,https://cdn.cboe.com/api/global/delayed_quotes/options/SPY.json,0.0005,0.0,-106640.31982240001,-106640.31982240001,0.0,-0.0001066403198224,-0.0001066403198224
SPY,SPY260519P00655000,2026-05-19,9,put,655.0,40.0,48.0,0.2883,0.0006,0.09,0.1,,-0.008,-0.0318,0.03,https://cdn.cboe.com/api/global/delayed_quotes/options/SPY.json,0.0006,0.0,-13057.998345599999,-13057.998345599999,0.0,-1.3057998345599999e-05,-1.3057998345599999e-05
SPY,SPY260519P00660000,2026-05-19,9,put,660.0,44.0,449.0,0.2754,0.0007,0.1,0.11,,-0.0093,-0.035,0.0343,https://cdn.cboe.com/api/global/delayed_quotes/options/SPY.json,0.0007,0.0,-16757.76454352,-16757.76454352,0.0,-1.675776454352e-05,-1.675776454352e-05
SPY,SPY260519P00665000,2026-05-19,9,put,665.0,62.0,2.0,0.2649,0.0008,0.12,0.13,,-0.0109,-0.0388,0.0395,https://cdn.cboe.com/api/global/delayed_quotes/options/SPY.json,0.0008,0.0,-26986.529914240004,-26986.529914240004,0.0,-2.6986529914240003e-05,-2.6986529914240003e-05
SPY,SPY260519C00670000,2026-05-19,9,call,670.0,2.0,0.0,0.2443,0.001,66.79,69.6,,0.987,-0.0434,0.0458,https://cdn.cboe.com/api/global/delayed_quotes/options/SPY.json,0.001,1088.1665288000002,0.0,1088.1665288000002,1.0881665288000001e-06,0.0,1.0881665288000001e-06
SPY,SPY260519P00670000,2026-05-19,9,put,670.0,80.0,30.0,0.2531,0.001,0.14,0.15,,-0.013,-0.0435,0.0459,https://cdn.cboe.com/api/global/delayed_quotes/options/SPY.json,0.001,0.0,-43526.661152,-43526.661152,0.0,-4.3526661152e-05,-4.3526661152e-05
SPY,SPY260519C00675000,2026-05-19,9,call,675.0,1.0,0.0,0.2361,0.0013,61.82,64.63,,0.9844,-0.0488,0.0536,https://cdn.cboe.com/api/global/delayed_quotes/options/SPY.json,0.0013,707.3082437200001,0.0,707.3082437200001,7.073082437200001e-07,0.0,7.073082437200001e-07
SPY,SPY260519P00675000,2026-05-19,9,put,675.0,11.0,46.0,0.2404,0.0013,0.16,0.17,,-0.0156,-0.0488,0.0536,https://cdn.cboe.com/api/global/delayed_quotes/options/SPY.json,0.0013,0.0,-7780.39068092,-7780.39068092,0.0,-7.78039068092e-06,-7.78039068092e-06
SPY,SPY260519C00680000,2026-05-19,9,call,680.0,3.0,4.0,0.2242,0.0016,56.86,59.67,,0.9811,-0.0553,0.0631,https://cdn.cboe.com/api/global/delayed_quotes/options/SPY.json,0.0016,2611.5996691200003,0.0,2611.5996691200003,2.61159966912e-06,0.0,2.61159966912e-06
SPY,SPY260519P00680000,2026-05-19,9,put,680.0,102.0,342.0,0.2287,0.0016,0.19,0.2,,-0.0189,-0.0553,0.063,https://cdn.cboe.com/api/global/delayed_quotes/options/SPY.json,0.0016,0.0,-88794.38875008,-88794.38875008,0.0,-8.879438875008001e-05,-8.879438875008001e-05
SPY,SPY260519C00685000,2026-05-19,9,call,685.0,1.0,1.0,0.2127,0.002,51.9,54.71,,0.9767,-0.0632,0.0752,https://cdn.cboe.com/api/global/delayed_quotes/options/SPY.json,0.002,1088.1665288000002,0.0,1088.1665288000002,1.0881665288000001e-06,0.0,1.0881665288000001e-06
SPY,SPY260519P00685000,2026-05-19,9,put,685.0,810.0,212.0,0.2172,0.002,0.23,0.24,,-0.0231,-0.0629,0.0749,https://cdn.cboe.com/api/global/delayed_quotes/options/SPY.json,0.002,0.0,-881414.888328,-881414.888328,0.0,-0.000881414888328,-0.000881414888328
SPY,SPY260519C00686000,2026-05-19,9,call,686.0,2.0,0.0,0.2106,0.0021,50.93,53.72,,0.9757,-0.065,0.078,https://cdn.cboe.com/api/global/delayed_quotes/options/SPY.json,0.0021,2285.1497104799996,0.0,2285.1497104799996,2.2851497104799997e-06,0.0,2.2851497104799997e-06
SPY,SPY260519P00686000,2026-05-19,9,put,686.0,71.0,228.0,0.215,0.002,0.24,0.25,,-0.0242,-0.0647,0.0777,https://cdn.cboe.com/api/global/delayed_quotes/options/SPY.json,0.002,0.0,-77259.8235448,-77259.8235448,0.0,-7.725982354480001e-05,-7.725982354480001e-05
SPY,SPY260519P00687000,2026-05-19,9,put,687.0,1.0,4.0,0.2128,0.0022,0.25,0.26,,-0.0252,-0.0666,0.0806,https://cdn.cboe.com/api/global/delayed_quotes/options/SPY.json,0.0022,0.0,-1196.98318168,-1196.98318168,0.0,-1.19698318168e-06,-1.19698318168e-06
SPY,SPY260519P00688000,2026-05-19,9,put,688.0,1.0,98.0,0.2105,0.0023,0.26,0.27,,-0.0264,-0.0686,0.0836,https://cdn.cboe.com/api/global/delayed_quotes/options/SPY.json,0.0023,0.0,-1251.39150812,-1251.39150812,0.0,-1.2513915081200001e-06,-1.2513915081200001e-06
SPY,SPY260519C00690000,2026-05-19,9,call,690.0,2.0,4.0,0.2032,0.0025,46.95,49.77,,0.9709,-0.0731,0.0904,https://cdn.cboe.com/api/global/delayed_quotes/options/SPY.json,0.0025,2720.416322,0.0,2720.416322,2.720416322e-06,0.0,2.720416322e-06
SPY,SPY260519P00690000,2026-05-19,9,put,690.0,573.0,50.0,0.2054,0.0025,0.28,0.3,,-0.0292,-0.0733,0.0905,https://cdn.cboe.com/api/global/delayed_quotes/options/SPY.json,0.0025,0.0,-779399.276253,-779399.276253,0.0,-0.000779399276253,-0.000779399276253
SPY,SPY260519P00692000,2026-05-19,9,put,692.0,40.0,53.0,0.2018,0.0028,0.31,0.32,,-0.0319,-0.0776,0.0974,https://cdn.cboe.com/api/global/delayed_quotes/options/SPY.json,0.0028,0.0,-60937.3256128,-60937.3256128,0.0,-6.09373256128e-05,-6.09373256128e-05
SPY,SPY260519P00693000,2026-05-19,9,put,693.0,129.0,0.0,0.1997,0.0029,0.32,0.34,,-0.0334,-0.0801,0.1014,https://cdn.cboe.com/api/global/delayed_quotes/options/SPY.json,0.0029,0.0,-203541.54921203997,-203541.54921203997,0.0,-0.00020354154921203998,-0.00020354154921203998
SPY,SPY260519P00694000,2026-05-19,9,put,694.0,5.0,0.0,0.1971,0.0031,0.34,0.35,,-0.0353,-0.083,0.1061,https://cdn.cboe.com/api/global/delayed_quotes/options/SPY.json,0.0031,0.0,-8433.2905982,-8433.2905982,0.0,-8.433290598199999e-06,-8.433290598199999e-06
SPY,SPY260519C00695000,2026-05-19,9,call,695.0,1.0,0.0,0.1925,0.0032,42.03,44.85,,0.9629,-0.0855,0.1101,https://cdn.cboe.com/api/global/delayed_quotes/options/SPY.json,0.0032,1741.06644608,0.0,1741.06644608,1.7410664460800001e-06,0.0,1.7410664460800001e-06
SPY,SPY260519P00695000,2026-05-19,9,put,695.0,111.0,274.0,0.1953,0.0032,0.35,0.37,,-0.0371,-0.0857,0.1104,https://cdn.cboe.com/api/global/delayed_quotes/options/SPY.json,0.0032,0.0,-193258.37551488003,-193258.37551488003,0.0,-0.00019325837551488,-0.00019325837551488
SPY,SPY260519C00697000,2026-05-19,9,call,697.0,3.0,0.0,0.1886,0.0036,40.08,42.88,,0.959,-0.0913,0.1193,https://cdn.cboe.com/api/global/delayed_quotes/options/SPY.json,0.0036,5876.099255520001,0.0,5876.099255520001,5.876099255520001e-06,0.0,5.876099255520001e-06
SPY,SPY260519P00697000,2026-05-19,9,put,697.0,6.0,3.0,0.1904,0.0036,0.39,0.41,,-0.0411,-0.0916,0.1196,https://cdn.cboe.com/api/global/delayed_quotes/options/SPY.json,0.0036,0.0,-11752.198511040002,-11752.198511040002,0.0,-1.1752198511040002e-05,-1.1752198511040002e-05
SPY,SPY260519P00698000,2026-05-19,9,put,698.0,65.0,97.0,0.1883,0.0038,0.41,0.43,,-0.0433,-0.0947,0.1245,https://cdn.cboe.com/api/global/delayed_quotes/options/SPY.json,0.0038,0.0,-134388.5663068,-134388.5663068,0.0,-0.0001343885663068,-0.0001343885663068
SPY,SPY260519P00699000,2026-05-19,9,put,699.0,7.0,56.0,0.1867,0.004,0.43,0.45,,-0.0455,-0.0978,0.1295,https://cdn.cboe.com/api/global/delayed_quotes/options/SPY.json,0.004,0.0,-15234.3314032,-15234.3314032,0.0,-1.52343314032e-05,-1.52343314032e-05
SPY,SPY260519C00700000,2026-05-19,9,call,700.0,2.0,3.0,0.1819,0.0042,37.14,39.95,,0.9519,-0.101,0.1353,https://cdn.cboe.com/api/global/delayed_quotes/options/SPY.json,0.0042,4570.299420959999,0.0,4570.299420959999,4.570299420959999e-06,0.0,4.570299420959999e-06
SPY,SPY260519P00700000,2026-05-19,9,put,700.0,288.0,275.0,0.1847,0.0042,0.46,0.47,,-0.048,-0.1012,0.1352,https://cdn.cboe.com/api/global/delayed_quotes/options/SPY.json,0.0042,0.0,-658123.11661824,-658123.11661824,0.0,-0.0006581231166182401,-0.0006581231166182401
SPY,SPY260519P00701000,2026-05-19,9,put,701.0,207.0,99.0,0.1824,0.0044,0.48,0.5,,-0.0509,-0.105,0.1416,https://cdn.cboe.com/api/global/delayed_quotes/options/SPY.json,0.0044,0.0,-495551.0372155201,-495551.0372155201,0.0,-0.00049555103721552,-0.00049555103721552
SPY,SPY260519P00702000,2026-05-19,9,put,702.0,1.0,140.0,0.1802,0.0047,0.51,0.52,,-0.0537,-0.1087,0.1478,https://cdn.cboe.com/api/global/delayed_quotes/options/SPY.json,0.0047,0.0,-2557.19134268,-2557.19134268,0.0,-2.55719134268e-06,-2.55719134268e-06
SPY,SPY260519P00703000,2026-05-19,9,put,703.0,21.0,0.0,0.1785,0.005,0.54,0.55,,-0.0566,-0.1124,0.1538,https://cdn.cboe.com/api/global/delayed_quotes/options/SPY.json,0.005,0.0,-57128.742762,-57128.742762,0.0,-5.7128742762e-05,-5.7128742762e-05
SPY,SPY260519P00704000,2026-05-19,9,put,704.0,20.0,48.0,0.1764,0.0052,0.57,0.58,,-0.06,-0.1165,0.1604,https://cdn.cboe.com/api/global/delayed_quotes/options/SPY.json,0.0052,0.0,-56584.659497600005,-56584.659497600005,0.0,-5.65846594976e-05,-5.65846594976e-05
SPY,SPY260519C00705000,2026-05-19,9,call,705.0,7.0,0.0,0.1722,0.0056,32.3,35.1,,0.9364,-0.1206,0.1676,https://cdn.cboe.com/api/global/delayed_quotes/options/SPY.json,0.0056,21328.06396448,0.0,21328.06396448,2.132806396448e-05,0.0,2.132806396448e-05
SPY,SPY260519P00705000,2026-05-19,9,put,705.0,143.0,13.0,0.1744,0.0056,0.6,0.62,,-0.0635,-0.1208,0.1674,https://cdn.cboe.com/api/global/delayed_quotes/options/SPY.json,0.0056,0.0,-435701.87813152,-435701.87813152,0.0,-0.00043570187813152,-0.00043570187813152
SPY,SPY260519P00706000,2026-05-19,9,put,706.0,102.0,4.0,0.1724,0.0059,0.64,0.65,,-0.0673,-0.1253,0.1751,https://cdn.cboe.com/api/global/delayed_quotes/options/SPY.json,0.0059,0.0,-327429.30851592,-327429.30851592,0.0,-0.00032742930851592,-0.00032742930851592
SPY,SPY260519P00707000,2026-05-19,9,put,707.0,3.0,94.0,0.1702,0.0062,0.68,0.69,,-0.0716,-0.1302,0.1838,https://cdn.cboe.com/api/global/delayed_quotes/options/SPY.json,0.0062,0.0,-10119.94871784,-10119.94871784,0.0,-1.011994871784e-05,-1.011994871784e-05
SPY,SPY260519P00708000,2026-05-19,9,put,708.0,44.0,12.0,0.1684,0.0066,0.72,0.74,,-0.076,-0.1351,0.1922,https://cdn.cboe.com/api/global/delayed_quotes/options/SPY.json,0.0066,0.0,-158001.77998176,-158001.77998176,0.0,-0.00015800177998176,-0.00015800177998176
SPY,SPY260519C00709000,2026-05-19,9,call,709.0,5.0,0.0,0.1648,0.007,28.46,31.27,,0.9195,-0.1396,0.2,https://cdn.cboe.com/api/global/delayed_quotes/options/SPY.json,0.007,19042.914254000003,0.0,19042.914254000003,1.9042914254000002e-05,0.0,1.9042914254000002e-05
SPY,SPY260519P00709000,2026-05-19,9,put,709.0,155.0,40.0,0.1664,0.007,0.77,0.78,,-0.0808,-0.1402,0.2006,https://cdn.cboe.com/api/global/delayed_quotes/options/SPY.json,0.007,0.0,-590330.341874,-590330.341874,0.0,-0.000590330341874,-0.000590330341874
SPY,SPY260519C00710000,2026-05-19,9,call,710.0,17.0,54.0,0.1627,0.0074,27.52,30.32,,0.9144,-0.1448,0.209,https://cdn.cboe.com/api/global/delayed_quotes/options/SPY.json,0.0074,68445.67466152001,0.0,68445.67466152001,6.844567466152001e-05,0.0,6.844567466152001e-05
SPY,SPY260519P00710000,2026-05-19,9,put,710.0,171.0,72.0,0.1645,0.0074,0.82,0.83,,-0.0859,-0.1455,0.2094,https://cdn.cboe.com/api/global/delayed_quotes/options/SPY.json,0.0074,0.0,-688482.9627717601,-688482.9627717601,0.0,-0.00068848296277176,-0.00068848296277176
SPY,SPY260519P00711000,2026-05-19,9,put,711.0,64.0,43.0,0.1627,0.0079,0.87,0.89,,-0.0914,-0.151,0.2188,https://cdn.cboe.com/api/global/delayed_quotes/options/SPY.json,0.0079,0.0,-275088.49848064,-275088.49848064,0.0,-0.00027508849848064,-0.00027508849848064
SPY,SPY260519C00712000,2026-05-19,9,call,712.0,2.0,24.0,0.1566,0.0083,25.62,28.43,,0.9031,-0.156,0.2285,https://cdn.cboe.com/api/global/delayed_quotes/options/SPY.json,0.0083,9031.78218904,0.0,9031.78218904,9.03178218904e-06,0.0,9.03178218904e-06
SPY,SPY260519P00712000,2026-05-19,9,put,712.0,12.0,41.0,0.1609,0.0083,0.93,0.95,,-0.0972,-0.1568,0.2293,https://cdn.cboe.com/api/global/delayed_quotes/options/SPY.json,0.0083,0.0,-54190.69313424,-54190.69313424,0.0,-5.419069313424e-05,-5.419069313424e-05
SPY,SPY260519P00713000,2026-05-19,9,put,713.0,48.0,41.0,0.159,0.0088,0.99,1.01,,-0.1036,-0.1627,0.24,https://cdn.cboe.com/api/global/delayed_quotes/options/SPY.json,0.0088,0.0,-229820.77088256003,-229820.77088256003,0.0,-0.00022982077088256003,-0.00022982077088256003
SPY,SPY260519C00714000,2026-05-19,9,call,714.0,7.0,5.0,0.1573,0.0093,23.84,26.57,,0.8901,-0.168,0.2497,https://cdn.cboe.com/api/global/delayed_quotes/options/SPY.json,0.0093,35419.82051244,0.0,35419.82051244,3.5419820512439995e-05,0.0,3.5419820512439995e-05
SPY,SPY260519P00714000,2026-05-19,9,put,714.0,29.0,29.0,0.1572,0.0094,1.06,1.08,,-0.1104,-0.1689,0.2504,https://cdn.cboe.com/api/global/delayed_quotes/options/SPY.json,0.0094,0.0,-148317.09787544,-148317.09787544,0.0,-0.00014831709787544,-0.00014831709787544
SPY,SPY260519C00715000,2026-05-19,9,call,715.0,30.0,0.0,0.1543,0.0098,22.83,25.64,,0.8828,-0.1743,0.2608,https://cdn.cboe.com/api/global/delayed_quotes/options/SPY.json,0.0098,159960.4797336,0.0,159960.4797336,0.0001599604797336,0.0,0.0001599604797336
SPY,SPY260519P00715000,2026-05-19,9,put,715.0,1469.0,390.0,0.1552,0.0099,1.13,1.15,,-0.1177,-0.1753,0.2613,https://cdn.cboe.com/api/global/delayed_quotes/options/SPY.json,0.0099,0.0,-7912657.32249564,-7912657.32249564,0.0,-0.00791265732249564,-0.00791265732249564
SPY,SPY260519P00716000,2026-05-19,9,put,716.0,141.0,11.0,0.1534,0.0105,1.21,1.23,,-0.1256,-0.1819,0.2728,https://cdn.cboe.com/api/global/delayed_quotes/options/SPY.json,0.0105,0.0,-805515.2729442001,-805515.2729442001,0.0,-0.0008055152729442,-0.0008055152729442
SPY,SPY260519C00717000,2026-05-19,9,call,717.0,14.0,5.0,0.1514,0.011,22.2,22.67,,0.8666,-0.1875,0.2845,https://cdn.cboe.com/api/global/delayed_quotes/options/SPY.json,0.011,83788.82271760001,0.0,83788.82271760001,8.378882271760001e-05,0.0,8.378882271760001e-05
SPY,SPY260519P00717000,2026-05-19,9,put,717.0,153.0,77.0,0.1518,0.0111,1.3,1.32,,-0.134,-0.1886,0.2857,https://cdn.cboe.com/api/global/delayed_quotes/options/SPY.json,0.0111,0.0,-924016.6079305201,-924016.6079305201,0.0,-0.0009240166079305201,-0.0009240166079305201
SPY,SPY260519C00718000,2026-05-19,9,call,718.0,54.0,114.0,0.1499,0.0117,21.3,21.77,,0.8576,-0.1944,0.297,https://cdn.cboe.com/api/global/delayed_quotes/options/SPY.json,0.0117,343751.80644792,0.0,343751.80644792,0.00034375180644792,0.0,0.00034375180644792
SPY,SPY260519P00718000,2026-05-19,9,put,718.0,271.0,181.0,0.1503,0.0117,1.39,1.42,,-0.1431,-0.1956,0.2981,https://cdn.cboe.com/api/global/delayed_quotes/options/SPY.json,0.0117,0.0,-1725124.8064330798,-1725124.8064330798,0.0,-0.0017251248064330798,-0.0017251248064330798
SPY,SPY260519C00719000,2026-05-19,9,call,719.0,14.0,1.0,0.1481,0.0123,20.4,20.88,,0.848,-0.2014,0.3096,https://cdn.cboe.com/api/global/delayed_quotes/options/SPY.json,0.0123,93691.13812968,0.0,93691.13812968,9.369113812968e-05,0.0,9.369113812968e-05
SPY,SPY260519P00719000,2026-05-19,9,put,719.0,259.0,137.0,0.1485,0.0124,1.5,1.52,,-0.1528,-0.2027,0.3104,https://cdn.cboe.com/api/global/delayed_quotes/options/SPY.json,0.0124,0.0,-1747377.8119470398,-1747377.8119470398,0.0,-0.0017473778119470398,-0.0017473778119470398
SPY,SPY260519C00720000,2026-05-19,9,call,720.0,79.0,6.0,0.1467,0.013,19.52,19.98,,0.8376,-0.2085,0.3226,https://cdn.cboe.com/api/global/delayed_quotes/options/SPY.json,0.013,558773.5125387999,0.0,558773.5125387999,0.0005587735125387999,0.0,0.0005587735125387999
SPY,SPY260519P00720000,2026-05-19,9,put,720.0,360.0,222.0,0.1467,0.0131,1.61,1.63,,-0.1633,-0.21,0.3231,https://cdn.cboe.com/api/global/delayed_quotes/options/SPY.json,0.0131,0.0,-2565896.6749104,-2565896.6749104,0.0,-0.0025658966749104,-0.0025658966749104
SPY,SPY260519C00721000,2026-05-19,9,call,721.0,4.0,2.0,0.145,0.0137,18.64,19.11,,0.8265,-0.2157,0.3361,https://cdn.cboe.com/api/global/delayed_quotes/options/SPY.json,0.0137,29815.76288912,0.0,29815.76288912,2.981576288912e-05,0.0,2.981576288912e-05
SPY,SPY260519P00721000,2026-05-19,9,put,721.0,201.0,195.0,0.1451,0.0138,1.73,1.75,,-0.1744,-0.2173,0.3374,https://cdn.cboe.com/api/global/delayed_quotes/options/SPY.json,0.0138,0.0,-1509178.15879272,-1509178.15879272,0.0,-0.00150917815879272,-0.00150917815879272
SPY,SPY260519C00722000,2026-05-19,9,call,722.0,39.0,1.0,0.1434,0.0145,17.77,18.24,,0.8147,-0.223,0.3498,https://cdn.cboe.com/api/global/delayed_quotes/options/SPY.json,0.0145,307679.0860182,0.0,307679.0860182,0.0003076790860182,0.0,0.0003076790860182
SPY,SPY260519P00722000,2026-05-19,9,put,722.0,58.0,589.0,0.1436,0.0146,1.86,1.89,,-0.1864,-0.2247,0.3512,https://cdn.cboe.com/api/global/delayed_quotes/options/SPY.json,0.0146,0.0,-460729.70829392003,-460729.70829392003,0.0,-0.00046072970829392004,-0.00046072970829392004
SPY,SPY260519C00723000,2026-05-19,9,call,723.0,1.0,1.0,0.142,0.0152,16.92,17.39,,0.8021,-0.2302,0.3634,https://cdn.cboe.com/api/global/delayed_quotes/options/SPY.json,0.0152,8270.06561888,0.0,8270.06561888,8.27006561888e-06,0.0,8.27006561888e-06
SPY,SPY260519P00723000,2026-05-19,9,put,723.0,42.0,78.0,0.142,0.0154,2.0,2.03,,-0.1992,-0.2321,0.3643,https://cdn.cboe.com/api/global/delayed_quotes/options/SPY.json,0.0154,0.0,-351913.0554139201,-351913.0554139201,0.0,-0.00035191305541392007,-0.00035191305541392007
SPY,SPY260519C00724000,2026-05-19,9,call,724.0,2.0,0.0,0.1406,0.016,16.08,16.55,,0.7886,-0.2374,0.377,https://cdn.cboe.com/api/global/delayed_quotes/options/SPY.json,0.016,17410.664460800002,0.0,17410.664460800002,1.7410664460800002e-05,0.0,1.7410664460800002e-05
SPY,SPY260519P00724000,2026-05-19,9,put,724.0,173.0,65.0,0.1403,0.0162,2.16,2.18,,-0.2128,-0.2394,0.3776,https://cdn.cboe.com/api/global/delayed_quotes/options/SPY.json,0.0162,0.0,-1524847.75680744,-1524847.75680744,0.0,-0.00152484775680744,-0.00152484775680744
SPY,SPY260519C00725000,2026-05-19,9,call,725.0,103.0,24.0,0.1395,0.0168,15.25,15.71,,0.7743,-0.2444,0.3909,https://cdn.cboe.com/api/global/delayed_quotes/options/SPY.json,0.0168,941481.6807177599,0.0,941481.6807177599,0.0009414816807177599,0.0,0.0009414816807177599
SPY,SPY260519P00725000,2026-05-19,9,put,725.0,606.0,649.0,0.1389,0.017,2.33,2.35,,-0.2272,-0.2466,0.3927,https://cdn.cboe.com/api/global/delayed_quotes/options/SPY.json,0.017,0.0,-5605145.7898488,-5605145.7898488,0.0,-0.0056051457898488,-0.0056051457898488
SPY,SPY260519C00726000,2026-05-19,9,call,726.0,7.0,4.0,0.1375,0.0176,14.43,14.9,,0.7591,-0.2513,0.4047,https://cdn.cboe.com/api/global/delayed_quotes/options/SPY.json,0.0176,67031.05817408,0.0,67031.05817408,6.703105817408e-05,0.0,6.703105817408e-05
SPY,SPY260519P00726000,2026-05-19,9,put,726.0,177.0,133.0,0.1374,0.0178,2.51,2.53,,-0.2426,-0.2537,0.406,https://cdn.cboe.com/api/global/delayed_quotes/options/SPY.json,0.0178,0.0,-1714188.7328186398,-1714188.7328186398,0.0,-0.00171418873281864,-0.00171418873281864
SPY,SPY260519C00727000,2026-05-19,9,call,727.0,47.0,2.0,0.1364,0.0184,13.63,14.09,,0.743,-0.2579,0.418,https://cdn.cboe.com/api/global/delayed_quotes/options/SPY.json,0.0184,470523.20705312,0.0,470523.20705312,0.00047052320705312,0.0,0.00047052320705312
SPY,SPY260519P00727000,2026-05-19,9,put,727.0,363.0,112.0,0.1359,0.0186,2.71,2.73,,-0.2589,-0.2606,0.4188,https://cdn.cboe.com/api/global/delayed_quotes/options/SPY.json,0.0186,0.0,-3673541.3845759197,-3673541.3845759197,0.0,-0.0036735413845759195,-0.0036735413845759195
SPY,SPY260519C00728000,2026-05-19,9,call,728.0,76.0,6.0,0.1348,0.0192,12.84,13.31,,0.726,-0.2642,0.431,https://cdn.cboe.com/api/global/delayed_quotes/options/SPY.json,0.0192,793926.2994124799,0.0,793926.2994124799,0.0007939262994124799,0.0,0.0007939262994124799
SPY,SPY260519P00728000,2026-05-19,9,put,728.0,172.0,350.0,0.1345,0.0194,2.92,2.95,,-0.276,-0.267,0.4318,https://cdn.cboe.com/api/global/delayed_quotes/options/SPY.json,0.0194,0.0,-1815497.03664992,-1815497.03664992,0.0,-0.00181549703664992,-0.00181549703664992
SPY,SPY260519C00729000,2026-05-19,9,call,729.0,66.0,22.0,0.1334,0.02,12.08,12.54,,0.7081,-0.27,0.4437,https://cdn.cboe.com/api/global/delayed_quotes/options/SPY.json,0.02,718189.909008,0.0,718189.909008,0.000718189909008,0.0,0.000718189909008
SPY,SPY260519P00729000,2026-05-19,9,put,729.0,201.0,201.0,0.1331,0.0203,3.15,3.18,,-0.2942,-0.2732,0.4452,https://cdn.cboe.com/api/global/delayed_quotes/options/SPY.json,0.0203,0.0,-2220022.9437313196,-2220022.9437313196,0.0,-0.0022200229437313195,-0.0022200229437313195
SPY,SPY260519C00730000,2026-05-19,9,call,730.0,107.0,40.0,0.132,0.0208,11.36,11.76,,0.6893,-0.2754,0.4556,https://cdn.cboe.com/api/global/delayed_quotes/options/SPY.json,0.0208,1210911.71324864,0.0,1210911.71324864,0.0012109117132486401,0.0,0.0012109117132486401
SPY,SPY260519P00730000,2026-05-19,9,put,730.0,316.0,1360.0,0.1317,0.0211,3.4,3.43,,-0.3134,-0.2788,0.4566,https://cdn.cboe.com/api/global/delayed_quotes/options/SPY.json,0.0211,0.0,-3627729.57371344,-3627729.57371344,0.0,-0.00362772957371344,-0.00362772957371344
SPY,SPY260519C00731000,2026-05-19,9,call,731.0,233.0,26.0,0.1308,0.0216,10.64,11.02,,0.6696,-0.2801,0.4667,https://cdn.cboe.com/api/global/delayed_quotes/options/SPY.json,0.0216,2738262.2530723196,0.0,2738262.2530723196,0.0027382622530723196,0.0,0.0027382622530723196
SPY,SPY260519P00731000,2026-05-19,9,put,731.0,323.0,84.0,0.1304,0.0219,3.67,3.7,,-0.3333,-0.2837,0.4672,https://cdn.cboe.com/api/global/delayed_quotes/options/SPY.json,0.0219,0.0,-3848681.7873862796,-3848681.7873862796,0.0,-0.0038486817873862795,-0.0038486817873862795
SPY,SPY260519C00732000,2026-05-19,9,call,732.0,265.0,24.0,0.13,0.0223,9.99,10.3,,0.6489,-0.2841,0.4771,https://cdn.cboe.com/api/global/delayed_quotes/options/SPY.json,0.0223,3215260.0509718,0.0,3215260.0509718,0.0032152600509718,0.0,0.0032152600509718
SPY,SPY260519P00732000,2026-05-19,9,put,732.0,277.0,815.0,0.1291,0.0227,3.96,3.99,,-0.3543,-0.2882,0.4784,https://cdn.cboe.com/api/global/delayed_quotes/options/SPY.json,0.0227,0.0,-3421141.1582207605,-3421141.1582207605,0.0,-0.0034211411582207607,-0.0034211411582207607
SPY,SPY260519C00733000,2026-05-19,9,call,733.0,267.0,36.0,0.1285,0.023,9.26,9.63,,0.6274,-0.2873,0.4864,https://cdn.cboe.com/api/global/delayed_quotes/options/SPY.json,0.023,3341215.3266804,0.0,3341215.3266804,0.0033412153266804,0.0,0.0033412153266804
SPY,SPY260519P00733000,2026-05-19,9,put,733.0,214.0,311.0,0.1278,0.0234,4.27,4.3,,-0.3763,-0.2917,0.487,https://cdn.cboe.com/api/global/delayed_quotes/options/SPY.json,0.0234,0.0,-2724551.3548094397,-2724551.3548094397,0.0,-0.0027245513548094396,-0.0027245513548094396
SPY,SPY260519C00734000,2026-05-19,9,call,734.0,114.0,94.0,0.1263,0.0236,8.52,8.94,,0.6051,-0.2897,0.4943,https://cdn.cboe.com/api/global/delayed_quotes/options/SPY.json,0.0236,1463801.6145417597,0.0,1463801.6145417597,0.0014638016145417597,0.0,0.0014638016145417597
SPY,SPY260519P00734000,2026-05-19,9,put,734.0,447.0,409.0,0.1266,0.0241,4.6,4.63,,-0.399,-0.2944,0.4945,https://cdn.cboe.com/api/global/delayed_quotes/options/SPY.json,0.0241,0.0,-5861245.78240188,-5861245.78240188,0.0,-0.00586124578240188,-0.00586124578240188
SPY,SPY260519C00735000,2026-05-19,9,call,735.0,554.0,150.0,0.1249,0.0242,7.89,8.29,,0.582,-0.2911,0.5009,https://cdn.cboe.com/api/global/delayed_quotes/options/SPY.json,0.0242,7294415.50915792,0.0,7294415.50915792,0.00729441550915792,0.0,0.00729441550915792
SPY,SPY260519P00735000,2026-05-19,9,put,735.0,158.0,840.0,0.1253,0.0247,4.96,4.99,,-0.4226,-0.2964,0.5011,https://cdn.cboe.com/api/global/delayed_quotes/options/SPY.json,0.0247,0.0,-2123339.3476474397,-2123339.3476474397,0.0,-0.0021233393476474396,-0.0021233393476474396
SPY,SPY260519C00736000,2026-05-19,9,call,736.0,347.0,452.0,0.1257,0.0247,7.25,7.71,,0.5581,-0.2915,0.506,https://cdn.cboe.com/api/global/delayed_quotes/options/SPY.json,0.0247,4663283.25084596,0.0,4663283.25084596,0.00466328325084596,0.0,0.00466328325084596
SPY,SPY260519P00736000,2026-05-19,9,put,736.0,47.0,525.0,0.1242,0.0253,5.34,5.37,,-0.4471,-0.2972,0.5058,https://cdn.cboe.com/api/global/delayed_quotes/options/SPY.json,0.0253,0.0,-646969.4096980401,-646969.4096980401,0.0,-0.0006469694096980401,-0.0006469694096980401
SPY,SPY260519C00737000,2026-05-19,9,call,737.0,135.0,1034.0,0.1226,0.0252,6.84,6.88,,0.5335,-0.2908,0.5094,https://cdn.cboe.com/api/global/delayed_quotes/options/SPY.json,0.0252,1850971.2654888,0.0,1850971.2654888,0.0018509712654887999,0.0,0.0018509712654887999
SPY,SPY260519P00737000,2026-05-19,9,put,737.0,103.0,1235.0,0.123,0.0257,5.75,5.78,,-0.4721,-0.2969,0.5089,https://cdn.cboe.com/api/global/delayed_quotes/options/SPY.json,0.0257,0.0,-1440242.8091932398,-1440242.8091932398,0.0,-0.0014402428091932398,-0.0014402428091932398
SPY,SPY260519C00738000,2026-05-19,9,call,738.0,171.0,1800.0,0.1215,0.0255,6.27,6.31,,0.5084,-0.2889,0.511,https://cdn.cboe.com/api/global/delayed_quotes/options/SPY.json,0.0255,2372475.0744162,0.0,2372475.0744162,0.0023724750744162,0.0,0.0023724750744162
SPY,SPY260519P00738000,2026-05-19,9,put,738.0,1.0,445.0,0.1218,0.0261,6.18,6.22,,-0.4981,-0.2957,0.5092,https://cdn.cboe.com/api/global/delayed_quotes/options/SPY.json,0.0261,0.0,-14200.573200840003,-14200.573200840003,0.0,-1.4200573200840003e-05,-1.4200573200840003e-05
SPY,SPY260519C00739000,2026-05-19,9,call,739.0,248.0,536.0,0.1204,0.0257,5.73,5.76,,0.4827,-0.2859,0.5107,https://cdn.cboe.com/api/global/delayed_quotes/options/SPY.json,0.0257,3467769.09397984,0.0,3467769.09397984,0.0034677690939798403,0.0,0.0034677690939798403
SPY,SPY260519P00739000,2026-05-19,9,put,739.0,4.0,541.0,0.1206,0.0264,6.64,6.68,,-0.5244,-0.2932,0.5089,https://cdn.cboe.com/api/global/delayed_quotes/options/SPY.json,0.0264,0.0,-57455.19272064001,-57455.19272064001,0.0,-5.745519272064001e-05,-5.745519272064001e-05
SPY,SPY260519C00740000,2026-05-19,9,call,740.0,439.0,1708.0,0.1194,0.0258,5.21,5.25,,0.4567,-0.2817,0.5084,https://cdn.cboe.com/api/global/delayed_quotes/options/SPY.json,0.0258,6162395.869247279,0.0,6162395.869247279,0.006162395869247279,0.0,0.006162395869247279
SPY,SPY260519P00740000,2026-05-19,9,put,740.0,20.0,140.0,0.1195,0.0266,7.13,7.17,,-0.5512,-0.2896,0.5052,https://cdn.cboe.com/api/global/delayed_quotes/options/SPY.json,0.0266,0.0,-289452.2966608,-289452.2966608,0.0,-0.0002894522966608,-0.0002894522966608
SPY,SPY260519C00741000,2026-05-19,9,call,741.0,118.0,515.0,0.1183,0.0258,4.72,4.76,,0.4304,-0.2762,0.5039,https://cdn.cboe.com/api/global/delayed_quotes/options/SPY.json,0.0258,1656407.09013936,0.0,1656407.09013936,0.0016564070901393599,0.0,0.0016564070901393599
SPY,SPY260519C00742000,2026-05-19,9,call,742.0,243.0,495.0,0.1173,0.0257,4.26,4.29,,0.404,-0.2696,0.4973,https://cdn.cboe.com/api/global/delayed_quotes/options/SPY.json,0.0257,3397854.39450444,0.0,3397854.39450444,0.00339785439450444,0.0,0.00339785439450444
SPY,SPY260519C00743000,2026-05-19,9,call,743.0,73.0,501.0,0.1161,0.0254,3.83,3.86,,0.3776,-0.2619,0.4887,https://cdn.cboe.com/api/global/delayed_quotes/options/SPY.json,0.0254,1008839.1888504799,0.0,1008839.1888504799,0.0010088391888504798,0.0,0.0010088391888504798
SPY,SPY260519C00744000,2026-05-19,9,call,744.0,106.0,447.0,0.1152,0.0251,3.42,3.45,,0.3514,-0.253,0.4777,https://cdn.cboe.com/api/global/delayed_quotes/options/SPY.json,0.0251,1447587.93326264,0.0,1447587.93326264,0.0014475879332626399,0.0,0.0014475879332626399
SPY,SPY260519P00744000,2026-05-19,9,put,744.0,59.0,4.0,0.1152,0.0261,9.18,9.61,,-0.6608,-0.2635,0.4692,https://cdn.cboe.com/api/global/delayed_quotes/options/SPY.json,0.0261,0.0,-837833.81884956,-837833.81884956,0.0,-0.00083783381884956,-0.00083783381884956
SPY,SPY260519C00745000,2026-05-19,9,call,745.0,287.0,428.0,0.1141,0.0245,3.05,3.07,,0.3255,-0.243,0.4648,https://cdn.cboe.com/api/global/delayed_quotes/options/SPY.json,0.0245,3825721.4736285997,0.0,3825721.4736285997,0.0038257214736285997,0.0,0.0038257214736285997
SPY,SPY260519P00745000,2026-05-19,9,put,745.0,6.0,10.0,0.1145,0.0257,9.83,10.25,,-0.688,-0.2543,0.4549,https://cdn.cboe.com/api/global/delayed_quotes/options/SPY.json,0.0257,0.0,-83897.63937048,-83897.63937048,0.0,-8.389763937048e-05,-8.389763937048e-05
SPY,SPY260519C00746000,2026-05-19,9,call,746.0,236.0,387.0,0.1131,0.0239,2.7,2.72,,0.3,-0.2322,0.45,https://cdn.cboe.com/api/global/delayed_quotes/options/SPY.json,0.0239,3068847.2445217604,0.0,3068847.2445217604,0.0030688472445217605,0.0,0.0030688472445217605
SPY,SPY260519P00746000,2026-05-19,9,put,746.0,1.0,161.0,0.1125,0.0251,10.39,10.91,,-0.7148,-0.2439,0.4348,https://cdn.cboe.com/api/global/delayed_quotes/options/SPY.json,0.0251,0.0,-13656.48993644,-13656.48993644,0.0,-1.3656489936440001e-05,-1.3656489936440001e-05
SPY,SPY260519C00747000,2026-05-19,9,call,747.0,18.0,56.0,0.1122,0.0231,2.38,2.4,,0.2752,-0.2204,0.4332,https://cdn.cboe.com/api/global/delayed_quotes/options/SPY.json,0.0231,226229.82133752,0.0,226229.82133752,0.00022622982133752,0.0,0.00022622982133752
SPY,SPY260519C00748000,2026-05-19,9,call,748.0,105.0,200.0,0.1112,0.0222,2.08,2.11,,0.251,-0.208,0.415,https://cdn.cboe.com/api/global/delayed_quotes/options/SPY.json,0.0222,1268258.0893164,0.0,1268258.0893164,0.0012682580893164,0.0,0.0012682580893164
SPY,SPY260519P00748000,2026-05-19,9,put,748.0,1.0,0.0,0.1098,0.0235,11.79,12.32,,-0.7668,-0.2206,0.394,https://cdn.cboe.com/api/global/delayed_quotes/options/SPY.json,0.0235,0.0,-12785.9567134,-12785.9567134,0.0,-1.27859567134e-05,-1.27859567134e-05
SPY,SPY260519C00749000,2026-05-19,9,call,749.0,79.0,94.0,0.1103,0.0213,1.81,1.84,,0.2278,-0.195,0.395,https://cdn.cboe.com/api/global/delayed_quotes/options/SPY.json,0.0213,915528.9090058799,0.0,915528.9090058799,0.0009155289090058799,0.0,0.0009155289090058799
SPY,SPY260519P00749000,2026-05-19,9,put,749.0,36.0,2.0,0.1095,0.0226,12.61,13.05,,-0.7917,-0.2083,0.373,https://cdn.cboe.com/api/global/delayed_quotes/options/SPY.json,0.0226,0.0,-442666.14391584,-442666.14391584,0.0,-0.00044266614391584,-0.00044266614391584
SPY,SPY260519C00750000,2026-05-19,9,call,750.0,228.0,496.0,0.1093,0.0202,1.57,1.59,,0.2055,-0.1816,0.3738,https://cdn.cboe.com/api/global/delayed_quotes/options/SPY.json,0.0202,2505829.88252064,0.0,2505829.88252064,0.0025058298825206397,0.0,0.0025058298825206397
SPY,SPY260519P00750000,2026-05-19,9,put,750.0,18.0,1.0,0.1073,0.0215,13.3,13.84,,-0.8156,-0.1946,0.348,https://cdn.cboe.com/api/global/delayed_quotes/options/SPY.json,0.0215,0.0,-210560.22332279998,-210560.22332279998,0.0,-0.0002105602233228,-0.0002105602233228
SPY,SPY260519C00755000,2026-05-19,9,call,755.0,224.0,422.0,0.1056,0.014,0.71,0.72,,0.1125,-0.1148,0.2592,https://cdn.cboe.com/api/global/delayed_quotes/options/SPY.json,0.014,1706245.1171584001,0.0,1706245.1171584001,0.0017062451171584,0.0,0.0017062451171584
SPY,SPY260519C00760000,2026-05-19,9,call,760.0,79.0,169.0,0.1042,0.0083,0.29,0.31,,0.055,-0.0636,0.1578,https://cdn.cboe.com/api/global/delayed_quotes/options/SPY.json,0.0083,356755.39646708005,0.0,356755.39646708005,0.00035675539646708003,0.0,0.00035675539646708003
SPY,SPY260519C00765000,2026-05-19,9,call,765.0,204.0,146.0,0.1071,0.0046,0.14,0.15,,0.0276,-0.0359,0.094,https://cdn.cboe.com/api/global/delayed_quotes/options/SPY.json,0.0046,510567.73531296,0.0,510567.73531296,0.00051056773531296,0.0,0.00051056773531296
SPY,SPY260519C00770000,2026-05-19,9,call,770.0,210.0,181.0,0.1137,0.0028,0.08,0.09,,0.0165,-0.0241,0.0623,https://cdn.cboe.com/api/global/delayed_quotes/options/SPY.json,0.0028,319920.9594672,0.0,319920.9594672,0.0003199209594672,0.0,0.0003199209594672
SPY,SPY260519C00775000,2026-05-19,9,call,775.0,198.0,22.0,0.1213,0.0019,0.05,0.06,,0.0115,-0.0188,0.0461,https://cdn.cboe.com/api/global/delayed_quotes/options/SPY.json,0.0019,204684.12406728,0.0,204684.12406728,0.00020468412406728,0.0,0.00020468412406728
SPY,SPY260519C00780000,2026-05-19,9,call,780.0,274.0,17.0,0.1317,0.0014,0.04,0.05,,0.0088,-0.0158,0.0363,https://cdn.cboe.com/api/global/delayed_quotes/options/SPY.json,0.0014,208710.34022384,0.0,208710.34022384,0.00020871034022384,0.0,0.00020871034022384
SPY,SPY260519C00785000,2026-05-19,9,call,785.0,87.0,0.0,0.1409,0.001,0.03,0.04,,0.0068,-0.0134,0.0291,https://cdn.cboe.com/api/global/delayed_quotes/options/SPY.json,0.001,47335.244002800006,0.0,47335.244002800006,4.733524400280001e-05,0.0,4.733524400280001e-05
SPY,SPY260519C00790000,2026-05-19,9,call,790.0,64.0,100.0,0.1483,0.0008,0.02,0.03,,0.0055,-0.0117,0.0239,https://cdn.cboe.com/api/global/delayed_quotes/options/SPY.json,0.0008,27857.06313728,0.0,27857.06313728,2.7857063137280002e-05,0.0,2.7857063137280002e-05
SPY,SPY260519C00795000,2026-05-19,9,call,795.0,1.0,0.0,0.1605,0.0006,0.02,0.03,,0.0045,-0.0103,0.02,https://cdn.cboe.com/api/global/delayed_quotes/options/SPY.json,0.0006,326.44995864,0.0,326.44995864,3.2644995863999996e-07,0.0,3.2644995863999996e-07
SPY,SPY260519C00800000,2026-05-19,9,call,800.0,4.0,94.0,0.1729,0.0005,0.02,0.03,,0.0038,-0.0092,0.0169,https://cdn.cboe.com/api/global/delayed_quotes/options/SPY.json,0.0005,1088.1665288000002,0.0,1088.1665288000002,1.0881665288000001e-06,0.0,1.0881665288000001e-06
SPY,SPY260519C00820000,2026-05-19,9,call,820.0,50.0,0.0,0.2095,0.0002,0.01,0.02,,0.002,-0.0061,0.0094,https://cdn.cboe.com/api/global/delayed_quotes/options/SPY.json,0.0002,5440.832644,0.0,5440.832644,5.440832644e-06,0.0,5.440832644e-06
SPY,SPY260519C00845000,2026-05-19,9,call,845.0,50.0,0.0,0.2407,0.0001,0.0,0.02,,0.001,-0.0038,0.005,https://cdn.cboe.com/api/global/delayed_quotes/options/SPY.json,0.0001,2720.416322,0.0,2720.416322,2.720416322e-06,0.0,2.720416322e-06
SPY,SPY260519C00850000,2026-05-19,9,call,850.0,50.0,0.0,0.2504,0.0001,0.0,0.01,,0.0009,-0.0035,0.0045,https://cdn.cboe.com/api/global/delayed_quotes/options/SPY.json,0.0001,2720.416322,0.0,2720.416322,2.720416322e-06,0.0,2.720416322e-06
SPY,SPY260520P00500000,2026-05-20,10,put,500.0,10.0,7.0,0.6807,0.0,0.01,0.02,,-0.0005,-0.0049,0.0023,https://cdn.cboe.com/api/global/delayed_quotes/options/SPY.json,0.0,0.0,-0.0,0.0,0.0,-0.0,0.0
SPY,SPY260520P00535000,2026-05-20,10,put,535.0,100.0,0.0,0.5695,0.0,0.01,0.02,,-0.0008,-0.0068,0.0037,https://cdn.cboe.com/api/global/delayed_quotes/options/SPY.json,0.0,0.0,-0.0,0.0,0.0,-0.0,0.0
SPY,SPY260520P00550000,2026-05-20,10,put,550.0,120.0,139.0,0.5237,0.0,0.01,0.02,,-0.001,-0.0081,0.0047,https://cdn.cboe.com/api/global/delayed_quotes/options/SPY.json,0.0,0.0,-0.0,0.0,0.0,-0.0,0.0
SPY,SPY260520P00560000,2026-05-20,10,put,560.0,120.0,0.0,0.5152,0.0001,0.02,0.03,,-0.0012,-0.0092,0.0056,https://cdn.cboe.com/api/global/delayed_quotes/options/SPY.json,0.0001,0.0,-6528.9991727999995,-6528.9991727999995,0.0,-6.528999172799999e-06,-6.528999172799999e-06
SPY,SPY260520P00580000,2026-05-20,10,put,580.0,10.0,120.0,0.4686,0.0001,0.03,0.04,,-0.0018,-0.0122,0.008,https://cdn.cboe.com/api/global/delayed_quotes/options/SPY.json,0.0001,0.0,-544.0832644000001,-544.0832644000001,0.0,-5.440832644000001e-07,-5.440832644000001e-07
SPY,SPY260520P00585000,2026-05-20,10,put,585.0,5.0,0.0,0.4533,0.0001,0.03,0.04,,-0.002,-0.0131,0.0088,https://cdn.cboe.com/api/global/delayed_quotes/options/SPY.json,0.0001,0.0,-272.04163220000004,-272.04163220000004,0.0,-2.7204163220000003e-07,-2.7204163220000003e-07
SPY,SPY260520P00595000,2026-05-20,10,put,595.0,1.0,5.0,0.4229,0.0001,0.03,0.04,,-0.0024,-0.0151,0.0106,https://cdn.cboe.com/api/global/delayed_quotes/options/SPY.json,0.0001,0.0,-54.40832644,-54.40832644,0.0,-5.4408326440000004e-08,-5.4408326440000004e-08
SPY,SPY260520P00605000,2026-05-20,10,put,605.0,2.0,25.0,0.4025,0.0002,0.04,0.05,,-0.003,-0.0174,0.0128,https://cdn.cboe.com/api/global/delayed_quotes/options/SPY.json,0.0002,0.0,-217.63330576,-217.63330576,0.0,-2.1763330576000002e-07,-2.1763330576000002e-07
SPY,SPY260520P00620000,2026-05-20,10,put,620.0,1.0,1.0,0.3645,0.0002,0.05,0.06,,-0.0042,-0.0217,0.0174,https://cdn.cboe.com/api/global/delayed_quotes/options/SPY.json,0.0002,0.0,-108.81665288,-108.81665288,0.0,-1.0881665288000001e-07,-1.0881665288000001e-07
SPY,SPY260520P00630000,2026-05-20,10,put,630.0,1.0,32.0,0.3456,0.0003,0.07,0.08,,-0.0053,-0.0253,0.0215,https://cdn.cboe.com/api/global/delayed_quotes/options/SPY.json,0.0003,0.0,-163.22497932,-163.22497932,0.0,-1.6322497931999998e-07,-1.6322497931999998e-07
SPY,SPY260520P00640000,2026-05-20,10,put,640.0,21.0,302.0,0.3192,0.0004,0.08,0.1,,-0.0067,-0.0295,0.0267,https://cdn.cboe.com/api/global/delayed_quotes/options/SPY.json,0.0004,0.0,-4570.29942096,-4570.29942096,0.0,-4.57029942096e-06,-4.57029942096e-06
SPY,SPY260520P00645000,2026-05-20,10,put,645.0,14.0,420.0,0.3113,0.0005,0.1,0.11,,-0.0077,-0.0321,0.03,https://cdn.cboe.com/api/global/delayed_quotes/options/SPY.json,0.0005,0.0,-3808.5828508,-3808.5828508,0.0,-3.8085828508e-06,-3.8085828508e-06
SPY,SPY260520P00650000,2026-05-20,10,put,650.0,211.0,218.0,0.2988,0.0006,0.11,0.12,,-0.0088,-0.0351,0.0339,https://cdn.cboe.com/api/global/delayed_quotes/options/SPY.json,0.0006,0.0,-68880.94127303999,-68880.94127303999,0.0,-6.888094127304e-05,-6.888094127304e-05
SPY,SPY260520P00655000,2026-05-20,10,put,655.0,53.0,1.0,0.2859,0.0007,0.12,0.13,,-0.0101,-0.0384,0.0383,https://cdn.cboe.com/api/global/delayed_quotes/options/SPY.json,0.0007,0.0,-20185.48910924,-20185.48910924,0.0,-2.0185489109239998e-05,-2.0185489109239998e-05
SPY,SPY260520P00660000,2026-05-20,10,put,660.0,100.0,3.0,0.2751,0.0008,0.14,0.15,,-0.0117,-0.042,0.0436,https://cdn.cboe.com/api/global/delayed_quotes/options/SPY.json,0.0008,0.0,-43526.661152,-43526.661152,0.0,-4.3526661152e-05,-4.3526661152e-05
SPY,SPY260520P00665000,2026-05-20,10,put,665.0,34.0,8.0,0.2634,0.001,0.16,0.17,,-0.0137,-0.0463,0.0499,https://cdn.cboe.com/api/global/delayed_quotes/options/SPY.json,0.001,0.0,-18498.830989600003,-18498.830989600003,0.0,-1.8498830989600002e-05,-1.8498830989600002e-05
SPY,SPY260520P00670000,2026-05-20,10,put,670.0,720.0,1.0,0.2529,0.0012,0.19,0.2,,-0.0161,-0.0514,0.0574,https://cdn.cboe.com/api/global/delayed_quotes/options/SPY.json,0.0012,0.0,-470087.94044159993,-470087.94044159993,0.0,-0.0004700879404415999,-0.0004700879404415999
SPY,SPY260520C00675000,2026-05-20,10,call,675.0,1.0,0.0,0.2328,0.0014,61.94,64.76,,0.9808,-0.0572,0.0666,https://cdn.cboe.com/api/global/delayed_quotes/options/SPY.json,0.0014,761.71657016,0.0,761.71657016,7.6171657016e-07,0.0,7.6171657016e-07
SPY,SPY260520P00675000,2026-05-20,10,put,675.0,41.0,5.0,0.2412,0.0014,0.22,0.23,,-0.0192,-0.0574,0.0666,https://cdn.cboe.com/api/global/delayed_quotes/options/SPY.json,0.0014,0.0,-31230.379376560002,-31230.379376560002,0.0,-3.1230379376560004e-05,-3.1230379376560004e-05
SPY,SPY260520P00680000,2026-05-20,10,put,680.0,92.0,538.0,0.2299,0.0018,0.26,0.27,,-0.0232,-0.0647,0.078,https://cdn.cboe.com/api/global/delayed_quotes/options/SPY.json,0.0018,0.0,-90100.18858464,-90100.18858464,0.0,-9.010018858463999e-05,-9.010018858463999e-05
SPY,SPY260520P00685000,2026-05-20,10,put,685.0,30.0,60.0,0.2186,0.0022,0.31,0.32,,-0.0284,-0.0736,0.0924,https://cdn.cboe.com/api/global/delayed_quotes/options/SPY.json,0.0022,0.0,-35909.495450400005,-35909.495450400005,0.0,-3.5909495450400004e-05,-3.5909495450400004e-05
SPY,SPY260520P00686000,2026-05-20,10,put,686.0,2.0,0.0,0.2158,0.0023,0.32,0.33,,-0.0298,-0.0758,0.0959,https://cdn.cboe.com/api/global/delayed_quotes/options/SPY.json,0.0023,0.0,-2502.78301624,-2502.78301624,0.0,-2.5027830162400002e-06,-2.5027830162400002e-06
SPY,SPY260520P00688000,2026-05-20,10,put,688.0,1.0,0.0,0.2122,0.0025,0.35,0.36,,-0.0323,-0.0798,0.1025,https://cdn.cboe.com/api/global/delayed_quotes/options/SPY.json,0.0025,0.0,-1360.208161,-1360.208161,0.0,-1.360208161e-06,-1.360208161e-06
SPY,SPY260520C00690000,2026-05-20,10,call,690.0,1.0,1.0,0.2033,0.0028,47.12,49.94,,0.9646,-0.0845,0.1105,https://cdn.cboe.com/api/global/delayed_quotes/options/SPY.json,0.0028,1523.43314032,0.0,1523.43314032,1.52343314032e-06,0.0,1.52343314032e-06
SPY,SPY260520P00690000,2026-05-20,10,put,690.0,188.0,172.0,0.2079,0.0028,0.38,0.39,,-0.0354,-0.0846,0.1103,https://cdn.cboe.com/api/global/delayed_quotes/options/SPY.json,0.0028,0.0,-286405.43038016,-286405.43038016,0.0,-0.00028640543038016,-0.00028640543038016
SPY,SPY260520C00691000,2026-05-20,10,call,691.0,20.0,20.0,0.2016,0.0029,46.14,48.96,,0.9629,-0.087,0.1146,https://cdn.cboe.com/api/global/delayed_quotes/options/SPY.json,0.0029,31556.8293352,0.0,31556.8293352,3.15568293352e-05,0.0,3.15568293352e-05
SPY,SPY260520P00692000,2026-05-20,10,put,692.0,1.0,79.0,0.2032,0.0031,0.41,0.42,,-0.0388,-0.0899,0.119,https://cdn.cboe.com/api/global/delayed_quotes/options/SPY.json,0.0031,0.0,-1686.65811964,-1686.65811964,0.0,-1.68665811964e-06,-1.68665811964e-06
SPY,SPY260520P00693000,2026-05-20,10,put,693.0,3.0,131.0,0.2013,0.0032,0.43,0.44,,-0.0407,-0.0927,0.1236,https://cdn.cboe.com/api/global/delayed_quotes/options/SPY.json,0.0032,0.0,-5223.1993382400005,-5223.1993382400005,0.0,-5.22319933824e-06,-5.22319933824e-06
SPY,SPY260520C00695000,2026-05-20,10,call,695.0,2.0,20.0,0.1933,0.0036,42.23,45.04,,0.9552,-0.0982,0.1331,https://cdn.cboe.com/api/global/delayed_quotes/options/SPY.json,0.0036,3917.3995036799997,0.0,3917.3995036799997,3.91739950368e-06,0.0,3.91739950368e-06
SPY,SPY260520P00695000,2026-05-20,10,put,695.0,144.0,40.0,0.1972,0.0036,0.47,0.48,,-0.0449,-0.0986,0.1335,https://cdn.cboe.com/api/global/delayed_quotes/options/SPY.json,0.0036,0.0,-282052.76426496,-282052.76426496,0.0,-0.00028205276426496,-0.00028205276426496
SPY,SPY260520P00697000,2026-05-20,10,put,697.0,1.0,74.0,0.193,0.004,0.52,0.53,,-0.0496,-0.105,0.1442,https://cdn.cboe.com/api/global/delayed_quotes/options/SPY.json,0.004,0.0,-2176.3330576000003,-2176.3330576000003,0.0,-2.1763330576000002e-06,-2.1763330576000002e-06
SPY,SPY260520P00698000,2026-05-20,10,put,698.0,6.0,11.0,0.191,0.0042,0.54,0.56,,-0.0521,-0.1084,0.15,https://cdn.cboe.com/api/global/delayed_quotes/options/SPY.json,0.0042,0.0,-13710.89826288,-13710.89826288,0.0,-1.371089826288e-05,-1.371089826288e-05
SPY,SPY260520P00699000,2026-05-20,10,put,699.0,17.0,3.0,0.1891,0.0044,0.57,0.59,,-0.0549,-0.1119,0.1561,https://cdn.cboe.com/api/global/delayed_quotes/options/SPY.json,0.0044,0.0,-40697.428177120004,-40697.428177120004,0.0,-4.069742817712e-05,-4.069742817712e-05
SPY,SPY260520C00700000,2026-05-20,10,call,700.0,5.0,3.0,0.1843,0.0046,37.38,40.17,,0.9424,-0.1151,0.162,https://cdn.cboe.com/api/global/delayed_quotes/options/SPY.json,0.0046,12513.915081199999,0.0,12513.915081199999,1.2513915081199999e-05,0.0,1.2513915081199999e-05
SPY,SPY260520P00700000,2026-05-20,10,put,700.0,420.0,279.0,0.1874,0.0046,0.6,0.62,,-0.0576,-0.1155,0.1622,https://cdn.cboe.com/api/global/delayed_quotes/options/SPY.json,0.0046,0.0,-1051168.8668208,-1051168.8668208,0.0,-0.0010511688668208,-0.0010511688668208
SPY,SPY260520C00701000,2026-05-20,10,call,701.0,21.0,0.0,0.1826,0.0048,36.41,39.21,,0.9393,-0.119,0.1685,https://cdn.cboe.com/api/global/delayed_quotes/options/SPY.json,0.0048,54843.593051519994,0.0,54843.593051519994,5.484359305151999e-05,0.0,5.484359305151999e-05
SPY,SPY260520P00701000,2026-05-20,10,put,701.0,4.0,12.0,0.1853,0.0048,0.63,0.65,,-0.0607,-0.1193,0.1688,https://cdn.cboe.com/api/global/delayed_quotes/options/SPY.json,0.0048,0.0,-10446.39867648,-10446.39867648,0.0,-1.0446398676479999e-05,-1.0446398676479999e-05
SPY,SPY260520C00702000,2026-05-20,10,call,702.0,5.0,0.0,0.1805,0.0051,35.44,38.24,,0.936,-0.1229,0.1754,https://cdn.cboe.com/api/global/delayed_quotes/options/SPY.json,0.0051,13874.123242200001,0.0,13874.123242200001,1.38741232422e-05,0.0,1.38741232422e-05
SPY,SPY260520P00702000,2026-05-20,10,put,702.0,7.0,50.0,0.1835,0.0051,0.67,0.68,,-0.064,-0.1233,0.1756,https://cdn.cboe.com/api/global/delayed_quotes/options/SPY.json,0.0051,0.0,-19423.77253908,-19423.77253908,0.0,-1.942377253908e-05,-1.942377253908e-05
SPY,SPY260520P00703000,2026-05-20,10,put,703.0,15.0,83.0,0.1815,0.0054,0.7,0.72,,-0.0677,-0.1277,0.1832,https://cdn.cboe.com/api/global/delayed_quotes/options/SPY.json,0.0054,0.0,-44070.7444164,-44070.7444164,0.0,-4.40707444164e-05,-4.40707444164e-05
SPY,SPY260520P00704000,2026-05-20,10,put,704.0,16.0,62.0,0.1796,0.0057,0.74,0.76,,-0.0715,-0.132,0.1907,https://cdn.cboe.com/api/global/delayed_quotes/options/SPY.json,0.0057,0.0,-49620.39371328,-49620.39371328,0.0,-4.962039371328e-05,-4.962039371328e-05
SPY,SPY260520C00705000,2026-05-20,10,call,705.0,7.0,2.0,0.1756,0.0059,32.57,35.36,,0.9248,-0.1359,0.1983,https://cdn.cboe.com/api/global/delayed_quotes/options/SPY.json,0.0059,22470.63881972,0.0,22470.63881972,2.247063881972e-05,0.0,2.247063881972e-05
SPY,SPY260520P00705000,2026-05-20,10,put,705.0,322.0,131.0,0.1779,0.006,0.79,0.8,,-0.0753,-0.1364,0.1983,https://cdn.cboe.com/api/global/delayed_quotes/options/SPY.json,0.006,0.0,-1051168.8668208,-1051168.8668208,0.0,-0.0010511688668208,-0.0010511688668208
SPY,SPY260520P00706000,2026-05-20,10,put,706.0,39.0,308.0,0.176,0.0063,0.83,0.85,,-0.0796,-0.141,0.2067,https://cdn.cboe.com/api/global/delayed_quotes/options/SPY.json,0.0063,0.0,-133681.25806308,-133681.25806308,0.0,-0.00013368125806308,-0.00013368125806308
SPY,SPY260520P00707000,2026-05-20,10,put,707.0,23.0,173.0,0.1742,0.0066,0.88,0.9,,-0.0841,-0.1459,0.2154,https://cdn.cboe.com/api/global/delayed_quotes/options/SPY.json,0.0066,0.0,-82591.83953592,-82591.83953592,0.0,-8.259183953592e-05,-8.259183953592e-05
SPY,SPY260520P00708000,2026-05-20,10,put,708.0,9.0,348.0,0.1725,0.007,0.94,0.95,,-0.0893,-0.1512,0.2247,https://cdn.cboe.com/api/global/delayed_quotes/options/SPY.json,0.007,0.0,-34277.2456572,-34277.2456572,0.0,-3.42772456572e-05,-3.42772456572e-05
SPY,SPY260520P00709000,2026-05-20,10,put,709.0,2.0,97.0,0.1704,0.0074,0.99,1.01,,-0.0946,-0.1564,0.2339,https://cdn.cboe.com/api/global/delayed_quotes/options/SPY.json,0.0074,0.0,-8052.43231312,-8052.43231312,0.0,-8.05243231312e-06,-8.05243231312e-06
SPY,SPY260520P00710000,2026-05-20,10,put,710.0,493.0,423.0,0.1686,0.0078,1.05,1.07,,-0.1002,-0.1618,0.2435,https://cdn.cboe.com/api/global/delayed_quotes/options/SPY.json,0.0078,0.0,-2092217.7849237598,-2092217.7849237598,0.0,-0.0020922177849237596,-0.0020922177849237596
SPY,SPY260520P00711000,2026-05-20,10,put,711.0,94.0,30.0,0.167,0.0082,1.12,1.14,,-0.1061,-0.1674,0.2538,https://cdn.cboe.com/api/global/delayed_quotes/options/SPY.json,0.0082,0.0,-419379.38019952,-419379.38019952,0.0,-0.00041937938019952,-0.00041937938019952
SPY,SPY260520P00712000,2026-05-20,10,put,712.0,57.0,272.0,0.1652,0.0086,1.19,1.21,,-0.1125,-0.1732,0.2647,https://cdn.cboe.com/api/global/delayed_quotes/options/SPY.json,0.0086,0.0,-266709.61620888003,-266709.61620888003,0.0,-0.00026670961620888005,-0.00026670961620888005
SPY,SPY260520P00713000,2026-05-20,10,put,713.0,87.0,27.0,0.1637,0.0091,1.27,1.29,,-0.1193,-0.1791,0.2754,https://cdn.cboe.com/api/global/delayed_quotes/options/SPY.json,0.0091,0.0,-430750.72042548005,-430750.72042548005,0.0,-0.00043075072042548005,-0.00043075072042548005
SPY,SPY260520C00714000,2026-05-20,10,call,714.0,2.0,2.0,0.1609,0.0095,25.32,25.79,,0.874,-0.184,0.2854,https://cdn.cboe.com/api/global/delayed_quotes/options/SPY.json,0.0095,10337.582023599998,0.0,10337.582023599998,1.0337582023599998e-05,0.0,1.0337582023599998e-05
SPY,SPY260520P00714000,2026-05-20,10,put,714.0,92.0,13.0,0.1619,0.0096,1.35,1.37,,-0.1266,-0.1853,0.2862,https://cdn.cboe.com/api/global/delayed_quotes/options/SPY.json,0.0096,0.0,-480534.3391180799,-480534.3391180799,0.0,-0.00048053433911807993,-0.00048053433911807993
SPY,SPY260520C00715000,2026-05-20,10,call,715.0,31.0,2.0,0.1593,0.01,24.41,24.88,,0.8663,-0.1902,0.297,https://cdn.cboe.com/api/global/delayed_quotes/options/SPY.json,0.01,168665.811964,0.0,168665.811964,0.000168665811964,0.0,0.000168665811964
SPY,SPY260520P00715000,2026-05-20,10,put,715.0,530.0,98.0,0.1603,0.0101,1.44,1.46,,-0.1344,-0.1915,0.2976,https://cdn.cboe.com/api/global/delayed_quotes/options/SPY.json,0.0101,0.0,-2912477.7143332,-2912477.7143332,0.0,-0.0029124777143332,-0.0029124777143332
SPY,SPY260520P00716000,2026-05-20,10,put,716.0,177.0,77.0,0.1588,0.0106,1.54,1.56,,-0.1427,-0.1979,0.3098,https://cdn.cboe.com/api/global/delayed_quotes/options/SPY.json,0.0106,0.0,-1020809.02066728,-1020809.02066728,0.0,-0.0010208090206672799,-0.0010208090206672799
SPY,SPY260520P00717000,2026-05-20,10,put,717.0,97.0,231.0,0.1571,0.0112,1.64,1.66,,-0.1514,-0.2044,0.3226,https://cdn.cboe.com/api/global/delayed_quotes/options/SPY.json,0.0112,0.0,-591092.05844416,-591092.05844416,0.0,-0.0005910920584441601,-0.0005910920584441601
SPY,SPY260520C00718000,2026-05-20,10,call,718.0,1.0,0.0,0.1548,0.0116,21.73,22.2,,0.8401,-0.2094,0.3332,https://cdn.cboe.com/api/global/delayed_quotes/options/SPY.json,0.0116,6311.365867039999,0.0,6311.365867039999,6.311365867039999e-06,0.0,6.311365867039999e-06
SPY,SPY260520P00718000,2026-05-20,10,put,718.0,93.0,131.0,0.1556,0.0117,1.75,1.77,,-0.1609,-0.211,0.3345,https://cdn.cboe.com/api/global/delayed_quotes/options/SPY.json,0.0117,0.0,-592016.99999364,-592016.99999364,0.0,-0.00059201699999364,-0.00059201699999364
SPY,SPY260520C00719000,2026-05-20,10,call,719.0,1.0,1.0,0.1534,0.0122,20.86,21.31,,0.8302,-0.216,0.3459,https://cdn.cboe.com/api/global/delayed_quotes/options/SPY.json,0.0122,6637.81582568,0.0,6637.81582568,6.63781582568e-06,0.0,6.63781582568e-06
SPY,SPY260520P00719000,2026-05-20,10,put,719.0,90.0,444.0,0.154,0.0123,1.87,1.89,,-0.1709,-0.2177,0.3468,https://cdn.cboe.com/api/global/delayed_quotes/options/SPY.json,0.0123,0.0,-602300.1736908,-602300.1736908,0.0,-0.0006023001736908,-0.0006023001736908
SPY,SPY260520C00720000,2026-05-20,10,call,720.0,33.0,10.0,0.1524,0.0128,19.99,20.45,,0.8197,-0.2226,0.3589,https://cdn.cboe.com/api/global/delayed_quotes/options/SPY.json,0.0128,229820.77088256003,0.0,229820.77088256003,0.00022982077088256003,0.0,0.00022982077088256003
SPY,SPY260520P00720000,2026-05-20,10,put,720.0,634.0,637.0,0.1526,0.0129,2.0,2.02,,-0.1815,-0.2244,0.3596,https://cdn.cboe.com/api/global/delayed_quotes/options/SPY.json,0.0129,0.0,-4449839.386221839,-4449839.386221839,0.0,-0.004449839386221839,-0.004449839386221839
SPY,SPY260520C00721000,2026-05-20,10,call,721.0,28.0,0.0,0.1504,0.0134,19.12,19.59,,0.8085,-0.2292,0.3719,https://cdn.cboe.com/api/global/delayed_quotes/options/SPY.json,0.0134,204140.04080288002,0.0,204140.04080288002,0.00020414004080288002,0.0,0.00020414004080288002
SPY,SPY260520P00721000,2026-05-20,10,put,721.0,50.0,99.0,0.1509,0.0136,2.14,2.16,,-0.1927,-0.2311,0.3735,https://cdn.cboe.com/api/global/delayed_quotes/options/SPY.json,0.0136,0.0,-369976.619792,-369976.619792,0.0,-0.000369976619792,-0.000369976619792
SPY,SPY260520P00722000,2026-05-20,10,put,722.0,51.0,182.0,0.1494,0.0142,2.29,2.31,,-0.2047,-0.2378,0.3865,https://cdn.cboe.com/api/global/delayed_quotes/options/SPY.json,0.0142,0.0,-394025.10007848,-394025.10007848,0.0,-0.00039402510007848,-0.00039402510007848
SPY,SPY260520C00723000,2026-05-20,10,call,723.0,400.0,0.0,0.1482,0.0147,17.46,17.9,,0.7842,-0.2423,0.3979,https://cdn.cboe.com/api/global/delayed_quotes/options/SPY.json,0.0147,3199209.594672,0.0,3199209.594672,0.003199209594672,0.0,0.003199209594672
SPY,SPY260520P00723000,2026-05-20,10,put,723.0,150.0,120.0,0.1481,0.0149,2.45,2.47,,-0.2173,-0.2445,0.399,https://cdn.cboe.com/api/global/delayed_quotes/options/SPY.json,0.0149,0.0,-1216026.095934,-1216026.095934,0.0,-0.0012160260959340002,-0.0012160260959340002
SPY,SPY260520C00724000,2026-05-20,10,call,724.0,43.0,36.0,0.1463,0.0154,16.7,16.96,,0.771,-0.2486,0.4111,https://cdn.cboe.com/api/global/delayed_quotes/options/SPY.json,0.0154,360291.93768568005,0.0,360291.93768568005,0.0003602919376856801,0.0,0.0003602919376856801
SPY,SPY260520P00724000,2026-05-20,10,put,724.0,103.0,107.0,0.1466,0.0155,2.62,2.65,,-0.2307,-0.251,0.4119,https://cdn.cboe.com/api/global/delayed_quotes/options/SPY.json,0.0155,0.0,-868628.9316146,-868628.9316146,0.0,-0.0008686289316146,-0.0008686289316146
SPY,SPY260520C00725000,2026-05-20,10,call,725.0,475.0,78.0,0.1454,0.016,15.84,16.26,,0.7571,-0.2548,0.4241,https://cdn.cboe.com/api/global/delayed_quotes/options/SPY.json,0.016,4135032.80944,0.0,4135032.80944,0.00413503280944,0.0,0.00413503280944
SPY,SPY260520P00725000,2026-05-20,10,put,725.0,479.0,528.0,0.1452,0.0162,2.82,2.83,,-0.2447,-0.2574,0.4258,https://cdn.cboe.com/api/global/delayed_quotes/options/SPY.json,0.0162,0.0,-4221977.315091119,-4221977.315091119,0.0,-0.004221977315091119,-0.004221977315091119
SPY,SPY260520C00726000,2026-05-20,10,call,726.0,22.0,1.0,0.144,0.0167,15.01,15.47,,0.7425,-0.2607,0.4367,https://cdn.cboe.com/api/global/delayed_quotes/options/SPY.json,0.0167,199896.19134056004,0.0,199896.19134056004,0.00019989619134056004,0.0,0.00019989619134056004
SPY,SPY260520P00726000,2026-05-20,10,put,726.0,69.0,871.0,0.1438,0.0169,3.01,3.03,,-0.2596,-0.2635,0.4384,https://cdn.cboe.com/api/global/delayed_quotes/options/SPY.json,0.0169,0.0,-634455.4946168399,-634455.4946168399,0.0,-0.0006344554946168399,-0.0006344554946168399
SPY,SPY260520C00727000,2026-05-20,10,call,727.0,1.0,1.0,0.1422,0.0174,14.23,14.69,,0.727,-0.2664,0.449,https://cdn.cboe.com/api/global/delayed_quotes/options/SPY.json,0.0174,9467.048800559998,0.0,9467.048800559998,9.467048800559999e-06,0.0,9.467048800559999e-06
SPY,SPY260520P00727000,2026-05-20,10,put,727.0,109.0,279.0,0.1424,0.0176,3.22,3.25,,-0.2752,-0.2694,0.4501,https://cdn.cboe.com/api/global/delayed_quotes/options/SPY.json,0.0176,0.0,-1043769.3344249601,-1043769.3344249601,0.0,-0.0010437693344249601,-0.0010437693344249601
SPY,SPY260520P00728000,2026-05-20,10,put,728.0,148.0,820.0,0.141,0.0183,3.45,3.48,,-0.2915,-0.2749,0.4619,https://cdn.cboe.com/api/global/delayed_quotes/options/SPY.json,0.0183,0.0,-1473595.11330096,-1473595.11330096,0.0,-0.00147359511330096,-0.00147359511330096
SPY,SPY260520C00729000,2026-05-20,10,call,729.0,9.0,6.0,0.1402,0.0187,12.75,13.16,,0.694,-0.2766,0.4727,https://cdn.cboe.com/api/global/delayed_quotes/options/SPY.json,0.0187,91569.21339852002,0.0,91569.21339852002,9.156921339852002e-05,0.0,9.156921339852002e-05
SPY,SPY260520P00729000,2026-05-20,10,put,729.0,196.0,588.0,0.1398,0.0189,3.7,3.73,,-0.3086,-0.28,0.4746,https://cdn.cboe.com/api/global/delayed_quotes/options/SPY.json,0.0189,0.0,-2015502.0446433602,-2015502.0446433602,0.0,-0.0020155020446433604,-0.0020155020446433604
SPY,SPY260520C00730000,2026-05-20,10,call,730.0,166.0,45.0,0.1384,0.0193,11.97,12.42,,0.6764,-0.281,0.4834,https://cdn.cboe.com/api/global/delayed_quotes/options/SPY.json,0.0193,1743133.9624847202,0.0,1743133.9624847202,0.0017431339624847202,0.0,0.0017431339624847202
SPY,SPY260520P00730000,2026-05-20,10,put,730.0,522.0,9670.0,0.1384,0.0196,3.96,3.99,,-0.3266,-0.2847,0.4847,https://cdn.cboe.com/api/global/delayed_quotes/options/SPY.json,0.0196,0.0,-5566624.69472928,-5566624.69472928,0.0,-0.005566624694729279,-0.005566624694729279
SPY,SPY260520C00731000,2026-05-20,10,call,731.0,349.0,329.0,0.1376,0.0199,11.28,11.7,,0.658,-0.2848,0.4935,https://cdn.cboe.com/api/global/delayed_quotes/options/SPY.json,0.0199,3778712.67958444,0.0,3778712.67958444,0.00377871267958444,0.0,0.00377871267958444
SPY,SPY260520P00731000,2026-05-20,10,put,731.0,83.0,75.0,0.1371,0.0202,4.24,4.27,,-0.3453,-0.2888,0.4943,https://cdn.cboe.com/api/global/delayed_quotes/options/SPY.json,0.0202,0.0,-912210.00109304,-912210.00109304,0.0,-0.0009122100010930399,-0.0009122100010930399
SPY,SPY260520C00732000,2026-05-20,10,call,732.0,177.0,9.0,0.1362,0.0205,10.55,11.0,,0.6389,-0.2881,0.5029,https://cdn.cboe.com/api/global/delayed_quotes/options/SPY.json,0.0205,1974206.1248754002,0.0,1974206.1248754002,0.0019742061248754,0.0,0.0019742061248754
SPY,SPY260520P00732000,2026-05-20,10,put,732.0,174.0,248.0,0.1358,0.0208,4.54,4.57,,-0.3647,-0.2924,0.5034,https://cdn.cboe.com/api/global/delayed_quotes/options/SPY.json,0.0208,0.0,-1969146.1505164797,-1969146.1505164797,0.0,-0.0019691461505164797,-0.0019691461505164797
SPY,SPY260520C00733000,2026-05-20,10,call,733.0,71.0,16.0,0.1352,0.0211,9.92,10.32,,0.6191,-0.2906,0.5112,https://cdn.cboe.com/api/global/delayed_quotes/options/SPY.json,0.0211,815091.13839764,0.0,815091.13839764,0.00081509113839764,0.0,0.00081509113839764
SPY,SPY260520P00733000,2026-05-20,10,put,733.0,139.0,149.0,0.1347,0.0214,4.86,4.89,,-0.3849,-0.2953,0.5121,https://cdn.cboe.com/api/global/delayed_quotes/options/SPY.json,0.0214,0.0,-1618430.0782842399,-1618430.0782842399,0.0,-0.00161843007828424,-0.00161843007828424
SPY,SPY260520C00734000,2026-05-20,10,call,734.0,120.0,19.0,0.134,0.0216,9.26,9.66,,0.5986,-0.2924,0.5183,https://cdn.cboe.com/api/global/delayed_quotes/options/SPY.json,0.0216,1410263.8213248,0.0,1410263.8213248,0.0014102638213248,0.0,0.0014102638213248
SPY,SPY260520P00734000,2026-05-20,10,put,734.0,213.0,283.0,0.1334,0.022,5.2,5.24,,-0.4059,-0.2975,0.5187,https://cdn.cboe.com/api/global/delayed_quotes/options/SPY.json,0.022,0.0,-2549574.1769784,-2549574.1769784,0.0,-0.0025495741769784,-0.0025495741769784
SPY,SPY260520C00735000,2026-05-20,10,call,735.0,265.0,287.0,0.1324,0.022,8.57,9.02,,0.5774,-0.2935,0.5243,https://cdn.cboe.com/api/global/delayed_quotes/options/SPY.json,0.022,3172005.431452,0.0,3172005.431452,0.003172005431452,0.0,0.003172005431452
SPY,SPY260520P00735000,2026-05-20,10,put,735.0,231.0,837.0,0.1323,0.0225,5.57,5.6,,-0.4274,-0.2989,0.5243,https://cdn.cboe.com/api/global/delayed_quotes/options/SPY.json,0.0225,0.0,-2827872.766719,-2827872.766719,0.0,-0.002827872766719,-0.002827872766719
SPY,SPY260520C00736000,2026-05-20,10,call,736.0,245.0,386.0,0.1319,0.0225,8.02,8.41,,0.5557,-0.2936,0.5289,https://cdn.cboe.com/api/global/delayed_quotes/options/SPY.json,0.0225,2999258.995005,0.0,2999258.995005,0.0029992589950049997,0.0,0.0029992589950049997
SPY,SPY260520P00736000,2026-05-20,10,put,736.0,41.0,1019.0,0.1311,0.0229,5.95,5.99,,-0.4497,-0.2995,0.5286,https://cdn.cboe.com/api/global/delayed_quotes/options/SPY.json,0.0229,0.0,-510839.77694515995,-510839.77694515995,0.0,-0.0005108397769451599,-0.0005108397769451599
SPY,SPY260520C00737000,2026-05-20,10,call,737.0,92.0,423.0,0.1296,0.0228,7.54,7.58,,0.5334,-0.2929,0.532,https://cdn.cboe.com/api/global/delayed_quotes/options/SPY.json,0.0228,1141269.0554054398,0.0,1141269.0554054398,0.0011412690554054399,0.0,0.0011412690554054399
SPY,SPY260520P00737000,2026-05-20,10,put,737.0,23.0,448.0,0.1296,0.0233,6.37,6.4,,-0.4726,-0.2992,0.5313,https://cdn.cboe.com/api/global/delayed_quotes/options/SPY.json,0.0233,0.0,-291574.22139196,-291574.22139196,0.0,-0.00029157422139196,-0.00029157422139196
SPY,SPY260520C00738000,2026-05-20,10,call,738.0,166.0,295.0,0.1286,0.0231,6.97,7.01,,0.5106,-0.2913,0.5336,https://cdn.cboe.com/api/global/delayed_quotes/options/SPY.json,0.0231,2086341.6856682398,0.0,2086341.6856682398,0.00208634168566824,0.0,0.00208634168566824
SPY,SPY260520P00738000,2026-05-20,10,put,738.0,18.0,714.0,0.1288,0.0236,6.79,6.83,,-0.4959,-0.298,0.5327,https://cdn.cboe.com/api/global/delayed_quotes/options/SPY.json,0.0236,0.0,-231126.57071712002,-231126.57071712002,0.0,-0.00023112657071712003,-0.00023112657071712003
SPY,SPY260520C00739000,2026-05-20,10,call,739.0,78.0,423.0,0.1275,0.0233,6.42,6.46,,0.4874,-0.2887,0.5336,https://cdn.cboe.com/api/global/delayed_quotes/options/SPY.json,0.0233,988816.9247205601,0.0,988816.9247205601,0.00098881692472056,0.0,0.00098881692472056
SPY,SPY260520P00739000,2026-05-20,10,put,739.0,1.0,139.0,0.1277,0.0239,7.25,7.28,,-0.5198,-0.296,0.5309,https://cdn.cboe.com/api/global/delayed_quotes/options/SPY.json,0.0239,0.0,-13003.59001916,-13003.59001916,0.0,-1.300359001916e-05,-1.300359001916e-05
SPY,SPY260520C00740000,2026-05-20,10,call,740.0,375.0,1099.0,0.1265,0.0234,5.9,5.94,,0.4639,-0.2851,0.5318,https://cdn.cboe.com/api/global/delayed_quotes/options/SPY.json,0.0234,4774330.64511,0.0,4774330.64511,0.0047743306451099995,0.0,0.0047743306451099995
SPY,SPY260520P00740000,2026-05-20,10,put,740.0,34.0,279.0,0.1265,0.0241,7.73,7.77,,-0.544,-0.2929,0.5289,https://cdn.cboe.com/api/global/delayed_quotes/options/SPY.json,0.0241,0.0,-445821.82684935996,-445821.82684935996,0.0,-0.00044582182684936,-0.00044582182684936
SPY,SPY260520C00741000,2026-05-20,10,call,741.0,1.0,766.0,0.1254,0.0234,5.4,5.44,,0.4402,-0.2806,0.5283,https://cdn.cboe.com/api/global/delayed_quotes/options/SPY.json,0.0234,12731.54838696,0.0,12731.54838696,1.273154838696e-05,0.0,1.273154838696e-05
SPY,SPY260520P00741000,2026-05-20,10,put,741.0,1.0,4.0,0.1248,0.0242,8.02,8.42,,-0.5685,-0.2889,0.5252,https://cdn.cboe.com/api/global/delayed_quotes/options/SPY.json,0.0242,0.0,-13166.81499848,-13166.81499848,0.0,-1.316681499848e-05,-1.316681499848e-05
SPY,SPY260520C00742000,2026-05-20,10,call,742.0,139.0,1026.0,0.1244,0.0234,4.93,4.97,,0.4163,-0.275,0.5228,https://cdn.cboe.com/api/global/delayed_quotes/options/SPY.json,0.0234,1769685.22578744,0.0,1769685.22578744,0.0017696852257874402,0.0,0.0017696852257874402
SPY,SPY260520C00743000,2026-05-20,10,call,743.0,62.0,491.0,0.1234,0.0232,4.49,4.52,,0.3924,-0.2685,0.5156,https://cdn.cboe.com/api/global/delayed_quotes/options/SPY.json,0.0232,782609.36751296,0.0,782609.36751296,0.00078260936751296,0.0,0.00078260936751296
SPY,SPY260520C00744000,2026-05-20,10,call,744.0,152.0,291.0,0.1224,0.023,4.06,4.1,,0.3685,-0.261,0.5066,https://cdn.cboe.com/api/global/delayed_quotes/options/SPY.json,0.023,1902115.0923424,0.0,1902115.0923424,0.0019021150923424,0.0,0.0019021150923424
SPY,SPY260520C00745000,2026-05-20,10,call,745.0,245.0,226.0,0.1213,0.0226,3.67,3.7,,0.3449,-0.2527,0.4956,https://cdn.cboe.com/api/global/delayed_quotes/options/SPY.json,0.0226,3012589.0349828,0.0,3012589.0349828,0.0030125890349828,0.0,0.0030125890349828
SPY,SPY260520C00746000,2026-05-20,10,call,746.0,143.0,715.0,0.1204,0.0222,3.3,3.33,,0.3215,-0.2435,0.483,https://cdn.cboe.com/api/global/delayed_quotes/options/SPY.json,0.0222,1727246.7311642403,0.0,1727246.7311642403,0.0017272467311642403,0.0,0.0017272467311642403
SPY,SPY260520P00746000,2026-05-20,10,put,746.0,1.0,2.0,0.1193,0.0232,10.92,11.38,,-0.6924,-0.255,0.4718,https://cdn.cboe.com/api/global/delayed_quotes/options/SPY.json,0.0232,0.0,-12622.731734079998,-12622.731734079998,0.0,-1.2622731734079998e-05,-1.2622731734079998e-05
SPY,SPY260520C00747000,2026-05-20,10,call,747.0,39.0,362.0,0.1196,0.0216,2.96,2.98,,0.2985,-0.2336,0.4688,https://cdn.cboe.com/api/global/delayed_quotes/options/SPY.json,0.0216,458335.74193056003,0.0,458335.74193056003,0.00045833574193056005,0.0,0.00045833574193056005
SPY,SPY260520C00748000,2026-05-20,10,call,748.0,10.0,119.0,0.1186,0.021,2.64,2.66,,0.276,-0.2229,0.4527,https://cdn.cboe.com/api/global/delayed_quotes/options/SPY.json,0.021,114257.48552400002,0.0,114257.48552400002,0.00011425748552400002,0.0,0.00011425748552400002
SPY,SPY260520C00749000,2026-05-20,10,call,749.0,67.0,650.0,0.1177,0.0203,2.34,2.37,,0.2541,-0.2117,0.4356,https://cdn.cboe.com/api/global/delayed_quotes/options/SPY.json,0.0203,740007.64791044,0.0,740007.64791044,0.00074000764791044,0.0,0.00074000764791044
SPY,SPY260520P00749000,2026-05-20,10,put,749.0,1.0,1.0,0.1165,0.0215,12.98,13.5,,-0.7638,-0.2249,0.4174,https://cdn.cboe.com/api/global/delayed_quotes/options/SPY.json,0.0215,0.0,-11697.7901846,-11697.7901846,0.0,-1.16977901846e-05,-1.16977901846e-05
SPY,SPY260520C00750000,2026-05-20,10,call,750.0,244.0,415.0,0.1168,0.0195,2.07,2.09,,0.233,-0.2,0.4169,https://cdn.cboe.com/api/global/delayed_quotes/options/SPY.json,0.0195,2588748.1720152,0.0,2588748.1720152,0.0025887481720152,0.0,0.0025887481720152
SPY,SPY260520P00750000,2026-05-20,10,put,750.0,1.0,8.0,0.1153,0.0207,13.72,14.24,,-0.7865,-0.2136,0.3933,https://cdn.cboe.com/api/global/delayed_quotes/options/SPY.json,0.0207,0.0,-11262.52357308,-11262.52357308,0.0,-1.1262523573079999e-05,-1.1262523573079999e-05
SPY,SPY260520C00755000,2026-05-20,10,call,755.0,282.0,671.0,0.113,0.0147,1.04,1.07,,0.1407,-0.139,0.3118,https://cdn.cboe.com/api/global/delayed_quotes/options/SPY.json,0.0147,2255442.7642437597,0.0,2255442.7642437597,0.0022554427642437597,0.0,0.0022554427642437597
SPY,SPY260520P00755000,2026-05-20,10,put,755.0,1.0,0.0,0.1089,0.0156,17.77,18.31,,-0.8858,-0.1497,0.2682,https://cdn.cboe.com/api/global/delayed_quotes/options/SPY.json,0.0156,0.0,-8487.698924639999,-8487.698924639999,0.0,-8.48769892464e-06,-8.48769892464e-06
SPY,SPY260520C00760000,2026-05-20,10,call,760.0,88.0,437.0,0.1104,0.0097,0.48,0.5,,0.0767,-0.0858,0.2078,https://cdn.cboe.com/api/global/delayed_quotes/options/SPY.json,0.0097,464429.47449184,0.0,464429.47449184,0.00046442947449184,0.0,0.00046442947449184
SPY,SPY260520C00765000,2026-05-20,10,call,765.0,245.0,161.0,0.111,0.0058,0.23,0.24,,0.0406,-0.0507,0.1306,https://cdn.cboe.com/api/global/delayed_quotes/options/SPY.json,0.0058,773142.3187123999,0.0,773142.3187123999,0.0007731423187123999,0.0,0.0007731423187123999
SPY,SPY260520C00770000,2026-05-20,10,call,770.0,294.0,229.0,0.116,0.0036,0.12,0.14,,0.0234,-0.0326,0.0853,https://cdn.cboe.com/api/global/delayed_quotes/options/SPY.json,0.0036,575857.72704096,0.0,575857.72704096,0.00057585772704096,0.0,0.00057585772704096
SPY,SPY260520C00775000,2026-05-20,10,call,775.0,9.0,6.0,0.1224,0.0023,0.08,0.09,,0.0154,-0.0238,0.0606,https://cdn.cboe.com/api/global/delayed_quotes/options/SPY.json,0.0023,11262.52357308,0.0,11262.52357308,1.1262523573079999e-05,0.0,1.1262523573079999e-05
SPY,SPY260520C00780000,2026-05-20,10,call,780.0,107.0,94.0,0.1319,0.0017,0.05,0.07,,0.0113,-0.0193,0.0465,https://cdn.cboe.com/api/global/delayed_quotes/options/SPY.json,0.0017,98968.74579435999,0.0,98968.74579435999,9.896874579435999e-05,0.0,9.896874579435999e-05
SPY,SPY260520C00785000,2026-05-20,10,call,785.0,58.0,10.0,0.1388,0.0012,0.04,0.05,,0.0087,-0.0162,0.0371,https://cdn.cboe.com/api/global/delayed_quotes/options/SPY.json,0.0012,37868.19520223999,0.0,37868.19520223999,3.7868195202239996e-05,0.0,3.7868195202239996e-05
SPY,SPY260520C00790000,2026-05-20,10,call,790.0,73.0,0.0,0.1472,0.001,0.03,0.04,,0.0069,-0.014,0.0302,https://cdn.cboe.com/api/global/delayed_quotes/options/SPY.json,0.001,39718.078301199996,0.0,39718.078301199996,3.97180783012e-05,0.0,3.97180783012e-05
SPY,SPY260520C00795000,2026-05-20,10,call,795.0,160.0,0.0,0.1592,0.0007,0.03,0.04,,0.0056,-0.0122,0.0251,https://cdn.cboe.com/api/global/delayed_quotes/options/SPY.json,0.0007,60937.3256128,0.0,60937.3256128,6.09373256128e-05,0.0,6.09373256128e-05
SPY,SPY260520C00800000,2026-05-20,10,call,800.0,10.0,0.0,0.165,0.0006,0.02,0.03,,0.0046,-0.0107,0.021,https://cdn.cboe.com/api/global/delayed_quotes/options/SPY.json,0.0006,3264.4995863999998,0.0,3264.4995863999998,3.2644995863999997e-06,0.0,3.2644995863999997e-06
SPY,SPY260520C00805000,2026-05-20,10,call,805.0,7.0,0.0,0.1767,0.0005,0.02,0.03,,0.0039,-0.0096,0.018,https://cdn.cboe.com/api/global/delayed_quotes/options/SPY.json,0.0005,1904.2914254,0.0,1904.2914254,1.9042914254e-06,0.0,1.9042914254e-06
SPY,SPY260520C00815000,2026-05-20,10,call,815.0,1.0,0.0,0.1897,0.0003,0.01,0.02,,0.0028,-0.0078,0.0134,https://cdn.cboe.com/api/global/delayed_quotes/options/SPY.json,0.0003,163.22497932,0.0,163.22497932,1.6322497931999998e-07,0.0,1.6322497931999998e-07
SPY,SPY260520C00835000,2026-05-20,10,call,835.0,17.0,474.0,0.2313,0.0002,0.01,0.02,,0.0016,-0.0054,0.008,https://cdn.cboe.com/api/global/delayed_quotes/options/SPY.json,0.0002,1849.8830989600003,0.0,1849.8830989600003,1.8498830989600004e-06,0.0,1.8498830989600004e-06
SPY,SPY260520C00840000,2026-05-20,10,call,840.0,44.0,17.0,0.2414,0.0001,0.01,0.02,,0.0014,-0.0049,0.0071,https://cdn.cboe.com/api/global/delayed_quotes/options/SPY.json,0.0001,2393.96636336,0.0,2393.96636336,2.39396636336e-06,0.0,2.39396636336e-06
SPY,SPY260520C00855000,2026-05-20,10,call,855.0,5.0,0.0,0.2487,0.0001,0.0,0.02,,0.001,-0.0038,0.005,https://cdn.cboe.com/api/global/delayed_quotes/options/SPY.json,0.0001,272.04163220000004,0.0,272.04163220000004,2.7204163220000003e-07,0.0,2.7204163220000003e-07
QQQ,QQQ260511C00495000,2026-05-11,1,call,495.0,2.0,0.0,1.7089,0.0,214.66,218.5,,0.9996,-0.0061,0.0008,https://cdn.cboe.com/api/global/delayed_quotes/options/QQQ.json,0.0,0.0,0.0,0.0,0.0,0.0,0.0
QQQ,QQQ260511P00495000,2026-05-11,1,put,495.0,1668.0,0.0,1.1753,0.0,0.0,0.01,,-0.0003,-0.0061,0.0008,https://cdn.cboe.com/api/global/delayed_quotes/options/QQQ.json,0.0,0.0,-0.0,0.0,0.0,-0.0,0.0
QQQ,QQQ260511P00500000,2026-05-11,1,put,500.0,115.0,0.0,1.1445,0.0,0.0,1.31,,-0.0004,-0.0062,0.0008,https://cdn.cboe.com/api/global/delayed_quotes/options/QQQ.json,0.0,0.0,-0.0,0.0,0.0,-0.0,0.0
QQQ,QQQ260511C00505000,2026-05-11,1,call,505.0,8.0,0.0,1.6302,0.0,204.68,208.5,,0.9996,-0.0064,0.0009,https://cdn.cboe.com/api/global/delayed_quotes/options/QQQ.json,0.0,0.0,0.0,0.0,0.0,0.0,0.0
QQQ,QQQ260511P00505000,2026-05-11,1,put,505.0,200.0,0.0,1.1709,0.0,0.0,1.63,,-0.0004,-0.0064,0.0009,https://cdn.cboe.com/api/global/delayed_quotes/options/QQQ.json,0.0,0.0,-0.0,0.0,0.0,-0.0,0.0
QQQ,QQQ260511P00510000,2026-05-11,1,put,510.0,182.0,0.0,1.1393,0.0,0.0,1.64,,-0.0004,-0.0065,0.0009,https://cdn.cboe.com/api/global/delayed_quotes/options/QQQ.json,0.0,0.0,-0.0,0.0,0.0,-0.0,0.0
QQQ,QQQ260511P00515000,2026-05-11,1,put,515.0,4033.0,0.0,1.108,0.0,0.0,1.31,,-0.0004,-0.0066,0.0009,https://cdn.cboe.com/api/global/delayed_quotes/options/QQQ.json,0.0,0.0,-0.0,0.0,0.0,-0.0,0.0
QQQ,QQQ260511P00520000,2026-05-11,1,put,520.0,15013.0,0.0,1.0769,0.0,0.0,1.63,,-0.0004,-0.0068,0.001,https://cdn.cboe.com/api/global/delayed_quotes/options/QQQ.json,0.0,0.0,-0.0,0.0,0.0,-0.0,0.0
QQQ,QQQ260511C00525000,2026-05-11,1,call,525.0,29.0,29.0,1.4594,0.0,184.67,188.5,,0.9995,-0.007,0.001,https://cdn.cboe.com/api/global/delayed_quotes/options/QQQ.json,0.0,0.0,0.0,0.0,0.0,0.0,0.0
QQQ,QQQ260511P00525000,2026-05-11,1,put,525.0,1218.0,0.0,0.9946,0.0,0.0,0.01,,-0.0004,-0.007,0.001,https://cdn.cboe.com/api/global/delayed_quotes/options/QQQ.json,0.0,0.0,-0.0,0.0,0.0,-0.0,0.0
QQQ,QQQ260511P00530000,2026-05-11,1,put,530.0,614.0,3.0,0.9654,0.0,0.0,0.01,,-0.0005,-0.0071,0.0011,https://cdn.cboe.com/api/global/delayed_quotes/options/QQQ.json,0.0,0.0,-0.0,0.0,0.0,-0.0,0.0
QQQ,QQQ260511P00535000,2026-05-11,1,put,535.0,2384.0,3.0,0.9852,0.0,0.0,1.66,,-0.0005,-0.0073,0.0011,https://cdn.cboe.com/api/global/delayed_quotes/options/QQQ.json,0.0,0.0,-0.0,0.0,0.0,-0.0,0.0
QQQ,QQQ260511P00540000,2026-05-11,1,put,540.0,2144.0,22.0,0.9551,0.0,0.0,0.82,,-0.0005,-0.0075,0.0012,https://cdn.cboe.com/api/global/delayed_quotes/options/QQQ.json,0.0,0.0,-0.0,0.0,0.0,-0.0,0.0
QQQ,QQQ260511P00545000,2026-05-11,1,put,545.0,110.0,130.0,0.9252,0.0,0.0,1.39,,-0.0006,-0.0077,0.0013,https://cdn.cboe.com/api/global/delayed_quotes/options/QQQ.json,0.0,0.0,-0.0,0.0,0.0,-0.0,0.0
QQQ,QQQ260511P00550000,2026-05-11,1,put,550.0,427.0,9723.0,0.8956,0.0,0.0,0.02,,-0.0006,-0.008,0.0013,https://cdn.cboe.com/api/global/delayed_quotes/options/QQQ.json,0.0,0.0,-0.0,0.0,0.0,-0.0,0.0
QQQ,QQQ260511C00555000,2026-05-11,1,call,555.0,1.0,1.0,1.2206,0.0,154.67,158.5,,0.9993,-0.0083,0.0014,https://cdn.cboe.com/api/global/delayed_quotes/options/QQQ.json,0.0,0.0,0.0,0.0,0.0,0.0,0.0
QQQ,QQQ260511P00555000,2026-05-11,1,put,555.0,2304.0,3780.0,0.8662,0.0,0.0,0.02,,-0.0006,-0.0082,0.0014,https://cdn.cboe.com/api/global/delayed_quotes/options/QQQ.json,0.0,0.0,-0.0,0.0,0.0,-0.0,0.0
QQQ,QQQ260511P00560000,2026-05-11,1,put,560.0,7.0,2272.0,0.837,0.0,0.0,0.02,,-0.0007,-0.0085,0.0015,https://cdn.cboe.com/api/global/delayed_quotes/options/QQQ.json,0.0,0.0,-0.0,0.0,0.0,-0.0,0.0
QQQ,QQQ260511C00565000,2026-05-11,1,call,565.0,1.0,0.0,1.1422,0.0,144.67,148.5,,0.9992,-0.0089,0.0016,https://cdn.cboe.com/api/global/delayed_quotes/options/QQQ.json,0.0,0.0,0.0,0.0,0.0,0.0,0.0
QQQ,QQQ260511P00565000,2026-05-11,1,put,565.0,2.0,196.0,0.808,0.0,0.0,0.02,,-0.0007,-0.0088,0.0016,https://cdn.cboe.com/api/global/delayed_quotes/options/QQQ.json,0.0,0.0,-0.0,0.0,0.0,-0.0,0.0
QQQ,QQQ260511C00570000,2026-05-11,1,call,570.0,1.0,0.0,1.1058,0.0,139.68,143.5,,0.9992,-0.0093,0.0017,https://cdn.cboe.com/api/global/delayed_quotes/options/QQQ.json,0.0,0.0,0.0,0.0,0.0,0.0,0.0
QQQ,QQQ260511P00570000,2026-05-11,1,put,570.0,208.0,18.0,0.7792,0.0,0.0,0.02,,-0.0008,-0.0092,0.0017,https://cdn.cboe.com/api/global/delayed_quotes/options/QQQ.json,0.0,0.0,-0.0,0.0,0.0,-0.0,0.0
QQQ,QQQ260511C00575000,2026-05-11,1,call,575.0,1.0,1.0,1.0647,0.0001,134.67,138.5,,0.9991,-0.0096,0.0018,https://cdn.cboe.com/api/global/delayed_quotes/options/QQQ.json,0.0001,50.69440000000001,0.0,50.69440000000001,5.0694400000000006e-08,0.0,5.0694400000000006e-08
QQQ,QQQ260511P00575000,2026-05-11,1,put,575.0,48.0,1910.0,0.7506,0.0001,0.0,0.02,,-0.0008,-0.0096,0.0018,https://cdn.cboe.com/api/global/delayed_quotes/options/QQQ.json,0.0001,0.0,-2433.3312,-2433.3312,0.0,-2.4333312e-06,-2.4333312e-06
QQQ,QQQ260511P00576000,2026-05-11,1,put,576.0,791.0,0.0,0.7449,0.0001,0.0,0.22,,-0.0008,-0.0097,0.0018,https://cdn.cboe.com/api/global/delayed_quotes/options/QQQ.json,0.0001,0.0,-40099.2704,-40099.2704,0.0,-4.00992704e-05,-4.00992704e-05
QQQ,QQQ260511C00577000,2026-05-11,1,call,577.0,1.0,0.0,1.0541,0.0001,132.68,136.5,,0.9991,-0.0098,0.0019,https://cdn.cboe.com/api/global/delayed_quotes/options/QQQ.json,0.0001,50.69440000000001,0.0,50.69440000000001,5.0694400000000006e-08,0.0,5.0694400000000006e-08
QQQ,QQQ260511P00577000,2026-05-11,1,put,577.0,790.0,9.0,0.7392,0.0001,0.0,0.02,,-0.0008,-0.0098,0.0019,https://cdn.cboe.com/api/global/delayed_quotes/options/QQQ.json,0.0001,0.0,-40048.576,-40048.576,0.0,-4.0048576e-05,-4.0048576e-05
QQQ,QQQ260511P00578000,2026-05-11,1,put,578.0,103.0,15.0,0.7335,0.0001,0.0,0.02,,-0.0008,-0.0098,0.0019,https://cdn.cboe.com/api/global/delayed_quotes/options/QQQ.json,0.0001,0.0,-5221.5232000000005,-5221.5232000000005,0.0,-5.2215232e-06,-5.2215232e-06
QQQ,QQQ260511P00579000,2026-05-11,1,put,579.0,93.0,4.0,0.7278,0.0001,0.0,0.02,,-0.0009,-0.0099,0.0019,https://cdn.cboe.com/api/global/delayed_quotes/options/QQQ.json,0.0001,0.0,-4714.5792,-4714.5792,0.0,-4.7145792000000005e-06,-4.7145792000000005e-06
QQQ,QQQ260511P00580000,2026-05-11,1,put,580.0,118.0,11.0,0.7221,0.0001,0.0,0.02,,-0.0009,-0.01,0.002,https://cdn.cboe.com/api/global/delayed_quotes/options/QQQ.json,0.0001,0.0,-5981.9392,-5981.9392,0.0,-5.9819392e-06,-5.9819392e-06
QQQ,QQQ260511P00582000,2026-05-11,1,put,582.0,1.0,25.0,0.7108,0.0001,0.0,0.02,,-0.0009,-0.0102,0.002,https://cdn.cboe.com/api/global/delayed_quotes/options/QQQ.json,0.0001,0.0,-50.69440000000001,-50.69440000000001,0.0,-5.0694400000000006e-08,-5.0694400000000006e-08
QQQ,QQQ260511P00583000,2026-05-11,1,put,583.0,17.0,1711.0,0.7052,0.0001,0.0,0.02,,-0.0009,-0.0103,0.002,https://cdn.cboe.com/api/global/delayed_quotes/options/QQQ.json,0.0001,0.0,-861.8048000000001,-861.8048000000001,0.0,-8.618048000000001e-07,-8.618048000000001e-07
QQQ,QQQ260511P00584000,2026-05-11,1,put,584.0,10.0,386.0,0.6995,0.0001,0.0,0.03,,-0.0009,-0.0104,0.0021,https://cdn.cboe.com/api/global/delayed_quotes/options/QQQ.json,0.0001,0.0,-506.944,-506.944,0.0,-5.06944e-07,-5.06944e-07
QQQ,QQQ260511C00585000,2026-05-11,1,call,585.0,3.0,3.0,0.9927,0.0001,124.68,128.74,,0.999,-0.0105,0.0021,https://cdn.cboe.com/api/global/delayed_quotes/options/QQQ.json,0.0001,152.0832,0.0,152.0832,1.520832e-07,0.0,1.520832e-07
QQQ,QQQ260511P00585000,2026-05-11,1,put,585.0,35.0,5.0,0.6939,0.0001,0.0,0.02,,-0.001,-0.0105,0.0021,https://cdn.cboe.com/api/global/delayed_quotes/options/QQQ.json,0.0001,0.0,-1774.3040000000003,-1774.3040000000003,0.0,-1.7743040000000002e-06,-1.7743040000000002e-06
QQQ,QQQ260511C00587000,2026-05-11,1,call,587.0,1.0,0.0,0.9797,0.0001,122.69,126.68,,0.999,-0.0107,0.0022,https://cdn.cboe.com/api/global/delayed_quotes/options/QQQ.json,0.0001,50.69440000000001,0.0,50.69440000000001,5.0694400000000006e-08,0.0,5.0694400000000006e-08
QQQ,QQQ260511P00587000,2026-05-11,1,put,587.0,1.0,0.0,0.6826,0.0001,0.0,0.22,,-0.001,-0.0107,0.0022,https://cdn.cboe.com/api/global/delayed_quotes/options/QQQ.json,0.0001,0.0,-50.69440000000001,-50.69440000000001,0.0,-5.0694400000000006e-08,-5.0694400000000006e-08
QQQ,QQQ260511P00588000,2026-05-11,1,put,588.0,36.0,0.0,0.677,0.0001,0.0,0.22,,-0.001,-0.0108,0.0022,https://cdn.cboe.com/api/global/delayed_quotes/options/QQQ.json,0.0001,0.0,-1824.9984000000004,-1824.9984000000004,0.0,-1.8249984000000004e-06,-1.8249984000000004e-06
QQQ,QQQ260511C00590000,2026-05-11,1,call,590.0,4.0,1.0,0.9568,0.0001,119.69,123.74,,0.9989,-0.0111,0.0023,https://cdn.cboe.com/api/global/delayed_quotes/options/QQQ.json,0.0001,202.77760000000004,0.0,202.77760000000004,2.0277760000000002e-07,0.0,2.0277760000000002e-07
QQQ,QQQ260511P00590000,2026-05-11,1,put,590.0,176.0,0.0,0.6658,0.0001,0.0,0.22,,-0.001,-0.011,0.0023,https://cdn.cboe.com/api/global/delayed_quotes/options/QQQ.json,0.0001,0.0,-8922.2144,-8922.2144,0.0,-8.9222144e-06,-8.9222144e-06
QQQ,QQQ260511C00591000,2026-05-11,1,call,591.0,2.0,2.0,0.947,0.0001,118.68,122.74,,0.9989,-0.0112,0.0023,https://cdn.cboe.com/api/global/delayed_quotes/options/QQQ.json,0.0001,101.38880000000002,0.0,101.38880000000002,1.0138880000000001e-07,0.0,1.0138880000000001e-07
QQQ,QQQ260511P00592000,2026-05-11,1,put,592.0,7.0,6.0,0.6546,0.0001,0.0,0.02,,-0.0011,-0.0112,0.0023,https://cdn.cboe.com/api/global/delayed_quotes/options/QQQ.json,0.0001,0.0,-354.8607999999999,-354.8607999999999,0.0,-3.5486079999999993e-07,-3.5486079999999993e-07
QQQ,QQQ260511P00593000,2026-05-11,1,put,593.0,82.0,0.0,0.6491,0.0001,0.0,0.22,,-0.0011,-0.0113,0.0024,https://cdn.cboe.com/api/global/delayed_quotes/options/QQQ.json,0.0001,0.0,-4156.9408,-4156.9408,0.0,-4.156940800000001e-06,-4.156940800000001e-06
QQQ,QQQ260511P00594000,2026-05-11,1,put,594.0,19.0,0.0,0.6435,0.0001,0.0,0.22,,-0.0011,-0.0114,0.0024,https://cdn.cboe.com/api/global/delayed_quotes/options/QQQ.json,0.0001,0.0,-963.1936000000001,-963.1936000000001,0.0,-9.631936e-07,-9.631936e-07
QQQ,QQQ260511C00595000,2026-05-11,1,call,595.0,20.0,0.0,0.9188,0.0001,114.69,118.72,,0.9988,-0.0116,0.0025,https://cdn.cboe.com/api/global/delayed_quotes/options/QQQ.json,0.0001,1013.888,0.0,1013.888,1.013888e-06,0.0,1.013888e-06
QQQ,QQQ260511P00595000,2026-05-11,1,put,595.0,67.0,0.0,0.6379,0.0001,0.0,0.22,,-0.0011,-0.0116,0.0025,https://cdn.cboe.com/api/global/delayed_quotes/options/QQQ.json,0.0001,0.0,-3396.5248000000006,-3396.5248000000006,0.0,-3.3965248000000006e-06,-3.3965248000000006e-06
QQQ,QQQ260511P00596000,2026-05-11,1,put,596.0,30.0,4.0,0.6324,0.0001,0.0,0.02,,-0.0011,-0.0117,0.0025,https://cdn.cboe.com/api/global/delayed_quotes/options/QQQ.json,0.0001,0.0,-1520.8319999999999,-1520.8319999999999,0.0,-1.520832e-06,-1.520832e-06
QQQ,QQQ260511C00597000,2026-05-11,1,call,597.0,2.0,0.0,0.9057,0.0001,112.7,116.71,,0.9988,-0.0119,0.0026,https://cdn.cboe.com/api/global/delayed_quotes/options/QQQ.json,0.0001,101.38880000000002,0.0,101.38880000000002,1.0138880000000001e-07,0.0,1.0138880000000001e-07
QQQ,QQQ260511P00598000,2026-05-11,1,put,598.0,34.0,4.0,0.6426,0.0001,0.0,0.02,,-0.0012,-0.0119,0.0026,https://cdn.cboe.com/api/global/delayed_quotes/options/QQQ.json,0.0001,0.0,-1723.6096000000002,-1723.6096000000002,0.0,-1.7236096000000002e-06,-1.7236096000000002e-06
QQQ,QQQ260511C00599000,2026-05-11,1,call,599.0,2.0,0.0,0.8864,0.0001,110.68,114.74,,0.9988,-0.0122,0.0026,https://cdn.cboe.com/api/global/delayed_quotes/options/QQQ.json,0.0001,101.38880000000002,0.0,101.38880000000002,1.0138880000000001e-07,0.0,1.0138880000000001e-07
QQQ,QQQ260511P00599000,2026-05-11,1,put,599.0,566.0,1.0,0.6157,0.0001,0.0,0.02,,-0.0012,-0.0121,0.0026,https://cdn.cboe.com/api/global/delayed_quotes/options/QQQ.json,0.0001,0.0,-28693.0304,-28693.0304,0.0,-2.86930304e-05,-2.86930304e-05
QQQ,QQQ260511C00600000,2026-05-11,1,call,600.0,36.0,10.0,0.883,0.0001,109.7,113.74,,0.9987,-0.0123,0.0027,https://cdn.cboe.com/api/global/delayed_quotes/options/QQQ.json,0.0001,1824.9984000000004,0.0,1824.9984000000004,1.8249984000000004e-06,0.0,1.8249984000000004e-06
QQQ,QQQ260511P00600000,2026-05-11,1,put,600.0,67.0,15.0,0.6102,0.0001,0.0,0.02,,-0.0012,-0.0122,0.0027,https://cdn.cboe.com/api/global/delayed_quotes/options/QQQ.json,0.0001,0.0,-3396.5248000000006,-3396.5248000000006,0.0,-3.3965248000000006e-06,-3.3965248000000006e-06
QQQ,QQQ260511C00601000,2026-05-11,1,call,601.0,21.0,1.0,0.8713,0.0001,108.68,112.7,,0.9987,-0.0124,0.0027,https://cdn.cboe.com/api/global/delayed_quotes/options/QQQ.json,0.0001,1064.5824,0.0,1064.5824,1.0645824e-06,0.0,1.0645824e-06
QQQ,QQQ260511P00601000,2026-05-11,1,put,601.0,81.0,0.0,0.6047,0.0001,0.0,0.22,,-0.0012,-0.0123,0.0027,https://cdn.cboe.com/api/global/delayed_quotes/options/QQQ.json,0.0001,0.0,-4106.2464,-4106.2464,0.0,-4.1062464e-06,-4.1062464e-06
QQQ,QQQ260511C00602000,2026-05-11,1,call,602.0,4.0,1.0,0.8638,0.0001,107.68,111.75,,0.9987,-0.0126,0.0028,https://cdn.cboe.com/api/global/delayed_quotes/options/QQQ.json,0.0001,202.77760000000004,0.0,202.77760000000004,2.0277760000000002e-07,0.0,2.0277760000000002e-07
QQQ,QQQ260511P00602000,2026-05-11,1,put,602.0,94.0,106.0,0.5991,0.0001,0.0,0.02,,-0.0013,-0.0125,0.0028,https://cdn.cboe.com/api/global/delayed_quotes/options/QQQ.json,0.0001,0.0,-4765.2736,-4765.2736,0.0,-4.765273600000001e-06,-4.765273600000001e-06
QQQ,QQQ260511P00603000,2026-05-11,1,put,603.0,7.0,9.0,0.5936,0.0001,0.0,0.23,,-0.0013,-0.0126,0.0028,https://cdn.cboe.com/api/global/delayed_quotes/options/QQQ.json,0.0001,0.0,-354.8607999999999,-354.8607999999999,0.0,-3.5486079999999993e-07,-3.5486079999999993e-07
QQQ,QQQ260511C00604000,2026-05-11,1,call,604.0,2.0,0.0,0.8528,0.0001,105.7,109.69,,0.9986,-0.0128,0.0029,https://cdn.cboe.com/api/global/delayed_quotes/options/QQQ.json,0.0001,101.38880000000002,0.0,101.38880000000002,1.0138880000000001e-07,0.0,1.0138880000000001e-07
QQQ,QQQ260511P00604000,2026-05-11,1,put,604.0,29.0,204.0,0.5881,0.0001,0.0,0.22,,-0.0013,-0.0128,0.0029,https://cdn.cboe.com/api/global/delayed_quotes/options/QQQ.json,0.0001,0.0,-1470.1376,-1470.1376,0.0,-1.4701376e-06,-1.4701376e-06
QQQ,QQQ260511C00605000,2026-05-11,1,call,605.0,21.0,0.0,0.8413,0.0001,104.68,108.68,,0.9986,-0.013,0.0029,https://cdn.cboe.com/api/global/delayed_quotes/options/QQQ.json,0.0001,1064.5824,0.0,1064.5824,1.0645824e-06,0.0,1.0645824e-06
QQQ,QQQ260511P00605000,2026-05-11,1,put,605.0,171.0,226.0,0.5826,0.0001,0.0,0.02,,-0.0013,-0.0129,0.0029,https://cdn.cboe.com/api/global/delayed_quotes/options/QQQ.json,0.0001,0.0,-8668.7424,-8668.7424,0.0,-8.668742399999998e-06,-8.668742399999998e-06
QQQ,QQQ260511C00606000,2026-05-11,1,call,606.0,2.0,0.0,0.8338,0.0001,103.68,107.73,,0.9986,-0.0132,0.003,https://cdn.cboe.com/api/global/delayed_quotes/options/QQQ.json,0.0001,101.38880000000002,0.0,101.38880000000002,1.0138880000000001e-07,0.0,1.0138880000000001e-07
QQQ,QQQ260511P00606000,2026-05-11,1,put,606.0,3.0,6.0,0.5771,0.0001,0.0,0.22,,-0.0014,-0.0131,0.003,https://cdn.cboe.com/api/global/delayed_quotes/options/QQQ.json,0.0001,0.0,-152.0832,-152.0832,0.0,-1.520832e-07,-1.520832e-07
QQQ,QQQ260511C00607000,2026-05-11,1,call,607.0,2.0,2.0,0.8263,0.0001,102.68,106.69,,0.9986,-0.0133,0.003,https://cdn.cboe.com/api/global/delayed_quotes/options/QQQ.json,0.0001,101.38880000000002,0.0,101.38880000000002,1.0138880000000001e-07,0.0,1.0138880000000001e-07
QQQ,QQQ260511P00607000,2026-05-11,1,put,607.0,1.0,3.0,0.5716,0.0001,0.0,0.22,,-0.0014,-0.0132,0.003,https://cdn.cboe.com/api/global/delayed_quotes/options/QQQ.json,0.0001,0.0,-50.69440000000001,-50.69440000000001,0.0,-5.0694400000000006e-08,-5.0694400000000006e-08
QQQ,QQQ260511C00608000,2026-05-11,1,call,608.0,3.0,1.0,0.8188,0.0001,101.68,105.74,,0.9985,-0.0135,0.0031,https://cdn.cboe.com/api/global/delayed_quotes/options/QQQ.json,0.0001,152.0832,0.0,152.0832,1.520832e-07,0.0,1.520832e-07
QQQ,QQQ260511P00608000,2026-05-11,1,put,608.0,5.0,60.0,0.5661,0.0001,0.0,0.22,,-0.0014,-0.0134,0.0031,https://cdn.cboe.com/api/global/delayed_quotes/options/QQQ.json,0.0001,0.0,-253.472,-253.472,0.0,-2.53472e-07,-2.53472e-07
QQQ,QQQ260511P00609000,2026-05-11,1,put,609.0,32.0,4147.0,0.5606,0.0001,0.0,2.12,,-0.0014,-0.0136,0.0031,https://cdn.cboe.com/api/global/delayed_quotes/options/QQQ.json,0.0001,0.0,-1622.2208000000003,-1622.2208000000003,0.0,-1.6222208000000002e-06,-1.6222208000000002e-06
QQQ,QQQ260511C00610000,2026-05-11,1,call,610.0,4.0,2.0,0.8076,0.0001,99.7,103.69,,0.9985,-0.0138,0.0032,https://cdn.cboe.com/api/global/delayed_quotes/options/QQQ.json,0.0001,202.77760000000004,0.0,202.77760000000004,2.0277760000000002e-07,0.0,2.0277760000000002e-07
QQQ,QQQ260511P00610000,2026-05-11,1,put,610.0,102.0,4628.0,0.5745,0.0001,0.0,0.22,,-0.0015,-0.0137,0.0032,https://cdn.cboe.com/api/global/delayed_quotes/options/QQQ.json,0.0001,0.0,-5170.8288,-5170.8288,0.0,-5.1708288e-06,-5.1708288e-06
QQQ,QQQ260511C00611000,2026-05-11,1,call,611.0,1.0,7.0,0.7983,0.0001,98.69,102.75,,0.9984,-0.014,0.0033,https://cdn.cboe.com/api/global/delayed_quotes/options/QQQ.json,0.0001,50.69440000000001,0.0,50.69440000000001,5.0694400000000006e-08,0.0,5.0694400000000006e-08
QQQ,QQQ260511P00611000,2026-05-11,1,put,611.0,53.0,823.0,0.5496,0.0001,0.0,1.34,,-0.0015,-0.0139,0.0032,https://cdn.cboe.com/api/global/delayed_quotes/options/QQQ.json,0.0001,0.0,-2686.8032000000003,-2686.8032000000003,0.0,-2.6868032000000004e-06,-2.6868032000000004e-06
QQQ,QQQ260511C00612000,2026-05-11,1,call,612.0,27.0,2.0,0.7908,0.0001,97.69,101.75,,0.9984,-0.0142,0.0033,https://cdn.cboe.com/api/global/delayed_quotes/options/QQQ.json,0.0001,1368.7488,0.0,1368.7488,1.3687488000000001e-06,0.0,1.3687488000000001e-06
QQQ,QQQ260511P00612000,2026-05-11,1,put,612.0,106.0,377.0,0.5441,0.0001,0.0,0.2,,-0.0016,-0.0142,0.0033,https://cdn.cboe.com/api/global/delayed_quotes/options/QQQ.json,0.0001,0.0,-5373.606400000001,-5373.606400000001,0.0,-5.373606400000001e-06,-5.373606400000001e-06
QQQ,QQQ260511C00613000,2026-05-11,1,call,613.0,3.0,2.0,0.7814,0.0001,96.68,100.69,,0.9984,-0.0143,0.0034,https://cdn.cboe.com/api/global/delayed_quotes/options/QQQ.json,0.0001,152.0832,0.0,152.0832,1.520832e-07,0.0,1.520832e-07
QQQ,QQQ260511P00613000,2026-05-11,1,put,613.0,71.0,167.0,0.5576,0.0001,0.0,0.22,,-0.0016,-0.0142,0.0034,https://cdn.cboe.com/api/global/delayed_quotes/options/QQQ.json,0.0001,0.0,-3599.3024000000005,-3599.3024000000005,0.0,-3.5993024000000007e-06,-3.5993024000000007e-06
QQQ,QQQ260511C00614000,2026-05-11,1,call,614.0,1.0,68.0,0.7777,0.0001,95.7,99.75,,0.9983,-0.0145,0.0035,https://cdn.cboe.com/api/global/delayed_quotes/options/QQQ.json,0.0001,50.69440000000001,0.0,50.69440000000001,5.0694400000000006e-08,0.0,5.0694400000000006e-08
QQQ,QQQ260511P00614000,2026-05-11,1,put,614.0,17.0,52.0,0.552,0.0001,0.0,0.23,,-0.0016,-0.0144,0.0034,https://cdn.cboe.com/api/global/delayed_quotes/options/QQQ.json,0.0001,0.0,-861.8048000000001,-861.8048000000001,0.0,-8.618048000000001e-07,-8.618048000000001e-07
QQQ,QQQ260511C00615000,2026-05-11,1,call,615.0,2.0,2.0,0.7702,0.0001,94.7,98.69,,0.9983,-0.0147,0.0035,https://cdn.cboe.com/api/global/delayed_quotes/options/QQQ.json,0.0001,101.38880000000002,0.0,101.38880000000002,1.0138880000000001e-07,0.0,1.0138880000000001e-07
QQQ,QQQ260511P00615000,2026-05-11,1,put,615.0,113.0,321.0,0.5463,0.0001,0.01,0.02,,-0.0016,-0.0147,0.0035,https://cdn.cboe.com/api/global/delayed_quotes/options/QQQ.json,0.0001,0.0,-5728.467200000001,-5728.467200000001,0.0,-5.728467200000001e-06,-5.728467200000001e-06
QQQ,QQQ260511C00616000,2026-05-11,1,call,616.0,1.0,2.0,0.7609,0.0001,93.69,97.69,,0.9983,-0.0149,0.0036,https://cdn.cboe.com/api/global/delayed_quotes/options/QQQ.json,0.0001,50.69440000000001,0.0,50.69440000000001,5.0694400000000006e-08,0.0,5.0694400000000006e-08
QQQ,QQQ260511P00616000,2026-05-11,1,put,616.0,389.0,452.0,0.5549,0.0001,0.0,0.03,,-0.0017,-0.0148,0.0036,https://cdn.cboe.com/api/global/delayed_quotes/options/QQQ.json,0.0001,0.0,-19720.121600000006,-19720.121600000006,0.0,-1.9720121600000005e-05,-1.9720121600000005e-05
QQQ,QQQ260511C00617000,2026-05-11,1,call,617.0,1.0,0.0,0.7553,0.0002,92.69,96.7,,0.9982,-0.0151,0.0037,https://cdn.cboe.com/api/global/delayed_quotes/options/QQQ.json,0.0002,101.38880000000002,0.0,101.38880000000002,1.0138880000000001e-07,0.0,1.0138880000000001e-07
QQQ,QQQ260511P00617000,2026-05-11,1,put,617.0,111.0,42.0,0.5492,0.0002,0.0,0.23,,-0.0017,-0.015,0.0036,https://cdn.cboe.com/api/global/delayed_quotes/options/QQQ.json,0.0002,0.0,-11254.156800000002,-11254.156800000002,0.0,-1.1254156800000002e-05,-1.1254156800000002e-05
QQQ,QQQ260511C00618000,2026-05-11,1,call,618.0,17.0,6.0,0.746,0.0002,91.68,95.75,,0.9982,-0.0153,0.0038,https://cdn.cboe.com/api/global/delayed_quotes/options/QQQ.json,0.0002,1723.6096000000002,0.0,1723.6096000000002,1.7236096000000002e-06,0.0,1.7236096000000002e-06
QQQ,QQQ260511P00618000,2026-05-11,1,put,618.0,28.0,110.0,0.5435,0.0002,0.0,0.03,,-0.0018,-0.0152,0.0037,https://cdn.cboe.com/api/global/delayed_quotes/options/QQQ.json,0.0002,0.0,-2838.8863999999994,-2838.8863999999994,0.0,-2.8388863999999994e-06,-2.8388863999999994e-06
QQQ,QQQ260511C00619000,2026-05-11,1,call,619.0,26.0,6.0,0.7386,0.0002,90.68,94.75,,0.9982,-0.0155,0.0038,https://cdn.cboe.com/api/global/delayed_quotes/options/QQQ.json,0.0002,2636.1088,0.0,2636.1088,2.6361087999999998e-06,0.0,2.6361087999999998e-06
QQQ,QQQ260511P00619000,2026-05-11,1,put,619.0,500.0,130.0,0.5377,0.0002,0.0,0.68,,-0.0018,-0.0154,0.0038,https://cdn.cboe.com/api/global/delayed_quotes/options/QQQ.json,0.0002,0.0,-50694.4,-50694.4,0.0,-5.06944e-05,-5.06944e-05
QQQ,QQQ260511C00620000,2026-05-11,1,call,620.0,41.0,42.0,0.7329,0.0002,89.69,93.69,,0.9981,-0.0157,0.0039,https://cdn.cboe.com/api/global/delayed_quotes/options/QQQ.json,0.0002,4156.9408,0.0,4156.9408,4.156940800000001e-06,0.0,4.156940800000001e-06
QQQ,QQQ260511P00620000,2026-05-11,1,put,620.0,946.0,22.0,0.532,0.0002,0.01,0.03,,-0.0018,-0.0156,0.0039,https://cdn.cboe.com/api/global/delayed_quotes/options/QQQ.json,0.0002,0.0,-95913.80480000001,-95913.80480000001,0.0,-9.591380480000001e-05,-9.591380480000001e-05
QQQ,QQQ260511C00621000,2026-05-11,1,call,621.0,1.0,3.0,0.7237,0.0002,88.68,92.75,,0.9981,-0.016,0.004,https://cdn.cboe.com/api/global/delayed_quotes/options/QQQ.json,0.0002,101.38880000000002,0.0,101.38880000000002,1.0138880000000001e-07,0.0,1.0138880000000001e-07
QQQ,QQQ260511P00621000,2026-05-11,1,put,621.0,67.0,200.0,0.5263,0.0002,0.0,0.03,,-0.0019,-0.0158,0.004,https://cdn.cboe.com/api/global/delayed_quotes/options/QQQ.json,0.0002,0.0,-6793.049600000001,-6793.049600000001,0.0,-6.793049600000001e-06,-6.793049600000001e-06
QQQ,QQQ260511C00622000,2026-05-11,1,call,622.0,1.0,2.0,0.718,0.0002,87.69,91.69,,0.998,-0.0162,0.0041,https://cdn.cboe.com/api/global/delayed_quotes/options/QQQ.json,0.0002,101.38880000000002,0.0,101.38880000000002,1.0138880000000001e-07,0.0,1.0138880000000001e-07
QQQ,QQQ260511P00622000,2026-05-11,1,put,622.0,68.0,2004.0,0.5206,0.0002,0.01,0.03,,-0.0019,-0.0161,0.004,https://cdn.cboe.com/api/global/delayed_quotes/options/QQQ.json,0.0002,0.0,-6894.438400000001,-6894.438400000001,0.0,-6.894438400000001e-06,-6.894438400000001e-06
QQQ,QQQ260511C00623000,2026-05-11,1,call,623.0,6.0,155.0,0.7106,0.0002,86.69,90.73,,0.998,-0.0164,0.0042,https://cdn.cboe.com/api/global/delayed_quotes/options/QQQ.json,0.0002,608.3328,0.0,608.3328,6.083328e-07,0.0,6.083328e-07
QQQ,QQQ260511P00623000,2026-05-11,1,put,623.0,40.0,5401.0,0.5149,0.0002,0.01,0.03,,-0.002,-0.0163,0.0041,https://cdn.cboe.com/api/global/delayed_quotes/options/QQQ.json,0.0002,0.0,-4055.552,-4055.552,0.0,-4.055552e-06,-4.055552e-06
QQQ,QQQ260511C00624000,2026-05-11,1,call,624.0,1.0,1.0,0.7031,0.0002,85.69,89.69,,0.998,-0.0167,0.0042,https://cdn.cboe.com/api/global/delayed_quotes/options/QQQ.json,0.0002,101.38880000000002,0.0,101.38880000000002,1.0138880000000001e-07,0.0,1.0138880000000001e-07
QQQ,QQQ260511P00624000,2026-05-11,1,put,624.0,28.0,3526.0,0.5092,0.0002,0.0,0.03,,-0.002,-0.0166,0.0042,https://cdn.cboe.com/api/global/delayed_quotes/options/QQQ.json,0.0002,0.0,-2838.8863999999994,-2838.8863999999994,0.0,-2.8388863999999994e-06,-2.8388863999999994e-06
QQQ,QQQ260511C00625000,2026-05-11,1,call,625.0,9.0,4.0,0.6974,0.0002,84.7,88.69,,0.9979,-0.0169,0.0044,https://cdn.cboe.com/api/global/delayed_quotes/options/QQQ.json,0.0002,912.4992000000002,0.0,912.4992000000002,9.124992000000002e-07,0.0,9.124992000000002e-07
QQQ,QQQ260511P00625000,2026-05-11,1,put,625.0,443.0,6.0,0.5035,0.0002,0.01,0.23,,-0.002,-0.0168,0.0043,https://cdn.cboe.com/api/global/delayed_quotes/options/QQQ.json,0.0002,0.0,-44915.2384,-44915.2384,0.0,-4.4915238400000004e-05,-4.4915238400000004e-05
QQQ,QQQ260511C00626000,2026-05-11,1,call,626.0,6.0,9.0,0.6866,0.0002,83.68,87.71,,0.9978,-0.0172,0.0044,https://cdn.cboe.com/api/global/delayed_quotes/options/QQQ.json,0.0002,608.3328,0.0,608.3328,6.083328e-07,0.0,6.083328e-07
QQQ,QQQ260511P00626000,2026-05-11,1,put,626.0,396.0,279.0,0.4978,0.0002,0.01,0.03,,-0.0021,-0.017,0.0044,https://cdn.cboe.com/api/global/delayed_quotes/options/QQQ.json,0.0002,0.0,-40149.96480000001,-40149.96480000001,0.0,-4.014996480000001e-05,-4.014996480000001e-05
QQQ,QQQ260511C00627000,2026-05-11,1,call,627.0,1.0,5.0,0.6808,0.0002,82.69,86.71,,0.9978,-0.0174,0.0045,https://cdn.cboe.com/api/global/delayed_quotes/options/QQQ.json,0.0002,101.38880000000002,0.0,101.38880000000002,1.0138880000000001e-07,0.0,1.0138880000000001e-07
QQQ,QQQ260511P00627000,2026-05-11,1,put,627.0,227.0,85.0,0.4922,0.0002,0.01,0.03,,-0.0021,-0.0173,0.0045,https://cdn.cboe.com/api/global/delayed_quotes/options/QQQ.json,0.0002,0.0,-23015.257600000004,-23015.257600000004,0.0,-2.3015257600000005e-05,-2.3015257600000005e-05
QQQ,QQQ260511C00628000,2026-05-11,1,call,628.0,1.0,5.0,0.6734,0.0002,81.69,85.75,,0.9978,-0.0177,0.0046,https://cdn.cboe.com/api/global/delayed_quotes/options/QQQ.json,0.0002,101.38880000000002,0.0,101.38880000000002,1.0138880000000001e-07,0.0,1.0138880000000001e-07
QQQ,QQQ260511P00628000,2026-05-11,1,put,628.0,300.0,389.0,0.4969,0.0002,0.0,0.03,,-0.0022,-0.0176,0.0046,https://cdn.cboe.com/api/global/delayed_quotes/options/QQQ.json,0.0002,0.0,-30416.640000000007,-30416.640000000007,0.0,-3.0416640000000006e-05,-3.0416640000000006e-05
QQQ,QQQ260511C00629000,2026-05-11,1,call,629.0,2.0,0.0,0.6643,0.0002,80.68,84.75,,0.9977,-0.018,0.0048,https://cdn.cboe.com/api/global/delayed_quotes/options/QQQ.json,0.0002,202.77760000000004,0.0,202.77760000000004,2.0277760000000002e-07,0.0,2.0277760000000002e-07
QQQ,QQQ260511P00629000,2026-05-11,1,put,629.0,83.0,699.0,0.4808,0.0002,0.01,0.23,,-0.0022,-0.0178,0.0047,https://cdn.cboe.com/api/global/delayed_quotes/options/QQQ.json,0.0002,0.0,-8415.2704,-8415.2704,0.0,-8.4152704e-06,-8.4152704e-06
QQQ,QQQ260511C00630000,2026-05-11,1,call,630.0,58.0,94.0,0.6618,0.0002,79.71,83.72,,0.9976,-0.0182,0.0049,https://cdn.cboe.com/api/global/delayed_quotes/options/QQQ.json,0.0002,5880.5504,0.0,5880.5504,5.8805504e-06,0.0,5.8805504e-06
QQQ,QQQ260511P00630000,2026-05-11,1,put,630.0,617.0,476.0,0.4752,0.0002,0.01,0.23,,-0.0023,-0.0181,0.0048,https://cdn.cboe.com/api/global/delayed_quotes/options/QQQ.json,0.0002,0.0,-62556.88960000001,-62556.88960000001,0.0,-6.25568896e-05,-6.25568896e-05
QQQ,QQQ260511C00631000,2026-05-11,1,call,631.0,6.0,16.0,0.6512,0.0002,78.69,82.76,,0.9976,-0.0185,0.005,https://cdn.cboe.com/api/global/delayed_quotes/options/QQQ.json,0.0002,608.3328,0.0,608.3328,6.083328e-07,0.0,6.083328e-07
QQQ,QQQ260511P00631000,2026-05-11,1,put,631.0,251.0,1078.0,0.4572,0.0002,0.01,0.22,,-0.0024,-0.0185,0.005,https://cdn.cboe.com/api/global/delayed_quotes/options/QQQ.json,0.0002,0.0,-25448.588800000005,-25448.588800000005,0.0,-2.5448588800000006e-05,-2.5448588800000006e-05
QQQ,QQQ260511C00632000,2026-05-11,1,call,632.0,26.0,2.0,0.6469,0.0002,77.71,81.73,,0.9975,-0.0188,0.0051,https://cdn.cboe.com/api/global/delayed_quotes/options/QQQ.json,0.0002,2636.1088,0.0,2636.1088,2.6361087999999998e-06,0.0,2.6361087999999998e-06
QQQ,QQQ260511P00632000,2026-05-11,1,put,632.0,105.0,849.0,0.4638,0.0002,0.01,0.03,,-0.0024,-0.0187,0.0051,https://cdn.cboe.com/api/global/delayed_quotes/options/QQQ.json,0.0002,0.0,-10645.824000000002,-10645.824000000002,0.0,-1.0645824000000003e-05,-1.0645824000000003e-05
QQQ,QQQ260511P00633000,2026-05-11,1,put,633.0,96.0,194.0,0.4681,0.0003,0.0,0.03,,-0.0025,-0.019,0.0052,https://cdn.cboe.com/api/global/delayed_quotes/options/QQQ.json,0.0003,0.0,-14599.9872,-14599.9872,0.0,-1.45999872e-05,-1.45999872e-05
QQQ,QQQ260511C00634000,2026-05-11,1,call,634.0,1.0,16.0,0.6289,0.0003,75.69,79.7,,0.9974,-0.0195,0.0053,https://cdn.cboe.com/api/global/delayed_quotes/options/QQQ.json,0.0003,152.0832,0.0,152.0832,1.520832e-07,0.0,1.520832e-07
QQQ,QQQ260511P00634000,2026-05-11,1,put,634.0,68.0,1032.0,0.4623,0.0003,0.02,0.03,,-0.0026,-0.0193,0.0053,https://cdn.cboe.com/api/global/delayed_quotes/options/QQQ.json,0.0003,0.0,-10341.657599999999,-10341.657599999999,0.0,-1.0341657599999998e-05,-1.0341657599999998e-05
QQQ,QQQ260511C00635000,2026-05-11,1,call,635.0,34.0,3.0,0.6246,0.0003,74.71,78.72,,0.9973,-0.0198,0.0055,https://cdn.cboe.com/api/global/delayed_quotes/options/QQQ.json,0.0003,5170.828799999999,0.0,5170.828799999999,5.170828799999999e-06,0.0,5.170828799999999e-06
QQQ,QQQ260511P00635000,2026-05-11,1,put,635.0,948.0,798.0,0.4469,0.0003,0.01,0.23,,-0.0026,-0.0196,0.0054,https://cdn.cboe.com/api/global/delayed_quotes/options/QQQ.json,0.0003,0.0,-144174.8736,-144174.8736,0.0,-0.0001441748736,-0.0001441748736
QQQ,QQQ260511C00636000,2026-05-11,1,call,636.0,3.0,5.0,0.6141,0.0003,73.69,77.7,,0.9972,-0.0201,0.0056,https://cdn.cboe.com/api/global/delayed_quotes/options/QQQ.json,0.0003,456.2496,0.0,456.2496,4.562496e-07,0.0,4.562496e-07
QQQ,QQQ260511P00636000,2026-05-11,1,put,636.0,124.0,1277.0,0.4412,0.0003,0.01,0.03,,-0.0027,-0.02,0.0056,https://cdn.cboe.com/api/global/delayed_quotes/options/QQQ.json,0.0003,0.0,-18858.3168,-18858.3168,0.0,-1.8858316800000002e-05,-1.8858316800000002e-05
QQQ,QQQ260511C00637000,2026-05-11,1,call,637.0,5.0,47.0,0.6067,0.0003,72.69,76.76,,0.9972,-0.0205,0.0058,https://cdn.cboe.com/api/global/delayed_quotes/options/QQQ.json,0.0003,760.4159999999999,0.0,760.4159999999999,7.60416e-07,0.0,7.60416e-07
QQQ,QQQ260511P00637000,2026-05-11,1,put,637.0,312.0,2196.0,0.4356,0.0003,0.01,0.03,,-0.0028,-0.0203,0.0057,https://cdn.cboe.com/api/global/delayed_quotes/options/QQQ.json,0.0003,0.0,-47449.958399999996,-47449.958399999996,0.0,-4.744995839999999e-05,-4.744995839999999e-05
QQQ,QQQ260511C00638000,2026-05-11,1,call,638.0,3.0,0.0,0.6023,0.0003,71.7,75.74,,0.9971,-0.0208,0.0059,https://cdn.cboe.com/api/global/delayed_quotes/options/QQQ.json,0.0003,456.2496,0.0,456.2496,4.562496e-07,0.0,4.562496e-07
QQQ,QQQ260511P00638000,2026-05-11,1,put,638.0,552.0,443.0,0.4299,0.0003,0.01,0.08,,-0.0028,-0.0207,0.0059,https://cdn.cboe.com/api/global/delayed_quotes/options/QQQ.json,0.0003,0.0,-83949.92639999998,-83949.92639999998,0.0,-8.394992639999998e-05,-8.394992639999998e-05
QQQ,QQQ260511C00639000,2026-05-11,1,call,639.0,30.0,0.0,0.5949,0.0003,70.7,74.7,,0.997,-0.0212,0.006,https://cdn.cboe.com/api/global/delayed_quotes/options/QQQ.json,0.0003,4562.496,0.0,4562.496,4.562496e-06,0.0,4.562496e-06
QQQ,QQQ260511P00639000,2026-05-11,1,put,639.0,581.0,431.0,0.4243,0.0003,0.01,0.23,,-0.0029,-0.021,0.006,https://cdn.cboe.com/api/global/delayed_quotes/options/QQQ.json,0.0003,0.0,-88360.3392,-88360.3392,0.0,-8.83603392e-05,-8.83603392e-05
QQQ,QQQ260511C00640000,2026-05-11,1,call,640.0,125.0,10.0,0.5889,0.0003,69.71,73.7,,0.9969,-0.0216,0.0062,https://cdn.cboe.com/api/global/delayed_quotes/options/QQQ.json,0.0003,19010.4,0.0,19010.4,1.90104e-05,0.0,1.90104e-05
QQQ,QQQ260511P00640000,2026-05-11,1,put,640.0,510.0,748.0,0.4279,0.0003,0.02,0.05,,-0.003,-0.0214,0.0062,https://cdn.cboe.com/api/global/delayed_quotes/options/QQQ.json,0.0003,0.0,-77562.432,-77562.432,0.0,-7.7562432e-05,-7.7562432e-05
QQQ,QQQ260511C00641000,2026-05-11,1,call,641.0,1.0,1.0,0.58,0.0003,68.7,72.76,,0.9968,-0.022,0.0064,https://cdn.cboe.com/api/global/delayed_quotes/options/QQQ.json,0.0003,152.0832,0.0,152.0832,1.520832e-07,0.0,1.520832e-07
QQQ,QQQ260511P00641000,2026-05-11,1,put,641.0,295.0,673.0,0.4221,0.0003,0.02,0.03,,-0.0031,-0.0218,0.0063,https://cdn.cboe.com/api/global/delayed_quotes/options/QQQ.json,0.0003,0.0,-44864.543999999994,-44864.543999999994,0.0,-4.4864544e-05,-4.4864544e-05
QQQ,QQQ260511C00642000,2026-05-11,1,call,642.0,20.0,5.0,0.5712,0.0004,67.69,71.74,,0.9968,-0.0224,0.0066,https://cdn.cboe.com/api/global/delayed_quotes/options/QQQ.json,0.0004,4055.552,0.0,4055.552,4.055552e-06,0.0,4.055552e-06
QQQ,QQQ260511P00642000,2026-05-11,1,put,642.0,174.0,975.0,0.4072,0.0004,0.0,0.23,,-0.0032,-0.0224,0.0066,https://cdn.cboe.com/api/global/delayed_quotes/options/QQQ.json,0.0004,0.0,-35283.3024,-35283.3024,0.0,-3.52833024e-05,-3.52833024e-05
QQQ,QQQ260511C00643000,2026-05-11,1,call,643.0,44.0,17.0,0.5638,0.0004,66.69,70.69,,0.9967,-0.0228,0.0067,https://cdn.cboe.com/api/global/delayed_quotes/options/QQQ.json,0.0004,8922.2144,0.0,8922.2144,8.9222144e-06,0.0,8.9222144e-06
QQQ,QQQ260511P00643000,2026-05-11,1,put,643.0,369.0,103.0,0.4107,0.0004,0.02,0.23,,-0.0033,-0.0226,0.0067,https://cdn.cboe.com/api/global/delayed_quotes/options/QQQ.json,0.0004,0.0,-74824.93440000001,-74824.93440000001,0.0,-7.482493440000002e-05,-7.482493440000002e-05
QQQ,QQQ260511C00644000,2026-05-11,1,call,644.0,30.0,0.0,0.5578,0.0004,65.7,69.76,,0.9966,-0.0232,0.0069,https://cdn.cboe.com/api/global/delayed_quotes/options/QQQ.json,0.0004,6083.3279999999995,0.0,6083.3279999999995,6.083328e-06,0.0,6.083328e-06
QQQ,QQQ260511P00644000,2026-05-11,1,put,644.0,485.0,235.0,0.4049,0.0004,0.0,1.35,,-0.0034,-0.0231,0.0069,https://cdn.cboe.com/api/global/delayed_quotes/options/QQQ.json,0.0004,0.0,-98347.13600000001,-98347.13600000001,0.0,-9.834713600000001e-05,-9.834713600000001e-05
QQQ,QQQ260511C00645000,2026-05-11,1,call,645.0,231.0,20.0,0.5503,0.0004,64.7,68.76,,0.9965,-0.0237,0.0071,https://cdn.cboe.com/api/global/delayed_quotes/options/QQQ.json,0.0004,46841.62560000001,0.0,46841.62560000001,4.684162560000001e-05,0.0,4.684162560000001e-05
QQQ,QQQ260511P00645000,2026-05-11,1,put,645.0,393.0,503.0,0.3992,0.0004,0.02,0.23,,-0.0035,-0.0235,0.0071,https://cdn.cboe.com/api/global/delayed_quotes/options/QQQ.json,0.0004,0.0,-79691.59680000001,-79691.59680000001,0.0,-7.969159680000001e-05,-7.969159680000001e-05
QQQ,QQQ260511C00646000,2026-05-11,1,call,646.0,24.0,2.0,0.5429,0.0004,63.7,67.76,,0.9964,-0.0242,0.0073,https://cdn.cboe.com/api/global/delayed_quotes/options/QQQ.json,0.0004,4866.6624,0.0,4866.6624,4.8666624e-06,0.0,4.8666624e-06
QQQ,QQQ260511P00646000,2026-05-11,1,put,646.0,461.0,119.0,0.3935,0.0004,0.0,0.23,,-0.0036,-0.024,0.0073,https://cdn.cboe.com/api/global/delayed_quotes/options/QQQ.json,0.0004,0.0,-93480.47360000001,-93480.47360000001,0.0,-9.348047360000002e-05,-9.348047360000002e-05
QQQ,QQQ260511C00647000,2026-05-11,1,call,647.0,31.0,1.0,0.5212,0.0004,62.7,66.3,,0.9962,-0.0246,0.0075,https://cdn.cboe.com/api/global/delayed_quotes/options/QQQ.json,0.0004,6286.105600000001,0.0,6286.105600000001,6.286105600000001e-06,0.0,6.286105600000001e-06
QQQ,QQQ260511P00647000,2026-05-11,1,put,647.0,470.0,215.0,0.3878,0.0004,0.01,0.18,,-0.0037,-0.0245,0.0075,https://cdn.cboe.com/api/global/delayed_quotes/options/QQQ.json,0.0004,0.0,-95305.47200000001,-95305.47200000001,0.0,-9.530547200000001e-05,-9.530547200000001e-05
QQQ,QQQ260511C00648000,2026-05-11,1,call,648.0,4.0,1.0,0.5267,0.0004,61.69,65.7,,0.9961,-0.0251,0.0077,https://cdn.cboe.com/api/global/delayed_quotes/options/QQQ.json,0.0004,811.1104000000001,0.0,811.1104000000001,8.111104000000001e-07,0.0,8.111104000000001e-07
QQQ,QQQ260511P00648000,2026-05-11,1,put,648.0,643.0,78.0,0.382,0.0004,0.02,0.23,,-0.0038,-0.025,0.0077,https://cdn.cboe.com/api/global/delayed_quotes/options/QQQ.json,0.0004,0.0,-130385.99680000002,-130385.99680000002,0.0,-0.00013038599680000002,-0.00013038599680000002
QQQ,QQQ260511C00649000,2026-05-11,1,call,649.0,15.0,0.0,0.5206,0.0005,60.7,64.73,,0.996,-0.0256,0.008,https://cdn.cboe.com/api/global/delayed_quotes/options/QQQ.json,0.0005,3802.08,0.0,3802.08,3.80208e-06,0.0,3.80208e-06
QQQ,QQQ260511P00649000,2026-05-11,1,put,649.0,771.0,154.0,0.3763,0.0005,0.0,0.23,,-0.0039,-0.0255,0.0079,https://cdn.cboe.com/api/global/delayed_quotes/options/QQQ.json,0.0005,0.0,-195426.91200000004,-195426.91200000004,0.0,-0.00019542691200000005,-0.00019542691200000005
QQQ,QQQ260511C00650000,2026-05-11,1,call,650.0,80.0,43.0,0.5145,0.0005,59.71,63.7,,0.9959,-0.0262,0.0082,https://cdn.cboe.com/api/global/delayed_quotes/options/QQQ.json,0.0005,20277.760000000002,0.0,20277.760000000002,2.027776e-05,0.0,2.027776e-05
QQQ,QQQ260511P00650000,2026-05-11,1,put,650.0,2098.0,389.0,0.3706,0.0005,0.01,0.4,,-0.004,-0.026,0.0081,https://cdn.cboe.com/api/global/delayed_quotes/options/QQQ.json,0.0005,0.0,-531784.2559999999,-531784.2559999999,0.0,-0.0005317842559999999,-0.0005317842559999999
QQQ,QQQ260511C00651000,2026-05-11,1,call,651.0,39.0,1.0,0.5044,0.0005,58.69,62.7,,0.9957,-0.0267,0.0084,https://cdn.cboe.com/api/global/delayed_quotes/options/QQQ.json,0.0005,9885.408,0.0,9885.408,9.885407999999999e-06,0.0,9.885407999999999e-06
QQQ,QQQ260511P00651000,2026-05-11,1,put,651.0,389.0,142.0,0.3649,0.0005,0.0,0.23,,-0.0042,-0.0266,0.0084,https://cdn.cboe.com/api/global/delayed_quotes/options/QQQ.json,0.0005,0.0,-98600.608,-98600.608,0.0,-9.8600608e-05,-9.8600608e-05
QQQ,QQQ260511C00652000,2026-05-11,1,call,652.0,41.0,10.0,0.4996,0.0005,57.71,61.71,,0.9956,-0.0273,0.0087,https://cdn.cboe.com/api/global/delayed_quotes/options/QQQ.json,0.0005,10392.352000000003,0.0,10392.352000000003,1.0392352000000003e-05,0.0,1.0392352000000003e-05
QQQ,QQQ260511P00652000,2026-05-11,1,put,652.0,345.0,337.0,0.3591,0.0005,0.02,0.04,,-0.0043,-0.0272,0.0087,https://cdn.cboe.com/api/global/delayed_quotes/options/QQQ.json,0.0005,0.0,-87447.84,-87447.84,0.0,-8.744784e-05,-8.744784e-05
QQQ,QQQ260511C00653000,2026-05-11,1,call,653.0,23.0,12.0,0.4947,0.0006,56.72,60.7,,0.9954,-0.0279,0.009,https://cdn.cboe.com/api/global/delayed_quotes/options/QQQ.json,0.0006,6995.8272,0.0,6995.8272,6.9958271999999996e-06,0.0,6.9958271999999996e-06
QQQ,QQQ260511P00653000,2026-05-11,1,put,653.0,274.0,1236.0,0.3534,0.0006,0.02,0.23,,-0.0045,-0.0278,0.0089,https://cdn.cboe.com/api/global/delayed_quotes/options/QQQ.json,0.0006,0.0,-83341.5936,-83341.5936,0.0,-8.334159359999999e-05,-8.334159359999999e-05
QQQ,QQQ260511C00654000,2026-05-11,1,call,654.0,46.0,62.0,0.4872,0.0006,55.72,59.71,,0.9953,-0.0285,0.0092,https://cdn.cboe.com/api/global/delayed_quotes/options/QQQ.json,0.0006,13991.6544,0.0,13991.6544,1.3991654399999999e-05,0.0,1.3991654399999999e-05
QQQ,QQQ260511P00654000,2026-05-11,1,put,654.0,322.0,485.0,0.3477,0.0006,0.02,0.23,,-0.0046,-0.0284,0.0092,https://cdn.cboe.com/api/global/delayed_quotes/options/QQQ.json,0.0006,0.0,-97941.58079999998,-97941.58079999998,0.0,-9.794158079999998e-05,-9.794158079999998e-05
QQQ,QQQ260511C00655000,2026-05-11,1,call,655.0,204.0,11.0,0.4773,0.0006,54.7,58.75,,0.9951,-0.0292,0.0095,https://cdn.cboe.com/api/global/delayed_quotes/options/QQQ.json,0.0006,62049.94560000001,0.0,62049.94560000001,6.204994560000001e-05,0.0,6.204994560000001e-05
QQQ,QQQ260511P00655000,2026-05-11,1,put,655.0,709.0,1093.0,0.3485,0.0006,0.02,0.2,,-0.0048,-0.0291,0.0095,https://cdn.cboe.com/api/global/delayed_quotes/options/QQQ.json,0.0006,0.0,-215653.97759999995,-215653.97759999995,0.0,-0.00021565397759999995,-0.00021565397759999995
QQQ,QQQ260511C00656000,2026-05-11,1,call,656.0,79.0,77.0,0.471,0.0006,53.71,57.71,,0.995,-0.0298,0.0099,https://cdn.cboe.com/api/global/delayed_quotes/options/QQQ.json,0.0006,24029.1456,0.0,24029.1456,2.40291456e-05,0.0,2.40291456e-05
QQQ,QQQ260511P00656000,2026-05-11,1,put,656.0,672.0,349.0,0.3429,0.0006,0.02,0.24,,-0.0049,-0.0294,0.0098,https://cdn.cboe.com/api/global/delayed_quotes/options/QQQ.json,0.0006,0.0,-204399.8208,-204399.8208,0.0,-0.00020439982079999998,-0.00020439982079999998
QQQ,QQQ260511C00657000,2026-05-11,1,call,657.0,53.0,1.0,0.4635,0.0007,52.71,56.77,,0.9948,-0.0305,0.0102,https://cdn.cboe.com/api/global/delayed_quotes/options/QQQ.json,0.0007,18807.6224,0.0,18807.6224,1.88076224e-05,0.0,1.88076224e-05
QQQ,QQQ260511P00657000,2026-05-11,1,put,657.0,997.0,332.0,0.3425,0.0007,0.02,0.24,,-0.0051,-0.0302,0.0101,https://cdn.cboe.com/api/global/delayed_quotes/options/QQQ.json,0.0007,0.0,-353796.2176,-353796.2176,0.0,-0.00035379621759999995,-0.00035379621759999995
QQQ,QQQ260511C00658000,2026-05-11,1,call,658.0,105.0,0.0,0.4549,0.0007,51.7,55.77,,0.9946,-0.0312,0.0105,https://cdn.cboe.com/api/global/delayed_quotes/options/QQQ.json,0.0007,37260.384,0.0,37260.384,3.7260383999999996e-05,0.0,3.7260383999999996e-05
QQQ,QQQ260511P00658000,2026-05-11,1,put,658.0,752.0,1222.0,0.3366,0.0007,0.03,0.24,,-0.0053,-0.0309,0.0104,https://cdn.cboe.com/api/global/delayed_quotes/options/QQQ.json,0.0007,0.0,-266855.3216,-266855.3216,0.0,-0.0002668553216,-0.0002668553216
QQQ,QQQ260511C00659000,2026-05-11,1,call,659.0,99.0,29.0,0.4474,0.0007,50.7,54.71,,0.9944,-0.032,0.0109,https://cdn.cboe.com/api/global/delayed_quotes/options/QQQ.json,0.0007,35131.2192,0.0,35131.2192,3.51312192e-05,0.0,3.51312192e-05
QQQ,QQQ260511P00659000,2026-05-11,1,put,659.0,791.0,2190.0,0.3307,0.0007,0.0,0.46,,-0.0055,-0.0317,0.0108,https://cdn.cboe.com/api/global/delayed_quotes/options/QQQ.json,0.0007,0.0,-280694.8928,-280694.8928,0.0,-0.00028069489279999995,-0.00028069489279999995
QQQ,QQQ260511C00660000,2026-05-11,1,call,660.0,397.0,31.0,0.4422,0.0008,49.72,53.74,,0.9942,-0.0328,0.0113,https://cdn.cboe.com/api/global/delayed_quotes/options/QQQ.json,0.0008,161005.4144,0.0,161005.4144,0.0001610054144,0.0,0.0001610054144
QQQ,QQQ260511P00660000,2026-05-11,1,put,660.0,1205.0,1609.0,0.3248,0.0008,0.03,0.2,,-0.0057,-0.0325,0.0112,https://cdn.cboe.com/api/global/delayed_quotes/options/QQQ.json,0.0008,0.0,-488694.016,-488694.016,0.0,-0.000488694016,-0.000488694016
QQQ,QQQ260511C00661000,2026-05-11,1,call,661.0,149.0,0.0,0.4336,0.0008,48.71,52.71,,0.994,-0.0336,0.0117,https://cdn.cboe.com/api/global/delayed_quotes/options/QQQ.json,0.0008,60427.724799999996,0.0,60427.724799999996,6.0427724799999996e-05,0.0,6.0427724799999996e-05
QQQ,QQQ260511P00661000,2026-05-11,1,put,661.0,531.0,217.0,0.319,0.0008,0.0,0.11,,-0.006,-0.0333,0.0116,https://cdn.cboe.com/api/global/delayed_quotes/options/QQQ.json,0.0008,0.0,-215349.81120000003,-215349.81120000003,0.0,-0.00021534981120000004,-0.00021534981120000004
QQQ,QQQ260511C00662000,2026-05-11,1,call,662.0,124.0,7.0,0.4261,0.0008,47.71,51.74,,0.9937,-0.0344,0.0121,https://cdn.cboe.com/api/global/delayed_quotes/options/QQQ.json,0.0008,50288.844800000006,0.0,50288.844800000006,5.0288844800000005e-05,0.0,5.0288844800000005e-05
QQQ,QQQ260511P00662000,2026-05-11,1,put,662.0,531.0,391.0,0.3133,0.0008,0.03,0.1,,-0.0062,-0.034,0.012,https://cdn.cboe.com/api/global/delayed_quotes/options/QQQ.json,0.0008,0.0,-215349.81120000003,-215349.81120000003,0.0,-0.00021534981120000004,-0.00021534981120000004
QQQ,QQQ260511C00663000,2026-05-11,1,call,663.0,370.0,2.0,0.4175,0.0009,46.7,50.73,,0.9935,-0.0353,0.0125,https://cdn.cboe.com/api/global/delayed_quotes/options/QQQ.json,0.0009,168812.35200000004,0.0,168812.35200000004,0.00016881235200000004,0.0,0.00016881235200000004
QQQ,QQQ260511P00663000,2026-05-11,1,put,663.0,2312.0,783.0,0.3074,0.0009,0.0,0.1,,-0.0064,-0.0351,0.0124,https://cdn.cboe.com/api/global/delayed_quotes/options/QQQ.json,0.0009,0.0,-1054849.0752,-1054849.0752,0.0,-0.0010548490752000002,-0.0010548490752000002
QQQ,QQQ260511C00664000,2026-05-11,1,call,664.0,413.0,0.0,0.4122,0.0009,45.71,49.77,,0.9932,-0.0363,0.013,https://cdn.cboe.com/api/global/delayed_quotes/options/QQQ.json,0.0009,188431.08479999998,0.0,188431.08479999998,0.00018843108479999997,0.0,0.00018843108479999997
QQQ,QQQ260511P00664000,2026-05-11,1,put,664.0,390.0,681.0,0.3012,0.0009,0.03,0.11,,-0.0068,-0.0363,0.013,https://cdn.cboe.com/api/global/delayed_quotes/options/QQQ.json,0.0009,0.0,-177937.34399999998,-177937.34399999998,0.0,-0.00017793734399999998,-0.00017793734399999998
QQQ,QQQ260511C00665000,2026-05-11,1,call,665.0,722.0,4.0,0.3885,0.001,44.71,48.28,,0.9929,-0.0372,0.0135,https://cdn.cboe.com/api/global/delayed_quotes/options/QQQ.json,0.001,366013.568,0.0,366013.568,0.00036601356800000006,0.0,0.00036601356800000006
QQQ,QQQ260511P00665000,2026-05-11,1,put,665.0,4218.0,627.0,0.3042,0.001,0.03,0.05,,-0.007,-0.037,0.0134,https://cdn.cboe.com/api/global/delayed_quotes/options/QQQ.json,0.001,0.0,-2138289.7920000004,-2138289.7920000004,0.0,-0.0021382897920000006,-0.0021382897920000006
QQQ,QQQ260511C00666000,2026-05-11,1,call,666.0,168.0,6.0,0.3971,0.001,43.71,47.75,,0.9926,-0.0382,0.014,https://cdn.cboe.com/api/global/delayed_quotes/options/QQQ.json,0.001,85166.59200000002,0.0,85166.59200000002,8.516659200000002e-05,0.0,8.516659200000002e-05
QQQ,QQQ260511P00666000,2026-05-11,1,put,666.0,348.0,672.0,0.2982,0.001,0.03,0.05,,-0.0073,-0.038,0.0139,https://cdn.cboe.com/api/global/delayed_quotes/options/QQQ.json,0.001,0.0,-176416.51200000005,-176416.51200000005,0.0,-0.00017641651200000005,-0.00017641651200000005
QQQ,QQQ260511C00667000,2026-05-11,1,call,667.0,79.0,7.0,0.3896,0.0011,42.71,46.77,,0.9923,-0.0393,0.0145,https://cdn.cboe.com/api/global/delayed_quotes/options/QQQ.json,0.0011,44053.433600000004,0.0,44053.433600000004,4.40534336e-05,0.0,4.40534336e-05
QQQ,QQQ260511P00667000,2026-05-11,1,put,667.0,343.0,1715.0,0.2922,0.0011,0.04,0.06,,-0.0076,-0.039,0.0144,https://cdn.cboe.com/api/global/delayed_quotes/options/QQQ.json,0.0011,0.0,-191269.9712,-191269.9712,0.0,-0.0001912699712,-0.0001912699712
QQQ,QQQ260511C00668000,2026-05-11,1,call,668.0,123.0,24.0,0.3665,0.0012,41.71,45.28,,0.992,-0.0404,0.0151,https://cdn.cboe.com/api/global/delayed_quotes/options/QQQ.json,0.0012,74824.93439999998,0.0,74824.93439999998,7.482493439999999e-05,0.0,7.482493439999999e-05
QQQ,QQQ260511P00668000,2026-05-11,1,put,668.0,337.0,1149.0,0.2861,0.0012,0.04,0.05,,-0.008,-0.0403,0.0151,https://cdn.cboe.com/api/global/delayed_quotes/options/QQQ.json,0.0012,0.0,-205008.1536,-205008.1536,0.0,-0.0002050081536,-0.0002050081536
QQQ,QQQ260511C00669000,2026-05-11,1,call,669.0,198.0,1.0,0.4135,0.0012,40.72,44.78,,0.9916,-0.0416,0.0157,https://cdn.cboe.com/api/global/delayed_quotes/options/QQQ.json,0.0012,120449.89439999999,0.0,120449.89439999999,0.0001204498944,0.0,0.0001204498944
QQQ,QQQ260511P00669000,2026-05-11,1,put,669.0,745.0,1232.0,0.2799,0.0012,0.04,0.13,,-0.0084,-0.0416,0.0157,https://cdn.cboe.com/api/global/delayed_quotes/options/QQQ.json,0.0012,0.0,-453207.9359999999,-453207.9359999999,0.0,-0.0004532079359999999,-0.0004532079359999999
QQQ,QQQ260511C00670000,2026-05-11,1,call,670.0,814.0,10.0,0.3585,0.0013,39.73,43.32,,0.9912,-0.0428,0.0164,https://cdn.cboe.com/api/global/delayed_quotes/options/QQQ.json,0.0013,536448.1408,0.0,536448.1408,0.0005364481408,0.0,0.0005364481408
QQQ,QQQ260511P00670000,2026-05-11,1,put,670.0,6317.0,3106.0,0.2775,0.0013,0.04,0.06,,-0.0087,-0.0427,0.0163,https://cdn.cboe.com/api/global/delayed_quotes/options/QQQ.json,0.0013,0.0,-4163074.8223999995,-4163074.8223999995,0.0,-0.0041630748224,-0.0041630748224
QQQ,QQQ260511C00671000,2026-05-11,1,call,671.0,398.0,3.0,0.3612,0.0014,38.72,42.74,,0.9908,-0.0441,0.0171,https://cdn.cboe.com/api/global/delayed_quotes/options/QQQ.json,0.0014,282469.19680000003,0.0,282469.19680000003,0.00028246919680000005,0.0,0.00028246919680000005
QQQ,QQQ260511P00671000,2026-05-11,1,put,671.0,606.0,1465.0,0.2713,0.0014,0.04,0.06,,-0.0091,-0.0441,0.017,https://cdn.cboe.com/api/global/delayed_quotes/options/QQQ.json,0.0014,0.0,-430091.2896,-430091.2896,0.0,-0.0004300912896,-0.0004300912896
QQQ,QQQ260511C00672000,2026-05-11,1,call,672.0,247.0,6.0,0.3536,0.0015,37.72,41.42,,0.9904,-0.0455,0.0178,https://cdn.cboe.com/api/global/delayed_quotes/options/QQQ.json,0.0015,187822.752,0.0,187822.752,0.000187822752,0.0,0.000187822752
QQQ,QQQ260511P00672000,2026-05-11,1,put,672.0,750.0,478.0,0.2684,0.0015,0.05,0.07,,-0.0096,-0.0454,0.0178,https://cdn.cboe.com/api/global/delayed_quotes/options/QQQ.json,0.0015,0.0,-570312.0,-570312.0,0.0,-0.000570312,-0.000570312
QQQ,QQQ260511C00673000,2026-05-11,1,call,673.0,522.0,62.0,0.344,0.0016,36.72,40.41,,0.9899,-0.0469,0.0186,https://cdn.cboe.com/api/global/delayed_quotes/options/QQQ.json,0.0016,423399.62880000006,0.0,423399.62880000006,0.00042339962880000005,0.0,0.00042339962880000005
QQQ,QQQ260511P00673000,2026-05-11,1,put,673.0,608.0,1618.0,0.2621,0.0016,0.05,0.07,,-0.0101,-0.0469,0.0186,https://cdn.cboe.com/api/global/delayed_quotes/options/QQQ.json,0.0016,0.0,-493155.12320000003,-493155.12320000003,0.0,-0.0004931551232,-0.0004931551232
QQQ,QQQ260511C00674000,2026-05-11,1,call,674.0,742.0,132.0,0.3392,0.0017,35.73,39.42,,0.9894,-0.0484,0.0194,https://cdn.cboe.com/api/global/delayed_quotes/options/QQQ.json,0.0017,639459.1616,0.0,639459.1616,0.0006394591616,0.0,0.0006394591616
QQQ,QQQ260511P00674000,2026-05-11,1,put,674.0,630.0,1662.0,0.259,0.0017,0.05,0.07,,-0.0105,-0.0482,0.0193,https://cdn.cboe.com/api/global/delayed_quotes/options/QQQ.json,0.0017,0.0,-542937.024,-542937.024,0.0,-0.000542937024,-0.000542937024
QQQ,QQQ260511C00675000,2026-05-11,1,call,675.0,853.0,46.0,0.3231,0.0018,34.72,38.35,,0.9888,-0.05,0.0203,https://cdn.cboe.com/api/global/delayed_quotes/options/QQQ.json,0.0018,778361.8176,0.0,778361.8176,0.0007783618176,0.0,0.0007783618176
QQQ,QQQ260511P00675000,2026-05-11,1,put,675.0,5463.0,4017.0,0.2552,0.0018,0.06,0.07,,-0.011,-0.0496,0.0202,https://cdn.cboe.com/api/global/delayed_quotes/options/QQQ.json,0.0018,0.0,-4984983.1296,-4984983.1296,0.0,-0.004984983129599999,-0.004984983129599999
QQQ,QQQ260511C00676000,2026-05-11,1,call,676.0,487.0,22.0,0.0,0.0019,34.32,36.0,,0.9882,-0.0518,0.0212,https://cdn.cboe.com/api/global/delayed_quotes/options/QQQ.json,0.0019,469075.2832,0.0,469075.2832,0.0004690752832,0.0,0.0004690752832
QQQ,QQQ260511P00676000,2026-05-11,1,put,676.0,386.0,786.0,0.2489,0.0019,0.01,0.07,,-0.0116,-0.0514,0.0211,https://cdn.cboe.com/api/global/delayed_quotes/options/QQQ.json,0.0019,0.0,-371792.7296,-371792.7296,0.0,-0.0003717927296,-0.0003717927296
QQQ,QQQ260511C00677000,2026-05-11,1,call,677.0,334.0,4.0,0.3285,0.002,32.88,36.43,,0.9876,-0.0536,0.0223,https://cdn.cboe.com/api/global/delayed_quotes/options/QQQ.json,0.002,338638.59199999995,0.0,338638.59199999995,0.00033863859199999996,0.0,0.00033863859199999996
QQQ,QQQ260511P00677000,2026-05-11,1,put,677.0,509.0,5165.0,0.2426,0.002,0.06,0.08,,-0.0123,-0.0533,0.0222,https://cdn.cboe.com/api/global/delayed_quotes/options/QQQ.json,0.002,0.0,-516068.99199999997,-516068.99199999997,0.0,-0.000516068992,-0.000516068992
QQQ,QQQ260511C00678000,2026-05-11,1,call,678.0,297.0,44.0,0.3182,0.0022,31.88,35.41,,0.9869,-0.0556,0.0234,https://cdn.cboe.com/api/global/delayed_quotes/options/QQQ.json,0.0022,331237.2096,0.0,331237.2096,0.0003312372096,0.0,0.0003312372096
QQQ,QQQ260511P00678000,2026-05-11,1,put,678.0,1332.0,868.0,0.2363,0.0022,0.06,0.07,,-0.013,-0.0553,0.0233,https://cdn.cboe.com/api/global/delayed_quotes/options/QQQ.json,0.0022,0.0,-1485548.6976000003,-1485548.6976000003,0.0,-0.0014855486976000003,-0.0014855486976000003
QQQ,QQQ260511C00679000,2026-05-11,1,call,679.0,207.0,41.0,0.3133,0.0023,30.89,34.43,,0.9861,-0.0578,0.0246,https://cdn.cboe.com/api/global/delayed_quotes/options/QQQ.json,0.0023,241356.0384,0.0,241356.0384,0.0002413560384,0.0,0.0002413560384
QQQ,QQQ260511P00679000,2026-05-11,1,put,679.0,927.0,1497.0,0.2323,0.0023,0.06,0.08,,-0.0138,-0.0577,0.0246,https://cdn.cboe.com/api/global/delayed_quotes/options/QQQ.json,0.0023,0.0,-1080855.3024,-1080855.3024,0.0,-0.0010808553024,-0.0010808553024
QQQ,QQQ260511C00680000,2026-05-11,1,call,680.0,1320.0,1107.0,0.2129,0.0025,29.89,32.67,,0.9852,-0.0601,0.0259,https://cdn.cboe.com/api/global/delayed_quotes/options/QQQ.json,0.0025,1672915.2,0.0,1672915.2,0.0016729152,0.0,0.0016729152
QQQ,QQQ260511P00680000,2026-05-11,1,put,680.0,5498.0,8423.0,0.228,0.0025,0.07,0.17,,-0.0147,-0.06,0.0259,https://cdn.cboe.com/api/global/delayed_quotes/options/QQQ.json,0.0025,0.0,-6967945.28,-6967945.28,0.0,-0.00696794528,-0.00696794528
QQQ,QQQ260511C00681000,2026-05-11,1,call,681.0,348.0,8.0,0.2036,0.0027,28.89,31.68,,0.9843,-0.0627,0.0274,https://cdn.cboe.com/api/global/delayed_quotes/options/QQQ.json,0.0027,476324.5824,0.0,476324.5824,0.0004763245824,0.0,0.0004763245824
QQQ,QQQ260511P00681000,2026-05-11,1,put,681.0,1003.0,1511.0,0.2236,0.0027,0.07,0.09,,-0.0157,-0.0628,0.0274,https://cdn.cboe.com/api/global/delayed_quotes/options/QQQ.json,0.0027,0.0,-1372855.0464,-1372855.0464,0.0,-0.0013728550464,-0.0013728550464
QQQ,QQQ260511C00682000,2026-05-11,1,call,682.0,578.0,80.0,0.29,0.0029,27.87,31.45,,0.9832,-0.0656,0.0289,https://cdn.cboe.com/api/global/delayed_quotes/options/QQQ.json,0.0029,849739.5328,0.0,849739.5328,0.0008497395328,0.0,0.0008497395328
QQQ,QQQ260511P00682000,2026-05-11,1,put,682.0,972.0,2278.0,0.219,0.0029,0.07,0.09,,-0.0168,-0.0658,0.029,https://cdn.cboe.com/api/global/delayed_quotes/options/QQQ.json,0.0029,0.0,-1428973.7472,-1428973.7472,0.0,-0.0014289737472,-0.0014289737472
QQQ,QQQ260511C00683000,2026-05-11,1,call,683.0,728.0,114.0,0.2019,0.0032,26.91,29.69,,0.982,-0.0688,0.0307,https://cdn.cboe.com/api/global/delayed_quotes/options/QQQ.json,0.0032,1180976.7424,0.0,1180976.7424,0.0011809767424,0.0,0.0011809767424
QQQ,QQQ260511P00683000,2026-05-11,1,put,683.0,1809.0,2475.0,0.2123,0.0032,0.08,0.2,,-0.0179,-0.0687,0.0307,https://cdn.cboe.com/api/global/delayed_quotes/options/QQQ.json,0.0032,0.0,-2934597.4272,-2934597.4272,0.0,-0.0029345974272,-0.0029345974272
QQQ,QQQ260511C00684000,2026-05-11,1,call,684.0,274.0,37.0,0.2772,0.0035,25.92,29.46,,0.9807,-0.0724,0.0326,https://cdn.cboe.com/api/global/delayed_quotes/options/QQQ.json,0.0035,486159.29600000003,0.0,486159.29600000003,0.000486159296,0.0,0.000486159296
QQQ,QQQ260511P00684000,2026-05-11,1,put,684.0,1645.0,2544.0,0.2095,0.0035,0.08,0.2,,-0.0193,-0.0726,0.0326,https://cdn.cboe.com/api/global/delayed_quotes/options/QQQ.json,0.0035,0.0,-2918730.08,-2918730.08,0.0,-0.00291873008,-0.00291873008
QQQ,QQQ260511C00685000,2026-05-11,1,call,685.0,745.0,403.0,0.2676,0.0038,24.89,28.46,,0.9792,-0.0766,0.0348,https://cdn.cboe.com/api/global/delayed_quotes/options/QQQ.json,0.0038,1435158.4640000002,0.0,1435158.4640000002,0.001435158464,0.0,0.001435158464
QQQ,QQQ260511P00685000,2026-05-11,1,put,685.0,1699.0,5247.0,0.2028,0.0038,0.09,0.1,,-0.0208,-0.0768,0.0349,https://cdn.cboe.com/api/global/delayed_quotes/options/QQQ.json,0.0038,0.0,-3272931.8528000005,-3272931.8528000005,0.0,-0.0032729318528000005,-0.0032729318528000005
QQQ,QQQ260511C00686000,2026-05-11,1,call,686.0,236.0,17.0,0.2306,0.0042,23.89,27.07,,0.9774,-0.0813,0.0374,https://cdn.cboe.com/api/global/delayed_quotes/options/QQQ.json,0.0042,502482.8928,0.0,502482.8928,0.0005024828928,0.0,0.0005024828928
QQQ,QQQ260511P00686000,2026-05-11,1,put,686.0,1019.0,1578.0,0.199,0.0041,0.1,0.11,,-0.0225,-0.0812,0.0373,https://cdn.cboe.com/api/global/delayed_quotes/options/QQQ.json,0.0041,0.0,-2117961.3376,-2117961.3376,0.0,-0.0021179613376000003,-0.0021179613376000003
QQQ,QQQ260511C00687000,2026-05-11,1,call,687.0,298.0,137.0,0.2549,0.0046,22.93,26.48,,0.9753,-0.0868,0.0402,https://cdn.cboe.com/api/global/delayed_quotes/options/QQQ.json,0.0046,694918.8352000001,0.0,694918.8352000001,0.0006949188352000001,0.0,0.0006949188352000001
QQQ,QQQ260511P00687000,2026-05-11,1,put,687.0,1632.0,4801.0,0.195,0.0046,0.11,0.12,,-0.0246,-0.0867,0.0401,https://cdn.cboe.com/api/global/delayed_quotes/options/QQQ.json,0.0046,0.0,-3805729.9968000003,-3805729.9968000003,0.0,-0.0038057299968000005,-0.0038057299968000005
QQQ,QQQ260511C00688000,2026-05-11,1,call,688.0,1323.0,81.0,0.2459,0.005,21.91,25.49,,0.9729,-0.0932,0.0434,https://cdn.cboe.com/api/global/delayed_quotes/options/QQQ.json,0.005,3353434.56,0.0,3353434.56,0.00335343456,0.0,0.00335343456
QQQ,QQQ260511P00688000,2026-05-11,1,put,688.0,2330.0,7736.0,0.1907,0.005,0.11,0.13,,-0.027,-0.0931,0.0433,https://cdn.cboe.com/api/global/delayed_quotes/options/QQQ.json,0.005,0.0,-5905897.600000001,-5905897.600000001,0.0,-0.0059058976000000004,-0.0059058976000000004
QQQ,QQQ260511C00689000,2026-05-11,1,call,689.0,571.0,144.0,0.19,0.0056,20.91,23.87,,0.9701,-0.1007,0.047,https://cdn.cboe.com/api/global/delayed_quotes/options/QQQ.json,0.0056,1621004.1344,0.0,1621004.1344,0.0016210041344000001,0.0,0.0016210041344000001
QQQ,QQQ260511P00689000,2026-05-11,1,put,689.0,1018.0,10271.0,0.1861,0.0056,0.12,0.21,,-0.0298,-0.1006,0.0469,https://cdn.cboe.com/api/global/delayed_quotes/options/QQQ.json,0.0056,0.0,-2889986.3552000006,-2889986.3552000006,0.0,-0.0028899863552000007,-0.0028899863552000007
QQQ,QQQ260511C00690000,2026-05-11,1,call,690.0,749.0,306.0,0.2314,0.0063,19.94,23.51,,0.9668,-0.1095,0.0512,https://cdn.cboe.com/api/global/delayed_quotes/options/QQQ.json,0.0063,2392116.6528000003,0.0,2392116.6528000003,0.0023921166528000004,0.0,0.0023921166528000004
QQQ,QQQ260511P00690000,2026-05-11,1,put,690.0,2262.0,17780.0,0.181,0.0062,0.14,0.15,,-0.0331,-0.1094,0.0512,https://cdn.cboe.com/api/global/delayed_quotes/options/QQQ.json,0.0062,0.0,-7109585.4336,-7109585.4336,0.0,-0.0071095854336,-0.0071095854336
QQQ,QQQ260511C00691000,2026-05-11,1,call,691.0,4680.0,72.0,0.1745,0.007,18.99,21.78,,0.9629,-0.1197,0.056,https://cdn.cboe.com/api/global/delayed_quotes/options/QQQ.json,0.007,16607485.44,0.0,16607485.44,0.01660748544,0.0,0.01660748544
QQQ,QQQ260511P00691000,2026-05-11,1,put,691.0,1100.0,5895.0,0.177,0.007,0.15,0.18,,-0.037,-0.1194,0.0559,https://cdn.cboe.com/api/global/delayed_quotes/options/QQQ.json,0.007,0.0,-3903468.8000000003,-3903468.8000000003,0.0,-0.0039034688000000005,-0.0039034688000000005
QQQ,QQQ260511C00692000,2026-05-11,1,call,692.0,588.0,380.0,0.2205,0.0079,18.01,21.55,,0.9582,-0.1316,0.0614,https://cdn.cboe.com/api/global/delayed_quotes/options/QQQ.json,0.0079,2354856.2688000007,0.0,2354856.2688000007,0.0023548562688000007,0.0,0.0023548562688000007
QQQ,QQQ260511P00692000,2026-05-11,1,put,692.0,1726.0,7045.0,0.1744,0.0078,0.18,0.19,,-0.0416,-0.1315,0.0613,https://cdn.cboe.com/api/global/delayed_quotes/options/QQQ.json,0.0078,0.0,-6824885.6832,-6824885.6832,0.0,-0.0068248856832,-0.0068248856832
QQQ,QQQ260511C00693000,2026-05-11,1,call,693.0,5861.0,874.0,0.1721,0.0089,17.0,19.91,,0.9528,-0.1454,0.0677,https://cdn.cboe.com/api/global/delayed_quotes/options/QQQ.json,0.0089,26443669.177599996,0.0,26443669.177599996,0.026443669177599997,0.0,0.026443669177599997
QQQ,QQQ260511P00693000,2026-05-11,1,put,693.0,1431.0,5347.0,0.17,0.0089,0.2,0.21,,-0.0472,-0.1455,0.0677,https://cdn.cboe.com/api/global/delayed_quotes/options/QQQ.json,0.0089,0.0,-6456388.0896,-6456388.0896,0.0,-0.0064563880896,-0.0064563880896
QQQ,QQQ260511C00694000,2026-05-11,1,call,694.0,572.0,280.0,0.2075,0.01,16.06,19.6,,0.9464,-0.1614,0.0747,https://cdn.cboe.com/api/global/delayed_quotes/options/QQQ.json,0.01,2899719.68,0.0,2899719.68,0.00289971968,0.0,0.00289971968
QQQ,QQQ260511P00694000,2026-05-11,1,put,694.0,2497.0,7730.0,0.1671,0.01,0.22,0.25,,-0.0534,-0.1609,0.0745,https://cdn.cboe.com/api/global/delayed_quotes/options/QQQ.json,0.01,0.0,-12658391.68,-12658391.68,0.0,-0.01265839168,-0.01265839168
QQQ,QQQ260511C00695000,2026-05-11,1,call,695.0,1592.0,1446.0,0.0,0.0113,15.09,16.55,,0.9388,-0.1796,0.0825,https://cdn.cboe.com/api/global/delayed_quotes/options/QQQ.json,0.0113,9119719.7824,0.0,9119719.7824,0.0091197197824,0.0,0.0091197197824
QQQ,QQQ260511P00695000,2026-05-11,1,put,695.0,2297.0,26108.0,0.1644,0.0113,0.27,0.28,,-0.0612,-0.1797,0.0825,https://cdn.cboe.com/api/global/delayed_quotes/options/QQQ.json,0.0113,0.0,-13158289.158400001,-13158289.158400001,0.0,-0.013158289158400002,-0.013158289158400002
QQQ,QQQ260511C00696000,2026-05-11,1,call,696.0,1355.0,811.0,0.1965,0.0128,14.8,17.02,,0.93,-0.2004,0.0913,https://cdn.cboe.com/api/global/delayed_quotes/options/QQQ.json,0.0128,8792436.736,0.0,8792436.736,0.008792436736,0.0,0.008792436736
QQQ,QQQ260511P00696000,2026-05-11,1,put,696.0,1042.0,7622.0,0.1613,0.0128,0.3,0.33,,-0.0699,-0.2002,0.0913,https://cdn.cboe.com/api/global/delayed_quotes/options/QQQ.json,0.0128,0.0,-6761416.294399999,-6761416.294399999,0.0,-0.006761416294399999,-0.006761416294399999
QQQ,QQQ260511C00697000,2026-05-11,1,call,697.0,1599.0,913.0,0.1902,0.0145,13.18,16.73,,0.9196,-0.2237,0.101,https://cdn.cboe.com/api/global/delayed_quotes/options/QQQ.json,0.0145,11753750.112000002,0.0,11753750.112000002,0.011753750112000002,0.0,0.011753750112000002
QQQ,QQQ260511P00697000,2026-05-11,1,put,697.0,1458.0,12194.0,0.1584,0.0145,0.25,0.37,,-0.0804,-0.2238,0.1011,https://cdn.cboe.com/api/global/delayed_quotes/options/QQQ.json,0.0145,0.0,-10717303.104000002,-10717303.104000002,0.0,-0.010717303104000002,-0.010717303104000002
QQQ,QQQ260511C00698000,2026-05-11,1,call,698.0,1814.0,851.0,0.1829,0.0164,12.18,15.79,,0.9076,-0.2497,0.1116,https://cdn.cboe.com/api/global/delayed_quotes/options/QQQ.json,0.0164,15081381.2224,0.0,15081381.2224,0.0150813812224,0.0,0.0150813812224
QQQ,QQQ260511P00698000,2026-05-11,1,put,698.0,1250.0,8030.0,0.1558,0.0163,0.41,0.43,,-0.0923,-0.2495,0.1116,https://cdn.cboe.com/api/global/delayed_quotes/options/QQQ.json,0.0163,0.0,-10328983.999999998,-10328983.999999998,0.0,-0.010328983999999998,-0.010328983999999998
QQQ,QQQ260511C00699000,2026-05-11,1,call,699.0,1319.0,707.0,0.2024,0.0184,12.0,14.86,,0.8937,-0.2782,0.1233,https://cdn.cboe.com/api/global/delayed_quotes/options/QQQ.json,0.0184,12303328.102400001,0.0,12303328.102400001,0.0123033281024,0.0,0.0123033281024
QQQ,QQQ260511P00699000,2026-05-11,1,put,699.0,388.0,10740.0,0.1531,0.0184,0.45,0.5,,-0.1062,-0.2781,0.1232,https://cdn.cboe.com/api/global/delayed_quotes/options/QQQ.json,0.0184,0.0,-3619174.6048,-3619174.6048,0.0,-0.0036191746047999998,-0.0036191746047999998
QQQ,QQQ260511C00700000,2026-05-11,1,call,700.0,4010.0,5793.0,0.1549,0.0207,10.75,13.0,,0.8776,-0.3093,0.1356,https://cdn.cboe.com/api/global/delayed_quotes/options/QQQ.json,0.0207,42079900.608,0.0,42079900.608,0.042079900608,0.0,0.042079900608
QQQ,QQQ260511P00700000,2026-05-11,1,put,700.0,1113.0,37116.0,0.1509,0.0208,0.58,0.59,,-0.1224,-0.3096,0.1356,https://cdn.cboe.com/api/global/delayed_quotes/options/QQQ.json,0.0208,0.0,-11735956.3776,-11735956.3776,0.0,-0.011735956377599999,-0.011735956377599999
QQQ,QQQ260511C00701000,2026-05-11,1,call,701.0,782.0,2782.0,0.15,0.0232,9.54,12.35,,0.8592,-0.3424,0.1488,https://cdn.cboe.com/api/global/delayed_quotes/options/QQQ.json,0.0232,9197180.8256,0.0,9197180.8256,0.0091971808256,0.0,0.0091971808256
QQQ,QQQ260511P00701000,2026-05-11,1,put,701.0,156.0,18498.0,0.1486,0.0232,0.68,0.7,,-0.1406,-0.3424,0.1487,https://cdn.cboe.com/api/global/delayed_quotes/options/QQQ.json,0.0232,0.0,-1834731.7248,-1834731.7248,0.0,-0.0018347317248,-0.0018347317248
QQQ,QQQ260511C00702000,2026-05-11,1,call,702.0,1651.0,6621.0,0.1467,0.0259,8.56,11.54,,0.8382,-0.3774,0.1624,https://cdn.cboe.com/api/global/delayed_quotes/options/QQQ.json,0.0259,21677381.689600002,0.0,21677381.689600002,0.0216773816896,0.0,0.0216773816896
QQQ,QQQ260511P00702000,2026-05-11,1,put,702.0,152.0,13967.0,0.146,0.0259,0.78,0.81,,-0.1616,-0.3775,0.1623,https://cdn.cboe.com/api/global/delayed_quotes/options/QQQ.json,0.0259,0.0,-1995737.1392,-1995737.1392,0.0,-0.0019957371392,-0.0019957371392
QQQ,QQQ260511C00703000,2026-05-11,1,call,703.0,565.0,7046.0,0.1114,0.0287,7.81,9.55,,0.8144,-0.4134,0.1766,https://cdn.cboe.com/api/global/delayed_quotes/options/QQQ.json,0.0287,8220350.431999999,0.0,8220350.431999999,0.008220350432,0.0,0.008220350432
QQQ,QQQ260511P00703000,2026-05-11,1,put,703.0,67.0,15941.0,0.1432,0.0288,0.92,0.94,,-0.1857,-0.414,0.1767,https://cdn.cboe.com/api/global/delayed_quotes/options/QQQ.json,0.0288,0.0,-978199.1424000001,-978199.1424000001,0.0,-0.0009781991424000001,-0.0009781991424000001
QQQ,QQQ260511C00704000,2026-05-11,1,call,704.0,977.0,7234.0,0.1612,0.0316,8.06,9.38,,0.7877,-0.4497,0.1906,https://cdn.cboe.com/api/global/delayed_quotes/options/QQQ.json,0.0316,15650983.500800004,0.0,15650983.500800004,0.015650983500800006,0.0,0.015650983500800006
QQQ,QQQ260511P00704000,2026-05-11,1,put,704.0,91.0,18038.0,0.1413,0.0317,1.08,1.12,,-0.2122,-0.45,0.1905,https://cdn.cboe.com/api/global/delayed_quotes/options/QQQ.json,0.0317,0.0,-1462381.3568000002,-1462381.3568000002,0.0,-0.0014623813568000001,-0.0014623813568000001
QQQ,QQQ260511C00705000,2026-05-11,1,call,705.0,1149.0,11917.0,0.1076,0.0346,6.28,7.58,,0.7577,-0.4852,0.2047,https://cdn.cboe.com/api/global/delayed_quotes/options/QQQ.json,0.0346,20153761.4976,0.0,20153761.4976,0.020153761497600002,0.0,0.020153761497600002
QQQ,QQQ260511P00705000,2026-05-11,1,put,705.0,238.0,40350.0,0.1388,0.0347,1.26,1.28,,-0.2422,-0.4857,0.2047,https://cdn.cboe.com/api/global/delayed_quotes/options/QQQ.json,0.0347,0.0,-4186647.718400001,-4186647.718400001,0.0,-0.004186647718400001,-0.004186647718400001
QQQ,QQQ260511C00706000,2026-05-11,1,call,706.0,852.0,16576.0,0.1189,0.0376,5.4,7.32,,0.7245,-0.5186,0.2179,https://cdn.cboe.com/api/global/delayed_quotes/options/QQQ.json,0.0376,16240052.428800002,0.0,16240052.428800002,0.0162400524288,0.0,0.0162400524288
QQQ,QQQ260511P00706000,2026-05-11,1,put,706.0,30.0,22392.0,0.1368,0.0376,1.48,1.55,,-0.2755,-0.5195,0.2178,https://cdn.cboe.com/api/global/delayed_quotes/options/QQQ.json,0.0376,0.0,-571832.832,-571832.832,0.0,-0.000571832832,-0.000571832832
QQQ,QQQ260511C00707000,2026-05-11,1,call,707.0,765.0,13491.0,0.1347,0.0404,4.81,7.52,,0.688,-0.5487,0.2301,https://cdn.cboe.com/api/global/delayed_quotes/options/QQQ.json,0.0404,15667611.263999999,0.0,15667611.263999999,0.015667611263999997,0.0,0.015667611263999997
QQQ,QQQ260511P00707000,2026-05-11,1,put,707.0,16.0,29026.0,0.1343,0.0405,1.72,1.75,,-0.3125,-0.5502,0.2303,https://cdn.cboe.com/api/global/delayed_quotes/options/QQQ.json,0.0405,0.0,-328499.712,-328499.712,0.0,-0.000328499712,-0.000328499712
QQQ,QQQ260511C00708000,2026-05-11,1,call,708.0,1343.0,21798.0,0.1328,0.043,4.31,6.5,,0.6484,-0.5738,0.2407,https://cdn.cboe.com/api/global/delayed_quotes/options/QQQ.json,0.043,29275509.055999998,0.0,29275509.055999998,0.029275509055999998,0.0,0.029275509055999998
QQQ,QQQ260511P00708000,2026-05-11,1,put,708.0,14.0,31676.0,0.1328,0.0431,2.03,2.07,,-0.3518,-0.5753,0.2407,https://cdn.cboe.com/api/global/delayed_quotes/options/QQQ.json,0.0431,0.0,-305890.0096,-305890.0096,0.0,-0.0003058900096,-0.0003058900096
QQQ,QQQ260511C00709000,2026-05-11,1,call,709.0,536.0,20594.0,0.1311,0.0451,4.41,6.13,,0.6058,-0.5924,0.2491,https://cdn.cboe.com/api/global/delayed_quotes/options/QQQ.json,0.0451,12254661.478400001,0.0,12254661.478400001,0.012254661478400002,0.0,0.012254661478400002
QQQ,QQQ260511P00709000,2026-05-11,1,put,709.0,11.0,31641.0,0.1313,0.0453,2.35,2.38,,-0.3951,-0.5946,0.2492,https://cdn.cboe.com/api/global/delayed_quotes/options/QQQ.json,0.0453,0.0,-252610.19520000005,-252610.19520000005,0.0,-0.00025261019520000005,-0.00025261019520000005
QQQ,QQQ260511C00710000,2026-05-11,1,call,710.0,2145.0,32609.0,0.1301,0.0468,3.97,4.04,,0.5607,-0.6033,0.2549,https://cdn.cboe.com/api/global/delayed_quotes/options/QQQ.json,0.0468,50890080.384,0.0,50890080.384,0.050890080384,0.0,0.050890080384
QQQ,QQQ260511P00710000,2026-05-11,1,put,710.0,12.0,32463.0,0.13,0.047,2.75,2.8,,-0.4404,-0.6057,0.2549,https://cdn.cboe.com/api/global/delayed_quotes/options/QQQ.json,0.047,0.0,-285916.416,-285916.416,0.0,-0.000285916416,-0.000285916416
QQQ,QQQ260511C00711000,2026-05-11,1,call,711.0,454.0,15860.0,0.1288,0.0478,3.23,3.55,,0.5137,-0.6053,0.2576,https://cdn.cboe.com/api/global/delayed_quotes/options/QQQ.json,0.0478,11001293.1328,0.0,11001293.1328,0.011001293132799999,0.0,0.011001293132799999
QQQ,QQQ260511P00711000,2026-05-11,1,put,711.0,1.0,7665.0,0.1285,0.048,3.11,3.22,,-0.4875,-0.608,0.2575,https://cdn.cboe.com/api/global/delayed_quotes/options/QQQ.json,0.048,0.0,-24333.311999999998,-24333.311999999998,0.0,-2.4333312e-05,-2.4333312e-05
QQQ,QQQ260511C00712000,2026-05-11,1,call,712.0,385.0,17589.0,0.1278,0.048,2.75,3.48,,0.4658,-0.5978,0.2569,https://cdn.cboe.com/api/global/delayed_quotes/options/QQQ.json,0.048,9368325.120000001,0.0,9368325.120000001,0.009368325120000002,0.0,0.009368325120000002
QQQ,QQQ260511C00713000,2026-05-11,1,call,713.0,568.0,11273.0,0.1269,0.0475,2.27,2.49,,0.4177,-0.5809,0.2526,https://cdn.cboe.com/api/global/delayed_quotes/options/QQQ.json,0.0475,13677349.120000001,0.0,13677349.120000001,0.013677349120000001,0.0,0.013677349120000001
QQQ,QQQ260511P00713000,2026-05-11,1,put,713.0,1.0,1920.0,0.1267,0.0477,4.11,4.47,,-0.5839,-0.5839,0.2522,https://cdn.cboe.com/api/global/delayed_quotes/options/QQQ.json,0.0477,0.0,-24181.2288,-24181.2288,0.0,-2.41812288e-05,-2.41812288e-05
QQQ,QQQ260511C00715000,2026-05-11,1,call,715.0,1231.0,22806.0,0.1256,0.0441,1.69,1.9,,0.3253,-0.5217,0.2342,https://cdn.cboe.com/api/global/delayed_quotes/options/QQQ.json,0.0441,27520519.622400004,0.0,27520519.622400004,0.027520519622400003,0.0,0.027520519622400003
QQQ,QQQ260511C00720000,2026-05-11,1,call,720.0,1390.0,33090.0,0.1263,0.028,0.59,0.61,,0.1511,-0.3152,0.1565,https://cdn.cboe.com/api/global/delayed_quotes/options/QQQ.json,0.028,19730260.48,0.0,19730260.48,0.01973026048,0.0,0.01973026048
QQQ,QQQ260511C00725000,2026-05-11,1,call,725.0,1196.0,37899.0,0.141,0.0147,0.26,0.27,,0.0708,-0.1774,0.093,https://cdn.cboe.com/api/global/delayed_quotes/options/QQQ.json,0.0147,8912683.8528,0.0,8912683.8528,0.0089126838528,0.0,0.0089126838528
QQQ,QQQ260511C00730000,2026-05-11,1,call,730.0,599.0,7195.0,0.1607,0.008,0.13,0.17,,0.0384,-0.1112,0.0582,https://cdn.cboe.com/api/global/delayed_quotes/options/QQQ.json,0.008,2429275.648,0.0,2429275.648,0.002429275648,0.0,0.002429275648
QQQ,QQQ260511C00735000,2026-05-11,1,call,735.0,740.0,10785.0,0.1792,0.0047,0.09,0.15,,0.0234,-0.0761,0.039,https://cdn.cboe.com/api/global/delayed_quotes/options/QQQ.json,0.0047,1763151.2320000003,0.0,1763151.2320000003,0.0017631512320000003,0.0,0.0017631512320000003
QQQ,QQQ260511P00735000,2026-05-11,1,put,735.0,1.0,6.0,0.249,0.0046,23.25,25.39,,-0.9777,-0.0729,0.0375,https://cdn.cboe.com/api/global/delayed_quotes/options/QQQ.json,0.0046,0.0,-2331.9424,-2331.9424,0.0,-2.3319423999999997e-06,-2.3319423999999997e-06
QQQ,QQQ260512P00495000,2026-05-12,2,put,495.0,1.0,0.0,1.0703,0.0,0.0,0.64,,-0.0005,-0.0086,0.0013,https://cdn.cboe.com/api/global/delayed_quotes/options/QQQ.json,0.0,0.0,-0.0,0.0,0.0,-0.0,0.0
QQQ,QQQ260512P00505000,2026-05-12,2,put,505.0,29.0,5.0,1.0148,0.0,0.0,0.02,,-0.0006,-0.0093,0.0014,https://cdn.cboe.com/api/global/delayed_quotes/options/QQQ.json,0.0,0.0,-0.0,0.0,0.0,-0.0,0.0
QQQ,QQQ260512P00515000,2026-05-12,2,put,515.0,8.0,0.0,0.9603,0.0,0.0,0.22,,-0.0006,-0.01,0.0016,https://cdn.cboe.com/api/global/delayed_quotes/options/QQQ.json,0.0,0.0,-0.0,0.0,0.0,-0.0,0.0
QQQ,QQQ260512P00520000,2026-05-12,2,put,520.0,100.0,0.0,0.9333,0.0,0.0,0.22,,-0.0007,-0.0104,0.0017,https://cdn.cboe.com/api/global/delayed_quotes/options/QQQ.json,0.0,0.0,-0.0,0.0,0.0,-0.0,0.0
QQQ,QQQ260512P00525000,2026-05-12,2,put,525.0,1364.0,0.0,0.9066,0.0,0.0,0.22,,-0.0007,-0.0108,0.0018,https://cdn.cboe.com/api/global/delayed_quotes/options/QQQ.json,0.0,0.0,-0.0,0.0,0.0,-0.0,0.0
QQQ,QQQ260512P00540000,2026-05-12,2,put,540.0,5.0,0.0,0.8278,0.0,0.0,0.22,,-0.0009,-0.0123,0.0022,https://cdn.cboe.com/api/global/delayed_quotes/options/QQQ.json,0.0,0.0,-0.0,0.0,0.0,-0.0,0.0
QQQ,QQQ260512P00560000,2026-05-12,2,put,560.0,7.0,21.0,0.7494,0.0001,0.0,0.03,,-0.0012,-0.0149,0.0029,https://cdn.cboe.com/api/global/delayed_quotes/options/QQQ.json,0.0001,0.0,-354.8607999999999,-354.8607999999999,0.0,-3.5486079999999993e-07,-3.5486079999999993e-07
QQQ,QQQ260512C00565000,2026-05-12,2,call,565.0,1.0,0.0,0.9852,0.0001,144.72,148.75,,0.9987,-0.0157,0.0032,https://cdn.cboe.com/api/global/delayed_quotes/options/QQQ.json,0.0001,50.69440000000001,0.0,50.69440000000001,5.0694400000000006e-08,0.0,5.0694400000000006e-08
QQQ,QQQ260512P00565000,2026-05-12,2,put,565.0,5.0,979.0,0.7235,0.0001,0.0,0.03,,-0.0013,-0.0157,0.0032,https://cdn.cboe.com/api/global/delayed_quotes/options/QQQ.json,0.0001,0.0,-253.472,-253.472,0.0,-2.53472e-07,-2.53472e-07
QQQ,QQQ260512C00570000,2026-05-12,2,call,570.0,4.0,0.0,0.958,0.0001,139.75,143.81,,0.9986,-0.0165,0.0034,https://cdn.cboe.com/api/global/delayed_quotes/options/QQQ.json,0.0001,202.77760000000004,0.0,202.77760000000004,2.0277760000000002e-07,0.0,2.0277760000000002e-07
QQQ,QQQ260512P00570000,2026-05-12,2,put,570.0,141.0,670.0,0.6979,0.0001,0.0,0.02,,-0.0014,-0.0165,0.0034,https://cdn.cboe.com/api/global/delayed_quotes/options/QQQ.json,0.0001,0.0,-7147.910400000001,-7147.910400000001,0.0,-7.147910400000001e-06,-7.147910400000001e-06
QQQ,QQQ260512C00575000,2026-05-12,2,call,575.0,2.0,0.0,0.92,0.0001,134.73,138.8,,0.9985,-0.0174,0.0037,https://cdn.cboe.com/api/global/delayed_quotes/options/QQQ.json,0.0001,101.38880000000002,0.0,101.38880000000002,1.0138880000000001e-07,0.0,1.0138880000000001e-07
QQQ,QQQ260512P00575000,2026-05-12,2,put,575.0,31.0,789.0,0.689,0.0001,0.01,0.03,,-0.0015,-0.0174,0.0037,https://cdn.cboe.com/api/global/delayed_quotes/options/QQQ.json,0.0001,0.0,-1571.5264000000002,-1571.5264000000002,0.0,-1.5715264000000002e-06,-1.5715264000000002e-06
QQQ,QQQ260512C00580000,2026-05-12,2,call,580.0,1.0,0.0,0.8928,0.0001,129.75,133.75,,0.9983,-0.0184,0.004,https://cdn.cboe.com/api/global/delayed_quotes/options/QQQ.json,0.0001,50.69440000000001,0.0,50.69440000000001,5.0694400000000006e-08,0.0,5.0694400000000006e-08
QQQ,QQQ260512P00580000,2026-05-12,2,put,580.0,150.0,272.0,0.6764,0.0001,0.02,0.03,,-0.0016,-0.0184,0.004,https://cdn.cboe.com/api/global/delayed_quotes/options/QQQ.json,0.0001,0.0,-7604.160000000002,-7604.160000000002,0.0,-7.604160000000001e-06,-7.604160000000001e-06
QQQ,QQQ260512P00585000,2026-05-12,2,put,585.0,31.0,61.0,0.6374,0.0001,0.01,0.03,,-0.0018,-0.0195,0.0043,https://cdn.cboe.com/api/global/delayed_quotes/options/QQQ.json,0.0001,0.0,-1571.5264000000002,-1571.5264000000002,0.0,-1.5715264000000002e-06,-1.5715264000000002e-06
QQQ,QQQ260512C00590000,2026-05-12,2,call,590.0,2.0,0.0,0.8243,0.0001,119.74,123.67,,0.998,-0.0207,0.0047,https://cdn.cboe.com/api/global/delayed_quotes/options/QQQ.json,0.0001,101.38880000000002,0.0,101.38880000000002,1.0138880000000001e-07,0.0,1.0138880000000001e-07
QQQ,QQQ260512P00590000,2026-05-12,2,put,590.0,28.0,373.0,0.6118,0.0001,0.01,0.05,,-0.002,-0.0207,0.0047,https://cdn.cboe.com/api/global/delayed_quotes/options/QQQ.json,0.0001,0.0,-1419.4431999999997,-1419.4431999999997,0.0,-1.4194431999999997e-06,-1.4194431999999997e-06
QQQ,QQQ260512C00595000,2026-05-12,2,call,595.0,1.0,0.0,0.795,0.0001,114.76,118.76,,0.9978,-0.022,0.0051,https://cdn.cboe.com/api/global/delayed_quotes/options/QQQ.json,0.0001,50.69440000000001,0.0,50.69440000000001,5.0694400000000006e-08,0.0,5.0694400000000006e-08
QQQ,QQQ260512P00595000,2026-05-12,2,put,595.0,38.0,184.0,0.5864,0.0001,0.0,0.04,,-0.0022,-0.022,0.0051,https://cdn.cboe.com/api/global/delayed_quotes/options/QQQ.json,0.0001,0.0,-1926.3872000000001,-1926.3872000000001,0.0,-1.9263872e-06,-1.9263872e-06
QQQ,QQQ260512C00600000,2026-05-12,2,call,600.0,3.0,0.0,0.7639,0.0002,109.76,113.82,,0.9976,-0.0234,0.0056,https://cdn.cboe.com/api/global/delayed_quotes/options/QQQ.json,0.0002,304.1664,0.0,304.1664,3.041664e-07,0.0,3.041664e-07
QQQ,QQQ260512P00600000,2026-05-12,2,put,600.0,150.0,123.0,0.5825,0.0002,0.01,0.04,,-0.0024,-0.0234,0.0056,https://cdn.cboe.com/api/global/delayed_quotes/options/QQQ.json,0.0002,0.0,-15208.320000000003,-15208.320000000003,0.0,-1.5208320000000003e-05,-1.5208320000000003e-05
QQQ,QQQ260512P00601000,2026-05-12,2,put,601.0,1.0,2.0,0.5773,0.0002,0.0,0.04,,-0.0024,-0.0237,0.0057,https://cdn.cboe.com/api/global/delayed_quotes/options/QQQ.json,0.0002,0.0,-101.38880000000002,-101.38880000000002,0.0,-1.0138880000000001e-07,-1.0138880000000001e-07
QQQ,QQQ260512C00602000,2026-05-12,2,call,602.0,4.0,4.0,0.7454,0.0002,107.73,111.82,,0.9975,-0.0241,0.0058,https://cdn.cboe.com/api/global/delayed_quotes/options/QQQ.json,0.0002,405.55520000000007,0.0,405.55520000000007,4.0555520000000004e-07,0.0,4.0555520000000004e-07
QQQ,QQQ260512P00602000,2026-05-12,2,put,602.0,4.0,3.0,0.5721,0.0002,0.02,0.04,,-0.0025,-0.0241,0.0058,https://cdn.cboe.com/api/global/delayed_quotes/options/QQQ.json,0.0002,0.0,-405.55520000000007,-405.55520000000007,0.0,-4.0555520000000004e-07,-4.0555520000000004e-07
QQQ,QQQ260512P00603000,2026-05-12,2,put,603.0,15.0,9.0,0.5669,0.0002,0.0,0.04,,-0.0025,-0.0244,0.006,https://cdn.cboe.com/api/global/delayed_quotes/options/QQQ.json,0.0002,0.0,-1520.8319999999999,-1520.8319999999999,0.0,-1.520832e-06,-1.520832e-06
QQQ,QQQ260512P00604000,2026-05-12,2,put,604.0,18.0,30.0,0.5617,0.0002,0.01,0.04,,-0.0026,-0.0247,0.0061,https://cdn.cboe.com/api/global/delayed_quotes/options/QQQ.json,0.0002,0.0,-1824.9984000000004,-1824.9984000000004,0.0,-1.8249984000000004e-06,-1.8249984000000004e-06
QQQ,QQQ260512C00605000,2026-05-12,2,call,605.0,19.0,0.0,0.7293,0.0002,104.75,108.77,,0.9973,-0.025,0.0062,https://cdn.cboe.com/api/global/delayed_quotes/options/QQQ.json,0.0002,1926.3872000000001,0.0,1926.3872000000001,1.9263872e-06,0.0,1.9263872e-06
QQQ,QQQ260512P00605000,2026-05-12,2,put,605.0,3137.0,1672.0,0.5565,0.0002,0.0,0.24,,-0.0026,-0.025,0.0062,https://cdn.cboe.com/api/global/delayed_quotes/options/QQQ.json,0.0002,0.0,-318056.66560000007,-318056.66560000007,0.0,-0.0003180566656000001,-0.0003180566656000001
QQQ,QQQ260512P00606000,2026-05-12,2,put,606.0,71.0,1989.0,0.5596,0.0002,0.03,0.04,,-0.0027,-0.0254,0.0063,https://cdn.cboe.com/api/global/delayed_quotes/options/QQQ.json,0.0002,0.0,-7198.604800000001,-7198.604800000001,0.0,-7.198604800000001e-06,-7.198604800000001e-06
QQQ,QQQ260512P00607000,2026-05-12,2,put,607.0,6.0,3.0,0.5462,0.0002,0.0,0.04,,-0.0027,-0.0257,0.0064,https://cdn.cboe.com/api/global/delayed_quotes/options/QQQ.json,0.0002,0.0,-608.3328,-608.3328,0.0,-6.083328e-07,-6.083328e-07
QQQ,QQQ260512C00608000,2026-05-12,2,call,608.0,2.0,0.0,0.708,0.0002,101.74,105.83,,0.9972,-0.0261,0.0066,https://cdn.cboe.com/api/global/delayed_quotes/options/QQQ.json,0.0002,202.77760000000004,0.0,202.77760000000004,2.0277760000000002e-07,0.0,2.0277760000000002e-07
QQQ,QQQ260512P00608000,2026-05-12,2,put,608.0,22.0,54.0,0.541,0.0002,0.02,0.73,,-0.0028,-0.0261,0.0066,https://cdn.cboe.com/api/global/delayed_quotes/options/QQQ.json,0.0002,0.0,-2230.5536,-2230.5536,0.0,-2.2305536e-06,-2.2305536e-06
QQQ,QQQ260512P00609000,2026-05-12,2,put,609.0,97.0,58.0,0.5358,0.0002,0.02,0.24,,-0.0028,-0.0264,0.0067,https://cdn.cboe.com/api/global/delayed_quotes/options/QQQ.json,0.0002,0.0,-9834.713600000001,-9834.713600000001,0.0,-9.834713600000001e-06,-9.834713600000001e-06
QQQ,QQQ260512C00610000,2026-05-12,2,call,610.0,4.0,3.0,0.7,0.0002,99.77,103.83,,0.997,-0.0268,0.0068,https://cdn.cboe.com/api/global/delayed_quotes/options/QQQ.json,0.0002,405.55520000000007,0.0,405.55520000000007,4.0555520000000004e-07,0.0,4.0555520000000004e-07
QQQ,QQQ260512P00610000,2026-05-12,2,put,610.0,171.0,180.0,0.5307,0.0002,0.0,0.04,,-0.0029,-0.0268,0.0068,https://cdn.cboe.com/api/global/delayed_quotes/options/QQQ.json,0.0002,0.0,-17337.4848,-17337.4848,0.0,-1.7337484799999997e-05,-1.7337484799999997e-05
QQQ,QQQ260512P00611000,2026-05-12,2,put,611.0,39.0,254.0,0.5255,0.0002,0.02,0.24,,-0.003,-0.0272,0.007,https://cdn.cboe.com/api/global/delayed_quotes/options/QQQ.json,0.0002,0.0,-3954.1632,-3954.1632,0.0,-3.9541632e-06,-3.9541632e-06
QQQ,QQQ260512P00612000,2026-05-12,2,put,612.0,114.0,50.0,0.5204,0.0002,0.02,0.04,,-0.0031,-0.0276,0.0071,https://cdn.cboe.com/api/global/delayed_quotes/options/QQQ.json,0.0002,0.0,-11558.3232,-11558.3232,0.0,-1.15583232e-05,-1.15583232e-05
QQQ,QQQ260512P00613000,2026-05-12,2,put,613.0,194.0,1227.0,0.5152,0.0002,0.02,0.04,,-0.0031,-0.028,0.0073,https://cdn.cboe.com/api/global/delayed_quotes/options/QQQ.json,0.0002,0.0,-19669.427200000002,-19669.427200000002,0.0,-1.9669427200000002e-05,-1.9669427200000002e-05
QQQ,QQQ260512P00614000,2026-05-12,2,put,614.0,60.0,1114.0,0.5101,0.0002,0.02,0.24,,-0.0032,-0.0284,0.0074,https://cdn.cboe.com/api/global/delayed_quotes/options/QQQ.json,0.0002,0.0,-6083.3279999999995,-6083.3279999999995,0.0,-6.083328e-06,-6.083328e-06
QQQ,QQQ260512C00615000,2026-05-12,2,call,615.0,5.0,4.0,0.6705,0.0002,94.78,98.77,,0.9967,-0.0288,0.0076,https://cdn.cboe.com/api/global/delayed_quotes/options/QQQ.json,0.0002,506.944,0.0,506.944,5.06944e-07,0.0,5.06944e-07
QQQ,QQQ260512P00615000,2026-05-12,2,put,615.0,52.0,23.0,0.505,0.0002,0.0,0.04,,-0.0033,-0.0288,0.0076,https://cdn.cboe.com/api/global/delayed_quotes/options/QQQ.json,0.0002,0.0,-5272.2176,-5272.2176,0.0,-5.2722175999999996e-06,-5.2722175999999996e-06
QQQ,QQQ260512P00616000,2026-05-12,2,put,616.0,2.0,131.0,0.4998,0.0003,0.02,0.73,,-0.0033,-0.0292,0.0077,https://cdn.cboe.com/api/global/delayed_quotes/options/QQQ.json,0.0003,0.0,-304.1664,-304.1664,0.0,-3.041664e-07,-3.041664e-07
QQQ,QQQ260512P00617000,2026-05-12,2,put,617.0,4.0,37.0,0.4947,0.0003,0.0,0.25,,-0.0034,-0.0297,0.0079,https://cdn.cboe.com/api/global/delayed_quotes/options/QQQ.json,0.0003,0.0,-608.3328,-608.3328,0.0,-6.083328e-07,-6.083328e-07
QQQ,QQQ260512C00618000,2026-05-12,2,call,618.0,1.0,2.0,0.6479,0.0003,91.76,95.79,,0.9965,-0.0301,0.0081,https://cdn.cboe.com/api/global/delayed_quotes/options/QQQ.json,0.0003,152.0832,0.0,152.0832,1.520832e-07,0.0,1.520832e-07
QQQ,QQQ260512P00618000,2026-05-12,2,put,618.0,116.0,65.0,0.5037,0.0003,0.0,0.05,,-0.0035,-0.0301,0.0081,https://cdn.cboe.com/api/global/delayed_quotes/options/QQQ.json,0.0003,0.0,-17641.6512,-17641.6512,0.0,-1.76416512e-05,-1.76416512e-05
QQQ,QQQ260512P00619000,2026-05-12,2,put,619.0,116.0,360.0,0.4918,0.0003,0.02,0.05,,-0.0036,-0.0306,0.0082,https://cdn.cboe.com/api/global/delayed_quotes/options/QQQ.json,0.0003,0.0,-17641.6512,-17641.6512,0.0,-1.76416512e-05,-1.76416512e-05
QQQ,QQQ260512C00620000,2026-05-12,2,call,620.0,28.0,0.0,0.6379,0.0003,89.78,93.84,,0.9963,-0.031,0.0084,https://cdn.cboe.com/api/global/delayed_quotes/options/QQQ.json,0.0003,4258.3296,0.0,4258.3296,4.2583296e-06,0.0,4.2583296e-06
QQQ,QQQ260512P00620000,2026-05-12,2,put,620.0,665.0,272.0,0.4932,0.0003,0.0,0.05,,-0.0037,-0.031,0.0084,https://cdn.cboe.com/api/global/delayed_quotes/options/QQQ.json,0.0003,0.0,-101135.328,-101135.328,0.0,-0.00010113532799999999,-0.00010113532799999999
QQQ,QQQ260512P00621000,2026-05-12,2,put,621.0,87.0,24.0,0.488,0.0003,0.0,0.73,,-0.0038,-0.0315,0.0086,https://cdn.cboe.com/api/global/delayed_quotes/options/QQQ.json,0.0003,0.0,-13231.238399999998,-13231.238399999998,0.0,-1.3231238399999998e-05,-1.3231238399999998e-05
QQQ,QQQ260512P00622000,2026-05-12,2,put,622.0,27.0,66.0,0.4828,0.0003,0.03,0.05,,-0.0038,-0.032,0.0088,https://cdn.cboe.com/api/global/delayed_quotes/options/QQQ.json,0.0003,0.0,-4106.2464,-4106.2464,0.0,-4.1062464e-06,-4.1062464e-06
QQQ,QQQ260512P00623000,2026-05-12,2,put,623.0,32.0,37.0,0.4776,0.0003,0.0,0.05,,-0.0039,-0.0325,0.009,https://cdn.cboe.com/api/global/delayed_quotes/options/QQQ.json,0.0003,0.0,-4866.6624,-4866.6624,0.0,-4.8666624e-06,-4.8666624e-06
QQQ,QQQ260512C00624000,2026-05-12,2,call,624.0,1.0,2.0,0.609,0.0003,85.75,89.84,,0.9959,-0.033,0.0092,https://cdn.cboe.com/api/global/delayed_quotes/options/QQQ.json,0.0003,152.0832,0.0,152.0832,1.520832e-07,0.0,1.520832e-07
QQQ,QQQ260512P00624000,2026-05-12,2,put,624.0,23.0,157.0,0.4723,0.0003,0.03,0.05,,-0.004,-0.033,0.0092,https://cdn.cboe.com/api/global/delayed_quotes/options/QQQ.json,0.0003,0.0,-3497.9136,-3497.9136,0.0,-3.4979135999999998e-06,-3.4979135999999998e-06
QQQ,QQQ260512C00625000,2026-05-12,2,call,625.0,3.0,0.0,0.604,0.0003,84.76,88.84,,0.9958,-0.0336,0.0094,https://cdn.cboe.com/api/global/delayed_quotes/options/QQQ.json,0.0003,456.2496,0.0,456.2496,4.562496e-07,0.0,4.562496e-07
QQQ,QQQ260512P00625000,2026-05-12,2,put,625.0,300.0,82.0,0.4671,0.0003,0.03,0.05,,-0.0041,-0.0336,0.0094,https://cdn.cboe.com/api/global/delayed_quotes/options/QQQ.json,0.0003,0.0,-45624.96,-45624.96,0.0,-4.562496e-05,-4.562496e-05
QQQ,QQQ260512P00626000,2026-05-12,2,put,626.0,51.0,30.0,0.4619,0.0004,0.03,0.25,,-0.0042,-0.0341,0.0096,https://cdn.cboe.com/api/global/delayed_quotes/options/QQQ.json,0.0004,0.0,-10341.6576,-10341.6576,0.0,-1.03416576e-05,-1.03416576e-05
QQQ,QQQ260512C00627000,2026-05-12,2,call,627.0,2.0,4.0,0.5925,0.0004,82.77,86.81,,0.9956,-0.0346,0.0098,https://cdn.cboe.com/api/global/delayed_quotes/options/QQQ.json,0.0004,405.55520000000007,0.0,405.55520000000007,4.0555520000000004e-07,0.0,4.0555520000000004e-07
QQQ,QQQ260512P00627000,2026-05-12,2,put,627.0,30.0,3.0,0.4568,0.0004,0.03,0.25,,-0.0043,-0.0346,0.0098,https://cdn.cboe.com/api/global/delayed_quotes/options/QQQ.json,0.0004,0.0,-6083.3279999999995,-6083.3279999999995,0.0,-6.083328e-06,-6.083328e-06
QQQ,QQQ260512P00628000,2026-05-12,2,put,628.0,52.0,22.0,0.4516,0.0004,0.03,0.25,,-0.0044,-0.0352,0.01,https://cdn.cboe.com/api/global/delayed_quotes/options/QQQ.json,0.0004,0.0,-10544.4352,-10544.4352,0.0,-1.0544435199999999e-05,-1.0544435199999999e-05
QQQ,QQQ260512P00629000,2026-05-12,2,put,629.0,85.0,216.0,0.4518,0.0004,0.04,0.05,,-0.0046,-0.0358,0.0103,https://cdn.cboe.com/api/global/delayed_quotes/options/QQQ.json,0.0004,0.0,-17236.096,-17236.096,0.0,-1.7236096e-05,-1.7236096e-05
QQQ,QQQ260512C00630000,2026-05-12,2,call,630.0,58.0,5.0,0.5758,0.0004,79.79,83.85,,0.9953,-0.0364,0.0105,https://cdn.cboe.com/api/global/delayed_quotes/options/QQQ.json,0.0004,11761.1008,0.0,11761.1008,1.17611008e-05,0.0,1.17611008e-05
QQQ,QQQ260512P00630000,2026-05-12,2,put,630.0,622.0,386.0,0.4466,0.0004,0.03,0.06,,-0.0047,-0.0364,0.0105,https://cdn.cboe.com/api/global/delayed_quotes/options/QQQ.json,0.0004,0.0,-126127.66720000001,-126127.66720000001,0.0,-0.00012612766720000002,-0.00012612766720000002
QQQ,QQQ260512C00631000,2026-05-12,2,call,631.0,1.0,0.0,0.5666,0.0004,78.77,82.85,,0.9951,-0.037,0.0108,https://cdn.cboe.com/api/global/delayed_quotes/options/QQQ.json,0.0004,202.77760000000004,0.0,202.77760000000004,2.0277760000000002e-07,0.0,2.0277760000000002e-07
QQQ,QQQ260512P00631000,2026-05-12,2,put,631.0,67.0,12.0,0.4464,0.0004,0.0,0.06,,-0.0048,-0.037,0.0108,https://cdn.cboe.com/api/global/delayed_quotes/options/QQQ.json,0.0004,0.0,-13586.099200000002,-13586.099200000002,0.0,-1.3586099200000002e-05,-1.3586099200000002e-05
QQQ,QQQ260512P00632000,2026-05-12,2,put,632.0,11.0,22.0,0.4411,0.0004,0.0,0.73,,-0.0049,-0.0377,0.0111,https://cdn.cboe.com/api/global/delayed_quotes/options/QQQ.json,0.0004,0.0,-2230.5536,-2230.5536,0.0,-2.2305536e-06,-2.2305536e-06
QQQ,QQQ260512P00633000,2026-05-12,2,put,633.0,422.0,1.0,0.4358,0.0004,0.04,0.73,,-0.0051,-0.0383,0.0113,https://cdn.cboe.com/api/global/delayed_quotes/options/QQQ.json,0.0004,0.0,-85572.14719999999,-85572.14719999999,0.0,-8.557214719999999e-05,-8.557214719999999e-05
QQQ,QQQ260512C00634000,2026-05-12,2,call,634.0,1.0,2.0,0.5485,0.0005,75.77,79.86,,0.9947,-0.039,0.0116,https://cdn.cboe.com/api/global/delayed_quotes/options/QQQ.json,0.0005,253.472,0.0,253.472,2.53472e-07,0.0,2.53472e-07
QQQ,QQQ260512P00634000,2026-05-12,2,put,634.0,52.0,11.0,0.4305,0.0005,0.0,0.26,,-0.0052,-0.039,0.0116,https://cdn.cboe.com/api/global/delayed_quotes/options/QQQ.json,0.0005,0.0,-13180.544000000002,-13180.544000000002,0.0,-1.3180544000000002e-05,-1.3180544000000002e-05
QQQ,QQQ260512C00635000,2026-05-12,2,call,635.0,5.0,4.0,0.5447,0.0005,74.79,78.83,,0.9946,-0.0396,0.0119,https://cdn.cboe.com/api/global/delayed_quotes/options/QQQ.json,0.0005,1267.3600000000001,0.0,1267.3600000000001,1.26736e-06,0.0,1.26736e-06
QQQ,QQQ260512P00635000,2026-05-12,2,put,635.0,610.0,120.0,0.4252,0.0005,0.04,0.26,,-0.0054,-0.0396,0.0119,https://cdn.cboe.com/api/global/delayed_quotes/options/QQQ.json,0.0005,0.0,-154617.92,-154617.92,0.0,-0.00015461792000000002,-0.00015461792000000002
QQQ,QQQ260512C00636000,2026-05-12,2,call,636.0,1.0,0.0,0.5343,0.0005,73.76,77.8,,0.9944,-0.0403,0.0122,https://cdn.cboe.com/api/global/delayed_quotes/options/QQQ.json,0.0005,253.472,0.0,253.472,2.53472e-07,0.0,2.53472e-07
QQQ,QQQ260512P00636000,2026-05-12,2,put,636.0,21.0,0.0,0.4199,0.0005,0.0,0.26,,-0.0055,-0.0403,0.0122,https://cdn.cboe.com/api/global/delayed_quotes/options/QQQ.json,0.0005,0.0,-5322.912000000001,-5322.912000000001,0.0,-5.3229120000000015e-06,-5.3229120000000015e-06
QQQ,QQQ260512P00637000,2026-05-12,2,put,637.0,71.0,11.0,0.4148,0.0005,0.04,0.26,,-0.0057,-0.0411,0.0125,https://cdn.cboe.com/api/global/delayed_quotes/options/QQQ.json,0.0005,0.0,-17996.512000000002,-17996.512000000002,0.0,-1.7996512000000002e-05,-1.7996512000000002e-05
QQQ,QQQ260512P00638000,2026-05-12,2,put,638.0,158.0,12.0,0.4094,0.0005,0.04,0.27,,-0.0058,-0.0418,0.0128,https://cdn.cboe.com/api/global/delayed_quotes/options/QQQ.json,0.0005,0.0,-40048.576,-40048.576,0.0,-4.0048576e-05,-4.0048576e-05
QQQ,QQQ260512P00639000,2026-05-12,2,put,639.0,288.0,16.0,0.404,0.0006,0.04,0.27,,-0.006,-0.0426,0.0132,https://cdn.cboe.com/api/global/delayed_quotes/options/QQQ.json,0.0006,0.0,-87599.92319999999,-87599.92319999999,0.0,-8.75999232e-05,-8.75999232e-05
QQQ,QQQ260512C00640000,2026-05-12,2,call,640.0,58.0,0.0,0.5122,0.0006,69.78,73.83,,0.9938,-0.0434,0.0135,https://cdn.cboe.com/api/global/delayed_quotes/options/QQQ.json,0.0006,17641.6512,0.0,17641.6512,1.76416512e-05,0.0,1.76416512e-05
QQQ,QQQ260512P00640000,2026-05-12,2,put,640.0,675.0,37.0,0.407,0.0006,0.0,0.07,,-0.0062,-0.0434,0.0135,https://cdn.cboe.com/api/global/delayed_quotes/options/QQQ.json,0.0006,0.0,-205312.32,-205312.32,0.0,-0.00020531232,-0.00020531232
QQQ,QQQ260512P00641000,2026-05-12,2,put,641.0,56.0,38.0,0.4017,0.0006,0.05,0.27,,-0.0064,-0.0442,0.0139,https://cdn.cboe.com/api/global/delayed_quotes/options/QQQ.json,0.0006,0.0,-17033.3184,-17033.3184,0.0,-1.70333184e-05,-1.70333184e-05
QQQ,QQQ260512C00642000,2026-05-12,2,call,642.0,1.0,0.0,0.4992,0.0006,67.78,71.81,,0.9934,-0.045,0.0142,https://cdn.cboe.com/api/global/delayed_quotes/options/QQQ.json,0.0006,304.1664,0.0,304.1664,3.041664e-07,0.0,3.041664e-07
QQQ,QQQ260512P00642000,2026-05-12,2,put,642.0,91.0,23.0,0.3963,0.0006,0.05,0.75,,-0.0065,-0.045,0.0142,https://cdn.cboe.com/api/global/delayed_quotes/options/QQQ.json,0.0006,0.0,-27679.142399999997,-27679.142399999997,0.0,-2.76791424e-05,-2.76791424e-05
QQQ,QQQ260512P00643000,2026-05-12,2,put,643.0,31.0,101.0,0.3909,0.0006,0.0,0.74,,-0.0067,-0.0458,0.0146,https://cdn.cboe.com/api/global/delayed_quotes/options/QQQ.json,0.0006,0.0,-9429.1584,-9429.1584,0.0,-9.429158400000001e-06,-9.429158400000001e-06
QQQ,QQQ260512C00644000,2026-05-12,2,call,644.0,1.0,0.0,0.4863,0.0007,65.78,69.86,,0.993,-0.0467,0.015,https://cdn.cboe.com/api/global/delayed_quotes/options/QQQ.json,0.0007,354.8607999999999,0.0,354.8607999999999,3.5486079999999993e-07,0.0,3.5486079999999993e-07
QQQ,QQQ260512P00644000,2026-05-12,2,put,644.0,125.0,67.0,0.3857,0.0007,0.05,0.07,,-0.0069,-0.0467,0.015,https://cdn.cboe.com/api/global/delayed_quotes/options/QQQ.json,0.0007,0.0,-44357.6,-44357.6,0.0,-4.43576e-05,-4.43576e-05
QQQ,QQQ260512C00645000,2026-05-12,2,call,645.0,80.0,7.0,0.4833,0.0007,64.81,68.86,,0.9928,-0.0476,0.0154,https://cdn.cboe.com/api/global/delayed_quotes/options/QQQ.json,0.0007,28388.864000000005,0.0,28388.864000000005,2.8388864000000003e-05,0.0,2.8388864000000003e-05
QQQ,QQQ260512P00645000,2026-05-12,2,put,645.0,2271.0,86.0,0.3802,0.0007,0.05,0.11,,-0.0072,-0.0476,0.0154,https://cdn.cboe.com/api/global/delayed_quotes/options/QQQ.json,0.0007,0.0,-805888.8768,-805888.8768,0.0,-0.0008058888768,-0.0008058888768
QQQ,QQQ260512C00646000,2026-05-12,2,call,646.0,23.0,1.0,0.4745,0.0007,63.78,67.81,,0.9926,-0.0486,0.0159,https://cdn.cboe.com/api/global/delayed_quotes/options/QQQ.json,0.0007,8161.7984,0.0,8161.7984,8.1617984e-06,0.0,8.1617984e-06
QQQ,QQQ260512P00646000,2026-05-12,2,put,646.0,114.0,88.0,0.3748,0.0007,0.0,0.11,,-0.0074,-0.0486,0.0159,https://cdn.cboe.com/api/global/delayed_quotes/options/QQQ.json,0.0007,0.0,-40454.131199999996,-40454.131199999996,0.0,-4.04541312e-05,-4.04541312e-05
QQQ,QQQ260512C00647000,2026-05-12,2,call,647.0,19.0,0.0,0.4691,0.0008,62.79,66.84,,0.9924,-0.0495,0.0163,https://cdn.cboe.com/api/global/delayed_quotes/options/QQQ.json,0.0008,7705.5488000000005,0.0,7705.5488000000005,7.7055488e-06,0.0,7.7055488e-06
QQQ,QQQ260512P00647000,2026-05-12,2,put,647.0,400.0,57.0,0.3763,0.0008,0.0,0.11,,-0.0076,-0.0495,0.0163,https://cdn.cboe.com/api/global/delayed_quotes/options/QQQ.json,0.0008,0.0,-162222.08000000002,-162222.08000000002,0.0,-0.00016222208,-0.00016222208
QQQ,QQQ260512C00648000,2026-05-12,2,call,648.0,1.0,0.0,0.4615,0.0008,61.78,65.87,,0.9921,-0.0505,0.0168,https://cdn.cboe.com/api/global/delayed_quotes/options/QQQ.json,0.0008,405.55520000000007,0.0,405.55520000000007,4.0555520000000004e-07,0.0,4.0555520000000004e-07
QQQ,QQQ260512P00648000,2026-05-12,2,put,648.0,79.0,67.0,0.3709,0.0008,0.06,0.08,,-0.0078,-0.0505,0.0168,https://cdn.cboe.com/api/global/delayed_quotes/options/QQQ.json,0.0008,0.0,-32038.860800000002,-32038.860800000002,0.0,-3.20388608e-05,-3.20388608e-05
QQQ,QQQ260512P00649000,2026-05-12,2,put,649.0,381.0,364.0,0.3654,0.0008,0.06,0.14,,-0.0081,-0.0515,0.0173,https://cdn.cboe.com/api/global/delayed_quotes/options/QQQ.json,0.0008,0.0,-154516.53120000003,-154516.53120000003,0.0,-0.00015451653120000003,-0.00015451653120000003
QQQ,QQQ260512C00650000,2026-05-12,2,call,650.0,133.0,30.0,0.4518,0.0008,59.81,63.88,,0.9916,-0.0526,0.0178,https://cdn.cboe.com/api/global/delayed_quotes/options/QQQ.json,0.0008,53938.8416,0.0,53938.8416,5.39388416e-05,0.0,5.39388416e-05
QQQ,QQQ260512P00650000,2026-05-12,2,put,650.0,2840.0,128.0,0.3601,0.0008,0.06,0.12,,-0.0084,-0.0526,0.0178,https://cdn.cboe.com/api/global/delayed_quotes/options/QQQ.json,0.0008,0.0,-1151776.7680000002,-1151776.7680000002,0.0,-0.0011517767680000002,-0.0011517767680000002
QQQ,QQQ260512C00651000,2026-05-12,2,call,651.0,3.0,0.0,0.4442,0.0009,58.8,62.82,,0.9913,-0.0537,0.0183,https://cdn.cboe.com/api/global/delayed_quotes/options/QQQ.json,0.0009,1368.7488,0.0,1368.7488,1.3687488000000001e-06,0.0,1.3687488000000001e-06
QQQ,QQQ260512P00651000,2026-05-12,2,put,651.0,159.0,307.0,0.3546,0.0009,0.06,0.13,,-0.0086,-0.0537,0.0183,https://cdn.cboe.com/api/global/delayed_quotes/options/QQQ.json,0.0009,0.0,-72543.6864,-72543.6864,0.0,-7.25436864e-05,-7.25436864e-05
QQQ,QQQ260512C00652000,2026-05-12,2,call,652.0,10.0,5.0,0.4387,0.0009,57.8,61.81,,0.991,-0.0548,0.0189,https://cdn.cboe.com/api/global/delayed_quotes/options/QQQ.json,0.0009,4562.496,0.0,4562.496,4.562496e-06,0.0,4.562496e-06
QQQ,QQQ260512P00652000,2026-05-12,2,put,652.0,238.0,304.0,0.3549,0.0009,0.01,0.09,,-0.0089,-0.0548,0.0189,https://cdn.cboe.com/api/global/delayed_quotes/options/QQQ.json,0.0009,0.0,-108587.4048,-108587.4048,0.0,-0.00010858740480000001,-0.00010858740480000001
QQQ,QQQ260512P00653000,2026-05-12,2,put,653.0,277.0,79.0,0.3494,0.001,0.07,0.09,,-0.0092,-0.056,0.0194,https://cdn.cboe.com/api/global/delayed_quotes/options/QQQ.json,0.001,0.0,-140423.488,-140423.488,0.0,-0.000140423488,-0.000140423488
QQQ,QQQ260512P00654000,2026-05-12,2,put,654.0,472.0,37.0,0.344,0.001,0.07,0.14,,-0.0096,-0.0571,0.02,https://cdn.cboe.com/api/global/delayed_quotes/options/QQQ.json,0.001,0.0,-239277.568,-239277.568,0.0,-0.000239277568,-0.000239277568
QQQ,QQQ260512C00655000,2026-05-12,2,call,655.0,219.0,2.0,0.4211,0.001,54.82,58.85,,0.9901,-0.0584,0.0207,https://cdn.cboe.com/api/global/delayed_quotes/options/QQQ.json,0.001,111020.736,0.0,111020.736,0.000111020736,0.0,0.000111020736
QQQ,QQQ260512P00655000,2026-05-12,2,put,655.0,698.0,282.0,0.3385,0.001,0.07,0.14,,-0.0099,-0.0584,0.0206,https://cdn.cboe.com/api/global/delayed_quotes/options/QQQ.json,0.001,0.0,-353846.912,-353846.912,0.0,-0.000353846912,-0.000353846912
QQQ,QQQ260512C00656000,2026-05-12,2,call,656.0,1.0,0.0,0.4146,0.0011,53.81,57.83,,0.9897,-0.0597,0.0213,https://cdn.cboe.com/api/global/delayed_quotes/options/QQQ.json,0.0011,557.6384,0.0,557.6384,5.576384e-07,0.0,5.576384e-07
QQQ,QQQ260512P00656000,2026-05-12,2,put,656.0,294.0,328.0,0.333,0.0011,0.07,0.17,,-0.0103,-0.06,0.0214,https://cdn.cboe.com/api/global/delayed_quotes/options/QQQ.json,0.0011,0.0,-163945.6896,-163945.6896,0.0,-0.00016394568960000002,-0.00016394568960000002
QQQ,QQQ260512C00657000,2026-05-12,2,call,657.0,25.0,10.0,0.408,0.0011,52.81,56.89,,0.9893,-0.061,0.022,https://cdn.cboe.com/api/global/delayed_quotes/options/QQQ.json,0.0011,13940.960000000001,0.0,13940.960000000001,1.3940960000000001e-05,0.0,1.3940960000000001e-05
QQQ,QQQ260512P00657000,2026-05-12,2,put,657.0,250.0,273.0,0.3325,0.0011,0.0,0.1,,-0.0106,-0.061,0.022,https://cdn.cboe.com/api/global/delayed_quotes/options/QQQ.json,0.0011,0.0,-139409.60000000003,-139409.60000000003,0.0,-0.00013940960000000005,-0.00013940960000000005
QQQ,QQQ260512C00658000,2026-05-12,2,call,658.0,83.0,11.0,0.4034,0.0012,51.83,55.89,,0.989,-0.0624,0.0227,https://cdn.cboe.com/api/global/delayed_quotes/options/QQQ.json,0.0012,50491.62239999999,0.0,50491.62239999999,5.0491622399999996e-05,0.0,5.0491622399999996e-05
QQQ,QQQ260512P00658000,2026-05-12,2,put,658.0,164.0,285.0,0.3269,0.0012,0.08,0.1,,-0.011,-0.0624,0.0227,https://cdn.cboe.com/api/global/delayed_quotes/options/QQQ.json,0.0012,0.0,-99766.57919999998,-99766.57919999998,0.0,-9.976657919999998e-05,-9.976657919999998e-05
QQQ,QQQ260512C00659000,2026-05-12,2,call,659.0,14.0,0.0,0.3968,0.0012,50.83,54.84,,0.9885,-0.0639,0.0234,https://cdn.cboe.com/api/global/delayed_quotes/options/QQQ.json,0.0012,8516.6592,0.0,8516.6592,8.5166592e-06,0.0,8.5166592e-06
QQQ,QQQ260512P00659000,2026-05-12,2,put,659.0,202.0,2717.0,0.3213,0.0012,0.08,0.1,,-0.0114,-0.0638,0.0234,https://cdn.cboe.com/api/global/delayed_quotes/options/QQQ.json,0.0012,0.0,-122883.22559999999,-122883.22559999999,0.0,-0.00012288322559999998,-0.00012288322559999998
QQQ,QQQ260512C00660000,2026-05-12,2,call,660.0,365.0,23.0,0.3911,0.0013,49.83,53.51,,0.9881,-0.0654,0.0242,https://cdn.cboe.com/api/global/delayed_quotes/options/QQQ.json,0.0013,240544.92799999999,0.0,240544.92799999999,0.00024054492799999998,0.0,0.00024054492799999998
QQQ,QQQ260512P00660000,2026-05-12,2,put,660.0,500.0,370.0,0.3156,0.0013,0.0,0.21,,-0.0118,-0.0654,0.0242,https://cdn.cboe.com/api/global/delayed_quotes/options/QQQ.json,0.0013,0.0,-329513.60000000003,-329513.60000000003,0.0,-0.0003295136,-0.0003295136
QQQ,QQQ260512C00661000,2026-05-12,2,call,661.0,115.0,0.0,0.3845,0.0014,48.83,52.87,,0.9876,-0.0669,0.025,https://cdn.cboe.com/api/global/delayed_quotes/options/QQQ.json,0.0014,81617.98400000001,0.0,81617.98400000001,8.161798400000001e-05,0.0,8.161798400000001e-05
QQQ,QQQ260512P00661000,2026-05-12,2,put,661.0,166.0,359.0,0.3101,0.0014,0.08,0.24,,-0.0123,-0.0669,0.025,https://cdn.cboe.com/api/global/delayed_quotes/options/QQQ.json,0.0014,0.0,-117813.78559999999,-117813.78559999999,0.0,-0.00011781378559999999,-0.00011781378559999999
QQQ,QQQ260512C00662000,2026-05-12,2,call,662.0,32.0,0.0,0.377,0.0014,47.82,51.87,,0.9872,-0.0686,0.0259,https://cdn.cboe.com/api/global/delayed_quotes/options/QQQ.json,0.0014,22711.091199999995,0.0,22711.091199999995,2.2711091199999995e-05,0.0,2.2711091199999995e-05
QQQ,QQQ260512P00662000,2026-05-12,2,put,662.0,382.0,310.0,0.3089,0.0014,0.0,0.11,,-0.0128,-0.0685,0.0259,https://cdn.cboe.com/api/global/delayed_quotes/options/QQQ.json,0.0014,0.0,-271113.65119999996,-271113.65119999996,0.0,-0.0002711136512,-0.0002711136512
QQQ,QQQ260512C00663000,2026-05-12,2,call,663.0,103.0,12.0,0.3648,0.0015,46.84,50.45,,0.9866,-0.0703,0.0268,https://cdn.cboe.com/api/global/delayed_quotes/options/QQQ.json,0.0015,78322.848,0.0,78322.848,7.8322848e-05,0.0,7.8322848e-05
QQQ,QQQ260512P00663000,2026-05-12,2,put,663.0,317.0,230.0,0.3032,0.0015,0.09,0.18,,-0.0133,-0.0702,0.0268,https://cdn.cboe.com/api/global/delayed_quotes/options/QQQ.json,0.0015,0.0,-241051.87200000003,-241051.87200000003,0.0,-0.00024105187200000003,-0.00024105187200000003
QQQ,QQQ260512C00664000,2026-05-12,2,call,664.0,22.0,0.0,0.3544,0.0016,45.84,49.41,,0.9861,-0.0721,0.0278,https://cdn.cboe.com/api/global/delayed_quotes/options/QQQ.json,0.0016,17844.4288,0.0,17844.4288,1.78444288e-05,0.0,1.78444288e-05
QQQ,QQQ260512P00664000,2026-05-12,2,put,664.0,189.0,3919.0,0.2974,0.0016,0.01,0.24,,-0.0139,-0.0721,0.0278,https://cdn.cboe.com/api/global/delayed_quotes/options/QQQ.json,0.0016,0.0,-153299.86560000002,-153299.86560000002,0.0,-0.0001532998656,-0.0001532998656
QQQ,QQQ260512C00665000,2026-05-12,2,call,665.0,315.0,12.0,0.347,0.0016,44.82,48.42,,0.9855,-0.074,0.0288,https://cdn.cboe.com/api/global/delayed_quotes/options/QQQ.json,0.0016,255499.77599999998,0.0,255499.77599999998,0.000255499776,0.0,0.000255499776
QQQ,QQQ260512P00665000,2026-05-12,2,put,665.0,1404.0,474.0,0.2958,0.0016,0.0,0.28,,-0.0144,-0.0739,0.0288,https://cdn.cboe.com/api/global/delayed_quotes/options/QQQ.json,0.0016,0.0,-1138799.0016,-1138799.0016,0.0,-0.0011387990016,-0.0011387990016
QQQ,QQQ260512C00666000,2026-05-12,2,call,666.0,52.0,1.0,0.3547,0.0017,43.85,47.92,,0.9849,-0.076,0.0299,https://cdn.cboe.com/api/global/delayed_quotes/options/QQQ.json,0.0017,44813.8496,0.0,44813.8496,4.48138496e-05,0.0,4.48138496e-05
QQQ,QQQ260512P00666000,2026-05-12,2,put,666.0,234.0,68.0,0.29,0.0017,0.1,0.12,,-0.015,-0.0759,0.0298,https://cdn.cboe.com/api/global/delayed_quotes/options/QQQ.json,0.0017,0.0,-201662.3232,-201662.3232,0.0,-0.00020166232320000002,-0.00020166232320000002
QQQ,QQQ260512C00667000,2026-05-12,2,call,667.0,63.0,9.0,0.3481,0.0018,42.85,46.86,,0.9842,-0.0781,0.031,https://cdn.cboe.com/api/global/delayed_quotes/options/QQQ.json,0.0018,57487.4496,0.0,57487.4496,5.74874496e-05,0.0,5.74874496e-05
QQQ,QQQ260512P00667000,2026-05-12,2,put,667.0,168.0,307.0,0.2842,0.0018,0.1,0.13,,-0.0157,-0.0781,0.031,https://cdn.cboe.com/api/global/delayed_quotes/options/QQQ.json,0.0018,0.0,-153299.86560000002,-153299.86560000002,0.0,-0.0001532998656,-0.0001532998656
QQQ,QQQ260512C00668000,2026-05-12,2,call,668.0,102.0,0.0,0.3422,0.0019,41.85,45.89,,0.9835,-0.0803,0.0322,https://cdn.cboe.com/api/global/delayed_quotes/options/QQQ.json,0.0019,98245.74719999998,0.0,98245.74719999998,9.824574719999999e-05,0.0,9.824574719999999e-05
QQQ,QQQ260512P00668000,2026-05-12,2,put,668.0,222.0,79.0,0.2821,0.0019,0.11,0.13,,-0.0164,-0.0802,0.0322,https://cdn.cboe.com/api/global/delayed_quotes/options/QQQ.json,0.0019,0.0,-213828.97919999997,-213828.97919999997,0.0,-0.00021382897919999997,-0.00021382897919999997
QQQ,QQQ260512C00669000,2026-05-12,2,call,669.0,172.0,11.0,0.3362,0.002,40.86,44.9,,0.9828,-0.0827,0.0335,https://cdn.cboe.com/api/global/delayed_quotes/options/QQQ.json,0.002,174388.736,0.0,174388.736,0.000174388736,0.0,0.000174388736
QQQ,QQQ260512P00669000,2026-05-12,2,put,669.0,138.0,53.0,0.2761,0.002,0.11,0.14,,-0.0172,-0.0827,0.0335,https://cdn.cboe.com/api/global/delayed_quotes/options/QQQ.json,0.002,0.0,-139916.544,-139916.544,0.0,-0.000139916544,-0.000139916544
QQQ,QQQ260512C00670000,2026-05-12,2,call,670.0,341.0,3.0,0.331,0.0022,39.87,43.55,,0.9819,-0.0853,0.0348,https://cdn.cboe.com/api/global/delayed_quotes/options/QQQ.json,0.0022,380309.3888,0.0,380309.3888,0.0003803093888,0.0,0.0003803093888
QQQ,QQQ260512P00670000,2026-05-12,2,put,670.0,797.0,231.0,0.2736,0.0022,0.12,0.14,,-0.018,-0.0852,0.0348,https://cdn.cboe.com/api/global/delayed_quotes/options/QQQ.json,0.0022,0.0,-888875.6096000001,-888875.6096000001,0.0,-0.0008888756096,-0.0008888756096
QQQ,QQQ260512C00671000,2026-05-12,2,call,671.0,159.0,16.0,0.325,0.0023,38.88,42.94,,0.981,-0.088,0.0363,https://cdn.cboe.com/api/global/delayed_quotes/options/QQQ.json,0.0023,185389.42080000002,0.0,185389.42080000002,0.0001853894208,0.0,0.0001853894208
QQQ,QQQ260512P00671000,2026-05-12,2,put,671.0,199.0,24.0,0.2676,0.0023,0.12,0.15,,-0.0189,-0.088,0.0363,https://cdn.cboe.com/api/global/delayed_quotes/options/QQQ.json,0.0023,0.0,-232028.2688,-232028.2688,0.0,-0.00023202826879999998,-0.00023202826879999998
QQQ,QQQ260512C00672000,2026-05-12,2,call,672.0,481.0,6.0,0.3175,0.0024,37.86,41.56,,0.98,-0.091,0.0379,https://cdn.cboe.com/api/global/delayed_quotes/options/QQQ.json,0.0024,585216.1536,0.0,585216.1536,0.0005852161536,0.0,0.0005852161536
QQQ,QQQ260512P00672000,2026-05-12,2,put,672.0,437.0,114.0,0.2649,0.0024,0.01,0.15,,-0.0199,-0.0909,0.0379,https://cdn.cboe.com/api/global/delayed_quotes/options/QQQ.json,0.0024,0.0,-531682.8672,-531682.8672,0.0,-0.0005316828672,-0.0005316828672
QQQ,QQQ260512C00673000,2026-05-12,2,call,673.0,123.0,0.0,0.3136,0.0026,36.9,40.57,,0.979,-0.0942,0.0396,https://cdn.cboe.com/api/global/delayed_quotes/options/QQQ.json,0.0026,162120.6912,0.0,162120.6912,0.0001621206912,0.0,0.0001621206912
QQQ,QQQ260512P00673000,2026-05-12,2,put,673.0,344.0,136.0,0.2587,0.0026,0.01,0.16,,-0.021,-0.0942,0.0397,https://cdn.cboe.com/api/global/delayed_quotes/options/QQQ.json,0.0026,0.0,-453410.7136,-453410.7136,0.0,-0.0004534107136,-0.0004534107136
QQQ,QQQ260512C00674000,2026-05-12,2,call,674.0,277.0,12.0,0.3088,0.0027,35.92,39.58,,0.9778,-0.0977,0.0415,https://cdn.cboe.com/api/global/delayed_quotes/options/QQQ.json,0.0027,379143.41760000004,0.0,379143.41760000004,0.00037914341760000007,0.0,0.00037914341760000007
QQQ,QQQ260512P00674000,2026-05-12,2,put,674.0,505.0,285.0,0.2556,0.0027,0.01,0.25,,-0.0221,-0.0977,0.0415,https://cdn.cboe.com/api/global/delayed_quotes/options/QQQ.json,0.0027,0.0,-691218.1440000001,-691218.1440000001,0.0,-0.0006912181440000001,-0.0006912181440000001
QQQ,QQQ260512C00675000,2026-05-12,2,call,675.0,833.0,4.0,0.3033,0.0029,34.93,38.58,,0.9766,-0.1015,0.0435,https://cdn.cboe.com/api/global/delayed_quotes/options/QQQ.json,0.0029,1224624.6208,0.0,1224624.6208,0.0012246246207999998,0.0,0.0012246246207999998
QQQ,QQQ260512P00675000,2026-05-12,2,put,675.0,1079.0,528.0,0.2523,0.0029,0.0,0.38,,-0.0234,-0.1014,0.0435,https://cdn.cboe.com/api/global/delayed_quotes/options/QQQ.json,0.0029,0.0,-1586278.4704,-1586278.4704,0.0,-0.0015862784704,-0.0015862784704
QQQ,QQQ260512C00676000,2026-05-12,2,call,676.0,371.0,22.0,0.295,0.0031,34.28,37.59,,0.9751,-0.1056,0.0457,https://cdn.cboe.com/api/global/delayed_quotes/options/QQQ.json,0.0031,583036.2944,0.0,583036.2944,0.0005830362944,0.0,0.0005830362944
QQQ,QQQ260512P00676000,2026-05-12,2,put,676.0,303.0,167.0,0.2486,0.0031,0.15,0.18,,-0.0248,-0.1055,0.0456,https://cdn.cboe.com/api/global/delayed_quotes/options/QQQ.json,0.0031,0.0,-476172.49919999996,-476172.49919999996,0.0,-0.0004761724992,-0.0004761724992
QQQ,QQQ260512C00677000,2026-05-12,2,call,677.0,146.0,2.0,0.2982,0.0033,33.29,36.42,,0.9736,-0.1102,0.048,https://cdn.cboe.com/api/global/delayed_quotes/options/QQQ.json,0.0033,244245.6192,0.0,244245.6192,0.0002442456192,0.0,0.0002442456192
QQQ,QQQ260512P00677000,2026-05-12,2,put,677.0,1291.0,841.0,0.2448,0.0033,0.16,0.19,,-0.0263,-0.1101,0.048,https://cdn.cboe.com/api/global/delayed_quotes/options/QQQ.json,0.0033,0.0,-2159733.5232,-2159733.5232,0.0,-0.0021597335232000003,-0.0021597335232000003
QQQ,QQQ260512C00678000,2026-05-12,2,call,678.0,115.0,9.0,0.0,0.0036,32.86,34.04,,0.9719,-0.1153,0.0506,https://cdn.cboe.com/api/global/delayed_quotes/options/QQQ.json,0.0036,209874.816,0.0,209874.816,0.000209874816,0.0,0.000209874816
QQQ,QQQ260512P00678000,2026-05-12,2,put,678.0,428.0,514.0,0.2408,0.0036,0.1,0.2,,-0.028,-0.1151,0.0505,https://cdn.cboe.com/api/global/delayed_quotes/options/QQQ.json,0.0036,0.0,-781099.3152,-781099.3152,0.0,-0.0007810993151999999,-0.0007810993151999999
QQQ,QQQ260512C00679000,2026-05-12,2,call,679.0,348.0,9.0,0.2967,0.0038,31.31,34.62,,0.9699,-0.1208,0.0534,https://cdn.cboe.com/api/global/delayed_quotes/options/QQQ.json,0.0038,670382.7456,0.0,670382.7456,0.0006703827456,0.0,0.0006703827456
QQQ,QQQ260512P00679000,2026-05-12,2,put,679.0,266.0,1581.0,0.2367,0.0038,0.0,0.21,,-0.03,-0.1207,0.0534,https://cdn.cboe.com/api/global/delayed_quotes/options/QQQ.json,0.0038,0.0,-512418.99519999995,-512418.99519999995,0.0,-0.0005124189951999999,-0.0005124189951999999
QQQ,QQQ260512C00680000,2026-05-12,2,call,680.0,668.0,29.0,0.2888,0.0041,30.33,33.58,,0.9678,-0.127,0.0566,https://cdn.cboe.com/api/global/delayed_quotes/options/QQQ.json,0.0041,1388418.2272000003,0.0,1388418.2272000003,0.0013884182272000003,0.0,0.0013884182272000003
QQQ,QQQ260512P00680000,2026-05-12,2,put,680.0,1521.0,2893.0,0.2323,0.0041,0.04,0.33,,-0.0321,-0.1268,0.0565,https://cdn.cboe.com/api/global/delayed_quotes/options/QQQ.json,0.0041,0.0,-3161353.4784000004,-3161353.4784000004,0.0,-0.0031613534784,-0.0031613534784
QQQ,QQQ260512C00681000,2026-05-12,2,call,681.0,172.0,0.0,0.2992,0.0044,29.68,32.59,,0.9654,-0.1338,0.06,https://cdn.cboe.com/api/global/delayed_quotes/options/QQQ.json,0.0044,383655.21920000005,0.0,383655.21920000005,0.00038365521920000006,0.0,0.00038365521920000006
QQQ,QQQ260512P00681000,2026-05-12,2,put,681.0,678.0,379.0,0.2277,0.0044,0.03,0.24,,-0.0346,-0.1339,0.06,https://cdn.cboe.com/api/global/delayed_quotes/options/QQQ.json,0.0044,0.0,-1512315.3408,-1512315.3408,0.0,-0.0015123153408,-0.0015123153408
QQQ,QQQ260512C00682000,2026-05-12,2,call,682.0,626.0,2.0,0.2544,0.0048,28.93,30.62,,0.9628,-0.1414,0.0637,https://cdn.cboe.com/api/global/delayed_quotes/options/QQQ.json,0.0048,1523265.3312000001,0.0,1523265.3312000001,0.0015232653312000001,0.0,0.0015232653312000001
QQQ,QQQ260512P00682000,2026-05-12,2,put,682.0,1075.0,223.0,0.2259,0.0048,0.24,0.25,,-0.0371,-0.1412,0.0636,https://cdn.cboe.com/api/global/delayed_quotes/options/QQQ.json,0.0048,0.0,-2615831.0399999996,-2615831.0399999996,0.0,-0.0026158310399999997,-0.0026158310399999997
QQQ,QQQ260512C00683000,2026-05-12,2,call,683.0,309.0,38.0,0.2757,0.0052,27.45,30.63,,0.9598,-0.1498,0.0677,https://cdn.cboe.com/api/global/delayed_quotes/options/QQQ.json,0.0052,814557.6192000001,0.0,814557.6192000001,0.0008145576192000001,0.0,0.0008145576192000001
QQQ,QQQ260512P00683000,2026-05-12,2,put,683.0,362.0,329.0,0.2218,0.0052,0.06,0.27,,-0.0401,-0.1495,0.0676,https://cdn.cboe.com/api/global/delayed_quotes/options/QQQ.json,0.0052,0.0,-954271.3855999999,-954271.3855999999,0.0,-0.0009542713855999999,-0.0009542713855999999
QQQ,QQQ260512C00684000,2026-05-12,2,call,684.0,365.0,31.0,0.0,0.0056,26.41,28.13,,0.9564,-0.1591,0.0722,https://cdn.cboe.com/api/global/delayed_quotes/options/QQQ.json,0.0056,1036193.5360000001,0.0,1036193.5360000001,0.0010361935360000002,0.0,0.0010361935360000002
QQQ,QQQ260512P00684000,2026-05-12,2,put,684.0,671.0,481.0,0.2183,0.0056,0.26,0.3,,-0.0435,-0.1588,0.0721,https://cdn.cboe.com/api/global/delayed_quotes/options/QQQ.json,0.0056,0.0,-1904892.7744,-1904892.7744,0.0,-0.0019048927744,-0.0019048927744
QQQ,QQQ260512C00685000,2026-05-12,2,call,685.0,1148.0,81.0,0.0,0.0061,25.43,27.16,,0.9526,-0.1694,0.0771,https://cdn.cboe.com/api/global/delayed_quotes/options/QQQ.json,0.0061,3550027.4432000006,0.0,3550027.4432000006,0.0035500274432000004,0.0,0.0035500274432000004
QQQ,QQQ260512P00685000,2026-05-12,2,put,685.0,2147.0,3945.0,0.2146,0.0061,0.29,0.33,,-0.0472,-0.1692,0.077,https://cdn.cboe.com/api/global/delayed_quotes/options/QQQ.json,0.0061,0.0,-6639293.484800001,-6639293.484800001,0.0,-0.006639293484800001,-0.006639293484800001
QQQ,QQQ260512C00686000,2026-05-12,2,call,686.0,334.0,43.0,0.2545,0.0066,24.46,27.69,,0.9484,-0.1808,0.0825,https://cdn.cboe.com/api/global/delayed_quotes/options/QQQ.json,0.0066,1117507.3536000003,0.0,1117507.3536000003,0.0011175073536000002,0.0,0.0011175073536000002
QQQ,QQQ260512P00686000,2026-05-12,2,put,686.0,653.0,1499.0,0.2118,0.0066,0.32,0.54,,-0.0515,-0.1805,0.0823,https://cdn.cboe.com/api/global/delayed_quotes/options/QQQ.json,0.0066,0.0,-2184827.2512000003,-2184827.2512000003,0.0,-0.0021848272512000003,-0.0021848272512000003
QQQ,QQQ260512C00687000,2026-05-12,2,call,687.0,1029.0,22.0,0.2526,0.0072,23.52,26.74,,0.9436,-0.1933,0.0883,https://cdn.cboe.com/api/global/delayed_quotes/options/QQQ.json,0.0072,3755846.7071999996,0.0,3755846.7071999996,0.0037558467071999997,0.0,0.0037558467071999997
QQQ,QQQ260512P00687000,2026-05-12,2,put,687.0,392.0,1304.0,0.2086,0.0072,0.35,0.37,,-0.0564,-0.1933,0.0883,https://cdn.cboe.com/api/global/delayed_quotes/options/QQQ.json,0.0072,0.0,-1430798.7456,-1430798.7456,0.0,-0.0014307987456,-0.0014307987456
QQQ,QQQ260512C00688000,2026-05-12,2,call,688.0,774.0,20.0,0.2459,0.0078,22.54,25.78,,0.9382,-0.2071,0.0946,https://cdn.cboe.com/api/global/delayed_quotes/options/QQQ.json,0.0078,3060522.3167999997,0.0,3060522.3167999997,0.0030605223168,0.0,0.0030605223168
QQQ,QQQ260512P00688000,2026-05-12,2,put,688.0,564.0,648.0,0.2057,0.0079,0.38,0.62,,-0.0617,-0.2071,0.0946,https://cdn.cboe.com/api/global/delayed_quotes/options/QQQ.json,0.0079,0.0,-2258739.6864,-2258739.6864,0.0,-0.0022587396864,-0.0022587396864
QQQ,QQQ260512C00689000,2026-05-12,2,call,689.0,177.0,38.0,0.241,0.0086,21.58,24.82,,0.9322,-0.2221,0.1015,https://cdn.cboe.com/api/global/delayed_quotes/options/QQQ.json,0.0086,771670.1567999999,0.0,771670.1567999999,0.0007716701567999999,0.0,0.0007716701567999999
QQQ,QQQ260512P00689000,2026-05-12,2,put,689.0,337.0,850.0,0.2034,0.0086,0.43,0.45,,-0.0678,-0.2224,0.1016,https://cdn.cboe.com/api/global/delayed_quotes/options/QQQ.json,0.0086,0.0,-1469225.1008,-1469225.1008,0.0,-0.0014692251007999999,-0.0014692251007999999
QQQ,QQQ260512C00690000,2026-05-12,2,call,690.0,913.0,110.0,0.2366,0.0093,20.63,23.87,,0.9255,-0.2386,0.109,https://cdn.cboe.com/api/global/delayed_quotes/options/QQQ.json,0.0093,4304410.8096,0.0,4304410.8096,0.004304410809600001,0.0,0.004304410809600001
QQQ,QQQ260512P00690000,2026-05-12,2,put,690.0,1367.0,2214.0,0.2012,0.0093,0.48,0.5,,-0.0744,-0.2386,0.109,https://cdn.cboe.com/api/global/delayed_quotes/options/QQQ.json,0.0093,0.0,-6444829.7664,-6444829.7664,0.0,-0.0064448297664,-0.0064448297664
QQQ,QQQ260512C00691000,2026-05-12,2,call,691.0,258.0,1056.0,0.1937,0.0102,20.24,21.37,,0.918,-0.2564,0.1169,https://cdn.cboe.com/api/global/delayed_quotes/options/QQQ.json,0.0102,1334073.8304,0.0,1334073.8304,0.0013340738304000001,0.0,0.0013340738304000001
QQQ,QQQ260512P00691000,2026-05-12,2,put,691.0,348.0,493.0,0.1979,0.0102,0.53,0.54,,-0.082,-0.2567,0.117,https://cdn.cboe.com/api/global/delayed_quotes/options/QQQ.json,0.0102,0.0,-1799448.4224,-1799448.4224,0.0,-0.0017994484224000001,-0.0017994484224000001
QQQ,QQQ260512C00692000,2026-05-12,2,call,692.0,461.0,235.0,0.1701,0.0111,18.82,20.45,,0.9097,-0.2756,0.1254,https://cdn.cboe.com/api/global/delayed_quotes/options/QQQ.json,0.0111,2594083.1424000002,0.0,2594083.1424000002,0.0025940831424000003,0.0,0.0025940831424000003
QQQ,QQQ260512P00692000,2026-05-12,2,put,692.0,397.0,656.0,0.196,0.0111,0.59,0.79,,-0.0904,-0.276,0.1255,https://cdn.cboe.com/api/global/delayed_quotes/options/QQQ.json,0.0111,0.0,-2233950.1248,-2233950.1248,0.0,-0.0022339501248,-0.0022339501248
QQQ,QQQ260512C00693000,2026-05-12,2,call,693.0,474.0,213.0,0.1819,0.012,18.19,19.5,,0.9004,-0.2962,0.1346,https://cdn.cboe.com/api/global/delayed_quotes/options/QQQ.json,0.012,2883497.472,0.0,2883497.472,0.002883497472,0.0,0.002883497472
QQQ,QQQ260512P00693000,2026-05-12,2,put,693.0,332.0,786.0,0.1938,0.012,0.65,0.86,,-0.0997,-0.2966,0.1346,https://cdn.cboe.com/api/global/delayed_quotes/options/QQQ.json,0.012,0.0,-2019664.896,-2019664.896,0.0,-0.002019664896,-0.002019664896
QQQ,QQQ260512C00694000,2026-05-12,2,call,694.0,384.0,221.0,0.1699,0.013,16.97,18.6,,0.8901,-0.3181,0.1442,https://cdn.cboe.com/api/global/delayed_quotes/options/QQQ.json,0.013,2530664.448,0.0,2530664.448,0.0025306644479999997,0.0,0.0025306644479999997
QQQ,QQQ260512P00694000,2026-05-12,2,put,694.0,645.0,935.0,0.1916,0.0131,0.54,0.99,,-0.1099,-0.3184,0.1442,https://cdn.cboe.com/api/global/delayed_quotes/options/QQQ.json,0.0131,0.0,-4283423.328,-4283423.328,0.0,-0.004283423328,-0.004283423328
QQQ,QQQ260512C00695000,2026-05-12,2,call,695.0,1083.0,292.0,0.1857,0.0142,16.5,17.68,,0.8787,-0.3413,0.1542,https://cdn.cboe.com/api/global/delayed_quotes/options/QQQ.json,0.0142,7796088.998400001,0.0,7796088.998400001,0.007796088998400001,0.0,0.007796088998400001
QQQ,QQQ260512P00695000,2026-05-12,2,put,695.0,1104.0,7953.0,0.1895,0.0142,0.82,1.1,,-0.1214,-0.3418,0.1544,https://cdn.cboe.com/api/global/delayed_quotes/options/QQQ.json,0.0142,0.0,-7947259.699200001,-7947259.699200001,0.0,-0.0079472596992,-0.0079472596992
QQQ,QQQ260512C00696000,2026-05-12,2,call,696.0,850.0,126.0,0.1949,0.0153,15.05,18.47,,0.8662,-0.3656,0.1648,https://cdn.cboe.com/api/global/delayed_quotes/options/QQQ.json,0.0153,6592806.72,0.0,6592806.72,0.006592806719999999,0.0,0.006592806719999999
QQQ,QQQ260512P00696000,2026-05-12,2,put,696.0,430.0,1816.0,0.1877,0.0154,0.68,1.23,,-0.1338,-0.3659,0.1648,https://cdn.cboe.com/api/global/delayed_quotes/options/QQQ.json,0.0154,0.0,-3356983.168,-3356983.168,0.0,-0.003356983168,-0.003356983168
QQQ,QQQ260512C00697000,2026-05-12,2,call,697.0,284.0,112.0,0.1499,0.0166,14.73,15.91,,0.8524,-0.3907,0.1758,https://cdn.cboe.com/api/global/delayed_quotes/options/QQQ.json,0.0166,2389936.7936,0.0,2389936.7936,0.0023899367936,0.0,0.0023899367936
QQQ,QQQ260512P00697000,2026-05-12,2,put,697.0,400.0,1765.0,0.1857,0.0166,0.76,1.35,,-0.1476,-0.3912,0.1758,https://cdn.cboe.com/api/global/delayed_quotes/options/QQQ.json,0.0166,0.0,-3366108.16,-3366108.16,0.0,-0.0033661081600000003,-0.0033661081600000003
QQQ,QQQ260512C00698000,2026-05-12,2,call,698.0,729.0,409.0,0.1663,0.0178,13.32,15.05,,0.8374,-0.4166,0.1869,https://cdn.cboe.com/api/global/delayed_quotes/options/QQQ.json,0.0178,6578206.732800001,0.0,6578206.732800001,0.006578206732800001,0.0,0.006578206732800001
QQQ,QQQ260512P00698000,2026-05-12,2,put,698.0,361.0,1920.0,0.1834,0.0179,1.12,1.5,,-0.1629,-0.4175,0.1871,https://cdn.cboe.com/api/global/delayed_quotes/options/QQQ.json,0.0179,0.0,-3275821.4336,-3275821.4336,0.0,-0.0032758214336,-0.0032758214336
QQQ,QQQ260512C00699000,2026-05-12,2,call,699.0,274.0,262.0,0.164,0.0192,12.45,14.16,,0.821,-0.443,0.1984,https://cdn.cboe.com/api/global/delayed_quotes/options/QQQ.json,0.0192,2666930.9952,0.0,2666930.9952,0.0026669309951999997,0.0,0.0026669309951999997
QQQ,QQQ260512P00699000,2026-05-12,2,put,699.0,409.0,2541.0,0.1817,0.0192,0.96,1.65,,-0.1791,-0.4437,0.1984,https://cdn.cboe.com/api/global/delayed_quotes/options/QQQ.json,0.0192,0.0,-3980929.8432,-3980929.8432,0.0,-0.0039809298432,-0.0039809298432
QQQ,QQQ260512C00700000,2026-05-12,2,call,700.0,1739.0,2443.0,0.1862,0.0205,12.5,13.32,,0.8032,-0.4694,0.2099,https://cdn.cboe.com/api/global/delayed_quotes/options/QQQ.json,0.0205,18072300.128000002,0.0,18072300.128000002,0.018072300128000002,0.0,0.018072300128000002
QQQ,QQQ260512P00700000,2026-05-12,2,put,700.0,465.0,12772.0,0.1799,0.0206,1.45,1.48,,-0.1969,-0.4702,0.21,https://cdn.cboe.com/api/global/delayed_quotes/options/QQQ.json,0.0206,0.0,-4856016.576,-4856016.576,0.0,-0.004856016576000001,-0.004856016576000001
QQQ,QQQ260512C00705000,2026-05-12,2,call,705.0,1360.0,8976.0,0.1696,0.0274,7.71,9.41,,0.6922,-0.5891,0.2637,https://cdn.cboe.com/api/global/delayed_quotes/options/QQQ.json,0.0274,18890761.216000002,0.0,18890761.216000002,0.018890761216,0.0,0.018890761216
QQQ,QQQ260512P00705000,2026-05-12,2,put,705.0,118.0,21226.0,0.1707,0.0275,2.51,2.61,,-0.3085,-0.5913,0.264,https://cdn.cboe.com/api/global/delayed_quotes/options/QQQ.json,0.0275,0.0,-1645033.28,-1645033.28,0.0,-0.00164503328,-0.00164503328
QQQ,QQQ260512C00710000,2026-05-12,2,call,710.0,1325.0,13943.0,0.1627,0.0323,5.07,6.08,,0.5466,-0.6454,0.2956,https://cdn.cboe.com/api/global/delayed_quotes/options/QQQ.json,0.0323,21695935.840000004,0.0,21695935.840000004,0.021695935840000003,0.0,0.021695935840000003
QQQ,QQQ260512P00710000,2026-05-12,2,put,710.0,23.0,10556.0,0.163,0.0326,4.2,4.41,,-0.4553,-0.6493,0.2955,https://cdn.cboe.com/api/global/delayed_quotes/options/QQQ.json,0.0326,0.0,-380106.6112,-380106.6112,0.0,-0.00038010661119999996,-0.00038010661119999996
QQQ,QQQ260512C00715000,2026-05-12,2,call,715.0,1392.0,11132.0,0.1573,0.0323,3.01,3.11,,0.3814,-0.5938,0.2849,https://cdn.cboe.com/api/global/delayed_quotes/options/QQQ.json,0.0323,22793013.350400005,0.0,22793013.350400005,0.022793013350400005,0.0,0.022793013350400005
QQQ,QQQ260512P00715000,2026-05-12,2,put,715.0,1.0,992.0,0.1576,0.0326,6.48,6.82,,-0.6216,-0.5992,0.2839,https://cdn.cboe.com/api/global/delayed_quotes/options/QQQ.json,0.0326,0.0,-16526.3744,-16526.3744,0.0,-1.65263744e-05,-1.65263744e-05
QQQ,QQQ260512C00720000,2026-05-12,2,call,720.0,2391.0,8727.0,0.1533,0.0263,1.2,1.52,,0.2312,-0.4482,0.2302,https://cdn.cboe.com/api/global/delayed_quotes/options/QQQ.json,0.0263,31878311.6352,0.0,31878311.6352,0.0318783116352,0.0,0.0318783116352
QQQ,QQQ260512P00720000,2026-05-12,2,put,720.0,2.0,201.0,0.1401,0.0265,9.19,10.67,,-0.7732,-0.4531,0.2279,https://cdn.cboe.com/api/global/delayed_quotes/options/QQQ.json,0.0265,0.0,-26868.032,-26868.032,0.0,-2.6868032e-05,-2.6868032e-05
QQQ,QQQ260512C00725000,2026-05-12,2,call,725.0,16920.0,10164.0,0.1538,0.0176,0.66,0.7,,0.1257,-0.288,0.1592,https://cdn.cboe.com/api/global/delayed_quotes/options/QQQ.json,0.0176,150963867.64800003,0.0,150963867.64800003,0.15096386764800004,0.0,0.15096386764800004
QQQ,QQQ260512C00730000,2026-05-12,2,call,730.0,475.0,3599.0,0.1618,0.0106,0.32,0.36,,0.0674,-0.1764,0.1026,https://cdn.cboe.com/api/global/delayed_quotes/options/QQQ.json,0.0106,2552463.04,0.0,2552463.04,0.00255246304,0.0,0.00255246304
QQQ,QQQ260512C00735000,2026-05-12,2,call,735.0,604.0,3804.0,0.1756,0.0064,0.19,0.21,,0.0393,-0.1152,0.0678,https://cdn.cboe.com/api/global/delayed_quotes/options/QQQ.json,0.0064,1959642.7264000003,0.0,1959642.7264000003,0.0019596427264,0.0,0.0019596427264
QQQ,QQQ260513P00535000,2026-05-13,3,put,535.0,14.0,86.0,0.8232,0.0,0.02,0.03,,-0.0006,-0.0076,0.0017,https://cdn.cboe.com/api/global/delayed_quotes/options/QQQ.json,0.0,0.0,-0.0,0.0,0.0,-0.0,0.0
QQQ,QQQ260513P00545000,2026-05-13,3,put,545.0,100.0,283.0,0.759,0.0,0.01,0.03,,-0.0007,-0.0091,0.0021,https://cdn.cboe.com/api/global/delayed_quotes/options/QQQ.json,0.0,0.0,-0.0,0.0,0.0,-0.0,0.0
QQQ,QQQ260513P00550000,2026-05-13,3,put,550.0,25.0,748.0,0.7175,0.0,0.0,0.03,,-0.0008,-0.01,0.0024,https://cdn.cboe.com/api/global/delayed_quotes/options/QQQ.json,0.0,0.0,-0.0,0.0,0.0,-0.0,0.0
QQQ,QQQ260513P00560000,2026-05-13,3,put,560.0,4.0,1.0,0.6707,0.0001,0.0,0.23,,-0.001,-0.012,0.0029,https://cdn.cboe.com/api/global/delayed_quotes/options/QQQ.json,0.0001,0.0,-202.77760000000004,-202.77760000000004,0.0,-2.0277760000000002e-07,-2.0277760000000002e-07
QQQ,QQQ260513P00565000,2026-05-13,3,put,565.0,3.0,71.0,0.6635,0.0001,0.01,0.23,,-0.0012,-0.0132,0.0033,https://cdn.cboe.com/api/global/delayed_quotes/options/QQQ.json,0.0001,0.0,-152.0832,-152.0832,0.0,-1.520832e-07,-1.520832e-07
QQQ,QQQ260513C00570000,2026-05-13,3,call,570.0,1.0,0.0,0.8622,0.0001,139.82,143.84,,0.9986,-0.0144,0.0036,https://cdn.cboe.com/api/global/delayed_quotes/options/QQQ.json,0.0001,50.69440000000001,0.0,50.69440000000001,5.0694400000000006e-08,0.0,5.0694400000000006e-08
QQQ,QQQ260513P00570000,2026-05-13,3,put,570.0,265.0,52.0,0.64,0.0001,0.01,0.23,,-0.0013,-0.0144,0.0036,https://cdn.cboe.com/api/global/delayed_quotes/options/QQQ.json,0.0001,0.0,-13434.016000000001,-13434.016000000001,0.0,-1.3434016000000001e-05,-1.3434016000000001e-05
QQQ,QQQ260513P00575000,2026-05-13,3,put,575.0,298.0,1.0,0.6167,0.0001,0.01,0.04,,-0.0015,-0.0158,0.0041,https://cdn.cboe.com/api/global/delayed_quotes/options/QQQ.json,0.0001,0.0,-15106.931199999999,-15106.931199999999,0.0,-1.5106931199999999e-05,-1.5106931199999999e-05
QQQ,QQQ260513P00580000,2026-05-13,3,put,580.0,4.0,4.0,0.5936,0.0001,0.01,0.03,,-0.0017,-0.0173,0.0046,https://cdn.cboe.com/api/global/delayed_quotes/options/QQQ.json,0.0001,0.0,-202.77760000000004,-202.77760000000004,0.0,-2.0277760000000002e-07,-2.0277760000000002e-07
QQQ,QQQ260513P00585000,2026-05-13,3,put,585.0,127.0,0.0,0.582,0.0001,0.0,1.45,,-0.0019,-0.019,0.0051,https://cdn.cboe.com/api/global/delayed_quotes/options/QQQ.json,0.0001,0.0,-6438.1888,-6438.1888,0.0,-6.4381888e-06,-6.4381888e-06
QQQ,QQQ260513C00590000,2026-05-13,3,call,590.0,1.0,0.0,0.7447,0.0001,119.83,123.88,,0.9978,-0.0208,0.0057,https://cdn.cboe.com/api/global/delayed_quotes/options/QQQ.json,0.0001,50.69440000000001,0.0,50.69440000000001,5.0694400000000006e-08,0.0,5.0694400000000006e-08
QQQ,QQQ260513P00590000,2026-05-13,3,put,590.0,168.0,1.0,0.5586,0.0001,0.01,0.04,,-0.0021,-0.0208,0.0057,https://cdn.cboe.com/api/global/delayed_quotes/options/QQQ.json,0.0001,0.0,-8516.6592,-8516.6592,0.0,-8.5166592e-06,-8.5166592e-06
QQQ,QQQ260513C00595000,2026-05-13,3,call,595.0,9.0,0.0,0.7099,0.0002,114.79,118.85,,0.9976,-0.0227,0.0064,https://cdn.cboe.com/api/global/delayed_quotes/options/QQQ.json,0.0002,912.4992000000002,0.0,912.4992000000002,9.124992000000002e-07,0.0,9.124992000000002e-07
QQQ,QQQ260513P00595000,2026-05-13,3,put,595.0,68.0,30.0,0.5448,0.0002,0.0,0.04,,-0.0024,-0.0227,0.0064,https://cdn.cboe.com/api/global/delayed_quotes/options/QQQ.json,0.0002,0.0,-6894.438400000001,-6894.438400000001,0.0,-6.894438400000001e-06,-6.894438400000001e-06
QQQ,QQQ260513C00600000,2026-05-13,3,call,600.0,6.0,0.0,0.6866,0.0002,109.83,113.89,,0.9972,-0.0248,0.0071,https://cdn.cboe.com/api/global/delayed_quotes/options/QQQ.json,0.0002,608.3328,0.0,608.3328,6.083328e-07,0.0,6.083328e-07
QQQ,QQQ260513P00600000,2026-05-13,3,put,600.0,180.0,53.0,0.5214,0.0002,0.02,0.24,,-0.0027,-0.0248,0.0071,https://cdn.cboe.com/api/global/delayed_quotes/options/QQQ.json,0.0002,0.0,-18249.984000000004,-18249.984000000004,0.0,-1.8249984000000003e-05,-1.8249984000000003e-05
QQQ,QQQ260513C00605000,2026-05-13,3,call,605.0,44.0,0.0,0.6585,0.0002,104.83,108.9,,0.9969,-0.027,0.008,https://cdn.cboe.com/api/global/delayed_quotes/options/QQQ.json,0.0002,4461.1072,0.0,4461.1072,4.4611072e-06,0.0,4.4611072e-06
QQQ,QQQ260513P00605000,2026-05-13,3,put,605.0,62.0,12.0,0.5057,0.0002,0.0,0.05,,-0.0031,-0.027,0.008,https://cdn.cboe.com/api/global/delayed_quotes/options/QQQ.json,0.0002,0.0,-6286.105600000001,-6286.105600000001,0.0,-6.286105600000001e-06,-6.286105600000001e-06
QQQ,QQQ260513C00610000,2026-05-13,3,call,610.0,2.0,0.0,0.6261,0.0002,99.81,103.91,,0.9965,-0.0294,0.0089,https://cdn.cboe.com/api/global/delayed_quotes/options/QQQ.json,0.0002,202.77760000000004,0.0,202.77760000000004,2.0277760000000002e-07,0.0,2.0277760000000002e-07
QQQ,QQQ260513P00610000,2026-05-13,3,put,610.0,189.0,2.0,0.4887,0.0002,0.03,1.33,,-0.0034,-0.0294,0.0089,https://cdn.cboe.com/api/global/delayed_quotes/options/QQQ.json,0.0002,0.0,-19162.483200000002,-19162.483200000002,0.0,-1.91624832e-05,-1.91624832e-05
QQQ,QQQ260513P00615000,2026-05-13,3,put,615.0,107.0,22.0,0.4652,0.0003,0.0,0.26,,-0.0039,-0.032,0.01,https://cdn.cboe.com/api/global/delayed_quotes/options/QQQ.json,0.0003,0.0,-16272.902399999997,-16272.902399999997,0.0,-1.6272902399999997e-05,-1.6272902399999997e-05
QQQ,QQQ260513C00620000,2026-05-13,3,call,620.0,23.0,0.0,0.5743,0.0003,89.85,93.88,,0.9955,-0.0348,0.0112,https://cdn.cboe.com/api/global/delayed_quotes/options/QQQ.json,0.0003,3497.9136,0.0,3497.9136,3.4979135999999998e-06,0.0,3.4979135999999998e-06
QQQ,QQQ260513P00620000,2026-05-13,3,put,620.0,209.0,25.0,0.4521,0.0003,0.04,0.06,,-0.0044,-0.0348,0.0112,https://cdn.cboe.com/api/global/delayed_quotes/options/QQQ.json,0.0003,0.0,-31785.3888,-31785.3888,0.0,-3.17853888e-05,-3.17853888e-05
QQQ,QQQ260513C00621000,2026-05-13,3,call,621.0,2.0,1.0,0.5697,0.0004,88.85,92.88,,0.9954,-0.0354,0.0115,https://cdn.cboe.com/api/global/delayed_quotes/options/QQQ.json,0.0004,405.55520000000007,0.0,405.55520000000007,4.0555520000000004e-07,0.0,4.0555520000000004e-07
QQQ,QQQ260513P00621000,2026-05-13,3,put,621.0,26.0,1.0,0.4473,0.0004,0.0,1.44,,-0.0046,-0.0354,0.0115,https://cdn.cboe.com/api/global/delayed_quotes/options/QQQ.json,0.0004,0.0,-5272.2176,-5272.2176,0.0,-5.2722175999999996e-06,-5.2722175999999996e-06
QQQ,QQQ260513C00622000,2026-05-13,3,call,622.0,1.0,0.0,0.5638,0.0004,87.85,91.86,,0.9953,-0.036,0.0118,https://cdn.cboe.com/api/global/delayed_quotes/options/QQQ.json,0.0004,202.77760000000004,0.0,202.77760000000004,2.0277760000000002e-07,0.0,2.0277760000000002e-07
QQQ,QQQ260513P00622000,2026-05-13,3,put,622.0,22.0,0.0,0.4426,0.0004,0.0,0.26,,-0.0047,-0.036,0.0118,https://cdn.cboe.com/api/global/delayed_quotes/options/QQQ.json,0.0004,0.0,-4461.1072,-4461.1072,0.0,-4.4611072e-06,-4.4611072e-06
QQQ,QQQ260513P00623000,2026-05-13,3,put,623.0,29.0,0.0,0.4378,0.0004,0.0,0.26,,-0.0048,-0.0366,0.012,https://cdn.cboe.com/api/global/delayed_quotes/options/QQQ.json,0.0004,0.0,-5880.5504,-5880.5504,0.0,-5.8805504e-06,-5.8805504e-06
QQQ,QQQ260513P00624000,2026-05-13,3,put,624.0,8.0,1.0,0.433,0.0004,0.0,0.26,,-0.0049,-0.0372,0.0123,https://cdn.cboe.com/api/global/delayed_quotes/options/QQQ.json,0.0004,0.0,-1622.2208000000003,-1622.2208000000003,0.0,-1.6222208000000002e-06,-1.6222208000000002e-06
QQQ,QQQ260513P00625000,2026-05-13,3,put,625.0,211.0,23.0,0.4283,0.0004,0.04,0.16,,-0.005,-0.0378,0.0126,https://cdn.cboe.com/api/global/delayed_quotes/options/QQQ.json,0.0004,0.0,-42786.073599999996,-42786.073599999996,0.0,-4.2786073599999996e-05,-4.2786073599999996e-05
QQQ,QQQ260513C00626000,2026-05-13,3,call,626.0,1.0,4.0,0.5428,0.0004,83.87,87.92,,0.9948,-0.0385,0.0129,https://cdn.cboe.com/api/global/delayed_quotes/options/QQQ.json,0.0004,202.77760000000004,0.0,202.77760000000004,2.0277760000000002e-07,0.0,2.0277760000000002e-07
QQQ,QQQ260513P00626000,2026-05-13,3,put,626.0,136.0,25.0,0.4234,0.0004,0.0,0.06,,-0.0052,-0.0385,0.0129,https://cdn.cboe.com/api/global/delayed_quotes/options/QQQ.json,0.0004,0.0,-27577.753600000004,-27577.753600000004,0.0,-2.7577753600000003e-05,-2.7577753600000003e-05
QQQ,QQQ260513C00627000,2026-05-13,3,call,627.0,2.0,3.0,0.5345,0.0004,82.85,86.89,,0.9946,-0.0391,0.0132,https://cdn.cboe.com/api/global/delayed_quotes/options/QQQ.json,0.0004,405.55520000000007,0.0,405.55520000000007,4.0555520000000004e-07,0.0,4.0555520000000004e-07
QQQ,QQQ260513P00627000,2026-05-13,3,put,627.0,48.0,0.0,0.423,0.0004,0.0,1.44,,-0.0053,-0.0391,0.0132,https://cdn.cboe.com/api/global/delayed_quotes/options/QQQ.json,0.0004,0.0,-9733.3248,-9733.3248,0.0,-9.7333248e-06,-9.7333248e-06
QQQ,QQQ260513P00628000,2026-05-13,3,put,628.0,47.0,0.0,0.4182,0.0004,0.0,1.44,,-0.0055,-0.0398,0.0136,https://cdn.cboe.com/api/global/delayed_quotes/options/QQQ.json,0.0004,0.0,-9530.5472,-9530.5472,0.0,-9.530547200000001e-06,-9.530547200000001e-06
QQQ,QQQ260513P00629000,2026-05-13,3,put,629.0,60.0,6.0,0.4175,0.0005,0.05,0.07,,-0.0056,-0.0404,0.0139,https://cdn.cboe.com/api/global/delayed_quotes/options/QQQ.json,0.0005,0.0,-15208.32,-15208.32,0.0,-1.520832e-05,-1.520832e-05
QQQ,QQQ260513C00630000,2026-05-13,3,call,630.0,34.0,8.0,0.5193,0.0005,79.86,83.92,,0.9942,-0.0411,0.0142,https://cdn.cboe.com/api/global/delayed_quotes/options/QQQ.json,0.0005,8618.048,0.0,8618.048,8.618048e-06,0.0,8.618048e-06
QQQ,QQQ260513P00630000,2026-05-13,3,put,630.0,280.0,39.0,0.4127,0.0005,0.0,0.74,,-0.0058,-0.0411,0.0142,https://cdn.cboe.com/api/global/delayed_quotes/options/QQQ.json,0.0005,0.0,-70972.16000000002,-70972.16000000002,0.0,-7.097216000000002e-05,-7.097216000000002e-05
QQQ,QQQ260513P00631000,2026-05-13,3,put,631.0,220.0,1.0,0.4079,0.0005,0.05,0.27,,-0.0059,-0.0418,0.0146,https://cdn.cboe.com/api/global/delayed_quotes/options/QQQ.json,0.0005,0.0,-55763.840000000004,-55763.840000000004,0.0,-5.5763840000000006e-05,-5.5763840000000006e-05
QQQ,QQQ260513C00632000,2026-05-13,3,call,632.0,1.0,0.0,0.5099,0.0005,77.88,81.87,,0.9939,-0.0425,0.0149,https://cdn.cboe.com/api/global/delayed_quotes/options/QQQ.json,0.0005,253.472,0.0,253.472,2.53472e-07,0.0,2.53472e-07
QQQ,QQQ260513P00632000,2026-05-13,3,put,632.0,505.0,12.0,0.4031,0.0005,0.05,0.13,,-0.0061,-0.0425,0.0149,https://cdn.cboe.com/api/global/delayed_quotes/options/QQQ.json,0.0005,0.0,-128003.36,-128003.36,0.0,-0.00012800336,-0.00012800336
QQQ,QQQ260513P00633000,2026-05-13,3,put,633.0,150.0,1.0,0.3982,0.0005,0.0,0.28,,-0.0062,-0.0432,0.0153,https://cdn.cboe.com/api/global/delayed_quotes/options/QQQ.json,0.0005,0.0,-38020.8,-38020.8,0.0,-3.80208e-05,-3.80208e-05
QQQ,QQQ260513C00634000,2026-05-13,3,call,634.0,1.0,156.0,0.497,0.0005,75.87,79.9,,0.9935,-0.044,0.0157,https://cdn.cboe.com/api/global/delayed_quotes/options/QQQ.json,0.0005,253.472,0.0,253.472,2.53472e-07,0.0,2.53472e-07
QQQ,QQQ260513P00634000,2026-05-13,3,put,634.0,300.0,0.0,0.3933,0.0005,0.0,1.35,,-0.0064,-0.044,0.0157,https://cdn.cboe.com/api/global/delayed_quotes/options/QQQ.json,0.0005,0.0,-76041.6,-76041.6,0.0,-7.60416e-05,-7.60416e-05
QQQ,QQQ260513C00635000,2026-05-13,3,call,635.0,4.0,3.0,0.4934,0.0006,74.88,78.91,,0.9934,-0.0447,0.016,https://cdn.cboe.com/api/global/delayed_quotes/options/QQQ.json,0.0006,1216.6656,0.0,1216.6656,1.2166656e-06,0.0,1.2166656e-06
QQQ,QQQ260513P00635000,2026-05-13,3,put,635.0,101.0,14.0,0.3922,0.0006,0.0,1.45,,-0.0066,-0.0447,0.016,https://cdn.cboe.com/api/global/delayed_quotes/options/QQQ.json,0.0006,0.0,-30720.806399999998,-30720.806399999998,0.0,-3.0720806399999995e-05,-3.0720806399999995e-05
QQQ,QQQ260513C00636000,2026-05-13,3,call,636.0,1.0,1.0,0.4864,0.0006,73.87,77.93,,0.9932,-0.0455,0.0164,https://cdn.cboe.com/api/global/delayed_quotes/options/QQQ.json,0.0006,304.1664,0.0,304.1664,3.041664e-07,0.0,3.041664e-07
QQQ,QQQ260513P00636000,2026-05-13,3,put,636.0,339.0,0.0,0.3906,0.0006,0.0,0.28,,-0.0068,-0.0455,0.0164,https://cdn.cboe.com/api/global/delayed_quotes/options/QQQ.json,0.0006,0.0,-103112.4096,-103112.4096,0.0,-0.00010311240959999999,-0.00010311240959999999
QQQ,QQQ260513P00637000,2026-05-13,3,put,637.0,240.0,31.0,0.3858,0.0006,0.0,1.35,,-0.007,-0.0462,0.0168,https://cdn.cboe.com/api/global/delayed_quotes/options/QQQ.json,0.0006,0.0,-72999.936,-72999.936,0.0,-7.2999936e-05,-7.2999936e-05
QQQ,QQQ260513C00638000,2026-05-13,3,call,638.0,1.0,0.0,0.4747,0.0006,71.87,75.94,,0.9928,-0.047,0.0173,https://cdn.cboe.com/api/global/delayed_quotes/options/QQQ.json,0.0006,304.1664,0.0,304.1664,3.041664e-07,0.0,3.041664e-07
QQQ,QQQ260513P00638000,2026-05-13,3,put,638.0,103.0,1.0,0.3809,0.0006,0.0,1.45,,-0.0072,-0.047,0.0173,https://cdn.cboe.com/api/global/delayed_quotes/options/QQQ.json,0.0006,0.0,-31329.1392,-31329.1392,0.0,-3.13291392e-05,-3.13291392e-05
QQQ,QQQ260513C00639000,2026-05-13,3,call,639.0,1.0,0.0,0.4699,0.0006,70.88,74.91,,0.9926,-0.0478,0.0177,https://cdn.cboe.com/api/global/delayed_quotes/options/QQQ.json,0.0006,304.1664,0.0,304.1664,3.041664e-07,0.0,3.041664e-07
QQQ,QQQ260513P00639000,2026-05-13,3,put,639.0,52.0,7.0,0.3759,0.0006,0.06,1.45,,-0.0074,-0.0478,0.0177,https://cdn.cboe.com/api/global/delayed_quotes/options/QQQ.json,0.0006,0.0,-15816.652799999998,-15816.652799999998,0.0,-1.58166528e-05,-1.58166528e-05
QQQ,QQQ260513C00640000,2026-05-13,3,call,640.0,21.0,0.0,0.465,0.0007,69.89,73.94,,0.9924,-0.0487,0.0182,https://cdn.cboe.com/api/global/delayed_quotes/options/QQQ.json,0.0007,7452.0768,0.0,7452.0768,7.4520768e-06,0.0,7.4520768e-06
QQQ,QQQ260513P00640000,2026-05-13,3,put,640.0,795.0,143.0,0.371,0.0007,0.06,0.29,,-0.0076,-0.0487,0.0182,https://cdn.cboe.com/api/global/delayed_quotes/options/QQQ.json,0.0007,0.0,-282114.336,-282114.336,0.0,-0.000282114336,-0.000282114336
QQQ,QQQ260513C00641000,2026-05-13,3,call,641.0,6.0,1.0,0.4602,0.0007,68.89,72.9,,0.9922,-0.0495,0.0186,https://cdn.cboe.com/api/global/delayed_quotes/options/QQQ.json,0.0007,2129.1648,0.0,2129.1648,2.1291648e-06,0.0,2.1291648e-06
QQQ,QQQ260513P00641000,2026-05-13,3,put,641.0,243.0,2.0,0.3693,0.0007,0.0,1.45,,-0.0078,-0.0495,0.0186,https://cdn.cboe.com/api/global/delayed_quotes/options/QQQ.json,0.0007,0.0,-86231.17440000002,-86231.17440000002,0.0,-8.623117440000002e-05,-8.623117440000002e-05
QQQ,QQQ260513C00642000,2026-05-13,3,call,642.0,1.0,0.0,0.4533,0.0007,67.88,71.91,,0.9919,-0.0504,0.0191,https://cdn.cboe.com/api/global/delayed_quotes/options/QQQ.json,0.0007,354.8607999999999,0.0,354.8607999999999,3.5486079999999993e-07,0.0,3.5486079999999993e-07
QQQ,QQQ260513P00642000,2026-05-13,3,put,642.0,415.0,75.0,0.3613,0.0007,0.06,0.19,,-0.008,-0.0504,0.0191,https://cdn.cboe.com/api/global/delayed_quotes/options/QQQ.json,0.0007,0.0,-147267.232,-147267.232,0.0,-0.000147267232,-0.000147267232
QQQ,QQQ260513C00643000,2026-05-13,3,call,643.0,4.0,2.0,0.4484,0.0007,66.89,70.89,,0.9917,-0.0512,0.0196,https://cdn.cboe.com/api/global/delayed_quotes/options/QQQ.json,0.0007,1419.4431999999997,0.0,1419.4431999999997,1.4194431999999997e-06,0.0,1.4194431999999997e-06
QQQ,QQQ260513P00643000,2026-05-13,3,put,643.0,115.0,8.0,0.3622,0.0007,0.07,0.09,,-0.0083,-0.0512,0.0196,https://cdn.cboe.com/api/global/delayed_quotes/options/QQQ.json,0.0007,0.0,-40808.992000000006,-40808.992000000006,0.0,-4.080899200000001e-05,-4.080899200000001e-05
QQQ,QQQ260513C00644000,2026-05-13,3,call,644.0,5.0,4.0,0.4425,0.0008,65.89,69.93,,0.9914,-0.0521,0.0202,https://cdn.cboe.com/api/global/delayed_quotes/options/QQQ.json,0.0008,2027.776,0.0,2027.776,2.027776e-06,0.0,2.027776e-06
QQQ,QQQ260513P00644000,2026-05-13,3,put,644.0,298.0,11.0,0.3572,0.0008,0.0,0.29,,-0.0085,-0.0521,0.0202,https://cdn.cboe.com/api/global/delayed_quotes/options/QQQ.json,0.0008,0.0,-120855.44959999999,-120855.44959999999,0.0,-0.00012085544959999999,-0.00012085544959999999
QQQ,QQQ260513C00645000,2026-05-13,3,call,645.0,109.0,4.0,0.4366,0.0008,64.89,68.89,,0.9912,-0.053,0.0207,https://cdn.cboe.com/api/global/delayed_quotes/options/QQQ.json,0.0008,44205.516800000005,0.0,44205.516800000005,4.4205516800000006e-05,0.0,4.4205516800000006e-05
QQQ,QQQ260513P00645000,2026-05-13,3,put,645.0,458.0,372.0,0.3523,0.0008,0.07,0.09,,-0.0088,-0.053,0.0207,https://cdn.cboe.com/api/global/delayed_quotes/options/QQQ.json,0.0008,0.0,-185744.28160000002,-185744.28160000002,0.0,-0.00018574428160000002,-0.00018574428160000002
QQQ,QQQ260513P00646000,2026-05-13,3,put,646.0,47.0,1.0,0.3473,0.0008,0.0,1.46,,-0.009,-0.054,0.0213,https://cdn.cboe.com/api/global/delayed_quotes/options/QQQ.json,0.0008,0.0,-19061.0944,-19061.0944,0.0,-1.9061094400000003e-05,-1.9061094400000003e-05
QQQ,QQQ260513C00647000,2026-05-13,3,call,647.0,1.0,0.0,0.4258,0.0009,62.89,66.95,,0.9906,-0.055,0.0219,https://cdn.cboe.com/api/global/delayed_quotes/options/QQQ.json,0.0009,456.2496,0.0,456.2496,4.562496e-07,0.0,4.562496e-07
QQQ,QQQ260513P00647000,2026-05-13,3,put,647.0,50.0,157.0,0.345,0.0009,0.07,1.37,,-0.0093,-0.055,0.0218,https://cdn.cboe.com/api/global/delayed_quotes/options/QQQ.json,0.0009,0.0,-22812.48,-22812.48,0.0,-2.281248e-05,-2.281248e-05
QQQ,QQQ260513C00648000,2026-05-13,3,call,648.0,3.0,0.0,0.4209,0.0009,61.9,65.89,,0.9904,-0.056,0.0225,https://cdn.cboe.com/api/global/delayed_quotes/options/QQQ.json,0.0009,1368.7488,0.0,1368.7488,1.3687488000000001e-06,0.0,1.3687488000000001e-06
QQQ,QQQ260513P00648000,2026-05-13,3,put,648.0,270.0,2.0,0.3426,0.0009,0.0,1.47,,-0.0096,-0.056,0.0224,https://cdn.cboe.com/api/global/delayed_quotes/options/QQQ.json,0.0009,0.0,-123187.392,-123187.392,0.0,-0.000123187392,-0.000123187392
QQQ,QQQ260513P00649000,2026-05-13,3,put,649.0,74.0,6.0,0.3376,0.0009,0.0,0.1,,-0.0099,-0.057,0.0231,https://cdn.cboe.com/api/global/delayed_quotes/options/QQQ.json,0.0009,0.0,-33762.4704,-33762.4704,0.0,-3.37624704e-05,-3.37624704e-05
QQQ,QQQ260513C00650000,2026-05-13,3,call,650.0,79.0,15.0,0.41,0.001,59.9,63.61,,0.9897,-0.0581,0.0237,https://cdn.cboe.com/api/global/delayed_quotes/options/QQQ.json,0.001,40048.576,0.0,40048.576,4.0048576e-05,0.0,4.0048576e-05
QQQ,QQQ260513P00650000,2026-05-13,3,put,650.0,648.0,144.0,0.3325,0.001,0.08,0.1,,-0.0102,-0.0581,0.0237,https://cdn.cboe.com/api/global/delayed_quotes/options/QQQ.json,0.001,0.0,-328499.712,-328499.712,0.0,-0.000328499712,-0.000328499712
QQQ,QQQ260513C00651000,2026-05-13,3,call,651.0,6.0,0.0,0.4032,0.001,58.89,62.9,,0.9894,-0.0592,0.0244,https://cdn.cboe.com/api/global/delayed_quotes/options/QQQ.json,0.001,3041.6639999999998,0.0,3041.6639999999998,3.041664e-06,0.0,3.041664e-06
QQQ,QQQ260513P00651000,2026-05-13,3,put,651.0,291.0,14.0,0.3275,0.001,0.04,2.7,,-0.0106,-0.0592,0.0244,https://cdn.cboe.com/api/global/delayed_quotes/options/QQQ.json,0.001,0.0,-147520.704,-147520.704,0.0,-0.000147520704,-0.000147520704
QQQ,QQQ260513C00652000,2026-05-13,3,call,652.0,4.0,0.0,0.3991,0.001,57.91,61.89,,0.989,-0.0604,0.0251,https://cdn.cboe.com/api/global/delayed_quotes/options/QQQ.json,0.001,2027.776,0.0,2027.776,2.027776e-06,0.0,2.027776e-06
QQQ,QQQ260513P00652000,2026-05-13,3,put,652.0,298.0,48.0,0.3225,0.001,0.08,0.11,,-0.0109,-0.0604,0.0251,https://cdn.cboe.com/api/global/delayed_quotes/options/QQQ.json,0.001,0.0,-151069.312,-151069.312,0.0,-0.000151069312,-0.000151069312
QQQ,QQQ260513C00653000,2026-05-13,3,call,653.0,13.0,2.0,0.3931,0.0011,56.91,60.58,,0.9887,-0.0616,0.0259,https://cdn.cboe.com/api/global/delayed_quotes/options/QQQ.json,0.0011,7249.2991999999995,0.0,7249.2991999999995,7.2492992e-06,0.0,7.2492992e-06
QQQ,QQQ260513P00653000,2026-05-13,3,put,653.0,150.0,73.0,0.3219,0.0011,0.09,0.11,,-0.0113,-0.0616,0.0259,https://cdn.cboe.com/api/global/delayed_quotes/options/QQQ.json,0.0011,0.0,-83645.76,-83645.76,0.0,-8.364575999999999e-05,-8.364575999999999e-05
QQQ,QQQ260513P00654000,2026-05-13,3,put,654.0,99.0,139.0,0.3168,0.0011,0.09,0.11,,-0.0117,-0.0629,0.0266,https://cdn.cboe.com/api/global/delayed_quotes/options/QQQ.json,0.0011,0.0,-55206.2016,-55206.2016,0.0,-5.52062016e-05,-5.52062016e-05
QQQ,QQQ260513C00655000,2026-05-13,3,call,655.0,74.0,3.0,0.3795,0.0012,54.88,58.59,,0.9879,-0.0642,0.0275,https://cdn.cboe.com/api/global/delayed_quotes/options/QQQ.json,0.0012,45016.627199999995,0.0,45016.627199999995,4.5016627199999996e-05,0.0,4.5016627199999996e-05
QQQ,QQQ260513P00655000,2026-05-13,3,put,655.0,591.0,111.0,0.314,0.0012,0.09,0.31,,-0.012,-0.0642,0.0274,https://cdn.cboe.com/api/global/delayed_quotes/options/QQQ.json,0.0012,0.0,-359524.6848,-359524.6848,0.0,-0.00035952468479999997,-0.00035952468479999997
QQQ,QQQ260513C00656000,2026-05-13,3,call,656.0,2.0,0.0,0.3762,0.0012,53.91,57.59,,0.9874,-0.0656,0.0283,https://cdn.cboe.com/api/global/delayed_quotes/options/QQQ.json,0.0012,1216.6656,0.0,1216.6656,1.2166656e-06,0.0,1.2166656e-06
QQQ,QQQ260513P00656000,2026-05-13,3,put,656.0,505.0,70.0,0.3107,0.0012,0.0,0.32,,-0.0125,-0.0656,0.0283,https://cdn.cboe.com/api/global/delayed_quotes/options/QQQ.json,0.0012,0.0,-307208.064,-307208.064,0.0,-0.000307208064,-0.000307208064
QQQ,QQQ260513C00657000,2026-05-13,3,call,657.0,4.0,0.0,0.3719,0.0013,52.92,56.6,,0.987,-0.067,0.0293,https://cdn.cboe.com/api/global/delayed_quotes/options/QQQ.json,0.0013,2636.1088,0.0,2636.1088,2.6361087999999998e-06,0.0,2.6361087999999998e-06
QQQ,QQQ260513P00657000,2026-05-13,3,put,657.0,244.0,735.0,0.3056,0.0013,0.0,0.32,,-0.013,-0.0671,0.0293,https://cdn.cboe.com/api/global/delayed_quotes/options/QQQ.json,0.0013,0.0,-160802.6368,-160802.6368,0.0,-0.0001608026368,-0.0001608026368
QQQ,QQQ260513C00658000,2026-05-13,3,call,658.0,27.0,5.0,0.3668,0.0014,51.93,55.6,,0.9865,-0.0686,0.0302,https://cdn.cboe.com/api/global/delayed_quotes/options/QQQ.json,0.0014,19162.483200000002,0.0,19162.483200000002,1.91624832e-05,0.0,1.91624832e-05
QQQ,QQQ260513P00658000,2026-05-13,3,put,658.0,274.0,95.0,0.3025,0.0014,0.0,0.32,,-0.0134,-0.0686,0.0302,https://cdn.cboe.com/api/global/delayed_quotes/options/QQQ.json,0.0014,0.0,-194463.7184,-194463.7184,0.0,-0.00019446371840000002,-0.00019446371840000002
QQQ,QQQ260513C00659000,2026-05-13,3,call,659.0,70.0,0.0,0.3608,0.0014,50.93,54.6,,0.986,-0.0703,0.0313,https://cdn.cboe.com/api/global/delayed_quotes/options/QQQ.json,0.0014,49680.512,0.0,49680.512,4.9680512e-05,0.0,4.9680512e-05
QQQ,QQQ260513P00659000,2026-05-13,3,put,659.0,450.0,11.0,0.2972,0.0014,0.1,1.41,,-0.014,-0.0703,0.0313,https://cdn.cboe.com/api/global/delayed_quotes/options/QQQ.json,0.0014,0.0,-319374.72000000003,-319374.72000000003,0.0,-0.00031937472000000003,-0.00031937472000000003
QQQ,QQQ260513C00660000,2026-05-13,3,call,660.0,853.0,3.0,0.3556,0.0015,49.93,53.61,,0.9854,-0.072,0.0324,https://cdn.cboe.com/api/global/delayed_quotes/options/QQQ.json,0.0015,648634.8480000001,0.0,648634.8480000001,0.0006486348480000001,0.0,0.0006486348480000001
QQQ,QQQ260513P00660000,2026-05-13,3,put,660.0,525.0,172.0,0.2938,0.0015,0.0,0.13,,-0.0146,-0.0721,0.0324,https://cdn.cboe.com/api/global/delayed_quotes/options/QQQ.json,0.0015,0.0,-399218.4,-399218.4,0.0,-0.00039921840000000004,-0.00039921840000000004
QQQ,QQQ260513C00661000,2026-05-13,3,call,661.0,55.0,3.0,0.3496,0.0016,48.93,52.61,,0.9848,-0.074,0.0336,https://cdn.cboe.com/api/global/delayed_quotes/options/QQQ.json,0.0016,44611.072,0.0,44611.072,4.4611072e-05,0.0,4.4611072e-05
QQQ,QQQ260513P00661000,2026-05-13,3,put,661.0,273.0,176.0,0.2869,0.0016,0.09,0.34,,-0.0152,-0.074,0.0336,https://cdn.cboe.com/api/global/delayed_quotes/options/QQQ.json,0.0016,0.0,-221433.13919999998,-221433.13919999998,0.0,-0.0002214331392,-0.0002214331392
QQQ,QQQ260513C00662000,2026-05-13,3,call,662.0,8.0,0.0,0.3451,0.0016,47.94,51.62,,0.9841,-0.076,0.0348,https://cdn.cboe.com/api/global/delayed_quotes/options/QQQ.json,0.0016,6488.883200000001,0.0,6488.883200000001,6.488883200000001e-06,0.0,6.488883200000001e-06
QQQ,QQQ260513P00662000,2026-05-13,3,put,662.0,197.0,63.0,0.2851,0.0016,0.12,0.34,,-0.0158,-0.076,0.0348,https://cdn.cboe.com/api/global/delayed_quotes/options/QQQ.json,0.0016,0.0,-159788.7488,-159788.7488,0.0,-0.0001597887488,-0.0001597887488
QQQ,QQQ260513C00663000,2026-05-13,3,call,663.0,28.0,2.0,0.3399,0.0017,46.95,50.62,,0.9834,-0.0782,0.0361,https://cdn.cboe.com/api/global/delayed_quotes/options/QQQ.json,0.0017,24130.5344,0.0,24130.5344,2.41305344e-05,0.0,2.41305344e-05
QQQ,QQQ260513P00663000,2026-05-13,3,put,663.0,298.0,92.0,0.283,0.0017,0.12,0.14,,-0.0165,-0.0782,0.0361,https://cdn.cboe.com/api/global/delayed_quotes/options/QQQ.json,0.0017,0.0,-256817.8304,-256817.8304,0.0,-0.0002568178304,-0.0002568178304
QQQ,QQQ260513C00664000,2026-05-13,3,call,664.0,9.0,0.0,0.3346,0.0018,45.95,49.63,,0.9827,-0.0806,0.0375,https://cdn.cboe.com/api/global/delayed_quotes/options/QQQ.json,0.0018,8212.4928,0.0,8212.4928,8.2124928e-06,0.0,8.2124928e-06
QQQ,QQQ260513P00664000,2026-05-13,3,put,664.0,237.0,340.0,0.2779,0.0018,0.13,0.34,,-0.0173,-0.0805,0.0375,https://cdn.cboe.com/api/global/delayed_quotes/options/QQQ.json,0.0018,0.0,-216262.3104,-216262.3104,0.0,-0.0002162623104,-0.0002162623104
QQQ,QQQ260513C00665000,2026-05-13,3,call,665.0,339.0,11.0,0.3299,0.0019,44.96,48.63,,0.9818,-0.0832,0.0391,https://cdn.cboe.com/api/global/delayed_quotes/options/QQQ.json,0.0019,326522.6304,0.0,326522.6304,0.00032652263040000004,0.0,0.00032652263040000004
QQQ,QQQ260513P00665000,2026-05-13,3,put,665.0,477.0,218.0,0.2754,0.0019,0.0,0.16,,-0.0181,-0.0832,0.0391,https://cdn.cboe.com/api/global/delayed_quotes/options/QQQ.json,0.0019,0.0,-459443.3472,-459443.3472,0.0,-0.0004594433472,-0.0004594433472
QQQ,QQQ260513C00666000,2026-05-13,3,call,666.0,24.0,0.0,0.3252,0.002,43.98,47.64,,0.9809,-0.086,0.0407,https://cdn.cboe.com/api/global/delayed_quotes/options/QQQ.json,0.002,24333.311999999998,0.0,24333.311999999998,2.4333312e-05,0.0,2.4333312e-05
QQQ,QQQ260513P00666000,2026-05-13,3,put,666.0,353.0,92.0,0.2715,0.002,0.0,0.16,,-0.019,-0.086,0.0407,https://cdn.cboe.com/api/global/delayed_quotes/options/QQQ.json,0.002,0.0,-357902.464,-357902.464,0.0,-0.000357902464,-0.000357902464
QQQ,QQQ260513C00667000,2026-05-13,3,call,667.0,48.0,2.0,0.3192,0.0022,42.97,46.65,,0.9799,-0.089,0.0425,https://cdn.cboe.com/api/global/delayed_quotes/options/QQQ.json,0.0022,53533.286400000005,0.0,53533.286400000005,5.3533286400000006e-05,0.0,5.3533286400000006e-05
QQQ,QQQ260513P00667000,2026-05-13,3,put,667.0,257.0,138.0,0.269,0.0022,0.0,0.17,,-0.02,-0.089,0.0424,https://cdn.cboe.com/api/global/delayed_quotes/options/QQQ.json,0.0022,0.0,-286626.13759999996,-286626.13759999996,0.0,-0.0002866261376,-0.0002866261376
QQQ,QQQ260513C00668000,2026-05-13,3,call,668.0,63.0,5.0,0.3157,0.0023,42.01,45.66,,0.9788,-0.0924,0.0445,https://cdn.cboe.com/api/global/delayed_quotes/options/QQQ.json,0.0023,73456.18560000001,0.0,73456.18560000001,7.34561856e-05,0.0,7.34561856e-05
QQQ,QQQ260513P00668000,2026-05-13,3,put,668.0,247.0,135.0,0.2648,0.0023,0.16,0.17,,-0.0211,-0.0923,0.0444,https://cdn.cboe.com/api/global/delayed_quotes/options/QQQ.json,0.0023,0.0,-287994.88639999996,-287994.88639999996,0.0,-0.00028799488639999997,-0.00028799488639999997
QQQ,QQQ260513C00669000,2026-05-13,3,call,669.0,59.0,75.0,0.3076,0.0024,40.97,44.66,,0.9777,-0.096,0.0466,https://cdn.cboe.com/api/global/delayed_quotes/options/QQQ.json,0.0024,71783.2704,0.0,71783.2704,7.17832704e-05,0.0,7.17832704e-05
QQQ,QQQ260513P00669000,2026-05-13,3,put,669.0,422.0,148.0,0.2619,0.0024,0.0,0.39,,-0.0222,-0.0959,0.0465,https://cdn.cboe.com/api/global/delayed_quotes/options/QQQ.json,0.0024,0.0,-513432.8831999999,-513432.8831999999,0.0,-0.0005134328832,-0.0005134328832
QQQ,QQQ260513C00670000,2026-05-13,3,call,670.0,422.0,3.0,0.304,0.0026,40.0,43.67,,0.9764,-0.0999,0.0488,https://cdn.cboe.com/api/global/delayed_quotes/options/QQQ.json,0.0026,556218.9568,0.0,556218.9568,0.0005562189568,0.0,0.0005562189568
QQQ,QQQ260513P00670000,2026-05-13,3,put,670.0,1726.0,535.0,0.2587,0.0026,0.0,0.19,,-0.0235,-0.0998,0.0488,https://cdn.cboe.com/api/global/delayed_quotes/options/QQQ.json,0.0026,0.0,-2274961.8943999996,-2274961.8943999996,0.0,-0.0022749618943999996,-0.0022749618943999996
QQQ,QQQ260513C00671000,2026-05-13,3,call,671.0,81.0,9.0,0.2998,0.0027,39.02,42.68,,0.9749,-0.1043,0.0513,https://cdn.cboe.com/api/global/delayed_quotes/options/QQQ.json,0.0027,110868.65280000001,0.0,110868.65280000001,0.0001108686528,0.0,0.0001108686528
QQQ,QQQ260513P00671000,2026-05-13,3,put,671.0,424.0,189.0,0.2554,0.0027,0.18,0.41,,-0.025,-0.1042,0.0512,https://cdn.cboe.com/api/global/delayed_quotes/options/QQQ.json,0.0027,0.0,-580349.4912,-580349.4912,0.0,-0.0005803494912,-0.0005803494912
QQQ,QQQ260513C00672000,2026-05-13,3,call,672.0,642.0,5.0,0.296,0.0029,38.05,41.7,,0.9734,-0.109,0.0539,https://cdn.cboe.com/api/global/delayed_quotes/options/QQQ.json,0.0029,943828.3391999999,0.0,943828.3391999999,0.0009438283392,0.0,0.0009438283392
QQQ,QQQ260513P00672000,2026-05-13,3,put,672.0,384.0,254.0,0.2518,0.0029,0.19,0.22,,-0.0266,-0.109,0.0539,https://cdn.cboe.com/api/global/delayed_quotes/options/QQQ.json,0.0029,0.0,-564532.8384,-564532.8384,0.0,-0.0005645328384,-0.0005645328384
QQQ,QQQ260513C00673000,2026-05-13,3,call,673.0,88.0,10.0,0.2702,0.0031,36.73,40.71,,0.9716,-0.1142,0.0568,https://cdn.cboe.com/api/global/delayed_quotes/options/QQQ.json,0.0031,138294.32319999998,0.0,138294.32319999998,0.00013829432319999998,0.0,0.00013829432319999998
QQQ,QQQ260513P00673000,2026-05-13,3,put,673.0,353.0,362.0,0.2493,0.0031,0.03,0.23,,-0.0282,-0.1141,0.0567,https://cdn.cboe.com/api/global/delayed_quotes/options/QQQ.json,0.0031,0.0,-554748.8192,-554748.8192,0.0,-0.0005547488192,-0.0005547488192
QQQ,QQQ260513C00674000,2026-05-13,3,call,674.0,260.0,4.0,0.2657,0.0033,35.74,39.72,,0.9697,-0.1198,0.0599,https://cdn.cboe.com/api/global/delayed_quotes/options/QQQ.json,0.0033,434957.952,0.0,434957.952,0.00043495795199999997,0.0,0.00043495795199999997
QQQ,QQQ260513P00674000,2026-05-13,3,put,674.0,395.0,151.0,0.2455,0.0033,0.22,0.44,,-0.0302,-0.1198,0.0598,https://cdn.cboe.com/api/global/delayed_quotes/options/QQQ.json,0.0033,0.0,-660801.5040000002,-660801.5040000002,0.0,-0.0006608015040000002,-0.0006608015040000002
QQQ,QQQ260513C00675000,2026-05-13,3,call,675.0,745.0,212.0,0.2656,0.0036,34.81,38.74,,0.9676,-0.126,0.0633,https://cdn.cboe.com/api/global/delayed_quotes/options/QQQ.json,0.0036,1359623.808,0.0,1359623.808,0.001359623808,0.0,0.001359623808
QQQ,QQQ260513P00675000,2026-05-13,3,put,675.0,2981.0,572.0,0.2434,0.0035,0.2,0.45,,-0.0322,-0.1258,0.0632,https://cdn.cboe.com/api/global/delayed_quotes/options/QQQ.json,0.0035,0.0,-5289200.224000001,-5289200.224000001,0.0,-0.005289200224000002,-0.005289200224000002
QQQ,QQQ260513C00676000,2026-05-13,3,call,676.0,121.0,0.0,0.2602,0.0038,33.81,37.76,,0.9653,-0.1327,0.067,https://cdn.cboe.com/api/global/delayed_quotes/options/QQQ.json,0.0038,233092.85119999998,0.0,233092.85119999998,0.00023309285119999998,0.0,0.00023309285119999998
QQQ,QQQ260513P00676000,2026-05-13,3,put,676.0,185.0,129.0,0.2409,0.0038,0.25,0.28,,-0.0346,-0.1325,0.0669,https://cdn.cboe.com/api/global/delayed_quotes/options/QQQ.json,0.0038,0.0,-356381.632,-356381.632,0.0,-0.000356381632,-0.000356381632
QQQ,QQQ260513C00677000,2026-05-13,3,call,677.0,220.0,4.0,0.2673,0.0041,34.05,35.75,,0.9628,-0.14,0.0709,https://cdn.cboe.com/api/global/delayed_quotes/options/QQQ.json,0.0041,457263.48800000007,0.0,457263.48800000007,0.00045726348800000007,0.0,0.00045726348800000007
QQQ,QQQ260513P00677000,2026-05-13,3,put,677.0,332.0,460.0,0.2382,0.0041,0.09,0.49,,-0.0371,-0.1398,0.0708,https://cdn.cboe.com/api/global/delayed_quotes/options/QQQ.json,0.0041,0.0,-690052.1728000001,-690052.1728000001,0.0,-0.0006900521728,-0.0006900521728
QQQ,QQQ260513C00678000,2026-05-13,3,call,678.0,339.0,0.0,0.2318,0.0044,33.08,34.24,,0.96,-0.1479,0.0751,https://cdn.cboe.com/api/global/delayed_quotes/options/QQQ.json,0.0044,756157.6704,0.0,756157.6704,0.0007561576704,0.0,0.0007561576704
QQQ,QQQ260513P00678000,2026-05-13,3,put,678.0,297.0,98.0,0.2353,0.0044,0.11,0.51,,-0.0399,-0.1477,0.075,https://cdn.cboe.com/api/global/delayed_quotes/options/QQQ.json,0.0044,0.0,-662474.4192,-662474.4192,0.0,-0.0006624744192,-0.0006624744192
QQQ,QQQ260513C00679000,2026-05-13,3,call,679.0,125.0,4.0,0.2591,0.0047,32.1,33.79,,0.9569,-0.1565,0.0797,https://cdn.cboe.com/api/global/delayed_quotes/options/QQQ.json,0.0047,297829.60000000003,0.0,297829.60000000003,0.00029782960000000004,0.0,0.00029782960000000004
QQQ,QQQ260513P00679000,2026-05-13,3,put,679.0,193.0,64.0,0.2319,0.0047,0.32,0.53,,-0.0431,-0.1567,0.0797,https://cdn.cboe.com/api/global/delayed_quotes/options/QQQ.json,0.0047,0.0,-459848.9024,-459848.9024,0.0,-0.0004598489024,-0.0004598489024
QQQ,QQQ260513C00680000,2026-05-13,3,call,680.0,505.0,14.0,0.2555,0.005,31.13,32.82,,0.9534,-0.1658,0.0846,https://cdn.cboe.com/api/global/delayed_quotes/options/QQQ.json,0.005,1280033.6,0.0,1280033.6,0.0012800336,0.0,0.0012800336
QQQ,QQQ260513P00680000,2026-05-13,3,put,680.0,687.0,1175.0,0.23,0.005,0.35,0.37,,-0.0464,-0.1656,0.0845,https://cdn.cboe.com/api/global/delayed_quotes/options/QQQ.json,0.005,0.0,-1741352.6400000001,-1741352.6400000001,0.0,-0.00174135264,-0.00174135264
QQQ,QQQ260513C00681000,2026-05-13,3,call,681.0,168.0,9.0,0.2513,0.0054,30.15,31.85,,0.9497,-0.1758,0.09,https://cdn.cboe.com/api/global/delayed_quotes/options/QQQ.json,0.0054,459899.5968,0.0,459899.5968,0.0004598995968,0.0,0.0004598995968
QQQ,QQQ260513P00681000,2026-05-13,3,put,681.0,816.0,970.0,0.2276,0.0054,0.2,0.53,,-0.0501,-0.1756,0.0898,https://cdn.cboe.com/api/global/delayed_quotes/options/QQQ.json,0.0054,0.0,-2233798.0416,-2233798.0416,0.0,-0.0022337980416000003,-0.0022337980416000003
QQQ,QQQ260513C00682000,2026-05-13,3,call,682.0,259.0,12.0,0.2474,0.0058,29.19,30.87,,0.9456,-0.1865,0.0957,https://cdn.cboe.com/api/global/delayed_quotes/options/QQQ.json,0.0058,761531.2768,0.0,761531.2768,0.0007615312768,0.0,0.0007615312768
QQQ,QQQ260513P00682000,2026-05-13,3,put,682.0,176.0,405.0,0.2248,0.0058,0.35,0.63,,-0.0542,-0.1863,0.0955,https://cdn.cboe.com/api/global/delayed_quotes/options/QQQ.json,0.0058,0.0,-517488.43519999995,-517488.43519999995,0.0,-0.0005174884351999999,-0.0005174884351999999
QQQ,QQQ260513C00683000,2026-05-13,3,call,683.0,165.0,28.0,0.0,0.0063,26.76,29.95,,0.9411,-0.198,0.1016,https://cdn.cboe.com/api/global/delayed_quotes/options/QQQ.json,0.0063,526968.2880000001,0.0,526968.2880000001,0.0005269682880000001,0.0,0.0005269682880000001
QQQ,QQQ260513P00683000,2026-05-13,3,put,683.0,290.0,652.0,0.2228,0.0063,0.44,0.47,,-0.0588,-0.1979,0.1015,https://cdn.cboe.com/api/global/delayed_quotes/options/QQQ.json,0.0063,0.0,-926186.688,-926186.688,0.0,-0.0009261866879999999,-0.0009261866879999999
QQQ,QQQ260513C00684000,2026-05-13,3,call,684.0,177.0,27.0,0.1711,0.0068,26.01,29.0,,0.9361,-0.2104,0.1081,https://cdn.cboe.com/api/global/delayed_quotes/options/QQQ.json,0.0068,610157.7984,0.0,610157.7984,0.0006101577983999999,0.0,0.0006101577983999999
QQQ,QQQ260513P00684000,2026-05-13,3,put,684.0,248.0,293.0,0.2205,0.0068,0.46,0.7,,-0.0637,-0.2102,0.1079,https://cdn.cboe.com/api/global/delayed_quotes/options/QQQ.json,0.0068,0.0,-854910.3616,-854910.3616,0.0,-0.0008549103615999999,-0.0008549103615999999
QQQ,QQQ260513C00685000,2026-05-13,3,call,685.0,701.0,29.0,0.2378,0.0073,26.31,28.01,,0.9307,-0.2236,0.115,https://cdn.cboe.com/api/global/delayed_quotes/options/QQQ.json,0.0073,2594184.5312,0.0,2594184.5312,0.0025941845312,0.0,0.0025941845312
QQQ,QQQ260513P00685000,2026-05-13,3,put,685.0,856.0,2617.0,0.2185,0.0073,0.36,0.76,,-0.0693,-0.2239,0.1151,https://cdn.cboe.com/api/global/delayed_quotes/options/QQQ.json,0.0073,0.0,-3167791.6671999996,-3167791.6671999996,0.0,-0.0031677916671999998,-0.0031677916671999998
QQQ,QQQ260513C00686000,2026-05-13,3,call,686.0,300.0,5.0,0.1804,0.0078,24.16,27.09,,0.9248,-0.2376,0.1223,https://cdn.cboe.com/api/global/delayed_quotes/options/QQQ.json,0.0078,1186248.96,0.0,1186248.96,0.00118624896,0.0,0.00118624896
QQQ,QQQ260513P00686000,2026-05-13,3,put,686.0,357.0,200.0,0.2163,0.0078,0.54,0.81,,-0.0753,-0.2379,0.1225,https://cdn.cboe.com/api/global/delayed_quotes/options/QQQ.json,0.0078,0.0,-1411636.2624,-1411636.2624,0.0,-0.0014116362624,-0.0014116362624
QQQ,QQQ260513C00687000,2026-05-13,3,call,687.0,162.0,12.0,0.1807,0.0084,23.21,26.15,,0.9183,-0.2524,0.13,https://cdn.cboe.com/api/global/delayed_quotes/options/QQQ.json,0.0084,689849.3952000001,0.0,689849.3952000001,0.0006898493952000002,0.0,0.0006898493952000002
QQQ,QQQ260513P00687000,2026-05-13,3,put,687.0,204.0,1038.0,0.2138,0.0084,0.46,0.86,,-0.0818,-0.2528,0.1301,https://cdn.cboe.com/api/global/delayed_quotes/options/QQQ.json,0.0084,0.0,-868699.2383999999,-868699.2383999999,0.0,-0.0008686992384,-0.0008686992384
QQQ,QQQ260513C00688000,2026-05-13,3,call,688.0,92.0,8.0,0.23,0.009,23.48,25.21,,0.9112,-0.268,0.138,https://cdn.cboe.com/api/global/delayed_quotes/options/QQQ.json,0.009,419749.632,0.0,419749.632,0.000419749632,0.0,0.000419749632
QQQ,QQQ260513P00688000,2026-05-13,3,put,688.0,651.0,296.0,0.2124,0.0091,0.67,0.92,,-0.0888,-0.2685,0.1381,https://cdn.cboe.com/api/global/delayed_quotes/options/QQQ.json,0.0091,0.0,-3003186.9503999995,-3003186.9503999995,0.0,-0.0030031869503999997,-0.0030031869503999997
QQQ,QQQ260513C00689000,2026-05-13,3,call,689.0,212.0,9.0,0.2268,0.0097,22.55,24.27,,0.9035,-0.2845,0.1466,https://cdn.cboe.com/api/global/delayed_quotes/options/QQQ.json,0.0097,1042479.6416,0.0,1042479.6416,0.0010424796416,0.0,0.0010424796416
QQQ,QQQ260513P00689000,2026-05-13,3,put,689.0,442.0,668.0,0.2105,0.0097,0.77,0.99,,-0.0966,-0.285,0.1467,https://cdn.cboe.com/api/global/delayed_quotes/options/QQQ.json,0.0097,0.0,-2173471.7056,-2173471.7056,0.0,-0.0021734717056,-0.0021734717056
QQQ,QQQ260513C00690000,2026-05-13,3,call,690.0,589.0,341.0,0.2065,0.0104,21.64,22.77,,0.8952,-0.3016,0.1555,https://cdn.cboe.com/api/global/delayed_quotes/options/QQQ.json,0.0104,3105336.1664,0.0,3105336.1664,0.0031053361664,0.0,0.0031053361664
QQQ,QQQ260513P00690000,2026-05-13,3,put,690.0,3311.0,4335.0,0.2082,0.0104,0.79,0.88,,-0.1049,-0.3022,0.1557,https://cdn.cboe.com/api/global/delayed_quotes/options/QQQ.json,0.0104,0.0,-17456312.4736,-17456312.4736,0.0,-0.0174563124736,-0.0174563124736
QQQ,QQQ260513C00691000,2026-05-13,3,call,691.0,145.0,45.0,0.2045,0.0111,20.71,21.86,,0.8861,-0.3196,0.1647,https://cdn.cboe.com/api/global/delayed_quotes/options/QQQ.json,0.0111,815926.3680000001,0.0,815926.3680000001,0.0008159263680000002,0.0,0.0008159263680000002
QQQ,QQQ260513P00691000,2026-05-13,3,put,691.0,260.0,994.0,0.2068,0.0112,0.7,1.08,,-0.1139,-0.32,0.1648,https://cdn.cboe.com/api/global/delayed_quotes/options/QQQ.json,0.0112,0.0,-1476220.9279999998,-1476220.9279999998,0.0,-0.0014762209279999999,-0.0014762209279999999
QQQ,QQQ260513C00692000,2026-05-13,3,call,692.0,540.0,403.0,0.2183,0.0119,19.82,21.51,,0.8763,-0.3381,0.1742,https://cdn.cboe.com/api/global/delayed_quotes/options/QQQ.json,0.0119,3257622.1440000003,0.0,3257622.1440000003,0.0032576221440000002,0.0,0.0032576221440000002
QQQ,QQQ260513P00692000,2026-05-13,3,put,692.0,314.0,471.0,0.2048,0.0119,1.02,1.29,,-0.1237,-0.3386,0.1742,https://cdn.cboe.com/api/global/delayed_quotes/options/QQQ.json,0.0119,0.0,-1894246.9504000002,-1894246.9504000002,0.0,-0.0018942469504000003,-0.0018942469504000003
QQQ,QQQ260513C00693000,2026-05-13,3,call,693.0,336.0,143.0,0.2165,0.0127,18.89,20.67,,0.8657,-0.3572,0.1842,https://cdn.cboe.com/api/global/delayed_quotes/options/QQQ.json,0.0127,2163231.4368,0.0,2163231.4368,0.0021632314367999997,0.0,0.0021632314367999997
QQQ,QQQ260513P00693000,2026-05-13,3,put,693.0,537.0,747.0,0.2028,0.0128,1.07,1.3,,-0.1345,-0.358,0.1845,https://cdn.cboe.com/api/global/delayed_quotes/options/QQQ.json,0.0128,0.0,-3484530.2784,-3484530.2784,0.0,-0.0034845302784,-0.0034845302784
QQQ,QQQ260513C00694000,2026-05-13,3,call,694.0,333.0,212.0,0.2142,0.0136,18.01,19.77,,0.8542,-0.3769,0.1945,https://cdn.cboe.com/api/global/delayed_quotes/options/QQQ.json,0.0136,2295847.9872,0.0,2295847.9872,0.0022958479872,0.0,0.0022958479872
QQQ,QQQ260513P00694000,2026-05-13,3,put,694.0,293.0,757.0,0.2013,0.0136,0.96,1.45,,-0.146,-0.3778,0.1947,https://cdn.cboe.com/api/global/delayed_quotes/options/QQQ.json,0.0136,0.0,-2020070.4512,-2020070.4512,0.0,-0.0020200704512000002,-0.0020200704512000002
QQQ,QQQ260513C00695000,2026-05-13,3,call,695.0,695.0,873.0,0.1994,0.0144,17.15,18.36,,0.8419,-0.3969,0.2048,https://cdn.cboe.com/api/global/delayed_quotes/options/QQQ.json,0.0144,5073495.552,0.0,5073495.552,0.005073495552,0.0,0.005073495552
QQQ,QQQ260513P00695000,2026-05-13,3,put,695.0,621.0,2857.0,0.1992,0.0145,1.35,1.4,,-0.1583,-0.3979,0.2049,https://cdn.cboe.com/api/global/delayed_quotes/options/QQQ.json,0.0145,0.0,-4564777.248000001,-4564777.248000001,0.0,-0.004564777248000001,-0.004564777248000001
QQQ,QQQ260513C00696000,2026-05-13,3,call,696.0,360.0,96.0,0.2097,0.0154,16.28,18.02,,0.8287,-0.4172,0.2154,https://cdn.cboe.com/api/global/delayed_quotes/options/QQQ.json,0.0154,2810497.5360000003,0.0,2810497.5360000003,0.0028104975360000004,0.0,0.0028104975360000004
QQQ,QQQ260513P00696000,2026-05-13,3,put,696.0,206.0,349.0,0.1975,0.0154,1.16,1.85,,-0.1716,-0.4183,0.2155,https://cdn.cboe.com/api/global/delayed_quotes/options/QQQ.json,0.0154,0.0,-1608229.1456000002,-1608229.1456000002,0.0,-0.0016082291456000002,-0.0016082291456000002
QQQ,QQQ260513C00697000,2026-05-13,3,call,697.0,314.0,131.0,0.2076,0.0163,15.44,17.16,,0.8145,-0.4376,0.2262,https://cdn.cboe.com/api/global/delayed_quotes/options/QQQ.json,0.0163,2594640.7808,0.0,2594640.7808,0.0025946407808,0.0,0.0025946407808
QQQ,QQQ260513P00697000,2026-05-13,3,put,697.0,1033.0,1719.0,0.196,0.0163,1.34,1.98,,-0.1858,-0.4388,0.2265,https://cdn.cboe.com/api/global/delayed_quotes/options/QQQ.json,0.0163,0.0,-8535872.3776,-8535872.3776,0.0,-0.0085358723776,-0.0085358723776
QQQ,QQQ260513C00698000,2026-05-13,3,call,698.0,242.0,87.0,0.2058,0.0172,14.61,16.32,,0.7994,-0.4579,0.2368,https://cdn.cboe.com/api/global/delayed_quotes/options/QQQ.json,0.0172,2110103.7056,0.0,2110103.7056,0.0021101037056,0.0,0.0021101037056
QQQ,QQQ260513P00698000,2026-05-13,3,put,698.0,262.0,879.0,0.1941,0.0173,1.78,2.22,,-0.201,-0.4593,0.237,https://cdn.cboe.com/api/global/delayed_quotes/options/QQQ.json,0.0173,0.0,-2297774.3743999996,-2297774.3743999996,0.0,-0.0022977743743999995,-0.0022977743743999995
QQQ,QQQ260513C00699000,2026-05-13,3,call,699.0,388.0,295.0,0.1815,0.0182,13.79,15.49,,0.7832,-0.478,0.2474,https://cdn.cboe.com/api/global/delayed_quotes/options/QQQ.json,0.0182,3579835.7504000003,0.0,3579835.7504000003,0.0035798357504000003,0.0,0.0035798357504000003
QQQ,QQQ260513P00699000,2026-05-13,3,put,699.0,133.0,4243.0,0.1927,0.0182,1.64,2.06,,-0.2172,-0.4795,0.2475,https://cdn.cboe.com/api/global/delayed_quotes/options/QQQ.json,0.0182,0.0,-1227108.6464000002,-1227108.6464000002,0.0,-0.0012271086464000001,-0.0012271086464000001
QQQ,QQQ260513C00700000,2026-05-13,3,call,700.0,807.0,1201.0,0.2081,0.0191,13.46,14.55,,0.7661,-0.4976,0.258,https://cdn.cboe.com/api/global/delayed_quotes/options/QQQ.json,0.0191,7813882.732799999,0.0,7813882.732799999,0.007813882732799999,0.0,0.007813882732799999
QQQ,QQQ260513P00700000,2026-05-13,3,put,700.0,335.0,10201.0,0.191,0.0192,2.16,2.18,,-0.2344,-0.4993,0.2584,https://cdn.cboe.com/api/global/delayed_quotes/options/QQQ.json,0.0192,0.0,-3260663.8079999997,-3260663.8079999997,0.0,-0.003260663808,-0.003260663808
QQQ,QQQ260513C00705000,2026-05-13,3,call,705.0,1594.0,6572.0,0.1832,0.0236,9.26,10.37,,0.665,-0.5809,0.3047,https://cdn.cboe.com/api/global/delayed_quotes/options/QQQ.json,0.0236,19070422.169600002,0.0,19070422.169600002,0.0190704221696,0.0,0.0190704221696
QQQ,QQQ260513P00705000,2026-05-13,3,put,705.0,108.0,11170.0,0.1837,0.0238,3.4,3.44,,-0.336,-0.5836,0.3048,https://cdn.cboe.com/api/global/delayed_quotes/options/QQQ.json,0.0238,0.0,-1303048.8576,-1303048.8576,0.0,-0.0013030488576,-0.0013030488576
QQQ,QQQ260513C00710000,2026-05-13,3,call,710.0,2475.0,7851.0,0.1776,0.0267,6.6,6.65,,0.5416,-0.6166,0.3308,https://cdn.cboe.com/api/global/delayed_quotes/options/QQQ.json,0.0267,33500126.880000006,0.0,33500126.880000006,0.03350012688000001,0.0,0.03350012688000001
QQQ,QQQ260513P00710000,2026-05-13,3,put,710.0,41.0,7028.0,0.1779,0.0269,5.17,5.65,,-0.4605,-0.6207,0.3307,https://cdn.cboe.com/api/global/delayed_quotes/options/QQQ.json,0.0269,0.0,-559108.5376,-559108.5376,0.0,-0.0005591085376,-0.0005591085376
QQQ,QQQ260513C00715000,2026-05-13,3,call,715.0,1616.0,4283.0,0.172,0.0269,3.84,4.15,,0.4055,-0.5814,0.3235,https://cdn.cboe.com/api/global/delayed_quotes/options/QQQ.json,0.0269,22037058.457599998,0.0,22037058.457599998,0.022037058457599998,0.0,0.022037058457599998
QQQ,QQQ260513P00715000,2026-05-13,3,put,715.0,10.0,945.0,0.1721,0.0272,7.29,8.74,,-0.5976,-0.587,0.3227,https://cdn.cboe.com/api/global/delayed_quotes/options/QQQ.json,0.0272,0.0,-137888.76799999998,-137888.76799999998,0.0,-0.00013788876799999999,-0.00013788876799999999
QQQ,QQQ260513C00720000,2026-05-13,3,call,720.0,499.0,3508.0,0.167,0.0238,2.27,2.8,,0.2746,-0.4777,0.2802,https://cdn.cboe.com/api/global/delayed_quotes/options/QQQ.json,0.0238,6020568.332800001,0.0,6020568.332800001,0.006020568332800001,0.0,0.006020568332800001
QQQ,QQQ260513C00725000,2026-05-13,3,call,725.0,214.0,3352.0,0.1634,0.0181,0.93,1.21,,0.1676,-0.3418,0.2135,https://cdn.cboe.com/api/global/delayed_quotes/options/QQQ.json,0.0181,1963596.8896,0.0,1963596.8896,0.0019635968896,0.0,0.0019635968896
QQQ,QQQ260513C00730000,2026-05-13,3,call,730.0,268.0,1526.0,0.1649,0.0122,0.48,0.61,,0.0956,-0.2226,0.1473,https://cdn.cboe.com/api/global/delayed_quotes/options/QQQ.json,0.0122,1657504.1023999997,0.0,1657504.1023999997,0.0016575041023999997,0.0,0.0016575041023999997
QQQ,QQQ260513C00735000,2026-05-13,3,call,735.0,1193.0,2298.0,0.1719,0.0077,0.25,0.33,,0.0544,-0.1416,0.0974,https://cdn.cboe.com/api/global/delayed_quotes/options/QQQ.json,0.0077,4656838.2784,0.0,4656838.2784,0.0046568382784,0.0,0.0046568382784
QQQ,QQQ260514P00510000,2026-05-14,4,put,510.0,100.0,0.0,0.8069,0.0,0.0,0.22,,-0.0004,-0.0059,0.0014,https://cdn.cboe.com/api/global/delayed_quotes/options/QQQ.json,0.0,0.0,-0.0,0.0,0.0,-0.0,0.0
QQQ,QQQ260514P00560000,2026-05-14,4,put,560.0,1.0,1.0,0.6275,0.0001,0.01,0.23,,-0.0014,-0.015,0.0042,https://cdn.cboe.com/api/global/delayed_quotes/options/QQQ.json,0.0001,0.0,-50.69440000000001,-50.69440000000001,0.0,-5.0694400000000006e-08,-5.0694400000000006e-08
QQQ,QQQ260514P00565000,2026-05-14,4,put,565.0,10.0,2.0,0.6059,0.0001,0.01,0.23,,-0.0016,-0.0163,0.0047,https://cdn.cboe.com/api/global/delayed_quotes/options/QQQ.json,0.0001,0.0,-506.944,-506.944,0.0,-5.06944e-07,-5.06944e-07
QQQ,QQQ260514P00580000,2026-05-14,4,put,580.0,1.0,0.0,0.5529,0.0001,0.0,0.24,,-0.0022,-0.0206,0.0063,https://cdn.cboe.com/api/global/delayed_quotes/options/QQQ.json,0.0001,0.0,-50.69440000000001,-50.69440000000001,0.0,-5.0694400000000006e-08,-5.0694400000000006e-08
QQQ,QQQ260514P00585000,2026-05-14,4,put,585.0,1.0,928.0,0.5405,0.0001,0.02,0.04,,-0.0024,-0.0222,0.007,https://cdn.cboe.com/api/global/delayed_quotes/options/QQQ.json,0.0001,0.0,-50.69440000000001,-50.69440000000001,0.0,-5.0694400000000006e-08,-5.0694400000000006e-08
QQQ,QQQ260514P00590000,2026-05-14,4,put,590.0,33.0,310.0,0.519,0.0002,0.02,0.04,,-0.0027,-0.0239,0.0077,https://cdn.cboe.com/api/global/delayed_quotes/options/QQQ.json,0.0002,0.0,-3345.8304000000003,-3345.8304000000003,0.0,-3.3458304000000004e-06,-3.3458304000000004e-06
QQQ,QQQ260514P00595000,2026-05-14,4,put,595.0,37.0,0.0,0.5049,0.0002,0.0,0.25,,-0.003,-0.0256,0.0085,https://cdn.cboe.com/api/global/delayed_quotes/options/QQQ.json,0.0002,0.0,-3751.3856,-3751.3856,0.0,-3.7513856e-06,-3.7513856e-06
QQQ,QQQ260514C00600000,2026-05-14,4,call,600.0,2.0,2.0,0.6294,0.0002,109.91,113.98,,0.9966,-0.0275,0.0094,https://cdn.cboe.com/api/global/delayed_quotes/options/QQQ.json,0.0002,202.77760000000004,0.0,202.77760000000004,2.0277760000000002e-07,0.0,2.0277760000000002e-07
QQQ,QQQ260514P00600000,2026-05-14,4,put,600.0,60.0,225.0,0.4896,0.0002,0.03,0.05,,-0.0033,-0.0278,0.0095,https://cdn.cboe.com/api/global/delayed_quotes/options/QQQ.json,0.0002,0.0,-6083.3279999999995,-6083.3279999999995,0.0,-6.083328e-06,-6.083328e-06
QQQ,QQQ260514C00605000,2026-05-14,4,call,605.0,37.0,37.0,0.6021,0.0002,104.91,108.93,,0.9962,-0.0295,0.0104,https://cdn.cboe.com/api/global/delayed_quotes/options/QQQ.json,0.0002,3751.3856,0.0,3751.3856,3.7513856e-06,0.0,3.7513856e-06
QQQ,QQQ260514P00605000,2026-05-14,4,put,605.0,120.0,113.0,0.468,0.0002,0.03,0.25,,-0.0037,-0.0295,0.0104,https://cdn.cboe.com/api/global/delayed_quotes/options/QQQ.json,0.0002,0.0,-12166.655999999999,-12166.655999999999,0.0,-1.2166656e-05,-1.2166656e-05
QQQ,QQQ260514C00610000,2026-05-14,4,call,610.0,1.0,1.0,0.5776,0.0003,99.92,103.96,,0.9958,-0.0317,0.0115,https://cdn.cboe.com/api/global/delayed_quotes/options/QQQ.json,0.0003,152.0832,0.0,152.0832,1.520832e-07,0.0,1.520832e-07
QQQ,QQQ260514P00610000,2026-05-14,4,put,610.0,83.0,118.0,0.4566,0.0003,0.04,0.06,,-0.0042,-0.0319,0.0116,https://cdn.cboe.com/api/global/delayed_quotes/options/QQQ.json,0.0003,0.0,-12622.905599999998,-12622.905599999998,0.0,-1.2622905599999999e-05,-1.2622905599999999e-05
QQQ,QQQ260514P00615000,2026-05-14,4,put,615.0,46.0,6.0,0.435,0.0003,0.04,0.26,,-0.0046,-0.0341,0.0128,https://cdn.cboe.com/api/global/delayed_quotes/options/QQQ.json,0.0003,0.0,-6995.8272,-6995.8272,0.0,-6.9958271999999996e-06,-6.9958271999999996e-06
QQQ,QQQ260514C00620000,2026-05-14,4,call,620.0,14.0,0.0,0.5283,0.0004,89.94,93.96,,0.9948,-0.0364,0.0142,https://cdn.cboe.com/api/global/delayed_quotes/options/QQQ.json,0.0004,2838.8863999999994,0.0,2838.8863999999994,2.8388863999999994e-06,0.0,2.8388863999999994e-06
QQQ,QQQ260514P00620000,2026-05-14,4,put,620.0,976.0,0.0,0.4172,0.0004,0.0,0.27,,-0.0052,-0.0367,0.0142,https://cdn.cboe.com/api/global/delayed_quotes/options/QQQ.json,0.0004,0.0,-197910.93759999998,-197910.93759999998,0.0,-0.00019791093759999998,-0.00019791093759999998
QQQ,QQQ260514C00625000,2026-05-14,4,call,625.0,6.0,0.0,0.5013,0.0004,84.94,89.0,,0.9941,-0.039,0.0158,https://cdn.cboe.com/api/global/delayed_quotes/options/QQQ.json,0.0004,1216.6656,0.0,1216.6656,1.2166656e-06,0.0,1.2166656e-06
QQQ,QQQ260514P00625000,2026-05-14,4,put,625.0,229.0,27.0,0.4026,0.0004,0.05,0.08,,-0.0058,-0.0391,0.0158,https://cdn.cboe.com/api/global/delayed_quotes/options/QQQ.json,0.0004,0.0,-46436.070400000004,-46436.070400000004,0.0,-4.6436070400000005e-05,-4.6436070400000005e-05
QQQ,QQQ260514C00626000,2026-05-14,4,call,626.0,4.0,0.0,0.497,0.0005,83.94,88.0,,0.994,-0.0396,0.0161,https://cdn.cboe.com/api/global/delayed_quotes/options/QQQ.json,0.0005,1013.888,0.0,1013.888,1.013888e-06,0.0,1.013888e-06
QQQ,QQQ260514P00626000,2026-05-14,4,put,626.0,62.0,0.0,0.3984,0.0005,0.0,0.77,,-0.006,-0.0397,0.0162,https://cdn.cboe.com/api/global/delayed_quotes/options/QQQ.json,0.0005,0.0,-15715.264000000001,-15715.264000000001,0.0,-1.5715264e-05,-1.5715264e-05
QQQ,QQQ260514P00627000,2026-05-14,4,put,627.0,230.0,17.0,0.3939,0.0005,0.05,0.28,,-0.0061,-0.0403,0.0165,https://cdn.cboe.com/api/global/delayed_quotes/options/QQQ.json,0.0005,0.0,-58298.56,-58298.56,0.0,-5.8298559999999995e-05,-5.8298559999999995e-05
QQQ,QQQ260514P00628000,2026-05-14,4,put,628.0,117.0,9.0,0.3925,0.0005,0.0,0.08,,-0.0063,-0.0408,0.0168,https://cdn.cboe.com/api/global/delayed_quotes/options/QQQ.json,0.0005,0.0,-29656.224000000006,-29656.224000000006,0.0,-2.9656224000000005e-05,-2.9656224000000005e-05
QQQ,QQQ260514P00629000,2026-05-14,4,put,629.0,47.0,113.0,0.3885,0.0005,0.06,0.28,,-0.0064,-0.0414,0.0172,https://cdn.cboe.com/api/global/delayed_quotes/options/QQQ.json,0.0005,0.0,-11913.184000000001,-11913.184000000001,0.0,-1.1913184000000001e-05,-1.1913184000000001e-05
QQQ,QQQ260514C00630000,2026-05-14,4,call,630.0,19.0,1.0,0.4775,0.0005,79.96,84.0,,0.9934,-0.042,0.0176,https://cdn.cboe.com/api/global/delayed_quotes/options/QQQ.json,0.0005,4815.968,0.0,4815.968,4.815968e-06,0.0,4.815968e-06
QQQ,QQQ260514P00630000,2026-05-14,4,put,630.0,437.0,24.0,0.3838,0.0005,0.06,2.71,,-0.0066,-0.042,0.0176,https://cdn.cboe.com/api/global/delayed_quotes/options/QQQ.json,0.0005,0.0,-110767.26400000001,-110767.26400000001,0.0,-0.00011076726400000001,-0.00011076726400000001
QQQ,QQQ260514C00631000,2026-05-14,4,call,631.0,1.0,0.0,0.4721,0.0005,78.95,83.0,,0.9932,-0.0426,0.018,https://cdn.cboe.com/api/global/delayed_quotes/options/QQQ.json,0.0005,253.472,0.0,253.472,2.53472e-07,0.0,2.53472e-07
QQQ,QQQ260514P00631000,2026-05-14,4,put,631.0,89.0,5.0,0.3791,0.0005,0.06,0.08,,-0.0068,-0.0426,0.018,https://cdn.cboe.com/api/global/delayed_quotes/options/QQQ.json,0.0005,0.0,-22559.008,-22559.008,0.0,-2.2559008e-05,-2.2559008e-05
QQQ,QQQ260514C00632000,2026-05-14,4,call,632.0,1.0,0.0,0.4667,0.0006,77.95,82.0,,0.993,-0.0433,0.0184,https://cdn.cboe.com/api/global/delayed_quotes/options/QQQ.json,0.0006,304.1664,0.0,304.1664,3.041664e-07,0.0,3.041664e-07
QQQ,QQQ260514P00632000,2026-05-14,4,put,632.0,594.0,3.0,0.3777,0.0006,0.0,0.1,,-0.0069,-0.0433,0.0184,https://cdn.cboe.com/api/global/delayed_quotes/options/QQQ.json,0.0006,0.0,-180674.8416,-180674.8416,0.0,-0.0001806748416,-0.0001806748416
QQQ,QQQ260514P00633000,2026-05-14,4,put,633.0,359.0,0.0,0.3736,0.0006,0.0,0.29,,-0.0071,-0.0439,0.0188,https://cdn.cboe.com/api/global/delayed_quotes/options/QQQ.json,0.0006,0.0,-109195.7376,-109195.7376,0.0,-0.0001091957376,-0.0001091957376
QQQ,QQQ260514P00634000,2026-05-14,4,put,634.0,183.0,4.0,0.3687,0.0006,0.06,0.09,,-0.0074,-0.0449,0.0194,https://cdn.cboe.com/api/global/delayed_quotes/options/QQQ.json,0.0006,0.0,-55662.451199999996,-55662.451199999996,0.0,-5.5662451199999994e-05,-5.5662451199999994e-05
QQQ,QQQ260514P00635000,2026-05-14,4,put,635.0,188.0,5.0,0.367,0.0006,0.0,0.09,,-0.0075,-0.0453,0.0198,https://cdn.cboe.com/api/global/delayed_quotes/options/QQQ.json,0.0006,0.0,-57183.28319999998,-57183.28319999998,0.0,-5.718328319999998e-05,-5.718328319999998e-05
QQQ,QQQ260514P00636000,2026-05-14,4,put,636.0,65.0,0.0,0.3627,0.0006,0.0,0.24,,-0.0077,-0.046,0.0202,https://cdn.cboe.com/api/global/delayed_quotes/options/QQQ.json,0.0006,0.0,-19770.816,-19770.816,0.0,-1.9770815999999998e-05,-1.9770815999999998e-05
QQQ,QQQ260514P00637000,2026-05-14,4,put,637.0,166.0,55.0,0.3581,0.0007,0.07,0.3,,-0.008,-0.047,0.0208,https://cdn.cboe.com/api/global/delayed_quotes/options/QQQ.json,0.0007,0.0,-58906.892799999994,-58906.892799999994,0.0,-5.8906892799999994e-05,-5.8906892799999994e-05
QQQ,QQQ260514P00638000,2026-05-14,4,put,638.0,164.0,6.0,0.3563,0.0007,0.07,0.1,,-0.0081,-0.0475,0.0213,https://cdn.cboe.com/api/global/delayed_quotes/options/QQQ.json,0.0007,0.0,-58197.171200000004,-58197.171200000004,0.0,-5.81971712e-05,-5.81971712e-05
QQQ,QQQ260514P00639000,2026-05-14,4,put,639.0,112.0,10.0,0.354,0.0007,0.08,0.79,,-0.0084,-0.0483,0.0218,https://cdn.cboe.com/api/global/delayed_quotes/options/QQQ.json,0.0007,0.0,-39744.4096,-39744.4096,0.0,-3.97444096e-05,-3.97444096e-05
QQQ,QQQ260514C00640000,2026-05-14,4,call,640.0,15.0,1.0,0.4265,0.0007,69.97,74.0,,0.9913,-0.0491,0.0224,https://cdn.cboe.com/api/global/delayed_quotes/options/QQQ.json,0.0007,5322.912000000001,0.0,5322.912000000001,5.3229120000000015e-06,0.0,5.3229120000000015e-06
QQQ,QQQ260514P00640000,2026-05-14,4,put,640.0,213.0,14.0,0.3494,0.0007,0.08,0.1,,-0.0086,-0.0491,0.0224,https://cdn.cboe.com/api/global/delayed_quotes/options/QQQ.json,0.0007,0.0,-75585.3504,-75585.3504,0.0,-7.558535039999999e-05,-7.558535039999999e-05
QQQ,QQQ260514P00641000,2026-05-14,4,put,641.0,268.0,10.0,0.3451,0.0008,0.0,0.3,,-0.0088,-0.0499,0.0229,https://cdn.cboe.com/api/global/delayed_quotes/options/QQQ.json,0.0008,0.0,-108688.79360000002,-108688.79360000002,0.0,-0.00010868879360000002,-0.00010868879360000002
QQQ,QQQ260514P00642000,2026-05-14,4,put,642.0,87.0,39.0,0.3404,0.0008,0.08,0.31,,-0.0092,-0.0511,0.0237,https://cdn.cboe.com/api/global/delayed_quotes/options/QQQ.json,0.0008,0.0,-35283.3024,-35283.3024,0.0,-3.52833024e-05,-3.52833024e-05
QQQ,QQQ260514P00643000,2026-05-14,4,put,643.0,27.0,100.0,0.3383,0.0008,0.0,0.8,,-0.0094,-0.0517,0.0242,https://cdn.cboe.com/api/global/delayed_quotes/options/QQQ.json,0.0008,0.0,-10949.9904,-10949.9904,0.0,-1.0949990400000001e-05,-1.0949990400000001e-05
QQQ,QQQ260514C00644000,2026-05-14,4,call,644.0,4.0,0.0,0.4067,0.0008,65.98,70.0,,0.9902,-0.0527,0.0249,https://cdn.cboe.com/api/global/delayed_quotes/options/QQQ.json,0.0008,1622.2208000000003,0.0,1622.2208000000003,1.6222208000000002e-06,0.0,1.6222208000000002e-06
QQQ,QQQ260514P00644000,2026-05-14,4,put,644.0,76.0,10.0,0.3356,0.0008,0.0,0.31,,-0.0097,-0.0528,0.0249,https://cdn.cboe.com/api/global/delayed_quotes/options/QQQ.json,0.0008,0.0,-30822.195200000002,-30822.195200000002,0.0,-3.08221952e-05,-3.08221952e-05
QQQ,QQQ260514C00645000,2026-05-14,4,call,645.0,26.0,0.0,0.4022,0.0009,64.98,69.0,,0.9899,-0.0537,0.0256,https://cdn.cboe.com/api/global/delayed_quotes/options/QQQ.json,0.0009,11862.489599999999,0.0,11862.489599999999,1.1862489599999998e-05,0.0,1.1862489599999998e-05
QQQ,QQQ260514P00645000,2026-05-14,4,put,645.0,1409.0,90.0,0.3313,0.0009,0.09,0.31,,-0.01,-0.0537,0.0255,https://cdn.cboe.com/api/global/delayed_quotes/options/QQQ.json,0.0009,0.0,-642855.6864,-642855.6864,0.0,-0.0006428556864,-0.0006428556864
QQQ,QQQ260514P00646000,2026-05-14,4,put,646.0,99.0,1.0,0.3266,0.0009,0.09,0.81,,-0.0104,-0.0551,0.0264,https://cdn.cboe.com/api/global/delayed_quotes/options/QQQ.json,0.0009,0.0,-45168.7104,-45168.7104,0.0,-4.51687104e-05,-4.51687104e-05
QQQ,QQQ260514P00647000,2026-05-14,4,put,647.0,443.0,6.0,0.3241,0.001,0.09,0.32,,-0.0107,-0.0562,0.0271,https://cdn.cboe.com/api/global/delayed_quotes/options/QQQ.json,0.001,0.0,-224576.192,-224576.192,0.0,-0.000224576192,-0.000224576192
QQQ,QQQ260514P00648000,2026-05-14,4,put,648.0,214.0,22.0,0.3211,0.001,0.1,0.12,,-0.011,-0.0571,0.0279,https://cdn.cboe.com/api/global/delayed_quotes/options/QQQ.json,0.001,0.0,-108486.016,-108486.016,0.0,-0.00010848601600000001,-0.00010848601600000001
QQQ,QQQ260514C00649000,2026-05-14,4,call,649.0,1.0,0.0,0.383,0.001,61.0,65.0,,0.9885,-0.0583,0.0287,https://cdn.cboe.com/api/global/delayed_quotes/options/QQQ.json,0.001,506.944,0.0,506.944,5.06944e-07,0.0,5.06944e-07
QQQ,QQQ260514P00649000,2026-05-14,4,put,649.0,117.0,12.0,0.3165,0.001,0.0,0.32,,-0.0114,-0.0583,0.0287,https://cdn.cboe.com/api/global/delayed_quotes/options/QQQ.json,0.001,0.0,-59312.44800000001,-59312.44800000001,0.0,-5.931244800000001e-05,-5.931244800000001e-05
QQQ,QQQ260514C00650000,2026-05-14,4,call,650.0,16.0,13.0,0.3775,0.0011,60.0,64.0,,0.9881,-0.0596,0.0296,https://cdn.cboe.com/api/global/delayed_quotes/options/QQQ.json,0.0011,8922.2144,0.0,8922.2144,8.9222144e-06,0.0,8.9222144e-06
QQQ,QQQ260514P00650000,2026-05-14,4,put,650.0,765.0,2813.0,0.3139,0.0011,0.0,0.13,,-0.0119,-0.0599,0.0297,https://cdn.cboe.com/api/global/delayed_quotes/options/QQQ.json,0.0011,0.0,-426593.37600000005,-426593.37600000005,0.0,-0.00042659337600000003,-0.00042659337600000003
QQQ,QQQ260514C00651000,2026-05-14,4,call,651.0,1.0,0.0,0.3737,0.0011,59.01,63.0,,0.9877,-0.061,0.0305,https://cdn.cboe.com/api/global/delayed_quotes/options/QQQ.json,0.0011,557.6384,0.0,557.6384,5.576384e-07,0.0,5.576384e-07
QQQ,QQQ260514P00651000,2026-05-14,4,put,651.0,134.0,692.0,0.3108,0.0011,0.0,0.13,,-0.0123,-0.061,0.0305,https://cdn.cboe.com/api/global/delayed_quotes/options/QQQ.json,0.0011,0.0,-74723.54560000001,-74723.54560000001,0.0,-7.472354560000002e-05,-7.472354560000002e-05
QQQ,QQQ260514C00652000,2026-05-14,4,call,652.0,1.0,0.0,0.3682,0.0012,58.01,62.0,,0.9872,-0.0625,0.0315,https://cdn.cboe.com/api/global/delayed_quotes/options/QQQ.json,0.0012,608.3328,0.0,608.3328,6.083328e-07,0.0,6.083328e-07
QQQ,QQQ260514P00652000,2026-05-14,4,put,652.0,315.0,132.0,0.306,0.0012,0.11,0.33,,-0.0127,-0.0626,0.0316,https://cdn.cboe.com/api/global/delayed_quotes/options/QQQ.json,0.0012,0.0,-191624.832,-191624.832,0.0,-0.000191624832,-0.000191624832
QQQ,QQQ260514P00653000,2026-05-14,4,put,653.0,91.0,287.0,0.3033,0.0012,0.09,0.34,,-0.0132,-0.0641,0.0326,https://cdn.cboe.com/api/global/delayed_quotes/options/QQQ.json,0.0012,0.0,-55358.284799999994,-55358.284799999994,0.0,-5.53582848e-05,-5.53582848e-05
QQQ,QQQ260514P00654000,2026-05-14,4,put,654.0,116.0,5.0,0.3004,0.0013,0.11,0.34,,-0.0137,-0.0657,0.0337,https://cdn.cboe.com/api/global/delayed_quotes/options/QQQ.json,0.0013,0.0,-76447.1552,-76447.1552,0.0,-7.64471552e-05,-7.64471552e-05
QQQ,QQQ260514C00655000,2026-05-14,4,call,655.0,129.0,14.0,0.3541,0.0013,55.02,58.68,,0.9856,-0.0675,0.0349,https://cdn.cboe.com/api/global/delayed_quotes/options/QQQ.json,0.0013,85014.5088,0.0,85014.5088,8.50145088e-05,0.0,8.50145088e-05
QQQ,QQQ260514P00655000,2026-05-14,4,put,655.0,362.0,47.0,0.297,0.0013,0.12,0.15,,-0.0144,-0.0679,0.035,https://cdn.cboe.com/api/global/delayed_quotes/options/QQQ.json,0.0013,0.0,-238567.84639999998,-238567.84639999998,0.0,-0.00023856784639999997,-0.00023856784639999997
QQQ,QQQ260514P00656000,2026-05-14,4,put,656.0,18.0,148.0,0.294,0.0014,0.0,0.35,,-0.0149,-0.0695,0.0362,https://cdn.cboe.com/api/global/delayed_quotes/options/QQQ.json,0.0014,0.0,-12774.988800000001,-12774.988800000001,0.0,-1.27749888e-05,-1.27749888e-05
QQQ,QQQ260514C00657000,2026-05-14,4,call,657.0,6.0,0.0,0.3446,0.0015,53.03,56.69,,0.9844,-0.0715,0.0376,https://cdn.cboe.com/api/global/delayed_quotes/options/QQQ.json,0.0015,4562.496000000001,0.0,4562.496000000001,4.562496000000001e-06,0.0,4.562496000000001e-06
QQQ,QQQ260514P00657000,2026-05-14,4,put,657.0,633.0,223.0,0.2904,0.0015,0.13,0.36,,-0.0156,-0.0717,0.0376,https://cdn.cboe.com/api/global/delayed_quotes/options/QQQ.json,0.0015,0.0,-481343.32800000004,-481343.32800000004,0.0,-0.00048134332800000006,-0.00048134332800000006
QQQ,QQQ260514C00658000,2026-05-14,4,call,658.0,5.0,1.0,0.3398,0.0015,52.04,55.7,,0.9837,-0.0737,0.039,https://cdn.cboe.com/api/global/delayed_quotes/options/QQQ.json,0.0015,3802.08,0.0,3802.08,3.80208e-06,0.0,3.80208e-06
QQQ,QQQ260514P00658000,2026-05-14,4,put,658.0,73.0,27.0,0.2868,0.0016,0.0,0.36,,-0.0163,-0.0738,0.0391,https://cdn.cboe.com/api/global/delayed_quotes/options/QQQ.json,0.0016,0.0,-59211.0592,-59211.0592,0.0,-5.9211059200000004e-05,-5.9211059200000004e-05
QQQ,QQQ260514P00659000,2026-05-14,4,put,659.0,120.0,41.0,0.2835,0.0016,0.0,0.37,,-0.0171,-0.0765,0.0407,https://cdn.cboe.com/api/global/delayed_quotes/options/QQQ.json,0.0016,0.0,-97333.24799999999,-97333.24799999999,0.0,-9.7333248e-05,-9.7333248e-05
QQQ,QQQ260514C00660000,2026-05-14,4,call,660.0,83.0,9.0,0.3328,0.0017,50.08,53.71,,0.9821,-0.0786,0.0422,https://cdn.cboe.com/api/global/delayed_quotes/options/QQQ.json,0.0017,71529.7984,0.0,71529.7984,7.15297984e-05,0.0,7.15297984e-05
QQQ,QQQ260514P00660000,2026-05-14,4,put,660.0,291.0,137.0,0.2798,0.0017,0.0,0.38,,-0.0179,-0.0787,0.0422,https://cdn.cboe.com/api/global/delayed_quotes/options/QQQ.json,0.0017,0.0,-250785.1968,-250785.1968,0.0,-0.0002507851968,-0.0002507851968
QQQ,QQQ260514P00661000,2026-05-14,4,put,661.0,290.0,237.0,0.2763,0.0018,0.15,0.18,,-0.0188,-0.0819,0.0442,https://cdn.cboe.com/api/global/delayed_quotes/options/QQQ.json,0.0018,0.0,-264624.76800000004,-264624.76800000004,0.0,-0.00026462476800000005,-0.00026462476800000005
QQQ,QQQ260514C00662000,2026-05-14,4,call,662.0,14.0,0.0,0.323,0.0019,48.09,51.73,,0.9802,-0.0844,0.0459,https://cdn.cboe.com/api/global/delayed_quotes/options/QQQ.json,0.0019,13484.710399999998,0.0,13484.710399999998,1.3484710399999999e-05,0.0,1.3484710399999999e-05
QQQ,QQQ260514P00662000,2026-05-14,4,put,662.0,152.0,6.0,0.2737,0.0019,0.16,0.19,,-0.0197,-0.0845,0.0459,https://cdn.cboe.com/api/global/delayed_quotes/options/QQQ.json,0.0019,0.0,-146405.4272,-146405.4272,0.0,-0.00014640542720000002,-0.00014640542720000002
QQQ,QQQ260514P00663000,2026-05-14,4,put,663.0,163.0,321.0,0.2711,0.002,0.17,0.2,,-0.0208,-0.0877,0.048,https://cdn.cboe.com/api/global/delayed_quotes/options/QQQ.json,0.002,0.0,-165263.744,-165263.744,0.0,-0.000165263744,-0.000165263744
QQQ,QQQ260514C00664000,2026-05-14,4,call,664.0,38.0,2.0,0.3142,0.0021,46.11,49.75,,0.978,-0.0911,0.0502,https://cdn.cboe.com/api/global/delayed_quotes/options/QQQ.json,0.0021,40454.131199999996,0.0,40454.131199999996,4.04541312e-05,0.0,4.04541312e-05
QQQ,QQQ260514P00664000,2026-05-14,4,put,664.0,113.0,168.0,0.2685,0.0021,0.0,0.21,,-0.022,-0.0916,0.0504,https://cdn.cboe.com/api/global/delayed_quotes/options/QQQ.json,0.0021,0.0,-120297.8112,-120297.8112,0.0,-0.0001202978112,-0.0001202978112
QQQ,QQQ260514C00665000,2026-05-14,4,call,665.0,277.0,15.0,0.3068,0.0022,45.07,48.76,,0.9768,-0.0948,0.0526,https://cdn.cboe.com/api/global/delayed_quotes/options/QQQ.json,0.0022,308931.67360000004,0.0,308931.67360000004,0.0003089316736,0.0,0.0003089316736
QQQ,QQQ260514P00665000,2026-05-14,4,put,665.0,677.0,278.0,0.2654,0.0022,0.19,0.22,,-0.0232,-0.0949,0.0526,https://cdn.cboe.com/api/global/delayed_quotes/options/QQQ.json,0.0022,0.0,-755042.3936,-755042.3936,0.0,-0.0007550423936,-0.0007550423936
QQQ,QQQ260514C00666000,2026-05-14,4,call,666.0,6.0,5.0,0.3053,0.0024,44.13,47.77,,0.9754,-0.0989,0.0551,https://cdn.cboe.com/api/global/delayed_quotes/options/QQQ.json,0.0024,7299.9936,0.0,7299.9936,7.2999936e-06,0.0,7.2999936e-06
QQQ,QQQ260514P00666000,2026-05-14,4,put,666.0,314.0,364.0,0.2624,0.0024,0.2,0.23,,-0.0245,-0.099,0.0552,https://cdn.cboe.com/api/global/delayed_quotes/options/QQQ.json,0.0024,0.0,-382032.9984,-382032.9984,0.0,-0.00038203299839999997,-0.00038203299839999997
QQQ,QQQ260514C00667000,2026-05-14,4,call,667.0,4.0,0.0,0.3014,0.0025,43.14,46.78,,0.974,-0.1033,0.0578,https://cdn.cboe.com/api/global/delayed_quotes/options/QQQ.json,0.0025,5069.4400000000005,0.0,5069.4400000000005,5.06944e-06,0.0,5.06944e-06
QQQ,QQQ260514P00667000,2026-05-14,4,put,667.0,732.0,63.0,0.2592,0.0025,0.21,0.43,,-0.026,-0.1034,0.0579,https://cdn.cboe.com/api/global/delayed_quotes/options/QQQ.json,0.0025,0.0,-927707.52,-927707.52,0.0,-0.00092770752,-0.00092770752
QQQ,QQQ260514C00668000,2026-05-14,4,call,668.0,43.0,3.0,0.2729,0.0027,41.77,45.8,,0.9724,-0.108,0.0607,https://cdn.cboe.com/api/global/delayed_quotes/options/QQQ.json,0.0027,58856.19840000001,0.0,58856.19840000001,5.885619840000001e-05,0.0,5.885619840000001e-05
QQQ,QQQ260514P00668000,2026-05-14,4,put,668.0,821.0,151.0,0.2577,0.0027,0.23,0.26,,-0.0276,-0.1081,0.0608,https://cdn.cboe.com/api/global/delayed_quotes/options/QQQ.json,0.0027,0.0,-1123742.7648000002,-1123742.7648000002,0.0,-0.0011237427648000003,-0.0011237427648000003
QQQ,QQQ260514C00669000,2026-05-14,4,call,669.0,59.0,3.0,0.2736,0.0028,40.84,44.82,,0.9706,-0.1131,0.0638,https://cdn.cboe.com/api/global/delayed_quotes/options/QQQ.json,0.0028,83747.1488,0.0,83747.1488,8.37471488e-05,0.0,8.37471488e-05
QQQ,QQQ260514P00669000,2026-05-14,4,put,669.0,343.0,79.0,0.2543,0.0029,0.24,0.46,,-0.0294,-0.1132,0.0639,https://cdn.cboe.com/api/global/delayed_quotes/options/QQQ.json,0.0029,0.0,-504257.19680000003,-504257.19680000003,0.0,-0.0005042571968,-0.0005042571968
QQQ,QQQ260514C00670000,2026-05-14,4,call,670.0,209.0,2.0,0.2701,0.003,39.85,43.83,,0.9687,-0.1186,0.0672,https://cdn.cboe.com/api/global/delayed_quotes/options/QQQ.json,0.003,317853.88800000004,0.0,317853.88800000004,0.000317853888,0.0,0.000317853888
QQQ,QQQ260514P00670000,2026-05-14,4,put,670.0,888.0,262.0,0.2524,0.003,0.26,0.48,,-0.0312,-0.1187,0.0673,https://cdn.cboe.com/api/global/delayed_quotes/options/QQQ.json,0.003,0.0,-1350498.8160000003,-1350498.8160000003,0.0,-0.0013504988160000003,-0.0013504988160000003
QQQ,QQQ260514C00671000,2026-05-14,4,call,671.0,74.0,0.0,0.2645,0.0032,38.84,42.85,,0.9666,-0.1245,0.0709,https://cdn.cboe.com/api/global/delayed_quotes/options/QQQ.json,0.0032,120044.3392,0.0,120044.3392,0.0001200443392,0.0,0.0001200443392
QQQ,QQQ260514P00671000,2026-05-14,4,put,671.0,284.0,129.0,0.2502,0.0032,0.28,0.31,,-0.0333,-0.1246,0.0709,https://cdn.cboe.com/api/global/delayed_quotes/options/QQQ.json,0.0032,0.0,-460710.70720000006,-460710.70720000006,0.0,-0.0004607107072000001,-0.0004607107072000001
QQQ,QQQ260514C00672000,2026-05-14,4,call,672.0,105.0,0.0,0.2519,0.0034,37.7,41.87,,0.9644,-0.1308,0.0748,https://cdn.cboe.com/api/global/delayed_quotes/options/QQQ.json,0.0034,180979.00799999997,0.0,180979.00799999997,0.00018097900799999997,0.0,0.00018097900799999997
QQQ,QQQ260514P00672000,2026-05-14,4,put,672.0,246.0,226.0,0.2478,0.0034,0.11,0.52,,-0.0356,-0.131,0.0748,https://cdn.cboe.com/api/global/delayed_quotes/options/QQQ.json,0.0034,0.0,-424007.9616,-424007.9616,0.0,-0.0004240079616,-0.0004240079616
QQQ,QQQ260514C00673000,2026-05-14,4,call,673.0,197.0,0.0,0.2593,0.0037,36.89,40.89,,0.9619,-0.1376,0.0789,https://cdn.cboe.com/api/global/delayed_quotes/options/QQQ.json,0.0037,369511.48160000006,0.0,369511.48160000006,0.00036951148160000005,0.0,0.00036951148160000005
QQQ,QQQ260514P00673000,2026-05-14,4,put,673.0,409.0,123.0,0.2452,0.0037,0.14,0.35,,-0.0381,-0.1378,0.079,https://cdn.cboe.com/api/global/delayed_quotes/options/QQQ.json,0.0037,0.0,-767158.3552000001,-767158.3552000001,0.0,-0.0007671583552000002,-0.0007671583552000002
QQQ,QQQ260514C00674000,2026-05-14,4,call,674.0,101.0,3.0,0.2496,0.0039,35.8,39.92,,0.9592,-0.145,0.0833,https://cdn.cboe.com/api/global/delayed_quotes/options/QQQ.json,0.0039,199685.2416,0.0,199685.2416,0.0001996852416,0.0,0.0001996852416
QQQ,QQQ260514P00674000,2026-05-14,4,put,674.0,209.0,94.0,0.2437,0.0039,0.16,0.38,,-0.0408,-0.1452,0.0833,https://cdn.cboe.com/api/global/delayed_quotes/options/QQQ.json,0.0039,0.0,-413210.05439999996,-413210.05439999996,0.0,-0.0004132100544,-0.0004132100544
QQQ,QQQ260514C00675000,2026-05-14,4,call,675.0,230.0,1.0,0.2502,0.0042,34.89,38.95,,0.9563,-0.1528,0.0879,https://cdn.cboe.com/api/global/delayed_quotes/options/QQQ.json,0.0042,489707.904,0.0,489707.904,0.000489707904,0.0,0.000489707904
QQQ,QQQ260514P00675000,2026-05-14,4,put,675.0,1171.0,204.0,0.2407,0.0042,0.37,0.59,,-0.0437,-0.153,0.088,https://cdn.cboe.com/api/global/delayed_quotes/options/QQQ.json,0.0042,0.0,-2493251.9808,-2493251.9808,0.0,-0.0024932519808,-0.0024932519808
QQQ,QQQ260514C00676000,2026-05-14,4,call,676.0,152.0,3.0,0.2521,0.0045,34.0,37.98,,0.9531,-0.1612,0.093,https://cdn.cboe.com/api/global/delayed_quotes/options/QQQ.json,0.0045,346749.69599999994,0.0,346749.69599999994,0.0003467496959999999,0.0,0.0003467496959999999
QQQ,QQQ260514P00676000,2026-05-14,4,put,676.0,207.0,61.0,0.2387,0.0045,0.4,0.63,,-0.0469,-0.1614,0.093,https://cdn.cboe.com/api/global/delayed_quotes/options/QQQ.json,0.0045,0.0,-472218.33599999995,-472218.33599999995,0.0,-0.00047221833599999996,-0.00047221833599999996
QQQ,QQQ260514C00677000,2026-05-14,4,call,677.0,86.0,2.0,0.235,0.0048,34.3,35.47,,0.9497,-0.1701,0.0984,https://cdn.cboe.com/api/global/delayed_quotes/options/QQQ.json,0.0048,209266.48319999996,0.0,209266.48319999996,0.00020926648319999995,0.0,0.00020926648319999995
QQQ,QQQ260514P00677000,2026-05-14,4,put,677.0,548.0,196.0,0.2369,0.0048,0.44,0.66,,-0.0503,-0.1703,0.0985,https://cdn.cboe.com/api/global/delayed_quotes/options/QQQ.json,0.0048,0.0,-1333465.4976,-1333465.4976,0.0,-0.0013334654975999999,-0.0013334654975999999
QQQ,QQQ260514C00678000,2026-05-14,4,call,678.0,112.0,1.0,0.233,0.0051,33.33,34.51,,0.9459,-0.1796,0.104,https://cdn.cboe.com/api/global/delayed_quotes/options/QQQ.json,0.0051,289566.4128,0.0,289566.4128,0.00028956641279999996,0.0,0.00028956641279999996
QQQ,QQQ260514P00678000,2026-05-14,4,put,678.0,265.0,139.0,0.2349,0.0051,0.47,0.7,,-0.0541,-0.1798,0.1042,https://cdn.cboe.com/api/global/delayed_quotes/options/QQQ.json,0.0051,0.0,-685134.8160000001,-685134.8160000001,0.0,-0.0006851348160000001,-0.0006851348160000001
QQQ,QQQ260514C00679000,2026-05-14,4,call,679.0,55.0,1.0,0.268,0.0054,31.81,35.03,,0.9418,-0.1897,0.11,https://cdn.cboe.com/api/global/delayed_quotes/options/QQQ.json,0.0054,150562.36800000002,0.0,150562.36800000002,0.00015056236800000002,0.0,0.00015056236800000002
QQQ,QQQ260514P00679000,2026-05-14,4,put,679.0,241.0,119.0,0.233,0.0054,0.5,0.55,,-0.0582,-0.19,0.1101,https://cdn.cboe.com/api/global/delayed_quotes/options/QQQ.json,0.0054,0.0,-659736.9216,-659736.9216,0.0,-0.0006597369216,-0.0006597369216
QQQ,QQQ260514C00680000,2026-05-14,4,call,680.0,309.0,9.0,0.1956,0.0058,31.38,32.67,,0.9374,-0.2004,0.1163,https://cdn.cboe.com/api/global/delayed_quotes/options/QQQ.json,0.0058,908545.0367999999,0.0,908545.0367999999,0.0009085450367999999,0.0,0.0009085450367999999
QQQ,QQQ260514P00680000,2026-05-14,4,put,680.0,903.0,328.0,0.2309,0.0058,0.45,0.78,,-0.0626,-0.2007,0.1164,https://cdn.cboe.com/api/global/delayed_quotes/options/QQQ.json,0.0058,0.0,-2655068.5056000003,-2655068.5056000003,0.0,-0.0026550685056000002,-0.0026550685056000002
QQQ,QQQ260514C00681000,2026-05-14,4,call,681.0,145.0,8.0,0.2516,0.0062,30.41,31.61,,0.9326,-0.2116,0.123,https://cdn.cboe.com/api/global/delayed_quotes/options/QQQ.json,0.0062,455742.656,0.0,455742.656,0.000455742656,0.0,0.000455742656
QQQ,QQQ260514P00681000,2026-05-14,4,put,681.0,135.0,99.0,0.2293,0.0062,0.44,0.65,,-0.0674,-0.212,0.123,https://cdn.cboe.com/api/global/delayed_quotes/options/QQQ.json,0.0062,0.0,-424312.128,-424312.128,0.0,-0.000424312128,-0.000424312128
QQQ,QQQ260514C00682000,2026-05-14,4,call,682.0,227.0,3.0,0.2597,0.0066,28.96,32.45,,0.9275,-0.2235,0.1301,https://cdn.cboe.com/api/global/delayed_quotes/options/QQQ.json,0.0066,759503.5008,0.0,759503.5008,0.0007595035008,0.0,0.0007595035008
QQQ,QQQ260514P00682000,2026-05-14,4,put,682.0,235.0,234.0,0.2274,0.0066,0.65,0.88,,-0.0726,-0.2239,0.1302,https://cdn.cboe.com/api/global/delayed_quotes/options/QQQ.json,0.0066,0.0,-786270.144,-786270.144,0.0,-0.000786270144,-0.000786270144
QQQ,QQQ260514C00683000,2026-05-14,4,call,683.0,61.0,1.0,0.2564,0.007,28.01,31.5,,0.9219,-0.236,0.1375,https://cdn.cboe.com/api/global/delayed_quotes/options/QQQ.json,0.007,216465.088,0.0,216465.088,0.000216465088,0.0,0.000216465088
QQQ,QQQ260514P00683000,2026-05-14,4,put,683.0,203.0,120.0,0.226,0.0071,0.52,0.94,,-0.0782,-0.2365,0.1377,https://cdn.cboe.com/api/global/delayed_quotes/options/QQQ.json,0.0071,0.0,-730658.3872,-730658.3872,0.0,-0.0007306583872,-0.0007306583872
QQQ,QQQ260514C00684000,2026-05-14,4,call,684.0,79.0,3.0,0.2533,0.0075,27.07,30.75,,0.9158,-0.2492,0.1451,https://cdn.cboe.com/api/global/delayed_quotes/options/QQQ.json,0.0075,300364.32,0.0,300364.32,0.00030036432,0.0,0.00030036432
QQQ,QQQ260514P00684000,2026-05-14,4,put,684.0,187.0,234.0,0.2241,0.0075,0.58,1.0,,-0.0842,-0.2497,0.1453,https://cdn.cboe.com/api/global/delayed_quotes/options/QQQ.json,0.0075,0.0,-710988.96,-710988.96,0.0,-0.0007109889599999999,-0.0007109889599999999
QQQ,QQQ260514C00685000,2026-05-14,4,call,685.0,334.0,32.0,0.2185,0.008,26.63,27.86,,0.9094,-0.2629,0.1532,https://cdn.cboe.com/api/global/delayed_quotes/options/QQQ.json,0.008,1354554.3679999998,0.0,1354554.3679999998,0.0013545543679999998,0.0,0.0013545543679999998
QQQ,QQQ260514P00685000,2026-05-14,4,put,685.0,485.0,1535.0,0.222,0.008,0.84,0.85,,-0.0908,-0.2634,0.1533,https://cdn.cboe.com/api/global/delayed_quotes/options/QQQ.json,0.008,0.0,-1966942.72,-1966942.72,0.0,-0.00196694272,-0.00196694272
QQQ,QQQ260514C00686000,2026-05-14,4,call,686.0,109.0,2.0,0.2479,0.0085,25.22,28.85,,0.9024,-0.2771,0.1616,https://cdn.cboe.com/api/global/delayed_quotes/options/QQQ.json,0.0085,469683.61600000004,0.0,469683.61600000004,0.000469683616,0.0,0.000469683616
QQQ,QQQ260514P00686000,2026-05-14,4,put,686.0,129.0,177.0,0.2208,0.0085,0.72,1.11,,-0.0978,-0.2777,0.1618,https://cdn.cboe.com/api/global/delayed_quotes/options/QQQ.json,0.0085,0.0,-555864.096,-555864.096,0.0,-0.000555864096,-0.000555864096
QQQ,QQQ260514C00687000,2026-05-14,4,call,687.0,218.0,6.0,0.2445,0.0091,24.29,27.58,,0.8948,-0.2919,0.1704,https://cdn.cboe.com/api/global/delayed_quotes/options/QQQ.json,0.0091,1005675.5072,0.0,1005675.5072,0.0010056755072,0.0,0.0010056755072
QQQ,QQQ260514P00687000,2026-05-14,4,put,687.0,212.0,220.0,0.2192,0.0091,0.85,1.22,,-0.1053,-0.2926,0.1707,https://cdn.cboe.com/api/global/delayed_quotes/options/QQQ.json,0.0091,0.0,-977996.3648000001,-977996.3648000001,0.0,-0.0009779963648000002,-0.0009779963648000002
QQQ,QQQ260514C00688000,2026-05-14,4,call,688.0,114.0,40.0,0.2312,0.0096,23.93,25.65,,0.8868,-0.3072,0.1794,https://cdn.cboe.com/api/global/delayed_quotes/options/QQQ.json,0.0096,554799.5136,0.0,554799.5136,0.0005547995135999999,0.0,0.0005547995135999999
QQQ,QQQ260514P00688000,2026-05-14,4,put,688.0,198.0,370.0,0.2175,0.0096,1.06,1.33,,-0.1134,-0.308,0.1796,https://cdn.cboe.com/api/global/delayed_quotes/options/QQQ.json,0.0096,0.0,-963599.1551999999,-963599.1551999999,0.0,-0.0009635991552,-0.0009635991552
QQQ,QQQ260514C00689000,2026-05-14,4,call,689.0,168.0,27.0,0.2396,0.0102,22.49,25.79,,0.8782,-0.323,0.1886,https://cdn.cboe.com/api/global/delayed_quotes/options/QQQ.json,0.0102,868699.2384,0.0,868699.2384,0.0008686992384000001,0.0,0.0008686992384000001
QQQ,QQQ260514P00689000,2026-05-14,4,put,689.0,137.0,990.0,0.216,0.0102,1.0,1.43,,-0.122,-0.3238,0.1887,https://cdn.cboe.com/api/global/delayed_quotes/options/QQQ.json,0.0102,0.0,-708403.5456000001,-708403.5456000001,0.0,-0.0007084035456000001,-0.0007084035456000001
QQQ,QQQ260514C00690000,2026-05-14,4,call,690.0,685.0,70.0,0.217,0.0108,22.12,23.46,,0.8689,-0.3392,0.1982,https://cdn.cboe.com/api/global/delayed_quotes/options/QQQ.json,0.0108,3750371.7120000008,0.0,3750371.7120000008,0.003750371712000001,0.0,0.003750371712000001
QQQ,QQQ260514P00690000,2026-05-14,4,put,690.0,425.0,546.0,0.2146,0.0108,1.01,1.6,,-0.1313,-0.34,0.1983,https://cdn.cboe.com/api/global/delayed_quotes/options/QQQ.json,0.0108,0.0,-2326872.96,-2326872.96,0.0,-0.00232687296,-0.00232687296
QQQ,QQQ260514C00691000,2026-05-14,4,call,691.0,130.0,9.0,0.2468,0.0114,21.22,24.29,,0.8591,-0.3557,0.2081,https://cdn.cboe.com/api/global/delayed_quotes/options/QQQ.json,0.0114,751291.008,0.0,751291.008,0.000751291008,0.0,0.000751291008
QQQ,QQQ260514P00691000,2026-05-14,4,put,691.0,157.0,156.0,0.213,0.0115,1.13,1.62,,-0.1411,-0.3566,0.2085,https://cdn.cboe.com/api/global/delayed_quotes/options/QQQ.json,0.0115,0.0,-915287.3919999999,-915287.3919999999,0.0,-0.0009152873919999998,-0.0009152873919999998
QQQ,QQQ260514C00692000,2026-05-14,4,call,692.0,101.0,13.0,0.1954,0.0121,19.78,21.53,,0.8486,-0.3724,0.218,https://cdn.cboe.com/api/global/delayed_quotes/options/QQQ.json,0.0121,619536.2624,0.0,619536.2624,0.0006195362624,0.0,0.0006195362624
QQQ,QQQ260514P00692000,2026-05-14,4,put,692.0,265.0,298.0,0.2115,0.0121,1.28,1.82,,-0.1517,-0.3735,0.2183,https://cdn.cboe.com/api/global/delayed_quotes/options/QQQ.json,0.0121,0.0,-1625515.9360000002,-1625515.9360000002,0.0,-0.0016255159360000003,-0.0016255159360000003
QQQ,QQQ260514C00693000,2026-05-14,4,call,693.0,70.0,23.0,0.2051,0.0128,18.92,20.65,,0.8374,-0.3894,0.228,https://cdn.cboe.com/api/global/delayed_quotes/options/QQQ.json,0.0128,454221.8240000001,0.0,454221.8240000001,0.00045422182400000006,0.0,0.00045422182400000006
QQQ,QQQ260514P00693000,2026-05-14,4,put,693.0,216.0,404.0,0.21,0.0128,1.32,1.98,,-0.1629,-0.3906,0.2282,https://cdn.cboe.com/api/global/delayed_quotes/options/QQQ.json,0.0128,0.0,-1401598.7712,-1401598.7712,0.0,-0.0014015987712000001,-0.0014015987712000001
QQQ,QQQ260514C00694000,2026-05-14,4,call,694.0,177.0,36.0,0.1956,0.0134,18.07,19.62,,0.8256,-0.4065,0.2383,https://cdn.cboe.com/api/global/delayed_quotes/options/QQQ.json,0.0134,1202369.7792,0.0,1202369.7792,0.0012023697791999999,0.0,0.0012023697791999999
QQQ,QQQ260514P00694000,2026-05-14,4,put,694.0,362.0,1899.0,0.2085,0.0135,1.43,1.89,,-0.1748,-0.4078,0.2385,https://cdn.cboe.com/api/global/delayed_quotes/options/QQQ.json,0.0135,0.0,-2477435.3279999997,-2477435.3279999997,0.0,-0.0024774353279999996,-0.0024774353279999996
QQQ,QQQ260514C00695000,2026-05-14,4,call,695.0,721.0,167.0,0.1931,0.0142,17.19,18.96,,0.8131,-0.4235,0.2486,https://cdn.cboe.com/api/global/delayed_quotes/options/QQQ.json,0.0142,5190194.0608,0.0,5190194.0608,0.0051901940608,0.0,0.0051901940608
QQQ,QQQ260514P00695000,2026-05-14,4,put,695.0,622.0,953.0,0.2071,0.0142,1.92,2.29,,-0.1874,-0.4249,0.2491,https://cdn.cboe.com/api/global/delayed_quotes/options/QQQ.json,0.0142,0.0,-4477532.1856,-4477532.1856,0.0,-0.004477532185600001,-0.004477532185600001
QQQ,QQQ260514C00696000,2026-05-14,4,call,696.0,300.0,82.0,0.2238,0.0149,16.41,19.68,,0.7998,-0.4405,0.2588,https://cdn.cboe.com/api/global/delayed_quotes/options/QQQ.json,0.0149,2266039.68,0.0,2266039.68,0.00226603968,0.0,0.00226603968
QQQ,QQQ260514P00696000,2026-05-14,4,put,696.0,212.0,430.0,0.2057,0.0149,1.75,2.47,,-0.2007,-0.442,0.2592,https://cdn.cboe.com/api/global/delayed_quotes/options/QQQ.json,0.0149,0.0,-1601334.7072,-1601334.7072,0.0,-0.0016013347072,-0.0016013347072
QQQ,QQQ260514C00697000,2026-05-14,4,call,697.0,190.0,42.0,0.214,0.0156,16.15,17.85,,0.7858,-0.4572,0.269,https://cdn.cboe.com/api/global/delayed_quotes/options/QQQ.json,0.0156,1502582.016,0.0,1502582.016,0.001502582016,0.0,0.001502582016
QQQ,QQQ260514P00697000,2026-05-14,4,put,697.0,213.0,249.0,0.204,0.0156,2.23,2.65,,-0.2148,-0.4589,0.2692,https://cdn.cboe.com/api/global/delayed_quotes/options/QQQ.json,0.0156,0.0,-1684473.5232,-1684473.5232,0.0,-0.0016844735232,-0.0016844735232
QQQ,QQQ260514C00698000,2026-05-14,4,call,698.0,235.0,100.0,0.1928,0.0163,14.8,16.48,,0.771,-0.4735,0.2791,https://cdn.cboe.com/api/global/delayed_quotes/options/QQQ.json,0.0163,1941848.9919999999,0.0,1941848.9919999999,0.0019418489919999999,0.0,0.0019418489919999999
QQQ,QQQ260514P00698000,2026-05-14,4,put,698.0,240.0,454.0,0.2028,0.0164,2.45,2.85,,-0.2295,-0.4753,0.2796,https://cdn.cboe.com/api/global/delayed_quotes/options/QQQ.json,0.0164,0.0,-1995331.584,-1995331.584,0.0,-0.001995331584,-0.001995331584
QQQ,QQQ260514C00699000,2026-05-14,4,call,699.0,257.0,210.0,0.2012,0.017,14.53,15.7,,0.7556,-0.4894,0.2891,https://cdn.cboe.com/api/global/delayed_quotes/options/QQQ.json,0.017,2214838.3360000006,0.0,2214838.3360000006,0.0022148383360000006,0.0,0.0022148383360000006
QQQ,QQQ260514P00699000,2026-05-14,4,put,699.0,222.0,706.0,0.2014,0.0171,2.31,3.07,,-0.2451,-0.4914,0.2895,https://cdn.cboe.com/api/global/delayed_quotes/options/QQQ.json,0.0171,0.0,-1924460.8128,-1924460.8128,0.0,-0.0019244608128,-0.0019244608128
QQQ,QQQ260514C00700000,2026-05-14,4,call,700.0,605.0,615.0,0.1906,0.0177,13.26,14.91,,0.7393,-0.5046,0.2986,https://cdn.cboe.com/api/global/delayed_quotes/options/QQQ.json,0.0177,5428609.824000001,0.0,5428609.824000001,0.005428609824000001,0.0,0.005428609824000001
QQQ,QQQ260514P00700000,2026-05-14,4,put,700.0,364.0,2710.0,0.2,0.0178,2.88,3.23,,-0.2615,-0.5068,0.2989,https://cdn.cboe.com/api/global/delayed_quotes/options/QQQ.json,0.0178,0.0,-3284591.5648,-3284591.5648,0.0,-0.0032845915647999996,-0.0032845915647999996
QQQ,QQQ260514C00705000,2026-05-14,4,call,705.0,829.0,2912.0,0.1933,0.0209,9.71,11.27,,0.647,-0.566,0.34,https://cdn.cboe.com/api/global/delayed_quotes/options/QQQ.json,0.0209,8783362.4384,0.0,8783362.4384,0.0087833624384,0.0,0.0087833624384
QQQ,QQQ260514P00705000,2026-05-14,4,put,705.0,89.0,3391.0,0.1938,0.021,4.24,4.72,,-0.3542,-0.5692,0.3405,https://cdn.cboe.com/api/global/delayed_quotes/options/QQQ.json,0.021,0.0,-947478.3360000002,-947478.3360000002,0.0,-0.0009474783360000003,-0.0009474783360000003
QQQ,QQQ260514C00710000,2026-05-14,4,call,710.0,1334.0,3012.0,0.1879,0.023,7.21,7.6,,0.5387,-0.5902,0.3625,https://cdn.cboe.com/api/global/delayed_quotes/options/QQQ.json,0.023,15554055.808,0.0,15554055.808,0.015554055808000001,0.0,0.015554055808000001
QQQ,QQQ260514P00710000,2026-05-14,4,put,710.0,20.0,3560.0,0.1882,0.0232,6.0,6.56,,-0.4634,-0.5946,0.3624,https://cdn.cboe.com/api/global/delayed_quotes/options/QQQ.json,0.0232,0.0,-235222.01599999997,-235222.01599999997,0.0,-0.00023522201599999998,-0.00023522201599999998
QQQ,QQQ260514C00715000,2026-05-14,4,call,715.0,767.0,2313.0,0.1832,0.0234,4.61,5.58,,0.4216,-0.5645,0.3574,https://cdn.cboe.com/api/global/delayed_quotes/options/QQQ.json,0.0234,9098529.523200002,0.0,9098529.523200002,0.009098529523200002,0.0,0.009098529523200002
QQQ,QQQ260514P00715000,2026-05-14,4,put,715.0,17.0,809.0,0.1833,0.0236,8.19,8.67,,-0.5817,-0.5704,0.3561,https://cdn.cboe.com/api/global/delayed_quotes/options/QQQ.json,0.0236,0.0,-203385.93279999998,-203385.93279999998,0.0,-0.0002033859328,-0.0002033859328
QQQ,QQQ260514C00720000,2026-05-14,4,call,720.0,960.0,1251.0,0.179,0.0215,2.73,3.19,,0.3066,-0.4893,0.3224,https://cdn.cboe.com/api/global/delayed_quotes/options/QQQ.json,0.0215,10463324.159999998,0.0,10463324.159999998,0.010463324159999999,0.0,0.010463324159999999
QQQ,QQQ260514P00720000,2026-05-14,4,put,720.0,3.0,131.0,0.1787,0.0218,11.24,12.27,,-0.6982,-0.4966,0.3192,https://cdn.cboe.com/api/global/delayed_quotes/options/QQQ.json,0.0218,0.0,-33154.1376,-33154.1376,0.0,-3.31541376e-05,-3.31541376e-05
QQQ,QQQ260514C00725000,2026-05-14,4,call,725.0,182.0,1116.0,0.1753,0.0177,1.51,2.22,,0.2063,-0.3827,0.2642,https://cdn.cboe.com/api/global/delayed_quotes/options/QQQ.json,0.0177,1633069.4016,0.0,1633069.4016,0.0016330694016,0.0,0.0016330694016
QQQ,QQQ260514C00730000,2026-05-14,4,call,730.0,848.0,1078.0,0.1741,0.0132,0.94,1.33,,0.1299,-0.2742,0.1984,https://cdn.cboe.com/api/global/delayed_quotes/options/QQQ.json,0.0132,5674528.358399999,0.0,5674528.358399999,0.0056745283584,0.0,0.0056745283584
QQQ,QQQ260514C00735000,2026-05-14,4,call,735.0,683.0,559.0,0.1768,0.0091,0.54,0.58,,0.0791,-0.1869,0.1406,https://cdn.cboe.com/api/global/delayed_quotes/options/QQQ.json,0.0091,3150809.0432,0.0,3150809.0432,0.0031508090432,0.0,0.0031508090432
QQQ,QQQ260515C00305000,2026-05-15,5,call,305.0,36.0,10.0,2.4579,0.0,404.86,408.88,,0.9999,-0.0007,0.0001,https://cdn.cboe.com/api/global/delayed_quotes/options/QQQ.json,0.0,0.0,0.0,0.0,0.0,0.0,0.0
QQQ,QQQ260515P00305000,2026-05-15,5,put,305.0,5856.0,0.0,1.8119,0.0,0.0,0.02,,0.0,-0.0007,0.0001,https://cdn.cboe.com/api/global/delayed_quotes/options/QQQ.json,0.0,0.0,-0.0,0.0,0.0,-0.0,0.0
QQQ,QQQ260515C00310000,2026-05-15,5,call,310.0,2.0,0.0,2.4147,0.0,399.87,403.88,,0.9999,-0.0008,0.0001,https://cdn.cboe.com/api/global/delayed_quotes/options/QQQ.json,0.0,0.0,0.0,0.0,0.0,0.0,0.0
QQQ,QQQ260515P00310000,2026-05-15,5,put,310.0,1213.0,0.0,1.6982,0.0,0.0,0.01,,0.0,-0.0008,0.0001,https://cdn.cboe.com/api/global/delayed_quotes/options/QQQ.json,0.0,0.0,-0.0,0.0,0.0,-0.0,0.0
QQQ,QQQ260515C00315000,2026-05-15,5,call,315.0,1.0,0.0,2.3764,0.0,394.88,398.83,,0.9999,-0.0008,0.0001,https://cdn.cboe.com/api/global/delayed_quotes/options/QQQ.json,0.0,0.0,0.0,0.0,0.0,0.0,0.0
QQQ,QQQ260515P00315000,2026-05-15,5,put,315.0,268.0,0.0,1.7456,0.0,0.0,0.1,,0.0,-0.0008,0.0001,https://cdn.cboe.com/api/global/delayed_quotes/options/QQQ.json,0.0,0.0,-0.0,0.0,0.0,-0.0,0.0
QQQ,QQQ260515C00320000,2026-05-15,5,call,320.0,8.0,0.0,2.3302,0.0,389.88,393.89,,0.9999,-0.0008,0.0001,https://cdn.cboe.com/api/global/delayed_quotes/options/QQQ.json,0.0,0.0,0.0,0.0,0.0,0.0,0.0
QQQ,QQQ260515P00320000,2026-05-15,5,put,320.0,1184.0,0.0,1.7132,0.0,0.0,0.12,,0.0,-0.0008,0.0001,https://cdn.cboe.com/api/global/delayed_quotes/options/QQQ.json,0.0,0.0,-0.0,0.0,0.0,-0.0,0.0
QQQ,QQQ260515P00325000,2026-05-15,5,put,325.0,1043.0,0.0,1.6813,0.0,0.0,0.12,,0.0,-0.0009,0.0001,https://cdn.cboe.com/api/global/delayed_quotes/options/QQQ.json,0.0,0.0,-0.0,0.0,0.0,-0.0,0.0
QQQ,QQQ260515C00330000,2026-05-15,5,call,330.0,2.0,0.0,2.2443,0.0,379.88,383.87,,0.9999,-0.0009,0.0001,https://cdn.cboe.com/api/global/delayed_quotes/options/QQQ.json,0.0,0.0,0.0,0.0,0.0,0.0,0.0
QQQ,QQQ260515P00330000,2026-05-15,5,put,330.0,1429.0,0.0,1.6499,0.0,0.0,0.13,,0.0,-0.0009,0.0001,https://cdn.cboe.com/api/global/delayed_quotes/options/QQQ.json,0.0,0.0,-0.0,0.0,0.0,-0.0,0.0
QQQ,QQQ260515C00335000,2026-05-15,5,call,335.0,2.0,0.0,2.2043,0.0,374.89,378.9,,0.9999,-0.0009,0.0002,https://cdn.cboe.com/api/global/delayed_quotes/options/QQQ.json,0.0,0.0,0.0,0.0,0.0,0.0,0.0
QQQ,QQQ260515P00335000,2026-05-15,5,put,335.0,1361.0,0.0,1.619,0.0,0.0,0.13,,0.0,-0.0009,0.0002,https://cdn.cboe.com/api/global/delayed_quotes/options/QQQ.json,0.0,0.0,-0.0,0.0,0.0,-0.0,0.0
QQQ,QQQ260515C00340000,2026-05-15,5,call,340.0,1.0,0.0,2.1609,0.0,369.89,373.85,,0.9999,-0.001,0.0002,https://cdn.cboe.com/api/global/delayed_quotes/options/QQQ.json,0.0,0.0,0.0,0.0,0.0,0.0,0.0
QQQ,QQQ260515P00340000,2026-05-15,5,put,340.0,1509.0,0.0,1.5885,0.0,0.0,0.11,,0.0,-0.001,0.0002,https://cdn.cboe.com/api/global/delayed_quotes/options/QQQ.json,0.0,0.0,-0.0,0.0,0.0,-0.0,0.0
QQQ,QQQ260515C00345000,2026-05-15,5,call,345.0,12.0,0.0,2.1221,0.0,364.89,368.91,,0.9999,-0.001,0.0002,https://cdn.cboe.com/api/global/delayed_quotes/options/QQQ.json,0.0,0.0,0.0,0.0,0.0,0.0,0.0
QQQ,QQQ260515P00345000,2026-05-15,5,put,345.0,2011.0,0.0,1.5585,0.0,0.0,0.11,,0.0,-0.001,0.0002,https://cdn.cboe.com/api/global/delayed_quotes/options/QQQ.json,0.0,0.0,-0.0,0.0,0.0,-0.0,0.0
QQQ,QQQ260515C00350000,2026-05-15,5,call,350.0,6.0,0.0,2.0722,0.0,359.87,363.91,,0.9999,-0.001,0.0002,https://cdn.cboe.com/api/global/delayed_quotes/options/QQQ.json,0.0,0.0,0.0,0.0,0.0,0.0,0.0
QQQ,QQQ260515P00350000,2026-05-15,5,put,350.0,2924.0,0.0,1.5289,0.0,0.0,0.12,,0.0,-0.001,0.0002,https://cdn.cboe.com/api/global/delayed_quotes/options/QQQ.json,0.0,0.0,-0.0,0.0,0.0,-0.0,0.0
QQQ,QQQ260515C00355000,2026-05-15,5,call,355.0,3.0,0.0,2.046,0.0,354.9,358.92,,0.9999,-0.0011,0.0002,https://cdn.cboe.com/api/global/delayed_quotes/options/QQQ.json,0.0,0.0,0.0,0.0,0.0,0.0,0.0
QQQ,QQQ260515P00355000,2026-05-15,5,put,355.0,2253.0,0.0,1.4997,0.0,0.0,0.13,,0.0,-0.0011,0.0002,https://cdn.cboe.com/api/global/delayed_quotes/options/QQQ.json,0.0,0.0,-0.0,0.0,0.0,-0.0,0.0
QQQ,QQQ260515C00360000,2026-05-15,5,call,360.0,4.0,0.0,2.0088,0.0,349.91,353.92,,0.9999,-0.0011,0.0002,https://cdn.cboe.com/api/global/delayed_quotes/options/QQQ.json,0.0,0.0,0.0,0.0,0.0,0.0,0.0
QQQ,QQQ260515P00360000,2026-05-15,5,put,360.0,2839.0,0.0,1.4036,0.0,0.0,0.01,,0.0,-0.0011,0.0002,https://cdn.cboe.com/api/global/delayed_quotes/options/QQQ.json,0.0,0.0,-0.0,0.0,0.0,-0.0,0.0
QQQ,QQQ260515C00365000,2026-05-15,5,call,365.0,7.0,0.0,1.972,0.0,344.91,348.93,,0.9999,-0.0012,0.0002,https://cdn.cboe.com/api/global/delayed_quotes/options/QQQ.json,0.0,0.0,0.0,0.0,0.0,0.0,0.0
QQQ,QQQ260515P00365000,2026-05-15,5,put,365.0,3291.0,0.0,1.4425,0.0,0.0,0.14,,-0.0001,-0.0012,0.0002,https://cdn.cboe.com/api/global/delayed_quotes/options/QQQ.json,0.0,0.0,-0.0,0.0,0.0,-0.0,0.0
QQQ,QQQ260515C00370000,2026-05-15,5,call,370.0,51.0,0.0,1.9321,0.0,339.91,343.93,,0.9999,-0.0012,0.0002,https://cdn.cboe.com/api/global/delayed_quotes/options/QQQ.json,0.0,0.0,0.0,0.0,0.0,0.0,0.0
QQQ,QQQ260515P00370000,2026-05-15,5,put,370.0,2333.0,0.0,1.4144,0.0,0.0,0.64,,-0.0001,-0.0012,0.0002,https://cdn.cboe.com/api/global/delayed_quotes/options/QQQ.json,0.0,0.0,-0.0,0.0,0.0,-0.0,0.0
QQQ,QQQ260515C00375000,2026-05-15,5,call,375.0,7.0,0.0,1.8892,0.0,334.9,338.91,,0.9998,-0.0013,0.0002,https://cdn.cboe.com/api/global/delayed_quotes/options/QQQ.json,0.0,0.0,0.0,0.0,0.0,0.0,0.0
QQQ,QQQ260515P00375000,2026-05-15,5,put,375.0,5627.0,0.0,1.323,0.0,0.0,0.01,,-0.0001,-0.0013,0.0002,https://cdn.cboe.com/api/global/delayed_quotes/options/QQQ.json,0.0,0.0,-0.0,0.0,0.0,-0.0,0.0
QQQ,QQQ260515C00380000,2026-05-15,5,call,380.0,5.0,0.0,1.8609,0.0,329.92,333.94,,0.9998,-0.0014,0.0003,https://cdn.cboe.com/api/global/delayed_quotes/options/QQQ.json,0.0,0.0,0.0,0.0,0.0,0.0,0.0
QQQ,QQQ260515P00380000,2026-05-15,5,put,380.0,2813.0,1.0,1.2969,0.0,0.0,0.01,,-0.0001,-0.0014,0.0003,https://cdn.cboe.com/api/global/delayed_quotes/options/QQQ.json,0.0,0.0,-0.0,0.0,0.0,-0.0,0.0
QQQ,QQQ260515P00385000,2026-05-15,5,put,385.0,2459.0,0.0,1.3325,0.0,0.0,0.64,,-0.0001,-0.0014,0.0003,https://cdn.cboe.com/api/global/delayed_quotes/options/QQQ.json,0.0,0.0,-0.0,0.0,0.0,-0.0,0.0
QQQ,QQQ260515C00390000,2026-05-15,5,call,390.0,7.0,0.0,1.7882,0.0,319.92,323.95,,0.9998,-0.0015,0.0003,https://cdn.cboe.com/api/global/delayed_quotes/options/QQQ.json,0.0,0.0,0.0,0.0,0.0,0.0,0.0
QQQ,QQQ260515P00390000,2026-05-15,5,put,390.0,2219.0,0.0,1.3059,0.0,0.0,0.39,,-0.0001,-0.0015,0.0003,https://cdn.cboe.com/api/global/delayed_quotes/options/QQQ.json,0.0,0.0,-0.0,0.0,0.0,-0.0,0.0
QQQ,QQQ260515C00395000,2026-05-15,5,call,395.0,8.0,0.0,1.7508,0.0,314.92,318.95,,0.9998,-0.0016,0.0003,https://cdn.cboe.com/api/global/delayed_quotes/options/QQQ.json,0.0,0.0,0.0,0.0,0.0,0.0,0.0
QQQ,QQQ260515P00395000,2026-05-15,5,put,395.0,1589.0,0.0,1.2204,0.0,0.0,0.01,,-0.0001,-0.0016,0.0003,https://cdn.cboe.com/api/global/delayed_quotes/options/QQQ.json,0.0,0.0,-0.0,0.0,0.0,-0.0,0.0
QQQ,QQQ260515C00400000,2026-05-15,5,call,400.0,186.0,3.0,1.7172,0.0,309.93,313.96,,0.9998,-0.0016,0.0003,https://cdn.cboe.com/api/global/delayed_quotes/options/QQQ.json,0.0,0.0,0.0,0.0,0.0,0.0,0.0
QQQ,QQQ260515P00400000,2026-05-15,5,put,400.0,4884.0,0.0,1.1955,0.0,0.0,0.02,,-0.0001,-0.0016,0.0003,https://cdn.cboe.com/api/global/delayed_quotes/options/QQQ.json,0.0,0.0,-0.0,0.0,0.0,-0.0,0.0
QQQ,QQQ260515C00405000,2026-05-15,5,call,405.0,5.0,0.0,1.6871,0.0,304.94,308.96,,0.9998,-0.0017,0.0004,https://cdn.cboe.com/api/global/delayed_quotes/options/QQQ.json,0.0,0.0,0.0,0.0,0.0,0.0,0.0
QQQ,QQQ260515P00405000,2026-05-15,5,put,405.0,590.0,0.0,1.2279,0.0,0.0,0.03,,-0.0001,-0.0017,0.0004,https://cdn.cboe.com/api/global/delayed_quotes/options/QQQ.json,0.0,0.0,-0.0,0.0,0.0,-0.0,0.0
QQQ,QQQ260515C00410000,2026-05-15,5,call,410.0,9.0,0.0,1.6511,0.0,299.94,303.97,,0.9998,-0.0018,0.0004,https://cdn.cboe.com/api/global/delayed_quotes/options/QQQ.json,0.0,0.0,0.0,0.0,0.0,0.0,0.0
QQQ,QQQ260515P00410000,2026-05-15,5,put,410.0,892.0,1.0,1.2026,0.0,0.0,0.12,,-0.0001,-0.0018,0.0004,https://cdn.cboe.com/api/global/delayed_quotes/options/QQQ.json,0.0,0.0,-0.0,0.0,0.0,-0.0,0.0
QQQ,QQQ260515C00415000,2026-05-15,5,call,415.0,1.0,0.0,1.6216,0.0,294.95,298.95,,0.9998,-0.0019,0.0004,https://cdn.cboe.com/api/global/delayed_quotes/options/QQQ.json,0.0,0.0,0.0,0.0,0.0,0.0,0.0
QQQ,QQQ260515P00415000,2026-05-15,5,put,415.0,656.0,0.0,1.1775,0.0,0.0,0.13,,-0.0001,-0.0019,0.0004,https://cdn.cboe.com/api/global/delayed_quotes/options/QQQ.json,0.0,0.0,-0.0,0.0,0.0,-0.0,0.0
QQQ,QQQ260515C00420000,2026-05-15,5,call,420.0,9.0,0.0,1.5864,0.0,289.95,293.98,,0.9998,-0.002,0.0004,https://cdn.cboe.com/api/global/delayed_quotes/options/QQQ.json,0.0,0.0,0.0,0.0,0.0,0.0,0.0
QQQ,QQQ260515P00420000,2026-05-15,5,put,420.0,2316.0,0.0,1.1527,0.0,0.0,0.13,,-0.0001,-0.002,0.0004,https://cdn.cboe.com/api/global/delayed_quotes/options/QQQ.json,0.0,0.0,-0.0,0.0,0.0,-0.0,0.0
QQQ,QQQ260515C00425000,2026-05-15,5,call,425.0,8.0,0.0,1.5575,0.0,284.96,288.96,,0.9998,-0.0021,0.0005,https://cdn.cboe.com/api/global/delayed_quotes/options/QQQ.json,0.0,0.0,0.0,0.0,0.0,0.0,0.0
QQQ,QQQ260515P00425000,2026-05-15,5,put,425.0,566.0,0.0,1.1282,0.0,0.0,0.12,,-0.0001,-0.0021,0.0005,https://cdn.cboe.com/api/global/delayed_quotes/options/QQQ.json,0.0,0.0,-0.0,0.0,0.0,-0.0,0.0
QQQ,QQQ260515C00430000,2026-05-15,5,call,430.0,3.0,0.0,1.5231,0.0,279.96,283.95,,0.9998,-0.0022,0.0005,https://cdn.cboe.com/api/global/delayed_quotes/options/QQQ.json,0.0,0.0,0.0,0.0,0.0,0.0,0.0
QQQ,QQQ260515P00430000,2026-05-15,5,put,430.0,1417.0,0.0,1.1039,0.0,0.0,0.13,,-0.0001,-0.0022,0.0005,https://cdn.cboe.com/api/global/delayed_quotes/options/QQQ.json,0.0,0.0,-0.0,0.0,0.0,-0.0,0.0
QQQ,QQQ260515C00435000,2026-05-15,5,call,435.0,19.0,0.0,1.4947,0.0,274.97,278.97,,0.9998,-0.0024,0.0006,https://cdn.cboe.com/api/global/delayed_quotes/options/QQQ.json,0.0,0.0,0.0,0.0,0.0,0.0,0.0
QQQ,QQQ260515P00435000,2026-05-15,5,put,435.0,1672.0,48101.0,1.08,0.0,0.0,0.06,,-0.0001,-0.0024,0.0006,https://cdn.cboe.com/api/global/delayed_quotes/options/QQQ.json,0.0,0.0,-0.0,0.0,0.0,-0.0,0.0
QQQ,QQQ260515C00440000,2026-05-15,5,call,440.0,21.0,0.0,1.461,0.0,269.97,274.0,,0.9998,-0.0026,0.0006,https://cdn.cboe.com/api/global/delayed_quotes/options/QQQ.json,0.0,0.0,0.0,0.0,0.0,0.0,0.0
QQQ,QQQ260515P00440000,2026-05-15,5,put,440.0,1739.0,107.0,1.0886,0.0,0.01,0.02,,-0.0002,-0.0026,0.0006,https://cdn.cboe.com/api/global/delayed_quotes/options/QQQ.json,0.0,0.0,-0.0,0.0,0.0,-0.0,0.0
QQQ,QQQ260515C00445000,2026-05-15,5,call,445.0,12.0,10.0,1.4277,0.0,264.97,269.0,,0.9997,-0.0027,0.0006,https://cdn.cboe.com/api/global/delayed_quotes/options/QQQ.json,0.0,0.0,0.0,0.0,0.0,0.0,0.0
QQQ,QQQ260515P00445000,2026-05-15,5,put,445.0,729.0,13.0,1.0328,0.0,0.0,0.22,,-0.0002,-0.0027,0.0006,https://cdn.cboe.com/api/global/delayed_quotes/options/QQQ.json,0.0,0.0,-0.0,0.0,0.0,-0.0,0.0
QQQ,QQQ260515C00450000,2026-05-15,5,call,450.0,68.0,1.0,1.3948,0.0,259.96,264.0,,0.9997,-0.0029,0.0007,https://cdn.cboe.com/api/global/delayed_quotes/options/QQQ.json,0.0,0.0,0.0,0.0,0.0,0.0,0.0
QQQ,QQQ260515P00450000,2026-05-15,5,put,450.0,10365.0,3.0,1.0096,0.0,0.0,0.02,,-0.0002,-0.0029,0.0007,https://cdn.cboe.com/api/global/delayed_quotes/options/QQQ.json,0.0,0.0,-0.0,0.0,0.0,-0.0,0.0
QQQ,QQQ260515C00455000,2026-05-15,5,call,455.0,16.0,0.0,1.3675,0.0,254.98,258.96,,0.9997,-0.0032,0.0008,https://cdn.cboe.com/api/global/delayed_quotes/options/QQQ.json,0.0,0.0,0.0,0.0,0.0,0.0,0.0
QQQ,QQQ260515P00455000,2026-05-15,5,put,455.0,4303.0,30.0,0.9866,0.0,0.0,0.02,,-0.0002,-0.0032,0.0008,https://cdn.cboe.com/api/global/delayed_quotes/options/QQQ.json,0.0,0.0,-0.0,0.0,0.0,-0.0,0.0
QQQ,QQQ260515C00460000,2026-05-15,5,call,460.0,18.0,0.0,1.3404,0.0,249.99,254.0,,0.9997,-0.0034,0.0008,https://cdn.cboe.com/api/global/delayed_quotes/options/QQQ.json,0.0,0.0,0.0,0.0,0.0,0.0,0.0
QQQ,QQQ260515P00460000,2026-05-15,5,put,460.0,8428.0,100.0,0.9638,0.0,0.0,0.1,,-0.0002,-0.0034,0.0008,https://cdn.cboe.com/api/global/delayed_quotes/options/QQQ.json,0.0,0.0,-0.0,0.0,0.0,-0.0,0.0
QQQ,QQQ260515C00465000,2026-05-15,5,call,465.0,50.0,0.0,1.3084,0.0,244.99,248.99,,0.9997,-0.0037,0.0009,https://cdn.cboe.com/api/global/delayed_quotes/options/QQQ.json,0.0,0.0,0.0,0.0,0.0,0.0,0.0
QQQ,QQQ260515P00465000,2026-05-15,5,put,465.0,1484.0,123.0,0.9413,0.0,0.0,0.22,,-0.0002,-0.0037,0.0009,https://cdn.cboe.com/api/global/delayed_quotes/options/QQQ.json,0.0,0.0,-0.0,0.0,0.0,-0.0,0.0
QQQ,QQQ260515C00470000,2026-05-15,5,call,470.0,72.0,0.0,1.2818,0.0,240.0,243.97,,0.9996,-0.004,0.001,https://cdn.cboe.com/api/global/delayed_quotes/options/QQQ.json,0.0,0.0,0.0,0.0,0.0,0.0,0.0
QQQ,QQQ260515P00470000,2026-05-15,5,put,470.0,3891.0,49.0,0.919,0.0,0.0,0.03,,-0.0003,-0.004,0.001,https://cdn.cboe.com/api/global/delayed_quotes/options/QQQ.json,0.0,0.0,-0.0,0.0,0.0,-0.0,0.0
QQQ,QQQ260515C00475000,2026-05-15,5,call,475.0,75.0,1.0,1.2504,0.0,235.0,239.0,,0.9996,-0.0044,0.0011,https://cdn.cboe.com/api/global/delayed_quotes/options/QQQ.json,0.0,0.0,0.0,0.0,0.0,0.0,0.0
QQQ,QQQ260515P00475000,2026-05-15,5,put,475.0,1742.0,1.0,0.9248,0.0,0.01,0.05,,-0.0003,-0.0044,0.0011,https://cdn.cboe.com/api/global/delayed_quotes/options/QQQ.json,0.0,0.0,-0.0,0.0,0.0,-0.0,0.0
QQQ,QQQ260515C00480000,2026-05-15,5,call,480.0,25.0,0.0,1.2217,0.0,230.0,234.0,,0.9996,-0.0048,0.0012,https://cdn.cboe.com/api/global/delayed_quotes/options/QQQ.json,0.0,0.0,0.0,0.0,0.0,0.0,0.0
QQQ,QQQ260515P00480000,2026-05-15,5,put,480.0,7327.0,11.0,0.875,0.0,0.0,0.22,,-0.0003,-0.0048,0.0012,https://cdn.cboe.com/api/global/delayed_quotes/options/QQQ.json,0.0,0.0,-0.0,0.0,0.0,-0.0,0.0
QQQ,QQQ260515C00485000,2026-05-15,5,call,485.0,25.0,1.0,1.1887,0.0,224.99,229.0,,0.9995,-0.0053,0.0014,https://cdn.cboe.com/api/global/delayed_quotes/options/QQQ.json,0.0,0.0,0.0,0.0,0.0,0.0,0.0
QQQ,QQQ260515P00485000,2026-05-15,5,put,485.0,3644.0,3.0,0.8534,0.0,0.0,0.22,,-0.0004,-0.0053,0.0014,https://cdn.cboe.com/api/global/delayed_quotes/options/QQQ.json,0.0,0.0,-0.0,0.0,0.0,-0.0,0.0
QQQ,QQQ260515C00490000,2026-05-15,5,call,490.0,54.0,4.0,1.1674,0.0,220.02,223.99,,0.9995,-0.0058,0.0015,https://cdn.cboe.com/api/global/delayed_quotes/options/QQQ.json,0.0,0.0,0.0,0.0,0.0,0.0,0.0
QQQ,QQQ260515P00490000,2026-05-15,5,put,490.0,7755.0,157.0,0.858,0.0,0.01,0.74,,-0.0004,-0.0058,0.0015,https://cdn.cboe.com/api/global/delayed_quotes/options/QQQ.json,0.0,0.0,-0.0,0.0,0.0,-0.0,0.0
QQQ,QQQ260515C00495000,2026-05-15,5,call,495.0,28.0,0.0,1.1372,0.0,215.02,218.99,,0.9994,-0.0063,0.0017,https://cdn.cboe.com/api/global/delayed_quotes/options/QQQ.json,0.0,0.0,0.0,0.0,0.0,0.0,0.0
QQQ,QQQ260515P00495000,2026-05-15,5,put,495.0,6938.0,187.0,0.8106,0.0,0.0,0.02,,-0.0005,-0.0063,0.0017,https://cdn.cboe.com/api/global/delayed_quotes/options/QQQ.json,0.0,0.0,-0.0,0.0,0.0,-0.0,0.0
QQQ,QQQ260515C00500000,2026-05-15,5,call,500.0,379.0,1.0,1.1051,0.0,210.01,214.0,,0.9994,-0.0069,0.0019,https://cdn.cboe.com/api/global/delayed_quotes/options/QQQ.json,0.0,0.0,0.0,0.0,0.0,0.0,0.0
QQQ,QQQ260515P00500000,2026-05-15,5,put,500.0,23678.0,141.0,0.8335,0.0,0.01,0.03,,-0.0005,-0.0069,0.0019,https://cdn.cboe.com/api/global/delayed_quotes/options/QQQ.json,0.0,0.0,-0.0,0.0,0.0,-0.0,0.0
QQQ,QQQ260515C00505000,2026-05-15,5,call,505.0,70.0,0.0,1.0819,0.0,205.03,209.0,,0.9993,-0.0075,0.002,https://cdn.cboe.com/api/global/delayed_quotes/options/QQQ.json,0.0,0.0,0.0,0.0,0.0,0.0,0.0
QQQ,QQQ260515P00505000,2026-05-15,5,put,505.0,3273.0,6.0,0.793,0.0,0.0,0.03,,-0.0006,-0.0075,0.002,https://cdn.cboe.com/api/global/delayed_quotes/options/QQQ.json,0.0,0.0,-0.0,0.0,0.0,-0.0,0.0
QQQ,QQQ260515C00510000,2026-05-15,5,call,510.0,190.0,0.0,1.0546,0.0,200.04,204.0,,0.9993,-0.0082,0.0023,https://cdn.cboe.com/api/global/delayed_quotes/options/QQQ.json,0.0,0.0,0.0,0.0,0.0,0.0,0.0
QQQ,QQQ260515P00510000,2026-05-15,5,put,510.0,14782.0,62.0,0.7717,0.0,0.0,0.03,,-0.0007,-0.0082,0.0023,https://cdn.cboe.com/api/global/delayed_quotes/options/QQQ.json,0.0,0.0,-0.0,0.0,0.0,-0.0,0.0
QQQ,QQQ260515C00515000,2026-05-15,5,call,515.0,23.0,1.0,1.0234,0.0,195.02,199.0,,0.9992,-0.0089,0.0025,https://cdn.cboe.com/api/global/delayed_quotes/options/QQQ.json,0.0,0.0,0.0,0.0,0.0,0.0,0.0
QQQ,QQQ260515P00515000,2026-05-15,5,put,515.0,11858.0,105.0,0.7506,0.0,0.0,0.03,,-0.0007,-0.0089,0.0025,https://cdn.cboe.com/api/global/delayed_quotes/options/QQQ.json,0.0,0.0,-0.0,0.0,0.0,-0.0,0.0
QQQ,QQQ260515C00520000,2026-05-15,5,call,520.0,208.0,1.0,0.9985,0.0,190.04,194.0,,0.9991,-0.0097,0.0028,https://cdn.cboe.com/api/global/delayed_quotes/options/QQQ.json,0.0,0.0,0.0,0.0,0.0,0.0,0.0
QQQ,QQQ260515P00520000,2026-05-15,5,put,520.0,12976.0,101.0,0.7296,0.0,0.0,0.23,,-0.0008,-0.0097,0.0028,https://cdn.cboe.com/api/global/delayed_quotes/options/QQQ.json,0.0,0.0,-0.0,0.0,0.0,-0.0,0.0
QQQ,QQQ260515P00521000,2026-05-15,5,put,521.0,1035.0,1.0,0.7255,0.0,0.0,0.23,,-0.0008,-0.0099,0.0028,https://cdn.cboe.com/api/global/delayed_quotes/options/QQQ.json,0.0,0.0,-0.0,0.0,0.0,-0.0,0.0
QQQ,QQQ260515P00522000,2026-05-15,5,put,522.0,425.0,0.0,0.7213,0.0,0.0,0.23,,-0.0008,-0.01,0.0029,https://cdn.cboe.com/api/global/delayed_quotes/options/QQQ.json,0.0,0.0,-0.0,0.0,0.0,-0.0,0.0
QQQ,QQQ260515P00523000,2026-05-15,5,put,523.0,632.0,0.0,0.7171,0.0,0.0,0.75,,-0.0009,-0.0102,0.0029,https://cdn.cboe.com/api/global/delayed_quotes/options/QQQ.json,0.0,0.0,-0.0,0.0,0.0,-0.0,0.0
QQQ,QQQ260515P00524000,2026-05-15,5,put,524.0,624.0,0.0,0.713,0.0,0.0,0.23,,-0.0009,-0.0104,0.003,https://cdn.cboe.com/api/global/delayed_quotes/options/QQQ.json,0.0,0.0,-0.0,0.0,0.0,-0.0,0.0
QQQ,QQQ260515C00525000,2026-05-15,5,call,525.0,82.0,0.0,0.9699,0.0,185.03,189.0,,0.999,-0.0106,0.0031,https://cdn.cboe.com/api/global/delayed_quotes/options/QQQ.json,0.0,0.0,0.0,0.0,0.0,0.0,0.0
QQQ,QQQ260515P00525000,2026-05-15,5,put,525.0,7517.0,24.0,0.7089,0.0,0.0,0.03,,-0.0009,-0.0106,0.0031,https://cdn.cboe.com/api/global/delayed_quotes/options/QQQ.json,0.0,0.0,-0.0,0.0,0.0,-0.0,0.0
QQQ,QQQ260515C00526000,2026-05-15,5,call,526.0,12.0,0.0,0.9622,0.0,184.02,188.0,,0.999,-0.0107,0.0031,https://cdn.cboe.com/api/global/delayed_quotes/options/QQQ.json,0.0,0.0,0.0,0.0,0.0,0.0,0.0
QQQ,QQQ260515P00526000,2026-05-15,5,put,526.0,422.0,0.0,0.7047,0.0,0.0,0.75,,-0.0009,-0.0107,0.0031,https://cdn.cboe.com/api/global/delayed_quotes/options/QQQ.json,0.0,0.0,-0.0,0.0,0.0,-0.0,0.0
QQQ,QQQ260515C00527000,2026-05-15,5,call,527.0,10.0,0.0,0.9566,0.0,183.02,187.0,,0.999,-0.0109,0.0032,https://cdn.cboe.com/api/global/delayed_quotes/options/QQQ.json,0.0,0.0,0.0,0.0,0.0,0.0,0.0
QQQ,QQQ260515P00527000,2026-05-15,5,put,527.0,310.0,0.0,0.7006,0.0,0.0,0.26,,-0.0009,-0.0109,0.0032,https://cdn.cboe.com/api/global/delayed_quotes/options/QQQ.json,0.0,0.0,-0.0,0.0,0.0,-0.0,0.0
QQQ,QQQ260515C00528000,2026-05-15,5,call,528.0,10.0,0.0,0.9548,0.0,182.04,186.0,,0.999,-0.0111,0.0032,https://cdn.cboe.com/api/global/delayed_quotes/options/QQQ.json,0.0,0.0,0.0,0.0,0.0,0.0,0.0
QQQ,QQQ260515P00528000,2026-05-15,5,put,528.0,110.0,0.0,0.6965,0.0,0.0,0.26,,-0.001,-0.0111,0.0032,https://cdn.cboe.com/api/global/delayed_quotes/options/QQQ.json,0.0,0.0,-0.0,0.0,0.0,-0.0,0.0
QQQ,QQQ260515P00529000,2026-05-15,5,put,529.0,227.0,0.0,0.6924,0.0,0.0,0.23,,-0.001,-0.0112,0.0033,https://cdn.cboe.com/api/global/delayed_quotes/options/QQQ.json,0.0,0.0,-0.0,0.0,0.0,-0.0,0.0
QQQ,QQQ260515C00530000,2026-05-15,5,call,530.0,235.0,1.0,0.9453,0.0,180.05,184.0,,0.9989,-0.0114,0.0034,https://cdn.cboe.com/api/global/delayed_quotes/options/QQQ.json,0.0,0.0,0.0,0.0,0.0,0.0,0.0
QQQ,QQQ260515P00530000,2026-05-15,5,put,530.0,12833.0,2095.0,0.7181,0.0,0.02,0.03,,-0.001,-0.0114,0.0034,https://cdn.cboe.com/api/global/delayed_quotes/options/QQQ.json,0.0,0.0,-0.0,0.0,0.0,-0.0,0.0
QQQ,QQQ260515C00531000,2026-05-15,5,call,531.0,14.0,0.0,0.9359,0.0,179.03,183.0,,0.9989,-0.0116,0.0034,https://cdn.cboe.com/api/global/delayed_quotes/options/QQQ.json,0.0,0.0,0.0,0.0,0.0,0.0,0.0
QQQ,QQQ260515P00531000,2026-05-15,5,put,531.0,6299.0,0.0,0.6842,0.0,0.0,0.23,,-0.001,-0.0116,0.0034,https://cdn.cboe.com/api/global/delayed_quotes/options/QQQ.json,0.0,0.0,-0.0,0.0,0.0,-0.0,0.0
QQQ,QQQ260515P00532000,2026-05-15,5,put,532.0,373.0,150.0,0.6801,0.0,0.0,0.03,,-0.001,-0.0118,0.0035,https://cdn.cboe.com/api/global/delayed_quotes/options/QQQ.json,0.0,0.0,-0.0,0.0,0.0,-0.0,0.0
QQQ,QQQ260515C00533000,2026-05-15,5,call,533.0,6.0,0.0,0.9265,0.0,177.03,181.0,,0.9989,-0.012,0.0036,https://cdn.cboe.com/api/global/delayed_quotes/options/QQQ.json,0.0,0.0,0.0,0.0,0.0,0.0,0.0
QQQ,QQQ260515P00533000,2026-05-15,5,put,533.0,271.0,1.0,0.676,0.0,0.0,0.03,,-0.0011,-0.012,0.0036,https://cdn.cboe.com/api/global/delayed_quotes/options/QQQ.json,0.0,0.0,-0.0,0.0,0.0,-0.0,0.0
QQQ,QQQ260515C00534000,2026-05-15,5,call,534.0,3.0,0.0,0.9209,0.0,176.03,180.0,,0.9988,-0.0122,0.0036,https://cdn.cboe.com/api/global/delayed_quotes/options/QQQ.json,0.0,0.0,0.0,0.0,0.0,0.0,0.0
QQQ,QQQ260515P00534000,2026-05-15,5,put,534.0,726.0,4.0,0.6719,0.0,0.0,0.03,,-0.0011,-0.0122,0.0036,https://cdn.cboe.com/api/global/delayed_quotes/options/QQQ.json,0.0,0.0,-0.0,0.0,0.0,-0.0,0.0
QQQ,QQQ260515C00535000,2026-05-15,5,call,535.0,14.0,1.0,0.9208,0.0,175.06,179.0,,0.9988,-0.0124,0.0037,https://cdn.cboe.com/api/global/delayed_quotes/options/QQQ.json,0.0,0.0,0.0,0.0,0.0,0.0,0.0
QQQ,QQQ260515P00535000,2026-05-15,5,put,535.0,17372.0,59.0,0.6678,0.0,0.0,0.03,,-0.0011,-0.0124,0.0037,https://cdn.cboe.com/api/global/delayed_quotes/options/QQQ.json,0.0,0.0,-0.0,0.0,0.0,-0.0,0.0
QQQ,QQQ260515C00536000,2026-05-15,5,call,536.0,3.0,0.0,0.9096,0.0001,174.03,178.0,,0.9988,-0.0126,0.0038,https://cdn.cboe.com/api/global/delayed_quotes/options/QQQ.json,0.0001,152.0832,0.0,152.0832,1.520832e-07,0.0,1.520832e-07
QQQ,QQQ260515P00536000,2026-05-15,5,put,536.0,2254.0,0.0,0.6638,0.0001,0.0,0.23,,-0.0011,-0.0126,0.0038,https://cdn.cboe.com/api/global/delayed_quotes/options/QQQ.json,0.0001,0.0,-114265.17760000002,-114265.17760000002,0.0,-0.00011426517760000002,-0.00011426517760000002
QQQ,QQQ260515C00537000,2026-05-15,5,call,537.0,5.0,1.0,0.9077,0.0001,173.05,177.0,,0.9988,-0.0127,0.0038,https://cdn.cboe.com/api/global/delayed_quotes/options/QQQ.json,0.0001,253.472,0.0,253.472,2.53472e-07,0.0,2.53472e-07
QQQ,QQQ260515P00537000,2026-05-15,5,put,537.0,388.0,0.0,0.6597,0.0001,0.0,0.23,,-0.0012,-0.0127,0.0038,https://cdn.cboe.com/api/global/delayed_quotes/options/QQQ.json,0.0001,0.0,-19669.427200000002,-19669.427200000002,0.0,-1.9669427200000002e-05,-1.9669427200000002e-05
QQQ,QQQ260515C00538000,2026-05-15,5,call,538.0,6.0,0.0,0.9003,0.0001,172.04,176.0,,0.9987,-0.0129,0.0039,https://cdn.cboe.com/api/global/delayed_quotes/options/QQQ.json,0.0001,304.1664,0.0,304.1664,3.041664e-07,0.0,3.041664e-07
QQQ,QQQ260515P00538000,2026-05-15,5,put,538.0,275.0,30.0,0.6556,0.0001,0.0,0.03,,-0.0012,-0.013,0.0039,https://cdn.cboe.com/api/global/delayed_quotes/options/QQQ.json,0.0001,0.0,-13940.960000000001,-13940.960000000001,0.0,-1.3940960000000001e-05,-1.3940960000000001e-05
QQQ,QQQ260515C00539000,2026-05-15,5,call,539.0,12.0,0.0,0.8947,0.0001,171.04,175.0,,0.9987,-0.0131,0.004,https://cdn.cboe.com/api/global/delayed_quotes/options/QQQ.json,0.0001,608.3328,0.0,608.3328,6.083328e-07,0.0,6.083328e-07
QQQ,QQQ260515P00539000,2026-05-15,5,put,539.0,333.0,0.0,0.6516,0.0001,0.0,0.23,,-0.0012,-0.0132,0.004,https://cdn.cboe.com/api/global/delayed_quotes/options/QQQ.json,0.0001,0.0,-16881.235200000003,-16881.235200000003,0.0,-1.6881235200000003e-05,-1.6881235200000003e-05
QQQ,QQQ260515C00540000,2026-05-15,5,call,540.0,728.0,64.0,0.8928,0.0001,170.06,174.0,,0.9987,-0.0133,0.004,https://cdn.cboe.com/api/global/delayed_quotes/options/QQQ.json,0.0001,36905.5232,0.0,36905.5232,3.69055232e-05,0.0,3.69055232e-05
QQQ,QQQ260515P00540000,2026-05-15,5,put,540.0,16137.0,260.0,0.6759,0.0001,0.02,0.03,,-0.0012,-0.0134,0.004,https://cdn.cboe.com/api/global/delayed_quotes/options/QQQ.json,0.0001,0.0,-818055.5328,-818055.5328,0.0,-0.0008180555328,-0.0008180555328
QQQ,QQQ260515P00541000,2026-05-15,5,put,541.0,702.0,148.0,0.6435,0.0001,0.0,0.03,,-0.0012,-0.0136,0.0041,https://cdn.cboe.com/api/global/delayed_quotes/options/QQQ.json,0.0001,0.0,-35587.4688,-35587.4688,0.0,-3.55874688e-05,-3.55874688e-05
QQQ,QQQ260515C00542000,2026-05-15,5,call,542.0,2.0,0.0,0.8781,0.0001,168.04,172.0,,0.9986,-0.0138,0.0042,https://cdn.cboe.com/api/global/delayed_quotes/options/QQQ.json,0.0001,101.38880000000002,0.0,101.38880000000002,1.0138880000000001e-07,0.0,1.0138880000000001e-07
QQQ,QQQ260515P00542000,2026-05-15,5,put,542.0,207.0,2.0,0.6395,0.0001,0.0,0.03,,-0.0013,-0.0138,0.0042,https://cdn.cboe.com/api/global/delayed_quotes/options/QQQ.json,0.0001,0.0,-10493.740799999998,-10493.740799999998,0.0,-1.0493740799999998e-05,-1.0493740799999998e-05
QQQ,QQQ260515C00543000,2026-05-15,5,call,543.0,2.0,0.0,0.8743,0.0001,167.04,171.0,,0.9986,-0.014,0.0043,https://cdn.cboe.com/api/global/delayed_quotes/options/QQQ.json,0.0001,101.38880000000002,0.0,101.38880000000002,1.0138880000000001e-07,0.0,1.0138880000000001e-07
QQQ,QQQ260515P00543000,2026-05-15,5,put,543.0,1218.0,0.0,0.6354,0.0001,0.0,0.74,,-0.0013,-0.014,0.0043,https://cdn.cboe.com/api/global/delayed_quotes/options/QQQ.json,0.0001,0.0,-61745.7792,-61745.7792,0.0,-6.17457792e-05,-6.17457792e-05
QQQ,QQQ260515C00544000,2026-05-15,5,call,544.0,11.0,0.0,0.874,0.0001,166.07,170.0,,0.9986,-0.0142,0.0044,https://cdn.cboe.com/api/global/delayed_quotes/options/QQQ.json,0.0001,557.6384,0.0,557.6384,5.576384e-07,0.0,5.576384e-07
QQQ,QQQ260515P00544000,2026-05-15,5,put,544.0,370.0,87.0,0.6466,0.0001,0.0,0.23,,-0.0013,-0.0142,0.0044,https://cdn.cboe.com/api/global/delayed_quotes/options/QQQ.json,0.0001,0.0,-18756.928000000004,-18756.928000000004,0.0,-1.8756928000000003e-05,-1.8756928000000003e-05
QQQ,QQQ260515C00545000,2026-05-15,5,call,545.0,174.0,5.0,0.8685,0.0001,165.07,169.0,,0.9986,-0.0144,0.0044,https://cdn.cboe.com/api/global/delayed_quotes/options/QQQ.json,0.0001,8820.8256,0.0,8820.8256,8.8208256e-06,0.0,8.8208256e-06
QQQ,QQQ260515P00545000,2026-05-15,5,put,545.0,14463.0,8.0,0.6425,0.0001,0.01,0.03,,-0.0014,-0.0144,0.0044,https://cdn.cboe.com/api/global/delayed_quotes/options/QQQ.json,0.0001,0.0,-733193.1072000002,-733193.1072000002,0.0,-0.0007331931072000002,-0.0007331931072000002
QQQ,QQQ260515P00546000,2026-05-15,5,put,546.0,3312.0,4.0,0.6384,0.0001,0.01,0.04,,-0.0014,-0.0146,0.0045,https://cdn.cboe.com/api/global/delayed_quotes/options/QQQ.json,0.0001,0.0,-167899.85279999996,-167899.85279999996,0.0,-0.00016789985279999997,-0.00016789985279999997
QQQ,QQQ260515C00547000,2026-05-15,5,call,547.0,2.0,0.0,0.8574,0.0001,163.07,167.0,,0.9985,-0.0148,0.0046,https://cdn.cboe.com/api/global/delayed_quotes/options/QQQ.json,0.0001,101.38880000000002,0.0,101.38880000000002,1.0138880000000001e-07,0.0,1.0138880000000001e-07
QQQ,QQQ260515P00547000,2026-05-15,5,put,547.0,395.0,96.0,0.6467,0.0001,0.01,0.75,,-0.0014,-0.0148,0.0046,https://cdn.cboe.com/api/global/delayed_quotes/options/QQQ.json,0.0001,0.0,-20024.288,-20024.288,0.0,-2.0024288e-05,-2.0024288e-05
QQQ,QQQ260515C00548000,2026-05-15,5,call,548.0,11.0,0.0,0.8485,0.0001,162.05,166.0,,0.9985,-0.015,0.0047,https://cdn.cboe.com/api/global/delayed_quotes/options/QQQ.json,0.0001,557.6384,0.0,557.6384,5.576384e-07,0.0,5.576384e-07
QQQ,QQQ260515P00548000,2026-05-15,5,put,548.0,798.0,0.0,0.6425,0.0001,0.0,0.74,,-0.0014,-0.015,0.0047,https://cdn.cboe.com/api/global/delayed_quotes/options/QQQ.json,0.0001,0.0,-40454.1312,-40454.1312,0.0,-4.0454131200000004e-05,-4.0454131200000004e-05
QQQ,QQQ260515C00549000,2026-05-15,5,call,549.0,2.0,0.0,0.8481,0.0001,161.08,165.0,,0.9985,-0.0152,0.0048,https://cdn.cboe.com/api/global/delayed_quotes/options/QQQ.json,0.0001,101.38880000000002,0.0,101.38880000000002,1.0138880000000001e-07,0.0,1.0138880000000001e-07
QQQ,QQQ260515P00549000,2026-05-15,5,put,549.0,643.0,0.0,0.6384,0.0001,0.0,0.25,,-0.0015,-0.0152,0.0048,https://cdn.cboe.com/api/global/delayed_quotes/options/QQQ.json,0.0001,0.0,-32596.499200000006,-32596.499200000006,0.0,-3.2596499200000006e-05,-3.2596499200000006e-05
QQQ,QQQ260515C00550000,2026-05-15,5,call,550.0,4455.0,15.0,0.8409,0.0001,160.07,164.0,,0.9984,-0.0154,0.0049,https://cdn.cboe.com/api/global/delayed_quotes/options/QQQ.json,0.0001,225843.552,0.0,225843.552,0.000225843552,0.0,0.000225843552
QQQ,QQQ260515P00550000,2026-05-15,5,put,550.0,19608.0,1879.0,0.6446,0.0001,0.02,0.04,,-0.0015,-0.0155,0.0049,https://cdn.cboe.com/api/global/delayed_quotes/options/QQQ.json,0.0001,0.0,-994015.7952000002,-994015.7952000002,0.0,-0.0009940157952000003,-0.0009940157952000003
QQQ,QQQ260515C00551000,2026-05-15,5,call,551.0,5.0,0.0,0.832,0.0001,159.05,163.0,,0.9984,-0.0157,0.005,https://cdn.cboe.com/api/global/delayed_quotes/options/QQQ.json,0.0001,253.472,0.0,253.472,2.53472e-07,0.0,2.53472e-07
QQQ,QQQ260515P00551000,2026-05-15,5,put,551.0,523.0,284.0,0.6301,0.0001,0.01,0.04,,-0.0015,-0.0157,0.005,https://cdn.cboe.com/api/global/delayed_quotes/options/QQQ.json,0.0001,0.0,-26513.171199999997,-26513.171199999997,0.0,-2.6513171199999996e-05,-2.6513171199999996e-05
QQQ,QQQ260515C00552000,2026-05-15,5,call,552.0,51.0,0.0,0.8265,0.0001,158.05,162.0,,0.9984,-0.0159,0.005,https://cdn.cboe.com/api/global/delayed_quotes/options/QQQ.json,0.0001,2585.4144,0.0,2585.4144,2.5854144e-06,0.0,2.5854144e-06
QQQ,QQQ260515P00552000,2026-05-15,5,put,552.0,322.0,100.0,0.626,0.0001,0.01,0.74,,-0.0016,-0.0159,0.005,https://cdn.cboe.com/api/global/delayed_quotes/options/QQQ.json,0.0001,0.0,-16323.5968,-16323.5968,0.0,-1.63235968e-05,-1.63235968e-05
QQQ,QQQ260515C00553000,2026-05-15,5,call,553.0,35.0,0.0,0.8228,0.0001,157.05,161.0,,0.9983,-0.0161,0.0051,https://cdn.cboe.com/api/global/delayed_quotes/options/QQQ.json,0.0001,1774.3040000000003,0.0,1774.3040000000003,1.7743040000000002e-06,0.0,1.7743040000000002e-06
QQQ,QQQ260515P00553000,2026-05-15,5,put,553.0,449.0,225.0,0.6219,0.0001,0.01,0.24,,-0.0016,-0.0161,0.0051,https://cdn.cboe.com/api/global/delayed_quotes/options/QQQ.json,0.0001,0.0,-22761.7856,-22761.7856,0.0,-2.2761785599999998e-05,-2.2761785599999998e-05
QQQ,QQQ260515C00554000,2026-05-15,5,call,554.0,49.0,0.0,0.8173,0.0001,156.05,160.0,,0.9983,-0.0164,0.0052,https://cdn.cboe.com/api/global/delayed_quotes/options/QQQ.json,0.0001,2484.0256,0.0,2484.0256,2.4840256e-06,0.0,2.4840256e-06
QQQ,QQQ260515P00554000,2026-05-15,5,put,554.0,488.0,6.0,0.6178,0.0001,0.01,0.76,,-0.0016,-0.0164,0.0052,https://cdn.cboe.com/api/global/delayed_quotes/options/QQQ.json,0.0001,0.0,-24738.867199999997,-24738.867199999997,0.0,-2.4738867199999997e-05,-2.4738867199999997e-05
QQQ,QQQ260515C00555000,2026-05-15,5,call,555.0,418.0,0.0,0.8168,0.0001,155.08,159.0,,0.9983,-0.0166,0.0053,https://cdn.cboe.com/api/global/delayed_quotes/options/QQQ.json,0.0001,21190.259200000004,0.0,21190.259200000004,2.1190259200000004e-05,0.0,2.1190259200000004e-05
QQQ,QQQ260515P00555000,2026-05-15,5,put,555.0,7702.0,264.0,0.6136,0.0001,0.01,0.04,,-0.0016,-0.0166,0.0053,https://cdn.cboe.com/api/global/delayed_quotes/options/QQQ.json,0.0001,0.0,-390448.26879999996,-390448.26879999996,0.0,-0.00039044826879999994,-0.00039044826879999994
QQQ,QQQ260515C00556000,2026-05-15,5,call,556.0,21.0,0.0,0.8081,0.0001,154.06,158.0,,0.9982,-0.0168,0.0054,https://cdn.cboe.com/api/global/delayed_quotes/options/QQQ.json,0.0001,1064.5824,0.0,1064.5824,1.0645824e-06,0.0,1.0645824e-06
QQQ,QQQ260515P00556000,2026-05-15,5,put,556.0,524.0,0.0,0.6096,0.0001,0.0,0.24,,-0.0017,-0.0168,0.0054,https://cdn.cboe.com/api/global/delayed_quotes/options/QQQ.json,0.0001,0.0,-26563.8656,-26563.8656,0.0,-2.6563865600000002e-05,-2.6563865600000002e-05
QQQ,QQQ260515C00557000,2026-05-15,5,call,557.0,24.0,0.0,0.8075,0.0001,153.09,157.0,,0.9982,-0.0171,0.0055,https://cdn.cboe.com/api/global/delayed_quotes/options/QQQ.json,0.0001,1216.6656,0.0,1216.6656,1.2166656e-06,0.0,1.2166656e-06
QQQ,QQQ260515P00557000,2026-05-15,5,put,557.0,657.0,41.0,0.6055,0.0001,0.01,0.04,,-0.0017,-0.0171,0.0055,https://cdn.cboe.com/api/global/delayed_quotes/options/QQQ.json,0.0001,0.0,-33306.2208,-33306.2208,0.0,-3.3306220800000004e-05,-3.3306220800000004e-05
QQQ,QQQ260515C00558000,2026-05-15,5,call,558.0,69.0,0.0,0.7972,0.0001,152.06,156.0,,0.9982,-0.0173,0.0056,https://cdn.cboe.com/api/global/delayed_quotes/options/QQQ.json,0.0001,3497.9136000000003,0.0,3497.9136000000003,3.4979136e-06,0.0,3.4979136e-06
QQQ,QQQ260515P00558000,2026-05-15,5,put,558.0,898.0,223.0,0.6014,0.0001,0.01,0.04,,-0.0017,-0.0173,0.0056,https://cdn.cboe.com/api/global/delayed_quotes/options/QQQ.json,0.0001,0.0,-45523.5712,-45523.5712,0.0,-4.5523571199999996e-05,-4.5523571199999996e-05
QQQ,QQQ260515C00559000,2026-05-15,5,call,559.0,132.0,0.0,0.795,0.0001,151.08,155.0,,0.9981,-0.0175,0.0057,https://cdn.cboe.com/api/global/delayed_quotes/options/QQQ.json,0.0001,6691.660800000001,0.0,6691.660800000001,6.691660800000001e-06,0.0,6.691660800000001e-06
QQQ,QQQ260515P00559000,2026-05-15,5,put,559.0,1154.0,45.0,0.5973,0.0001,0.02,0.03,,-0.0018,-0.0175,0.0057,https://cdn.cboe.com/api/global/delayed_quotes/options/QQQ.json,0.0001,0.0,-58501.337600000006,-58501.337600000006,0.0,-5.8501337600000006e-05,-5.8501337600000006e-05
QQQ,QQQ260515C00560000,2026-05-15,5,call,560.0,1655.0,10.0,0.7912,0.0001,150.09,154.0,,0.9981,-0.0178,0.0058,https://cdn.cboe.com/api/global/delayed_quotes/options/QQQ.json,0.0001,83899.23200000002,0.0,83899.23200000002,8.389923200000001e-05,0.0,8.389923200000001e-05
QQQ,QQQ260515P00560000,2026-05-15,5,put,560.0,13844.0,108.0,0.5932,0.0001,0.01,0.04,,-0.0018,-0.0178,0.0058,https://cdn.cboe.com/api/global/delayed_quotes/options/QQQ.json,0.0001,0.0,-701813.2736,-701813.2736,0.0,-0.0007018132736,-0.0007018132736
QQQ,QQQ260515C00561000,2026-05-15,5,call,561.0,166.0,0.0,0.7858,0.0001,149.09,153.0,,0.9981,-0.018,0.0059,https://cdn.cboe.com/api/global/delayed_quotes/options/QQQ.json,0.0001,8415.2704,0.0,8415.2704,8.4152704e-06,0.0,8.4152704e-06
QQQ,QQQ260515P00561000,2026-05-15,5,put,561.0,668.0,2.0,0.5988,0.0001,0.02,0.04,,-0.0018,-0.018,0.006,https://cdn.cboe.com/api/global/delayed_quotes/options/QQQ.json,0.0001,0.0,-33863.8592,-33863.8592,0.0,-3.38638592e-05,-3.38638592e-05
QQQ,QQQ260515C00562000,2026-05-15,5,call,562.0,161.0,0.0,0.7788,0.0001,148.07,152.0,,0.998,-0.0183,0.006,https://cdn.cboe.com/api/global/delayed_quotes/options/QQQ.json,0.0001,8161.7984,0.0,8161.7984,8.1617984e-06,0.0,8.1617984e-06
QQQ,QQQ260515P00562000,2026-05-15,5,put,562.0,1009.0,1.0,0.5851,0.0001,0.01,0.04,,-0.0019,-0.0183,0.006,https://cdn.cboe.com/api/global/delayed_quotes/options/QQQ.json,0.0001,0.0,-51150.649600000004,-51150.649600000004,0.0,-5.11506496e-05,-5.11506496e-05
QQQ,QQQ260515C00563000,2026-05-15,5,call,563.0,821.0,0.0,0.7734,0.0001,147.07,151.0,,0.998,-0.0185,0.0062,https://cdn.cboe.com/api/global/delayed_quotes/options/QQQ.json,0.0001,41620.1024,0.0,41620.1024,4.1620102400000003e-05,0.0,4.1620102400000003e-05
QQQ,QQQ260515P00563000,2026-05-15,5,put,563.0,4513.0,146.0,0.5698,0.0001,0.01,0.03,,-0.0019,-0.0185,0.0062,https://cdn.cboe.com/api/global/delayed_quotes/options/QQQ.json,0.0001,0.0,-228783.82720000003,-228783.82720000003,0.0,-0.00022878382720000002,-0.00022878382720000002
QQQ,QQQ260515C00564000,2026-05-15,5,call,564.0,295.0,0.0,0.768,0.0001,146.07,150.0,,0.998,-0.0188,0.0063,https://cdn.cboe.com/api/global/delayed_quotes/options/QQQ.json,0.0001,14954.848,0.0,14954.848,1.4954848e-05,0.0,1.4954848e-05
QQQ,QQQ260515P00564000,2026-05-15,5,put,564.0,1046.0,141.0,0.577,0.0001,0.01,0.04,,-0.002,-0.0188,0.0063,https://cdn.cboe.com/api/global/delayed_quotes/options/QQQ.json,0.0001,0.0,-53026.342399999994,-53026.342399999994,0.0,-5.302634239999999e-05,-5.302634239999999e-05
QQQ,QQQ260515C00565000,2026-05-15,5,call,565.0,700.0,11.0,0.7657,0.0001,145.09,149.0,,0.9979,-0.019,0.0064,https://cdn.cboe.com/api/global/delayed_quotes/options/QQQ.json,0.0001,35486.08000000001,0.0,35486.08000000001,3.548608000000001e-05,0.0,3.548608000000001e-05
QQQ,QQQ260515P00565000,2026-05-15,5,put,565.0,6547.0,38.0,0.5907,0.0001,0.03,0.04,,-0.002,-0.019,0.0064,https://cdn.cboe.com/api/global/delayed_quotes/options/QQQ.json,0.0001,0.0,-331896.2368,-331896.2368,0.0,-0.0003318962368,-0.0003318962368
QQQ,QQQ260515C00566000,2026-05-15,5,call,566.0,257.0,1.0,0.7572,0.0001,144.07,148.0,,0.9979,-0.0193,0.0065,https://cdn.cboe.com/api/global/delayed_quotes/options/QQQ.json,0.0001,13028.4608,0.0,13028.4608,1.30284608e-05,0.0,1.30284608e-05
QQQ,QQQ260515P00566000,2026-05-15,5,put,566.0,487.0,117.0,0.5688,0.0001,0.01,0.04,,-0.002,-0.0193,0.0065,https://cdn.cboe.com/api/global/delayed_quotes/options/QQQ.json,0.0001,0.0,-24688.172800000004,-24688.172800000004,0.0,-2.4688172800000005e-05,-2.4688172800000005e-05
QQQ,QQQ260515C00567000,2026-05-15,5,call,567.0,212.0,0.0,0.7519,0.0001,143.07,147.0,,0.9978,-0.0196,0.0066,https://cdn.cboe.com/api/global/delayed_quotes/options/QQQ.json,0.0001,10747.212800000001,0.0,10747.212800000001,1.0747212800000002e-05,0.0,1.0747212800000002e-05
QQQ,QQQ260515P00567000,2026-05-15,5,put,567.0,802.0,0.0,0.5647,0.0001,0.01,0.15,,-0.0021,-0.0196,0.0066,https://cdn.cboe.com/api/global/delayed_quotes/options/QQQ.json,0.0001,0.0,-40656.90880000001,-40656.90880000001,0.0,-4.0656908800000015e-05,-4.0656908800000015e-05
QQQ,QQQ260515C00568000,2026-05-15,5,call,568.0,460.0,0.0,0.7465,0.0001,142.07,146.0,,0.9978,-0.0198,0.0067,https://cdn.cboe.com/api/global/delayed_quotes/options/QQQ.json,0.0001,23319.424,0.0,23319.424,2.3319423999999998e-05,0.0,2.3319423999999998e-05
QQQ,QQQ260515P00568000,2026-05-15,5,put,568.0,638.0,0.0,0.5607,0.0001,0.01,0.24,,-0.0021,-0.0198,0.0067,https://cdn.cboe.com/api/global/delayed_quotes/options/QQQ.json,0.0001,0.0,-32343.027200000004,-32343.027200000004,0.0,-3.23430272e-05,-3.23430272e-05
QQQ,QQQ260515C00569000,2026-05-15,5,call,569.0,253.0,0.0,0.7412,0.0001,141.07,145.0,,0.9978,-0.0201,0.0069,https://cdn.cboe.com/api/global/delayed_quotes/options/QQQ.json,0.0001,12825.6832,0.0,12825.6832,1.28256832e-05,0.0,1.28256832e-05
QQQ,QQQ260515P00569000,2026-05-15,5,put,569.0,1203.0,0.0,0.566,0.0001,0.02,0.24,,-0.0022,-0.0201,0.0069,https://cdn.cboe.com/api/global/delayed_quotes/options/QQQ.json,0.0001,0.0,-60985.36320000001,-60985.36320000001,0.0,-6.098536320000001e-05,-6.098536320000001e-05
QQQ,QQQ260515C00570000,2026-05-15,5,call,570.0,3120.0,7.0,0.7419,0.0001,140.1,144.0,,0.9977,-0.0204,0.007,https://cdn.cboe.com/api/global/delayed_quotes/options/QQQ.json,0.0001,158166.528,0.0,158166.528,0.00015816652799999998,0.0,0.00015816652799999998
QQQ,QQQ260515P00570000,2026-05-15,5,put,570.0,17033.0,539.0,0.5619,0.0001,0.02,0.04,,-0.0022,-0.0204,0.007,https://cdn.cboe.com/api/global/delayed_quotes/options/QQQ.json,0.0001,0.0,-863477.7152000001,-863477.7152000001,0.0,-0.0008634777152000001,-0.0008634777152000001
QQQ,QQQ260515C00571000,2026-05-15,5,call,571.0,603.0,0.0,0.7365,0.0001,139.1,143.0,,0.9977,-0.0206,0.0071,https://cdn.cboe.com/api/global/delayed_quotes/options/QQQ.json,0.0001,30568.723200000004,0.0,30568.723200000004,3.0568723200000004e-05,0.0,3.0568723200000004e-05
QQQ,QQQ260515P00571000,2026-05-15,5,put,571.0,1015.0,27.0,0.5659,0.0001,0.02,0.05,,-0.0022,-0.0206,0.0071,https://cdn.cboe.com/api/global/delayed_quotes/options/QQQ.json,0.0001,0.0,-51454.816000000006,-51454.816000000006,0.0,-5.1454816000000005e-05,-5.1454816000000005e-05
QQQ,QQQ260515C00572000,2026-05-15,5,call,572.0,372.0,4.0,0.7326,0.0001,138.11,142.0,,0.9976,-0.0209,0.0072,https://cdn.cboe.com/api/global/delayed_quotes/options/QQQ.json,0.0001,18858.3168,0.0,18858.3168,1.8858316800000002e-05,0.0,1.8858316800000002e-05
QQQ,QQQ260515P00572000,2026-05-15,5,put,572.0,625.0,29.0,0.5617,0.0001,0.0,0.05,,-0.0023,-0.0209,0.0072,https://cdn.cboe.com/api/global/delayed_quotes/options/QQQ.json,0.0001,0.0,-31684.0,-31684.0,0.0,-3.1684e-05,-3.1684e-05
QQQ,QQQ260515C00573000,2026-05-15,5,call,573.0,119.0,0.0,0.7229,0.0001,137.08,141.0,,0.9976,-0.0212,0.0074,https://cdn.cboe.com/api/global/delayed_quotes/options/QQQ.json,0.0001,6032.633600000001,0.0,6032.633600000001,6.032633600000001e-06,0.0,6.032633600000001e-06
QQQ,QQQ260515P00573000,2026-05-15,5,put,573.0,400.0,76.0,0.5576,0.0001,0.02,0.05,,-0.0023,-0.0212,0.0074,https://cdn.cboe.com/api/global/delayed_quotes/options/QQQ.json,0.0001,0.0,-20277.760000000002,-20277.760000000002,0.0,-2.027776e-05,-2.027776e-05
QQQ,QQQ260515C00574000,2026-05-15,5,call,574.0,295.0,0.0,0.7175,0.0001,136.08,140.0,,0.9975,-0.0215,0.0075,https://cdn.cboe.com/api/global/delayed_quotes/options/QQQ.json,0.0001,14954.848,0.0,14954.848,1.4954848e-05,0.0,1.4954848e-05
QQQ,QQQ260515P00574000,2026-05-15,5,put,574.0,486.0,3.0,0.5535,0.0001,0.02,0.05,,-0.0024,-0.0215,0.0075,https://cdn.cboe.com/api/global/delayed_quotes/options/QQQ.json,0.0001,0.0,-24637.478400000004,-24637.478400000004,0.0,-2.4637478400000002e-05,-2.4637478400000002e-05
QQQ,QQQ260515C00575000,2026-05-15,5,call,575.0,1612.0,47.0,0.7137,0.0001,135.09,139.0,,0.9975,-0.0217,0.0076,https://cdn.cboe.com/api/global/delayed_quotes/options/QQQ.json,0.0001,81719.3728,0.0,81719.3728,8.17193728e-05,0.0,8.17193728e-05
QQQ,QQQ260515P00575000,2026-05-15,5,put,575.0,12917.0,388.0,0.5416,0.0001,0.02,0.22,,-0.0024,-0.0217,0.0076,https://cdn.cboe.com/api/global/delayed_quotes/options/QQQ.json,0.0001,0.0,-654819.5648000002,-654819.5648000002,0.0,-0.0006548195648000001,-0.0006548195648000001
QQQ,QQQ260515C00576000,2026-05-15,5,call,576.0,246.0,0.0,0.7069,0.0001,134.08,138.0,,0.9974,-0.022,0.0078,https://cdn.cboe.com/api/global/delayed_quotes/options/QQQ.json,0.0001,12470.822400000001,0.0,12470.822400000001,1.2470822400000001e-05,0.0,1.2470822400000001e-05
QQQ,QQQ260515P00576000,2026-05-15,5,put,576.0,506.0,49.0,0.5453,0.0001,0.02,0.05,,-0.0025,-0.022,0.0078,https://cdn.cboe.com/api/global/delayed_quotes/options/QQQ.json,0.0001,0.0,-25651.3664,-25651.3664,0.0,-2.56513664e-05,-2.56513664e-05
QQQ,QQQ260515C00577000,2026-05-15,5,call,577.0,160.0,1.0,0.7031,0.0001,133.09,137.0,,0.9974,-0.0223,0.0079,https://cdn.cboe.com/api/global/delayed_quotes/options/QQQ.json,0.0001,8111.104,0.0,8111.104,8.111104e-06,0.0,8.111104e-06
QQQ,QQQ260515P00577000,2026-05-15,5,put,577.0,600.0,74.0,0.5412,0.0001,0.0,0.05,,-0.0025,-0.0223,0.0079,https://cdn.cboe.com/api/global/delayed_quotes/options/QQQ.json,0.0001,0.0,-30416.640000000007,-30416.640000000007,0.0,-3.0416640000000006e-05,-3.0416640000000006e-05
QQQ,QQQ260515C00578000,2026-05-15,5,call,578.0,206.0,0.0,0.6978,0.0001,132.08,136.0,,0.9973,-0.0226,0.008,https://cdn.cboe.com/api/global/delayed_quotes/options/QQQ.json,0.0001,10443.046400000001,0.0,10443.046400000001,1.04430464e-05,0.0,1.04430464e-05
QQQ,QQQ260515P00578000,2026-05-15,5,put,578.0,424.0,11.0,0.5371,0.0001,0.02,0.05,,-0.0026,-0.0226,0.0081,https://cdn.cboe.com/api/global/delayed_quotes/options/QQQ.json,0.0001,0.0,-21494.425600000002,-21494.425600000002,0.0,-2.1494425600000003e-05,-2.1494425600000003e-05
QQQ,QQQ260515C00579000,2026-05-15,5,call,579.0,802.0,0.0,0.6939,0.0001,131.09,135.0,,0.9973,-0.0229,0.0082,https://cdn.cboe.com/api/global/delayed_quotes/options/QQQ.json,0.0001,40656.90880000001,0.0,40656.90880000001,4.0656908800000015e-05,0.0,4.0656908800000015e-05
QQQ,QQQ260515P00579000,2026-05-15,5,put,579.0,633.0,155.0,0.533,0.0001,0.02,0.05,,-0.0026,-0.0229,0.0082,https://cdn.cboe.com/api/global/delayed_quotes/options/QQQ.json,0.0001,0.0,-32089.555200000006,-32089.555200000006,0.0,-3.2089555200000005e-05,-3.2089555200000005e-05
QQQ,QQQ260515C00580000,2026-05-15,5,call,580.0,4292.0,10.0,0.6914,0.0001,130.11,134.0,,0.9972,-0.0232,0.0084,https://cdn.cboe.com/api/global/delayed_quotes/options/QQQ.json,0.0001,217580.3648,0.0,217580.3648,0.0002175803648,0.0,0.0002175803648
QQQ,QQQ260515P00580000,2026-05-15,5,put,580.0,18631.0,304.0,0.529,0.0001,0.02,0.05,,-0.0027,-0.0232,0.0084,https://cdn.cboe.com/api/global/delayed_quotes/options/QQQ.json,0.0001,0.0,-944487.3664,-944487.3664,0.0,-0.0009444873664,-0.0009444873664
QQQ,QQQ260515C00581000,2026-05-15,5,call,581.0,555.0,7.0,0.6833,0.0002,129.09,133.0,,0.9972,-0.0235,0.0085,https://cdn.cboe.com/api/global/delayed_quotes/options/QQQ.json,0.0002,56270.78399999999,0.0,56270.78399999999,5.627078399999999e-05,0.0,5.627078399999999e-05
QQQ,QQQ260515P00581000,2026-05-15,5,put,581.0,982.0,11.0,0.5249,0.0002,0.0,0.05,,-0.0027,-0.0235,0.0085,https://cdn.cboe.com/api/global/delayed_quotes/options/QQQ.json,0.0002,0.0,-99563.8016,-99563.8016,0.0,-9.956380160000001e-05,-9.956380160000001e-05
QQQ,QQQ260515C00582000,2026-05-15,5,call,582.0,1174.0,1.0,0.6781,0.0002,128.09,132.0,,0.9971,-0.0238,0.0087,https://cdn.cboe.com/api/global/delayed_quotes/options/QQQ.json,0.0002,119030.45120000001,0.0,119030.45120000001,0.00011903045120000001,0.0,0.00011903045120000001
QQQ,QQQ260515P00582000,2026-05-15,5,put,582.0,1564.0,79.0,0.5208,0.0002,0.02,0.05,,-0.0028,-0.0238,0.0087,https://cdn.cboe.com/api/global/delayed_quotes/options/QQQ.json,0.0002,0.0,-158572.0832,-158572.0832,0.0,-0.0001585720832,-0.0001585720832
QQQ,QQQ260515C00583000,2026-05-15,5,call,583.0,884.0,0.0,0.6756,0.0002,127.11,131.0,,0.9971,-0.0241,0.0088,https://cdn.cboe.com/api/global/delayed_quotes/options/QQQ.json,0.0002,89627.6992,0.0,89627.6992,8.96276992e-05,0.0,8.96276992e-05
QQQ,QQQ260515P00583000,2026-05-15,5,put,583.0,3029.0,10.0,0.5167,0.0002,0.02,0.05,,-0.0028,-0.0242,0.0088,https://cdn.cboe.com/api/global/delayed_quotes/options/QQQ.json,0.0002,0.0,-307106.6752,-307106.6752,0.0,-0.0003071066752,-0.0003071066752
QQQ,QQQ260515C00584000,2026-05-15,5,call,584.0,298.0,2.0,0.6689,0.0002,126.09,130.0,,0.997,-0.0244,0.009,https://cdn.cboe.com/api/global/delayed_quotes/options/QQQ.json,0.0002,30213.862399999998,0.0,30213.862399999998,3.0213862399999998e-05,0.0,3.0213862399999998e-05
QQQ,QQQ260515P00584000,2026-05-15,5,put,584.0,1162.0,76.0,0.5126,0.0002,0.0,0.25,,-0.0029,-0.0245,0.009,https://cdn.cboe.com/api/global/delayed_quotes/options/QQQ.json,0.0002,0.0,-117813.7856,-117813.7856,0.0,-0.0001178137856,-0.0001178137856
QQQ,QQQ260515C00585000,2026-05-15,5,call,585.0,4343.0,4.0,0.6677,0.0002,125.12,129.0,,0.997,-0.0248,0.0092,https://cdn.cboe.com/api/global/delayed_quotes/options/QQQ.json,0.0002,440331.5584,0.0,440331.5584,0.0004403315584,0.0,0.0004403315584
QQQ,QQQ260515P00585000,2026-05-15,5,put,585.0,13839.0,76.0,0.5152,0.0002,0.03,0.05,,-0.003,-0.0248,0.0092,https://cdn.cboe.com/api/global/delayed_quotes/options/QQQ.json,0.0002,0.0,-1403119.6032000002,-1403119.6032000002,0.0,-0.0014031196032000003,-0.0014031196032000003
QQQ,QQQ260515C00586000,2026-05-15,5,call,586.0,562.0,0.0,0.6598,0.0002,124.1,128.0,,0.9969,-0.0251,0.0093,https://cdn.cboe.com/api/global/delayed_quotes/options/QQQ.json,0.0002,56980.505600000004,0.0,56980.505600000004,5.6980505600000004e-05,0.0,5.6980505600000004e-05
QQQ,QQQ260515P00586000,2026-05-15,5,put,586.0,1513.0,1.0,0.5111,0.0002,0.03,0.05,,-0.003,-0.0251,0.0093,https://cdn.cboe.com/api/global/delayed_quotes/options/QQQ.json,0.0002,0.0,-153401.25440000003,-153401.25440000003,0.0,-0.00015340125440000004,-0.00015340125440000004
QQQ,QQQ260515C00587000,2026-05-15,5,call,587.0,548.0,2.0,0.6572,0.0002,123.12,127.0,,0.9968,-0.0254,0.0095,https://cdn.cboe.com/api/global/delayed_quotes/options/QQQ.json,0.0002,55561.0624,0.0,55561.0624,5.55610624e-05,0.0,5.55610624e-05
QQQ,QQQ260515P00587000,2026-05-15,5,put,587.0,2277.0,27.0,0.513,0.0002,0.03,0.06,,-0.0031,-0.0254,0.0095,https://cdn.cboe.com/api/global/delayed_quotes/options/QQQ.json,0.0002,0.0,-230862.29760000002,-230862.29760000002,0.0,-0.0002308622976,-0.0002308622976
QQQ,QQQ260515C00588000,2026-05-15,5,call,588.0,1747.0,17.0,0.6532,0.0002,122.13,126.0,,0.9968,-0.0258,0.0097,https://cdn.cboe.com/api/global/delayed_quotes/options/QQQ.json,0.0002,177126.23360000004,0.0,177126.23360000004,0.00017712623360000005,0.0,0.00017712623360000005
QQQ,QQQ260515P00588000,2026-05-15,5,put,588.0,3352.0,34.0,0.5088,0.0002,0.03,0.06,,-0.0031,-0.0258,0.0097,https://cdn.cboe.com/api/global/delayed_quotes/options/QQQ.json,0.0002,0.0,-339855.25760000007,-339855.25760000007,0.0,-0.00033985525760000005,-0.00033985525760000005
QQQ,QQQ260515C00589000,2026-05-15,5,call,589.0,1377.0,0.0,0.6454,0.0002,121.11,125.0,,0.9967,-0.0261,0.0099,https://cdn.cboe.com/api/global/delayed_quotes/options/QQQ.json,0.0002,139612.3776,0.0,139612.3776,0.00013961237760000002,0.0,0.00013961237760000002
QQQ,QQQ260515P00589000,2026-05-15,5,put,589.0,2236.0,26.0,0.5047,0.0002,0.0,0.06,,-0.0032,-0.0261,0.0099,https://cdn.cboe.com/api/global/delayed_quotes/options/QQQ.json,0.0002,0.0,-226705.35680000004,-226705.35680000004,0.0,-0.00022670535680000003,-0.00022670535680000003
QQQ,QQQ260515C00590000,2026-05-15,5,call,590.0,7287.0,10.0,0.6023,0.0002,120.13,123.5,,0.9966,-0.0264,0.01,https://cdn.cboe.com/api/global/delayed_quotes/options/QQQ.json,0.0002,738820.1856000001,0.0,738820.1856000001,0.0007388201856,0.0,0.0007388201856
QQQ,QQQ260515P00590000,2026-05-15,5,put,590.0,15654.0,1191.0,0.5006,0.0002,0.03,0.06,,-0.0033,-0.0264,0.01,https://cdn.cboe.com/api/global/delayed_quotes/options/QQQ.json,0.0002,0.0,-1587140.2752,-1587140.2752,0.0,-0.0015871402752,-0.0015871402752
QQQ,QQQ260515C00591000,2026-05-15,5,call,591.0,1590.0,5.0,0.6375,0.0002,119.12,123.0,,0.9966,-0.0268,0.0102,https://cdn.cboe.com/api/global/delayed_quotes/options/QQQ.json,0.0002,161208.192,0.0,161208.192,0.000161208192,0.0,0.000161208192
QQQ,QQQ260515P00591000,2026-05-15,5,put,591.0,1347.0,1.0,0.4965,0.0002,0.03,0.06,,-0.0033,-0.0268,0.0102,https://cdn.cboe.com/api/global/delayed_quotes/options/QQQ.json,0.0002,0.0,-136570.71360000002,-136570.71360000002,0.0,-0.00013657071360000003,-0.00013657071360000003
QQQ,QQQ260515C00592000,2026-05-15,5,call,592.0,639.0,4.0,0.6335,0.0002,118.13,122.0,,0.9965,-0.0271,0.0104,https://cdn.cboe.com/api/global/delayed_quotes/options/QQQ.json,0.0002,64787.443199999994,0.0,64787.443199999994,6.478744319999999e-05,0.0,6.478744319999999e-05
QQQ,QQQ260515P00592000,2026-05-15,5,put,592.0,1137.0,1.0,0.4924,0.0002,0.03,0.06,,-0.0034,-0.0272,0.0104,https://cdn.cboe.com/api/global/delayed_quotes/options/QQQ.json,0.0002,0.0,-115279.0656,-115279.0656,0.0,-0.0001152790656,-0.0001152790656
QQQ,QQQ260515C00593000,2026-05-15,5,call,593.0,560.0,3.0,0.6295,0.0002,117.14,121.0,,0.9964,-0.0275,0.0106,https://cdn.cboe.com/api/global/delayed_quotes/options/QQQ.json,0.0002,56777.72800000001,0.0,56777.72800000001,5.677772800000001e-05,0.0,5.677772800000001e-05
QQQ,QQQ260515P00593000,2026-05-15,5,put,593.0,3246.0,49.0,0.4883,0.0002,0.03,0.06,,-0.0035,-0.0275,0.0106,https://cdn.cboe.com/api/global/delayed_quotes/options/QQQ.json,0.0002,0.0,-329108.04480000003,-329108.04480000003,0.0,-0.0003291080448,-0.0003291080448
QQQ,QQQ260515C00594000,2026-05-15,5,call,594.0,1156.0,1.0,0.6218,0.0002,116.12,120.0,,0.9964,-0.0278,0.0108,https://cdn.cboe.com/api/global/delayed_quotes/options/QQQ.json,0.0002,117205.45280000001,0.0,117205.45280000001,0.00011720545280000001,0.0,0.00011720545280000001
QQQ,QQQ260515P00594000,2026-05-15,5,put,594.0,1108.0,23.0,0.4842,0.0002,0.03,0.06,,-0.0036,-0.0279,0.0108,https://cdn.cboe.com/api/global/delayed_quotes/options/QQQ.json,0.0002,0.0,-112338.79040000001,-112338.79040000001,0.0,-0.00011233879040000002,-0.00011233879040000002
QQQ,QQQ260515C00595000,2026-05-15,5,call,595.0,7549.0,8.0,0.6191,0.0002,115.14,119.0,,0.9963,-0.0282,0.011,https://cdn.cboe.com/api/global/delayed_quotes/options/QQQ.json,0.0002,765384.0511999999,0.0,765384.0511999999,0.0007653840511999999,0.0,0.0007653840511999999
QQQ,QQQ260515P00595000,2026-05-15,5,put,595.0,12127.0,239.0,0.4852,0.0002,0.0,0.51,,-0.0036,-0.0282,0.011,https://cdn.cboe.com/api/global/delayed_quotes/options/QQQ.json,0.0002,0.0,-1229541.9776,-1229541.9776,0.0,-0.0012295419776,-0.0012295419776
QQQ,QQQ260515C00596000,2026-05-15,5,call,596.0,707.0,0.0,0.6101,0.0002,114.11,118.0,,0.9962,-0.0286,0.0112,https://cdn.cboe.com/api/global/delayed_quotes/options/QQQ.json,0.0002,71681.88160000001,0.0,71681.88160000001,7.168188160000001e-05,0.0,7.168188160000001e-05
QQQ,QQQ260515P00596000,2026-05-15,5,put,596.0,1746.0,43.0,0.4811,0.0002,0.04,0.06,,-0.0037,-0.0286,0.0112,https://cdn.cboe.com/api/global/delayed_quotes/options/QQQ.json,0.0002,0.0,-177024.84480000002,-177024.84480000002,0.0,-0.00017702484480000002,-0.00017702484480000002
QQQ,QQQ260515C00597000,2026-05-15,5,call,597.0,1361.0,1.0,0.6099,0.0002,113.14,117.0,,0.9961,-0.029,0.0114,https://cdn.cboe.com/api/global/delayed_quotes/options/QQQ.json,0.0002,137990.1568,0.0,137990.1568,0.00013799015679999998,0.0,0.00013799015679999998
QQQ,QQQ260515P00597000,2026-05-15,5,put,597.0,2752.0,26.0,0.477,0.0002,0.0,0.78,,-0.0038,-0.029,0.0114,https://cdn.cboe.com/api/global/delayed_quotes/options/QQQ.json,0.0002,0.0,-279021.9776,-279021.9776,0.0,-0.0002790219776,-0.0002790219776
QQQ,QQQ260515C00598000,2026-05-15,5,call,598.0,1328.0,36.0,0.6034,0.0002,112.13,116.0,,0.9961,-0.0293,0.0117,https://cdn.cboe.com/api/global/delayed_quotes/options/QQQ.json,0.0002,134644.3264,0.0,134644.3264,0.0001346443264,0.0,0.0001346443264
QQQ,QQQ260515P00598000,2026-05-15,5,put,598.0,4617.0,38.0,0.4728,0.0002,0.04,0.26,,-0.0038,-0.0294,0.0117,https://cdn.cboe.com/api/global/delayed_quotes/options/QQQ.json,0.0002,0.0,-468112.0896,-468112.0896,0.0,-0.0004681120896,-0.0004681120896
QQQ,QQQ260515C00599000,2026-05-15,5,call,599.0,896.0,9.0,0.5982,0.0002,111.13,115.0,,0.996,-0.0297,0.0119,https://cdn.cboe.com/api/global/delayed_quotes/options/QQQ.json,0.0002,90844.36479999998,0.0,90844.36479999998,9.084436479999998e-05,0.0,9.084436479999998e-05
QQQ,QQQ260515P00599000,2026-05-15,5,put,599.0,1231.0,51.0,0.4734,0.0002,0.04,0.07,,-0.0039,-0.0298,0.0119,https://cdn.cboe.com/api/global/delayed_quotes/options/QQQ.json,0.0002,0.0,-124809.61280000002,-124809.61280000002,0.0,-0.0001248096128,-0.0001248096128
QQQ,QQQ260515C00600000,2026-05-15,5,call,600.0,33511.0,55.0,0.5942,0.0002,110.14,114.0,,0.9959,-0.0301,0.0121,https://cdn.cboe.com/api/global/delayed_quotes/options/QQQ.json,0.0002,3397640.0768,0.0,3397640.0768,0.0033976400768,0.0,0.0033976400768
QQQ,QQQ260515P00600000,2026-05-15,5,put,600.0,59462.0,1756.0,0.4691,0.0003,0.04,0.07,,-0.004,-0.0302,0.0121,https://cdn.cboe.com/api/global/delayed_quotes/options/QQQ.json,0.0003,0.0,-9043171.2384,-9043171.2384,0.0,-0.009043171238399999,-0.009043171238399999
QQQ,QQQ260515C00601000,2026-05-15,5,call,601.0,1043.0,3.0,0.5854,0.0003,109.11,113.0,,0.9958,-0.0305,0.0123,https://cdn.cboe.com/api/global/delayed_quotes/options/QQQ.json,0.0003,158622.77759999997,0.0,158622.77759999997,0.00015862277759999996,0.0,0.00015862277759999996
QQQ,QQQ260515P00601000,2026-05-15,5,put,601.0,17718.0,213.0,0.4651,0.0003,0.04,0.07,,-0.0041,-0.0306,0.0124,https://cdn.cboe.com/api/global/delayed_quotes/options/QQQ.json,0.0003,0.0,-2694610.1376,-2694610.1376,0.0,-0.0026946101376,-0.0026946101376
QQQ,QQQ260515C00602000,2026-05-15,5,call,602.0,924.0,15.0,0.585,0.0003,108.14,112.0,,0.9957,-0.031,0.0126,https://cdn.cboe.com/api/global/delayed_quotes/options/QQQ.json,0.0003,140524.8768,0.0,140524.8768,0.0001405248768,0.0,0.0001405248768
QQQ,QQQ260515P00602000,2026-05-15,5,put,602.0,1275.0,29.0,0.461,0.0003,0.04,0.07,,-0.0042,-0.031,0.0126,https://cdn.cboe.com/api/global/delayed_quotes/options/QQQ.json,0.0003,0.0,-193906.07999999996,-193906.07999999996,0.0,-0.00019390607999999996,-0.00019390607999999996
QQQ,QQQ260515C00603000,2026-05-15,5,call,603.0,1715.0,17.0,0.5787,0.0003,107.13,111.0,,0.9956,-0.0314,0.0128,https://cdn.cboe.com/api/global/delayed_quotes/options/QQQ.json,0.0003,260822.68799999997,0.0,260822.68799999997,0.000260822688,0.0,0.000260822688
QQQ,QQQ260515P00603000,2026-05-15,5,put,603.0,2270.0,1049.0,0.4568,0.0003,0.04,0.07,,-0.0043,-0.0314,0.0128,https://cdn.cboe.com/api/global/delayed_quotes/options/QQQ.json,0.0003,0.0,-345228.864,-345228.864,0.0,-0.000345228864,-0.000345228864
QQQ,QQQ260515C00604000,2026-05-15,5,call,604.0,1864.0,10.0,0.5746,0.0003,106.14,110.0,,0.9955,-0.0318,0.0131,https://cdn.cboe.com/api/global/delayed_quotes/options/QQQ.json,0.0003,283483.08479999995,0.0,283483.08479999995,0.00028348308479999993,0.0,0.00028348308479999993
QQQ,QQQ260515P00604000,2026-05-15,5,put,604.0,2174.0,60.0,0.4526,0.0003,0.04,0.07,,-0.0044,-0.0318,0.0131,https://cdn.cboe.com/api/global/delayed_quotes/options/QQQ.json,0.0003,0.0,-330628.8767999999,-330628.8767999999,0.0,-0.0003306288767999999,-0.0003306288767999999
QQQ,QQQ260515C00605000,2026-05-15,5,call,605.0,11258.0,173.0,0.5706,0.0003,105.15,109.0,,0.9954,-0.0322,0.0134,https://cdn.cboe.com/api/global/delayed_quotes/options/QQQ.json,0.0003,1712152.6655999997,0.0,1712152.6655999997,0.0017121526655999998,0.0,0.0017121526655999998
QQQ,QQQ260515P00605000,2026-05-15,5,put,605.0,14174.0,221.0,0.4527,0.0003,0.05,0.07,,-0.0045,-0.0322,0.0134,https://cdn.cboe.com/api/global/delayed_quotes/options/QQQ.json,0.0003,0.0,-2155627.2767999996,-2155627.2767999996,0.0,-0.0021556272768,-0.0021556272768
QQQ,QQQ260515C00606000,2026-05-15,5,call,606.0,1297.0,12.0,0.5643,0.0003,104.14,108.0,,0.9954,-0.0327,0.0136,https://cdn.cboe.com/api/global/delayed_quotes/options/QQQ.json,0.0003,197251.9104,0.0,197251.9104,0.0001972519104,0.0,0.0001972519104
QQQ,QQQ260515P00606000,2026-05-15,5,put,606.0,4600.0,50.0,0.4486,0.0003,0.0,0.07,,-0.0046,-0.0327,0.0136,https://cdn.cboe.com/api/global/delayed_quotes/options/QQQ.json,0.0003,0.0,-699582.72,-699582.72,0.0,-0.00069958272,-0.00069958272
QQQ,QQQ260515C00607000,2026-05-15,5,call,607.0,1118.0,19.0,0.5603,0.0003,103.14,107.0,,0.9952,-0.0331,0.0139,https://cdn.cboe.com/api/global/delayed_quotes/options/QQQ.json,0.0003,170029.0176,0.0,170029.0176,0.0001700290176,0.0,0.0001700290176
QQQ,QQQ260515P00607000,2026-05-15,5,put,607.0,5853.0,83.0,0.4444,0.0003,0.05,0.07,,-0.0047,-0.0332,0.0139,https://cdn.cboe.com/api/global/delayed_quotes/options/QQQ.json,0.0003,0.0,-890142.9696,-890142.9696,0.0,-0.0008901429695999999,-0.0008901429695999999
QQQ,QQQ260515C00608000,2026-05-15,5,call,608.0,1892.0,29.0,0.5551,0.0003,102.14,106.0,,0.9951,-0.0336,0.0142,https://cdn.cboe.com/api/global/delayed_quotes/options/QQQ.json,0.0003,287741.4144,0.0,287741.4144,0.0002877414144,0.0,0.0002877414144
QQQ,QQQ260515P00608000,2026-05-15,5,put,608.0,20664.0,92.0,0.4441,0.0003,0.05,0.08,,-0.0048,-0.0336,0.0142,https://cdn.cboe.com/api/global/delayed_quotes/options/QQQ.json,0.0003,0.0,-3142647.2447999995,-3142647.2447999995,0.0,-0.0031426472447999994,-0.0031426472447999994
QQQ,QQQ260515C00609000,2026-05-15,5,call,609.0,826.0,12.0,0.551,0.0003,101.15,105.0,,0.995,-0.034,0.0145,https://cdn.cboe.com/api/global/delayed_quotes/options/QQQ.json,0.0003,125620.7232,0.0,125620.7232,0.0001256207232,0.0,0.0001256207232
QQQ,QQQ260515P00609000,2026-05-15,5,put,609.0,2254.0,173.0,0.4399,0.0003,0.05,0.08,,-0.0049,-0.0341,0.0145,https://cdn.cboe.com/api/global/delayed_quotes/options/QQQ.json,0.0003,0.0,-342795.5327999999,-342795.5327999999,0.0,-0.00034279553279999993,-0.00034279553279999993
QQQ,QQQ260515C00610000,2026-05-15,5,call,610.0,30334.0,89.0,0.547,0.0003,100.16,104.0,,0.9949,-0.0345,0.0148,https://cdn.cboe.com/api/global/delayed_quotes/options/QQQ.json,0.0003,4613291.788799999,0.0,4613291.788799999,0.0046132917887999995,0.0,0.0046132917887999995
QQQ,QQQ260515P00610000,2026-05-15,5,put,610.0,58595.0,1404.0,0.4356,0.0003,0.05,0.08,,-0.005,-0.0346,0.0148,https://cdn.cboe.com/api/global/delayed_quotes/options/QQQ.json,0.0003,0.0,-8911315.104,-8911315.104,0.0,-0.008911315104,-0.008911315104
QQQ,QQQ260515C00611000,2026-05-15,5,call,611.0,3176.0,14.0,0.5429,0.0003,99.17,103.0,,0.9948,-0.035,0.0151,https://cdn.cboe.com/api/global/delayed_quotes/options/QQQ.json,0.0003,483016.2431999999,0.0,483016.2431999999,0.0004830162431999999,0.0,0.0004830162431999999
QQQ,QQQ260515P00611000,2026-05-15,5,put,611.0,33212.0,96.0,0.4316,0.0003,0.05,0.08,,-0.0051,-0.0351,0.0151,https://cdn.cboe.com/api/global/delayed_quotes/options/QQQ.json,0.0003,0.0,-5050987.2384,-5050987.2384,0.0,-0.0050509872384,-0.0050509872384
QQQ,QQQ260515C00612000,2026-05-15,5,call,612.0,5242.0,22.0,0.5388,0.0004,98.17,102.0,,0.9947,-0.0355,0.0154,https://cdn.cboe.com/api/global/delayed_quotes/options/QQQ.json,0.0004,1062960.1792000001,0.0,1062960.1792000001,0.0010629601792,0.0,0.0010629601792
QQQ,QQQ260515P00612000,2026-05-15,5,put,612.0,5703.0,107.0,0.4273,0.0004,0.05,0.8,,-0.0052,-0.0356,0.0154,https://cdn.cboe.com/api/global/delayed_quotes/options/QQQ.json,0.0004,0.0,-1156440.6528,-1156440.6528,0.0,-0.0011564406528,-0.0011564406528
QQQ,QQQ260515C00613000,2026-05-15,5,call,613.0,1249.0,36.0,0.5336,0.0004,97.17,101.0,,0.9946,-0.036,0.0157,https://cdn.cboe.com/api/global/delayed_quotes/options/QQQ.json,0.0004,253269.22240000006,0.0,253269.22240000006,0.00025326922240000003,0.0,0.00025326922240000003
QQQ,QQQ260515P00613000,2026-05-15,5,put,613.0,1698.0,49.0,0.4268,0.0004,0.0,0.79,,-0.0054,-0.0361,0.0157,https://cdn.cboe.com/api/global/delayed_quotes/options/QQQ.json,0.0004,0.0,-344316.36480000004,-344316.36480000004,0.0,-0.00034431636480000005,-0.00034431636480000005
QQQ,QQQ260515C00614000,2026-05-15,5,call,614.0,917.0,19.0,0.5274,0.0004,96.16,100.0,,0.9944,-0.0366,0.0161,https://cdn.cboe.com/api/global/delayed_quotes/options/QQQ.json,0.0004,185947.0592,0.0,185947.0592,0.0001859470592,0.0,0.0001859470592
QQQ,QQQ260515P00614000,2026-05-15,5,put,614.0,1837.0,87.0,0.4226,0.0004,0.06,0.28,,-0.0055,-0.0366,0.0161,https://cdn.cboe.com/api/global/delayed_quotes/options/QQQ.json,0.0004,0.0,-372502.45120000007,-372502.45120000007,0.0,-0.0003725024512000001,-0.0003725024512000001
QQQ,QQQ260515C00615000,2026-05-15,5,call,615.0,8367.0,61.0,0.5244,0.0004,95.18,99.0,,0.9943,-0.0371,0.0164,https://cdn.cboe.com/api/global/delayed_quotes/options/QQQ.json,0.0004,1696640.1792000001,0.0,1696640.1792000001,0.0016966401792000002,0.0,0.0016966401792000002
QQQ,QQQ260515P00615000,2026-05-15,5,put,615.0,13138.0,267.0,0.4215,0.0004,0.07,0.09,,-0.0056,-0.0372,0.0164,https://cdn.cboe.com/api/global/delayed_quotes/options/QQQ.json,0.0004,0.0,-2664092.1088,-2664092.1088,0.0,-0.0026640921088,-0.0026640921088
QQQ,QQQ260515C00616000,2026-05-15,5,call,616.0,1620.0,30.0,0.5192,0.0004,94.18,98.0,,0.9942,-0.0376,0.0168,https://cdn.cboe.com/api/global/delayed_quotes/options/QQQ.json,0.0004,328499.712,0.0,328499.712,0.000328499712,0.0,0.000328499712
QQQ,QQQ260515P00616000,2026-05-15,5,put,616.0,2499.0,31.0,0.4174,0.0004,0.06,0.32,,-0.0057,-0.0377,0.0168,https://cdn.cboe.com/api/global/delayed_quotes/options/QQQ.json,0.0004,0.0,-506741.2224,-506741.2224,0.0,-0.0005067412224,-0.0005067412224
QQQ,QQQ260515C00617000,2026-05-15,5,call,617.0,1409.0,1.0,0.5151,0.0004,93.18,97.0,,0.994,-0.0382,0.0171,https://cdn.cboe.com/api/global/delayed_quotes/options/QQQ.json,0.0004,285713.6384,0.0,285713.6384,0.0002857136384,0.0,0.0002857136384
QQQ,QQQ260515P00617000,2026-05-15,5,put,617.0,4444.0,84.0,0.4132,0.0004,0.06,0.09,,-0.0059,-0.0382,0.0171,https://cdn.cboe.com/api/global/delayed_quotes/options/QQQ.json,0.0004,0.0,-901143.6544000001,-901143.6544000001,0.0,-0.0009011436544000001,-0.0009011436544000001
QQQ,QQQ260515C00618000,2026-05-15,5,call,618.0,1335.0,24.0,0.5099,0.0004,92.18,96.0,,0.9939,-0.0388,0.0175,https://cdn.cboe.com/api/global/delayed_quotes/options/QQQ.json,0.0004,270708.096,0.0,270708.096,0.00027070809600000003,0.0,0.00027070809600000003
QQQ,QQQ260515P00618000,2026-05-15,5,put,618.0,1571.0,88.0,0.4089,0.0004,0.06,0.28,,-0.006,-0.0388,0.0175,https://cdn.cboe.com/api/global/delayed_quotes/options/QQQ.json,0.0004,0.0,-318563.6096,-318563.6096,0.0,-0.00031856360960000004,-0.00031856360960000004
QQQ,QQQ260515C00619000,2026-05-15,5,call,619.0,1084.0,4.0,0.5048,0.0004,91.18,95.0,,0.9938,-0.0394,0.0179,https://cdn.cboe.com/api/global/delayed_quotes/options/QQQ.json,0.0004,219810.91840000005,0.0,219810.91840000005,0.00021981091840000006,0.0,0.00021981091840000006
QQQ,QQQ260515P00619000,2026-05-15,5,put,619.0,2741.0,45.0,0.4047,0.0004,0.06,0.09,,-0.0062,-0.0394,0.0179,https://cdn.cboe.com/api/global/delayed_quotes/options/QQQ.json,0.0004,0.0,-555813.4016000001,-555813.4016000001,0.0,-0.0005558134016,-0.0005558134016
QQQ,QQQ260515C00620000,2026-05-15,5,call,620.0,7222.0,93.0,0.4986,0.0004,90.17,94.0,,0.9936,-0.04,0.0183,https://cdn.cboe.com/api/global/delayed_quotes/options/QQQ.json,0.0004,1464459.8272000004,0.0,1464459.8272000004,0.0014644598272000003,0.0,0.0014644598272000003
QQQ,QQQ260515P00620000,2026-05-15,5,put,620.0,23008.0,1422.0,0.4035,0.0004,0.07,0.09,,-0.0063,-0.0401,0.0183,https://cdn.cboe.com/api/global/delayed_quotes/options/QQQ.json,0.0004,0.0,-4665507.020800001,-4665507.020800001,0.0,-0.004665507020800001,-0.004665507020800001
QQQ,QQQ260515C00621000,2026-05-15,5,call,621.0,1165.0,11.0,0.4964,0.0005,89.19,93.0,,0.9934,-0.0406,0.0187,https://cdn.cboe.com/api/global/delayed_quotes/options/QQQ.json,0.0005,295294.88,0.0,295294.88,0.00029529488,0.0,0.00029529488
QQQ,QQQ260515P00621000,2026-05-15,5,put,621.0,879.0,83.0,0.4021,0.0005,0.07,0.1,,-0.0065,-0.0407,0.0187,https://cdn.cboe.com/api/global/delayed_quotes/options/QQQ.json,0.0005,0.0,-222801.888,-222801.888,0.0,-0.000222801888,-0.000222801888
QQQ,QQQ260515C00622000,2026-05-15,5,call,622.0,1703.0,3.0,0.4903,0.0005,88.18,92.0,,0.9933,-0.0413,0.0191,https://cdn.cboe.com/api/global/delayed_quotes/options/QQQ.json,0.0005,431662.81600000005,0.0,431662.81600000005,0.0004316628160000001,0.0,0.0004316628160000001
QQQ,QQQ260515P00622000,2026-05-15,5,put,622.0,2123.0,53.0,0.3979,0.0005,0.07,0.1,,-0.0067,-0.0413,0.0191,https://cdn.cboe.com/api/global/delayed_quotes/options/QQQ.json,0.0005,0.0,-538121.056,-538121.056,0.0,-0.000538121056,-0.000538121056
QQQ,QQQ260515C00623000,2026-05-15,5,call,623.0,1490.0,15.0,0.4862,0.0005,87.19,91.0,,0.9931,-0.0419,0.0195,https://cdn.cboe.com/api/global/delayed_quotes/options/QQQ.json,0.0005,377673.28,0.0,377673.28,0.00037767328000000005,0.0,0.00037767328000000005
QQQ,QQQ260515P00623000,2026-05-15,5,put,623.0,3486.0,35.0,0.3937,0.0005,0.07,0.1,,-0.0068,-0.042,0.0196,https://cdn.cboe.com/api/global/delayed_quotes/options/QQQ.json,0.0005,0.0,-883603.392,-883603.392,0.0,-0.000883603392,-0.000883603392
QQQ,QQQ260515C00624000,2026-05-15,5,call,624.0,1028.0,31.0,0.481,0.0005,86.19,90.0,,0.9929,-0.0426,0.02,https://cdn.cboe.com/api/global/delayed_quotes/options/QQQ.json,0.0005,260569.216,0.0,260569.216,0.000260569216,0.0,0.000260569216
QQQ,QQQ260515P00624000,2026-05-15,5,put,624.0,19457.0,64.0,0.3921,0.0005,0.08,0.1,,-0.007,-0.0427,0.02,https://cdn.cboe.com/api/global/delayed_quotes/options/QQQ.json,0.0005,0.0,-4931804.704000001,-4931804.704000001,0.0,-0.004931804704000001,-0.004931804704000001
QQQ,QQQ260515C00625000,2026-05-15,5,call,625.0,16130.0,270.0,0.4778,0.0005,85.2,89.0,,0.9927,-0.0433,0.0205,https://cdn.cboe.com/api/global/delayed_quotes/options/QQQ.json,0.0005,4088503.36,0.0,4088503.36,0.00408850336,0.0,0.00408850336
QQQ,QQQ260515P00625000,2026-05-15,5,put,625.0,13594.0,7407.0,0.3878,0.0005,0.08,0.1,,-0.0072,-0.0434,0.0205,https://cdn.cboe.com/api/global/delayed_quotes/options/QQQ.json,0.0005,0.0,-3445698.368,-3445698.368,0.0,-0.003445698368,-0.003445698368
QQQ,QQQ260515C00626000,2026-05-15,5,call,626.0,3339.0,22.0,0.4707,0.0005,84.18,88.0,,0.9925,-0.044,0.021,https://cdn.cboe.com/api/global/delayed_quotes/options/QQQ.json,0.0005,846343.008,0.0,846343.008,0.000846343008,0.0,0.000846343008
QQQ,QQQ260515P00626000,2026-05-15,5,put,626.0,17557.0,39.0,0.3837,0.0005,0.08,0.31,,-0.0074,-0.0441,0.021,https://cdn.cboe.com/api/global/delayed_quotes/options/QQQ.json,0.0005,0.0,-4450207.904,-4450207.904,0.0,-0.004450207904,-0.004450207904
QQQ,QQQ260515C00627000,2026-05-15,5,call,627.0,1971.0,77.0,0.4684,0.0006,83.21,87.0,,0.9923,-0.0448,0.0215,https://cdn.cboe.com/api/global/delayed_quotes/options/QQQ.json,0.0006,599511.9744,0.0,599511.9744,0.0005995119744,0.0,0.0005995119744
QQQ,QQQ260515P00627000,2026-05-15,5,put,627.0,2435.0,151.0,0.3817,0.0006,0.08,0.11,,-0.0076,-0.0449,0.0215,https://cdn.cboe.com/api/global/delayed_quotes/options/QQQ.json,0.0006,0.0,-740645.1839999999,-740645.1839999999,0.0,-0.0007406451839999999,-0.0007406451839999999
QQQ,QQQ260515C00628000,2026-05-15,5,call,628.0,3327.0,23.0,0.4632,0.0006,82.21,86.0,,0.9921,-0.0456,0.022,https://cdn.cboe.com/api/global/delayed_quotes/options/QQQ.json,0.0006,1011961.6127999999,0.0,1011961.6127999999,0.0010119616127999998,0.0,0.0010119616127999998
QQQ,QQQ260515P00628000,2026-05-15,5,put,628.0,2174.0,153.0,0.3775,0.0006,0.08,0.11,,-0.0078,-0.0457,0.022,https://cdn.cboe.com/api/global/delayed_quotes/options/QQQ.json,0.0006,0.0,-661257.7535999998,-661257.7535999998,0.0,-0.0006612577535999998,-0.0006612577535999998
QQQ,QQQ260515C00629000,2026-05-15,5,call,629.0,1184.0,21.0,0.459,0.0006,81.21,85.0,,0.9919,-0.0464,0.0225,https://cdn.cboe.com/api/global/delayed_quotes/options/QQQ.json,0.0006,360133.01759999996,0.0,360133.01759999996,0.00036013301759999996,0.0,0.00036013301759999996
QQQ,QQQ260515P00629000,2026-05-15,5,put,629.0,6520.0,42.0,0.3733,0.0006,0.08,0.83,,-0.008,-0.0465,0.0226,https://cdn.cboe.com/api/global/delayed_quotes/options/QQQ.json,0.0006,0.0,-1983164.9279999996,-1983164.9279999996,0.0,-0.0019831649279999997,-0.0019831649279999997
QQQ,QQQ260515C00630000,2026-05-15,5,call,630.0,30356.0,186.0,0.4538,0.0006,80.21,84.0,,0.9917,-0.0472,0.0231,https://cdn.cboe.com/api/global/delayed_quotes/options/QQQ.json,0.0006,9233275.2384,0.0,9233275.2384,0.009233275238399999,0.0,0.009233275238399999
QQQ,QQQ260515P00630000,2026-05-15,5,put,630.0,47052.0,2239.0,0.3713,0.0006,0.09,0.11,,-0.0082,-0.0473,0.0232,https://cdn.cboe.com/api/global/delayed_quotes/options/QQQ.json,0.0006,0.0,-14311637.4528,-14311637.4528,0.0,-0.014311637452800001,-0.014311637452800001
QQQ,QQQ260515C00631000,2026-05-15,5,call,631.0,2058.0,18.0,0.4487,0.0006,79.21,83.23,,0.9915,-0.0481,0.0237,https://cdn.cboe.com/api/global/delayed_quotes/options/QQQ.json,0.0006,625974.4512,0.0,625974.4512,0.0006259744512000001,0.0,0.0006259744512000001
QQQ,QQQ260515P00631000,2026-05-15,5,put,631.0,3793.0,565.0,0.367,0.0006,0.09,0.32,,-0.0085,-0.0482,0.0237,https://cdn.cboe.com/api/global/delayed_quotes/options/QQQ.json,0.0006,0.0,-1153703.1552,-1153703.1552,0.0,-0.0011537031551999998,-0.0011537031551999998
QQQ,QQQ260515C00632000,2026-05-15,5,call,632.0,6026.0,506.0,0.4444,0.0006,78.21,82.23,,0.9912,-0.049,0.0243,https://cdn.cboe.com/api/global/delayed_quotes/options/QQQ.json,0.0006,1832906.7263999998,0.0,1832906.7263999998,0.0018329067263999999,0.0,0.0018329067263999999
QQQ,QQQ260515P00632000,2026-05-15,5,put,632.0,5921.0,132.0,0.365,0.0007,0.09,0.12,,-0.0088,-0.0494,0.0245,https://cdn.cboe.com/api/global/delayed_quotes/options/QQQ.json,0.0007,0.0,-2101130.7968,-2101130.7968,0.0,-0.0021011307968,-0.0021011307968
QQQ,QQQ260515C00633000,2026-05-15,5,call,633.0,1435.0,35.0,0.4402,0.0007,77.22,81.26,,0.991,-0.0499,0.025,https://cdn.cboe.com/api/global/delayed_quotes/options/QQQ.json,0.0007,509225.24799999996,0.0,509225.24799999996,0.000509225248,0.0,0.000509225248
QQQ,QQQ260515P00633000,2026-05-15,5,put,633.0,2530.0,130.0,0.3607,0.0007,0.09,1.55,,-0.009,-0.0503,0.0251,https://cdn.cboe.com/api/global/delayed_quotes/options/QQQ.json,0.0007,0.0,-897797.8239999999,-897797.8239999999,0.0,-0.0008977978239999999,-0.0008977978239999999
QQQ,QQQ260515C00634000,2026-05-15,5,call,634.0,2338.0,7.0,0.435,0.0007,76.22,80.26,,0.9907,-0.0509,0.0256,https://cdn.cboe.com/api/global/delayed_quotes/options/QQQ.json,0.0007,829664.5504,0.0,829664.5504,0.0008296645503999999,0.0,0.0008296645503999999
QQQ,QQQ260515P00634000,2026-05-15,5,put,634.0,1310.0,280.0,0.3585,0.0007,0.1,0.12,,-0.0093,-0.0513,0.0258,https://cdn.cboe.com/api/global/delayed_quotes/options/QQQ.json,0.0007,0.0,-464867.64800000004,-464867.64800000004,0.0,-0.00046486764800000006,-0.00046486764800000006
QQQ,QQQ260515C00635000,2026-05-15,5,call,635.0,15072.0,187.0,0.4315,0.0007,75.23,79.27,,0.9904,-0.0519,0.0263,https://cdn.cboe.com/api/global/delayed_quotes/options/QQQ.json,0.0007,5348461.9776,0.0,5348461.9776,0.0053484619776,0.0,0.0053484619776
QQQ,QQQ260515P00635000,2026-05-15,5,put,635.0,19230.0,457.0,0.3542,0.0007,0.1,0.12,,-0.0096,-0.0523,0.0265,https://cdn.cboe.com/api/global/delayed_quotes/options/QQQ.json,0.0007,0.0,-6823973.184000001,-6823973.184000001,0.0,-0.0068239731840000015,-0.0068239731840000015
QQQ,QQQ260515C00636000,2026-05-15,5,call,636.0,1173.0,17.0,0.4264,0.0008,74.23,78.24,,0.9901,-0.0529,0.027,https://cdn.cboe.com/api/global/delayed_quotes/options/QQQ.json,0.0008,475716.24960000004,0.0,475716.24960000004,0.00047571624960000006,0.0,0.00047571624960000006
QQQ,QQQ260515P00636000,2026-05-15,5,put,636.0,907.0,85.0,0.3519,0.0008,0.1,0.13,,-0.0099,-0.0533,0.0272,https://cdn.cboe.com/api/global/delayed_quotes/options/QQQ.json,0.0008,0.0,-367838.5664,-367838.5664,0.0,-0.00036783856640000003,-0.00036783856640000003
QQQ,QQQ260515C00637000,2026-05-15,5,call,637.0,1619.0,4.0,0.4204,0.0008,73.22,77.27,,0.9898,-0.054,0.0278,https://cdn.cboe.com/api/global/delayed_quotes/options/QQQ.json,0.0008,656593.8688,0.0,656593.8688,0.0006565938688000001,0.0,0.0006565938688000001
QQQ,QQQ260515P00637000,2026-05-15,5,put,637.0,2023.0,39.0,0.3476,0.0008,0.1,0.13,,-0.0101,-0.0541,0.0278,https://cdn.cboe.com/api/global/delayed_quotes/options/QQQ.json,0.0008,0.0,-820438.1696000001,-820438.1696000001,0.0,-0.0008204381696000001,-0.0008204381696000001
QQQ,QQQ260515C00638000,2026-05-15,5,call,638.0,1960.0,21.0,0.4169,0.0008,72.23,76.28,,0.9895,-0.0552,0.0286,https://cdn.cboe.com/api/global/delayed_quotes/options/QQQ.json,0.0008,794888.192,0.0,794888.192,0.000794888192,0.0,0.000794888192
QQQ,QQQ260515P00638000,2026-05-15,5,put,638.0,2095.0,248.0,0.3451,0.0008,0.1,0.34,,-0.0105,-0.0552,0.0286,https://cdn.cboe.com/api/global/delayed_quotes/options/QQQ.json,0.0008,0.0,-849638.1440000001,-849638.1440000001,0.0,-0.0008496381440000001,-0.0008496381440000001
QQQ,QQQ260515C00639000,2026-05-15,5,call,639.0,1367.0,16.0,0.4125,0.0008,71.24,75.15,,0.9891,-0.0563,0.0294,https://cdn.cboe.com/api/global/delayed_quotes/options/QQQ.json,0.0008,554393.9584,0.0,554393.9584,0.0005543939584,0.0,0.0005543939584
QQQ,QQQ260515P00639000,2026-05-15,5,put,639.0,2619.0,569.0,0.3426,0.0008,0.11,0.26,,-0.0109,-0.0568,0.0296,https://cdn.cboe.com/api/global/delayed_quotes/options/QQQ.json,0.0008,0.0,-1062149.0688,-1062149.0688,0.0,-0.0010621490688,-0.0010621490688
QQQ,QQQ260515C00640000,2026-05-15,5,call,640.0,9939.0,493.0,0.4074,0.0009,70.24,74.22,,0.9888,-0.0576,0.0302,https://cdn.cboe.com/api/global/delayed_quotes/options/QQQ.json,0.0009,4534664.7744,0.0,4534664.7744,0.004534664774400001,0.0,0.004534664774400001
QQQ,QQQ260515P00640000,2026-05-15,5,put,640.0,41847.0,1320.0,0.3381,0.0009,0.11,0.14,,-0.0112,-0.0577,0.0303,https://cdn.cboe.com/api/global/delayed_quotes/options/QQQ.json,0.0009,0.0,-19092677.011200003,-19092677.011200003,0.0,-0.0190926770112,-0.0190926770112
QQQ,QQQ260515C00641000,2026-05-15,5,call,641.0,108.0,13.0,0.4038,0.0009,69.25,73.23,,0.9884,-0.0589,0.0311,https://cdn.cboe.com/api/global/delayed_quotes/options/QQQ.json,0.0009,49274.9568,0.0,49274.9568,4.92749568e-05,0.0,4.92749568e-05
QQQ,QQQ260515P00641000,2026-05-15,5,put,641.0,1682.0,519.0,0.3357,0.0009,0.12,0.21,,-0.0116,-0.0593,0.0313,https://cdn.cboe.com/api/global/delayed_quotes/options/QQQ.json,0.0009,0.0,-767411.8272,-767411.8272,0.0,-0.0007674118272000001,-0.0007674118272000001
QQQ,QQQ260515C00642000,2026-05-15,5,call,642.0,164.0,1.0,0.3986,0.001,68.25,72.22,,0.988,-0.0602,0.0321,https://cdn.cboe.com/api/global/delayed_quotes/options/QQQ.json,0.001,83138.81600000002,0.0,83138.81600000002,8.313881600000002e-05,0.0,8.313881600000002e-05
QQQ,QQQ260515P00642000,2026-05-15,5,put,642.0,3018.0,447.0,0.3328,0.001,0.12,0.35,,-0.012,-0.0607,0.0322,https://cdn.cboe.com/api/global/delayed_quotes/options/QQQ.json,0.001,0.0,-1529956.9920000003,-1529956.9920000003,0.0,-0.0015299569920000002,-0.0015299569920000002
QQQ,QQQ260515C00643000,2026-05-15,5,call,643.0,204.0,5.0,0.3935,0.001,67.24,71.3,,0.9876,-0.0617,0.0331,https://cdn.cboe.com/api/global/delayed_quotes/options/QQQ.json,0.001,103416.57600000002,0.0,103416.57600000002,0.00010341657600000002,0.0,0.00010341657600000002
QQQ,QQQ260515P00643000,2026-05-15,5,put,643.0,1640.0,123.0,0.3285,0.001,0.12,0.15,,-0.0124,-0.0618,0.0331,https://cdn.cboe.com/api/global/delayed_quotes/options/QQQ.json,0.001,0.0,-831388.16,-831388.16,0.0,-0.0008313881600000001,-0.0008313881600000001
QQQ,QQQ260515C00644000,2026-05-15,5,call,644.0,531.0,0.0,0.3898,0.001,66.26,70.27,,0.9871,-0.0632,0.0341,https://cdn.cboe.com/api/global/delayed_quotes/options/QQQ.json,0.001,269187.264,0.0,269187.264,0.000269187264,0.0,0.000269187264
QQQ,QQQ260515P00644000,2026-05-15,5,put,644.0,3255.0,151.0,0.3256,0.001,0.13,0.35,,-0.0129,-0.0636,0.0343,https://cdn.cboe.com/api/global/delayed_quotes/options/QQQ.json,0.001,0.0,-1650102.72,-1650102.72,0.0,-0.00165010272,-0.00165010272
QQQ,QQQ260515C00645000,2026-05-15,5,call,645.0,10727.0,73.0,0.3854,0.0011,65.26,69.3,,0.9866,-0.0647,0.0352,https://cdn.cboe.com/api/global/delayed_quotes/options/QQQ.json,0.0011,5981787.116800002,0.0,5981787.116800002,0.005981787116800002,0.0,0.005981787116800002
QQQ,QQQ260515P00645000,2026-05-15,5,put,645.0,39855.0,1342.0,0.3227,0.0011,0.13,0.32,,-0.0133,-0.0649,0.0352,https://cdn.cboe.com/api/global/delayed_quotes/options/QQQ.json,0.0011,0.0,-22224678.432000004,-22224678.432000004,0.0,-0.022224678432000003,-0.022224678432000003
QQQ,QQQ260515C00646000,2026-05-15,5,call,646.0,324.0,0.0,0.3809,0.0011,64.27,68.24,,0.9861,-0.0664,0.0364,https://cdn.cboe.com/api/global/delayed_quotes/options/QQQ.json,0.0011,180674.8416,0.0,180674.8416,0.0001806748416,0.0,0.0001806748416
QQQ,QQQ260515P00646000,2026-05-15,5,put,646.0,837.0,393.0,0.3198,0.0011,0.14,0.36,,-0.0139,-0.0668,0.0365,https://cdn.cboe.com/api/global/delayed_quotes/options/QQQ.json,0.0011,0.0,-466743.34080000006,-466743.34080000006,0.0,-0.0004667433408000001,-0.0004667433408000001
QQQ,QQQ260515C00647000,2026-05-15,5,call,647.0,753.0,789.0,0.3764,0.0012,63.27,67.31,,0.9856,-0.0681,0.0376,https://cdn.cboe.com/api/global/delayed_quotes/options/QQQ.json,0.0012,458074.59839999996,0.0,458074.59839999996,0.00045807459839999995,0.0,0.00045807459839999995
QQQ,QQQ260515P00647000,2026-05-15,5,put,647.0,1484.0,628.0,0.3167,0.0012,0.14,0.17,,-0.0144,-0.0683,0.0376,https://cdn.cboe.com/api/global/delayed_quotes/options/QQQ.json,0.0012,0.0,-902765.8752,-902765.8752,0.0,-0.0009027658752,-0.0009027658752
QQQ,QQQ260515C00648000,2026-05-15,5,call,648.0,497.0,9.0,0.3719,0.0012,62.28,65.93,,0.985,-0.0699,0.0388,https://cdn.cboe.com/api/global/delayed_quotes/options/QQQ.json,0.0012,302341.4016,0.0,302341.4016,0.00030234140159999997,0.0,0.00030234140159999997
QQQ,QQQ260515P00648000,2026-05-15,5,put,648.0,707.0,328.0,0.3124,0.0012,0.08,0.36,,-0.015,-0.0704,0.039,https://cdn.cboe.com/api/global/delayed_quotes/options/QQQ.json,0.0012,0.0,-430091.28959999996,-430091.28959999996,0.0,-0.00043009128959999997,-0.00043009128959999997
QQQ,QQQ260515C00649000,2026-05-15,5,call,649.0,259.0,4.0,0.3674,0.0013,61.28,64.94,,0.9844,-0.0719,0.0402,https://cdn.cboe.com/api/global/delayed_quotes/options/QQQ.json,0.0013,170688.0448,0.0,170688.0448,0.0001706880448,0.0,0.0001706880448
QQQ,QQQ260515P00649000,2026-05-15,5,put,649.0,940.0,665.0,0.3092,0.0013,0.15,0.37,,-0.0155,-0.0721,0.0402,https://cdn.cboe.com/api/global/delayed_quotes/options/QQQ.json,0.0013,0.0,-619485.5680000001,-619485.5680000001,0.0,-0.0006194855680000001,-0.0006194855680000001
QQQ,QQQ260515C00650000,2026-05-15,5,call,650.0,30146.0,168.0,0.3636,0.0013,60.29,64.33,,0.9838,-0.0739,0.0416,https://cdn.cboe.com/api/global/delayed_quotes/options/QQQ.json,0.0013,19867033.9712,0.0,19867033.9712,0.0198670339712,0.0,0.0198670339712
QQQ,QQQ260515P00650000,2026-05-15,5,put,650.0,38025.0,22818.0,0.306,0.0013,0.15,0.18,,-0.0161,-0.0741,0.0417,https://cdn.cboe.com/api/global/delayed_quotes/options/QQQ.json,0.0013,0.0,-25059509.28,-25059509.28,0.0,-0.02505950928,-0.02505950928
QQQ,QQQ260515C00651000,2026-05-15,5,call,651.0,726.0,11.0,0.359,0.0014,59.3,62.98,,0.9831,-0.076,0.043,https://cdn.cboe.com/api/global/delayed_quotes/options/QQQ.json,0.0014,515257.8816,0.0,515257.8816,0.0005152578816,0.0,0.0005152578816
QQQ,QQQ260515P00651000,2026-05-15,5,put,651.0,2809.0,201.0,0.3041,0.0014,0.16,0.19,,-0.0168,-0.0763,0.0432,https://cdn.cboe.com/api/global/delayed_quotes/options/QQQ.json,0.0014,0.0,-1993607.9744,-1993607.9744,0.0,-0.0019936079744,-0.0019936079744
QQQ,QQQ260515C00652000,2026-05-15,5,call,652.0,808.0,18.0,0.3545,0.0014,58.3,61.98,,0.9824,-0.0783,0.0446,https://cdn.cboe.com/api/global/delayed_quotes/options/QQQ.json,0.0014,573455.0528000001,0.0,573455.0528000001,0.0005734550528000001,0.0,0.0005734550528000001
QQQ,QQQ260515P00652000,2026-05-15,5,put,652.0,3016.0,497.0,0.3009,0.0014,0.17,0.19,,-0.0175,-0.0785,0.0447,https://cdn.cboe.com/api/global/delayed_quotes/options/QQQ.json,0.0014,0.0,-2140520.3456,-2140520.3456,0.0,-0.0021405203456,-0.0021405203456
QQQ,QQQ260515C00653000,2026-05-15,5,call,653.0,449.0,9.0,0.3505,0.0015,57.31,60.99,,0.9817,-0.0807,0.0462,https://cdn.cboe.com/api/global/delayed_quotes/options/QQQ.json,0.0015,341426.784,0.0,341426.784,0.000341426784,0.0,0.000341426784
QQQ,QQQ260515P00653000,2026-05-15,5,put,653.0,3218.0,269.0,0.2974,0.0015,0.17,0.2,,-0.0183,-0.0809,0.0463,https://cdn.cboe.com/api/global/delayed_quotes/options/QQQ.json,0.0015,0.0,-2447018.688,-2447018.688,0.0,-0.002447018688,-0.002447018688
QQQ,QQQ260515C00654000,2026-05-15,5,call,654.0,1299.0,27.0,0.3465,0.0016,56.32,60.36,,0.9808,-0.0832,0.0479,https://cdn.cboe.com/api/global/delayed_quotes/options/QQQ.json,0.0016,1053632.4096000004,0.0,1053632.4096000004,0.0010536324096000003,0.0,0.0010536324096000003
QQQ,QQQ260515P00654000,2026-05-15,5,put,654.0,1476.0,734.0,0.2953,0.0016,0.18,0.21,,-0.0191,-0.0834,0.048,https://cdn.cboe.com/api/global/delayed_quotes/options/QQQ.json,0.0016,0.0,-1197198.9504000002,-1197198.9504000002,0.0,-0.0011971989504000002,-0.0011971989504000002
QQQ,QQQ260515C00655000,2026-05-15,5,call,655.0,18065.0,361.0,0.3419,0.0017,55.32,59.37,,0.98,-0.0859,0.0498,https://cdn.cboe.com/api/global/delayed_quotes/options/QQQ.json,0.0017,15568503.712000001,0.0,15568503.712000001,0.015568503712000002,0.0,0.015568503712000002
QQQ,QQQ260515P00655000,2026-05-15,5,put,655.0,9011.0,2229.0,0.2918,0.0017,0.19,0.22,,-0.02,-0.0861,0.0498,https://cdn.cboe.com/api/global/delayed_quotes/options/QQQ.json,0.0017,0.0,-7765723.0528,-7765723.0528,0.0,-0.0077657230528,-0.0077657230528
QQQ,QQQ260515C00656000,2026-05-15,5,call,656.0,558.0,81.0,0.3378,0.0017,54.33,58.03,,0.9791,-0.0887,0.0518,https://cdn.cboe.com/api/global/delayed_quotes/options/QQQ.json,0.0017,480887.0784,0.0,480887.0784,0.00048088707839999997,0.0,0.00048088707839999997
QQQ,QQQ260515P00656000,2026-05-15,5,put,656.0,4044.0,197.0,0.2894,0.0018,0.2,0.43,,-0.0209,-0.0889,0.0518,https://cdn.cboe.com/api/global/delayed_quotes/options/QQQ.json,0.0018,0.0,-3690146.7647999995,-3690146.7647999995,0.0,-0.0036901467647999994,-0.0036901467647999994
QQQ,QQQ260515C00657000,2026-05-15,5,call,657.0,2633.0,48.0,0.3344,0.0018,53.35,57.1,,0.9781,-0.0917,0.0538,https://cdn.cboe.com/api/global/delayed_quotes/options/QQQ.json,0.0018,2402610.3936,0.0,2402610.3936,0.0024026103936,0.0,0.0024026103936
QQQ,QQQ260515P00657000,2026-05-15,5,put,657.0,1570.0,436.0,0.2868,0.0018,0.21,0.43,,-0.0219,-0.0919,0.0538,https://cdn.cboe.com/api/global/delayed_quotes/options/QQQ.json,0.0018,0.0,-1432623.7440000002,-1432623.7440000002,0.0,-0.0014326237440000001,-0.0014326237440000001
QQQ,QQQ260515C00658000,2026-05-15,5,call,658.0,1320.0,101.0,0.3296,0.0019,52.35,56.03,,0.977,-0.0948,0.056,https://cdn.cboe.com/api/global/delayed_quotes/options/QQQ.json,0.0019,1271415.5520000001,0.0,1271415.5520000001,0.001271415552,0.0,0.001271415552
QQQ,QQQ260515P00658000,2026-05-15,5,put,658.0,3816.0,552.0,0.2831,0.0019,0.21,0.29,,-0.023,-0.0951,0.0561,https://cdn.cboe.com/api/global/delayed_quotes/options/QQQ.json,0.0019,0.0,-3675546.7776,-3675546.7776,0.0,-0.0036755467776,-0.0036755467776
QQQ,QQQ260515C00659000,2026-05-15,5,call,659.0,797.0,91.0,0.326,0.002,51.37,55.04,,0.9759,-0.0982,0.0583,https://cdn.cboe.com/api/global/delayed_quotes/options/QQQ.json,0.002,808068.7360000001,0.0,808068.7360000001,0.0008080687360000001,0.0,0.0008080687360000001
QQQ,QQQ260515P00659000,2026-05-15,5,put,659.0,983.0,945.0,0.2813,0.002,0.23,0.26,,-0.0241,-0.0985,0.0584,https://cdn.cboe.com/api/global/delayed_quotes/options/QQQ.json,0.002,0.0,-996651.904,-996651.904,0.0,-0.000996651904,-0.000996651904
QQQ,QQQ260515C00660000,2026-05-15,5,call,660.0,32388.0,475.0,0.3218,0.0021,50.38,54.06,,0.9747,-0.1017,0.0607,https://cdn.cboe.com/api/global/delayed_quotes/options/QQQ.json,0.0021,34479694.7712,0.0,34479694.7712,0.0344796947712,0.0,0.0344796947712
QQQ,QQQ260515P00660000,2026-05-15,5,put,660.0,26067.0,6250.0,0.2783,0.0021,0.24,0.27,,-0.0253,-0.1021,0.061,https://cdn.cboe.com/api/global/delayed_quotes/options/QQQ.json,0.0021,0.0,-27750469.4208,-27750469.4208,0.0,-0.0277504694208,-0.0277504694208
QQQ,QQQ260515C00661000,2026-05-15,5,call,661.0,874.0,6.0,0.3181,0.0022,49.4,53.1,,0.9734,-0.1055,0.0633,https://cdn.cboe.com/api/global/delayed_quotes/options/QQQ.json,0.0022,974751.9232000001,0.0,974751.9232000001,0.0009747519232000001,0.0,0.0009747519232000001
QQQ,QQQ260515P00661000,2026-05-15,5,put,661.0,649.0,373.0,0.2762,0.0022,0.25,0.28,,-0.0266,-0.1059,0.0635,https://cdn.cboe.com/api/global/delayed_quotes/options/QQQ.json,0.0022,0.0,-723814.6432,-723814.6432,0.0,-0.0007238146432,-0.0007238146432
QQQ,QQQ260515C00662000,2026-05-15,5,call,662.0,1166.0,5.0,0.3148,0.0024,48.42,52.12,,0.972,-0.1095,0.066,https://cdn.cboe.com/api/global/delayed_quotes/options/QQQ.json,0.0024,1418632.0895999998,0.0,1418632.0895999998,0.0014186320896,0.0,0.0014186320896
QQQ,QQQ260515P00662000,2026-05-15,5,put,662.0,1501.0,945.0,0.2731,0.0024,0.26,0.35,,-0.028,-0.11,0.0662,https://cdn.cboe.com/api/global/delayed_quotes/options/QQQ.json,0.0024,0.0,-1826215.0656,-1826215.0656,0.0,-0.0018262150656,-0.0018262150656
QQQ,QQQ260515C00663000,2026-05-15,5,call,663.0,1384.0,6.0,0.2902,0.0025,47.07,51.14,,0.9705,-0.1138,0.0689,https://cdn.cboe.com/api/global/delayed_quotes/options/QQQ.json,0.0025,1754026.24,0.0,1754026.24,0.00175402624,0.0,0.00175402624
QQQ,QQQ260515P00663000,2026-05-15,5,put,663.0,1609.0,295.0,0.2714,0.0025,0.28,0.31,,-0.0295,-0.1142,0.069,https://cdn.cboe.com/api/global/delayed_quotes/options/QQQ.json,0.0025,0.0,-2039182.24,-2039182.24,0.0,-0.00203918224,-0.00203918224
QQQ,QQQ260515C00664000,2026-05-15,5,call,664.0,956.0,8.0,0.2881,0.0026,46.1,50.17,,0.9689,-0.1182,0.0719,https://cdn.cboe.com/api/global/delayed_quotes/options/QQQ.json,0.0026,1260060.0063999998,0.0,1260060.0063999998,0.0012600600063999998,0.0,0.0012600600063999998
QQQ,QQQ260515P00664000,2026-05-15,5,put,664.0,4080.0,303.0,0.269,0.0026,0.3,0.51,,-0.0311,-0.1186,0.072,https://cdn.cboe.com/api/global/delayed_quotes/options/QQQ.json,0.0026,0.0,-5377661.952,-5377661.952,0.0,-0.005377661951999999,-0.005377661951999999
QQQ,QQQ260515C00665000,2026-05-15,5,call,665.0,16823.0,242.0,0.2961,0.0028,45.32,49.2,,0.9672,-0.123,0.0752,https://cdn.cboe.com/api/global/delayed_quotes/options/QQQ.json,0.0028,23879292.953599997,0.0,23879292.953599997,0.023879292953599997,0.0,0.023879292953599997
QQQ,QQQ260515P00665000,2026-05-15,5,put,665.0,7295.0,5549.0,0.267,0.0028,0.31,0.34,,-0.0328,-0.1234,0.0752,https://cdn.cboe.com/api/global/delayed_quotes/options/QQQ.json,0.0028,0.0,-10354838.144,-10354838.144,0.0,-0.010354838144,-0.010354838144
QQQ,QQQ260515C00666000,2026-05-15,5,call,666.0,1599.0,7.0,0.2828,0.0029,44.15,48.24,,0.9653,-0.128,0.0787,https://cdn.cboe.com/api/global/delayed_quotes/options/QQQ.json,0.0029,2350750.0223999997,0.0,2350750.0223999997,0.0023507500224,0.0,0.0023507500224
QQQ,QQQ260515P00666000,2026-05-15,5,put,666.0,1026.0,606.0,0.2647,0.0029,0.33,0.55,,-0.0348,-0.1287,0.0789,https://cdn.cboe.com/api/global/delayed_quotes/options/QQQ.json,0.0029,0.0,-1508361.1775999998,-1508361.1775999998,0.0,-0.0015083611775999998,-0.0015083611775999998
QQQ,QQQ260515C00667000,2026-05-15,5,call,667.0,874.0,11.0,0.2796,0.0031,43.17,47.27,,0.9633,-0.1334,0.0823,https://cdn.cboe.com/api/global/delayed_quotes/options/QQQ.json,0.0031,1373514.0735999998,0.0,1373514.0735999998,0.0013735140735999997,0.0,0.0013735140735999997
QQQ,QQQ260515P00667000,2026-05-15,5,put,667.0,1100.0,878.0,0.2618,0.0031,0.35,0.49,,-0.0367,-0.1339,0.0826,https://cdn.cboe.com/api/global/delayed_quotes/options/QQQ.json,0.0031,0.0,-1728679.0399999998,-1728679.0399999998,0.0,-0.0017286790399999997,-0.0017286790399999997
QQQ,QQQ260515C00668000,2026-05-15,5,call,668.0,1440.0,18.0,0.2764,0.0032,42.19,46.33,,0.9612,-0.139,0.0861,https://cdn.cboe.com/api/global/delayed_quotes/options/QQQ.json,0.0032,2335997.9520000005,0.0,2335997.9520000005,0.0023359979520000003,0.0,0.0023359979520000003
QQQ,QQQ260515P00668000,2026-05-15,5,put,668.0,738.0,177.0,0.2593,0.0033,0.37,0.59,,-0.0389,-0.1397,0.0865,https://cdn.cboe.com/api/global/delayed_quotes/options/QQQ.json,0.0033,0.0,-1234611.4176,-1234611.4176,0.0,-0.0012346114176,-0.0012346114176
QQQ,QQQ260515C00669000,2026-05-15,5,call,669.0,789.0,32.0,0.2765,0.0034,41.27,45.37,,0.9589,-0.145,0.0901,https://cdn.cboe.com/api/global/delayed_quotes/options/QQQ.json,0.0034,1359927.9744,0.0,1359927.9744,0.0013599279743999998,0.0,0.0013599279743999998
QQQ,QQQ260515P00669000,2026-05-15,5,put,669.0,725.0,431.0,0.2579,0.0034,0.4,0.43,,-0.0411,-0.1456,0.0903,https://cdn.cboe.com/api/global/delayed_quotes/options/QQQ.json,0.0034,0.0,-1249616.96,-1249616.96,0.0,-0.00124961696,-0.00124961696
QQQ,QQQ260515C00670000,2026-05-15,5,call,670.0,16790.0,545.0,0.2794,0.0036,40.43,44.42,,0.9564,-0.1514,0.0944,https://cdn.cboe.com/api/global/delayed_quotes/options/QQQ.json,0.0036,30641723.136,0.0,30641723.136,0.030641723136,0.0,0.030641723136
QQQ,QQQ260515P00670000,2026-05-15,5,put,670.0,9726.0,13251.0,0.2555,0.0037,0.43,0.6,,-0.0437,-0.1522,0.0947,https://cdn.cboe.com/api/global/delayed_quotes/options/QQQ.json,0.0037,0.0,-18242988.1728,-18242988.1728,0.0,-0.0182429881728,-0.0182429881728
QQQ,QQQ260515C00671000,2026-05-15,5,call,671.0,1319.0,50.0,0.2698,0.0038,39.31,43.49,,0.9538,-0.1581,0.099,https://cdn.cboe.com/api/global/delayed_quotes/options/QQQ.json,0.0038,2540904.7168,0.0,2540904.7168,0.0025409047168,0.0,0.0025409047168
QQQ,QQQ260515P00671000,2026-05-15,5,put,671.0,729.0,503.0,0.2532,0.0039,0.45,0.67,,-0.0463,-0.1588,0.099,https://cdn.cboe.com/api/global/delayed_quotes/options/QQQ.json,0.0039,0.0,-1441292.4863999998,-1441292.4863999998,0.0,-0.0014412924863999998,-0.0014412924863999998
QQQ,QQQ260515C00672000,2026-05-15,5,call,672.0,3003.0,53.0,0.2648,0.0041,38.28,42.5,,0.9509,-0.1652,0.1038,https://cdn.cboe.com/api/global/delayed_quotes/options/QQQ.json,0.0041,6241646.6112,0.0,6241646.6112,0.0062416466112,0.0,0.0062416466112
QQQ,QQQ260515P00672000,2026-05-15,5,put,672.0,1334.0,834.0,0.2512,0.0041,0.3,0.7,,-0.0491,-0.1659,0.1038,https://cdn.cboe.com/api/global/delayed_quotes/options/QQQ.json,0.0041,0.0,-2772679.5136,-2772679.5136,0.0,-0.0027726795136000003,-0.0027726795136000003
QQQ,QQQ260515C00673000,2026-05-15,5,call,673.0,1529.0,11.0,0.2665,0.0043,37.42,41.5,,0.9479,-0.1727,0.1089,https://cdn.cboe.com/api/global/delayed_quotes/options/QQQ.json,0.0043,3333004.7168,0.0,3333004.7168,0.0033330047168,0.0,0.0033330047168
QQQ,QQQ260515P00673000,2026-05-15,5,put,673.0,2010.0,1036.0,0.2499,0.0043,0.52,0.73,,-0.0522,-0.1734,0.1092,https://cdn.cboe.com/api/global/delayed_quotes/options/QQQ.json,0.0043,0.0,-4381516.992000001,-4381516.992000001,0.0,-0.004381516992000001,-0.004381516992000001
QQQ,QQQ260515C00674000,2026-05-15,5,call,674.0,1061.0,32.0,0.2584,0.0046,36.33,40.72,,0.9446,-0.1806,0.1142,https://cdn.cboe.com/api/global/delayed_quotes/options/QQQ.json,0.0046,2474190.8864,0.0,2474190.8864,0.0024741908864,0.0,0.0024741908864
QQQ,QQQ260515P00674000,2026-05-15,5,put,674.0,3964.0,638.0,0.2472,0.0046,0.55,0.77,,-0.0556,-0.1816,0.1148,https://cdn.cboe.com/api/global/delayed_quotes/options/QQQ.json,0.0046,0.0,-9243819.673600001,-9243819.673600001,0.0,-0.0092438196736,-0.0092438196736
QQQ,QQQ260515C00675000,2026-05-15,5,call,675.0,22329.0,336.0,0.2568,0.0048,35.39,39.54,,0.941,-0.1889,0.1197,https://cdn.cboe.com/api/global/delayed_quotes/options/QQQ.json,0.0048,54333852.364800006,0.0,54333852.364800006,0.054333852364800005,0.0,0.054333852364800005
QQQ,QQQ260515P00675000,2026-05-15,5,put,675.0,31554.0,24716.0,0.2455,0.0048,0.59,0.62,,-0.0591,-0.1899,0.1201,https://cdn.cboe.com/api/global/delayed_quotes/options/QQQ.json,0.0048,0.0,-76781332.6848,-76781332.6848,0.0,-0.0767813326848,-0.0767813326848
QQQ,QQQ260515C00676000,2026-05-15,5,call,676.0,3771.0,16.0,0.2472,0.0051,34.14,38.67,,0.9372,-0.1977,0.1255,https://cdn.cboe.com/api/global/delayed_quotes/options/QQQ.json,0.0051,9749597.7024,0.0,9749597.7024,0.009749597702400001,0.0,0.009749597702400001
QQQ,QQQ260515P00676000,2026-05-15,5,put,676.0,1011.0,877.0,0.2433,0.0051,0.63,0.85,,-0.063,-0.1989,0.1259,https://cdn.cboe.com/api/global/delayed_quotes/options/QQQ.json,0.0051,0.0,-2613853.9584,-2613853.9584,0.0,-0.0026138539583999997,-0.0026138539583999997
QQQ,QQQ260515C00677000,2026-05-15,5,call,677.0,1791.0,74.0,0.2659,0.0054,34.7,35.95,,0.9331,-0.2069,0.1317,https://cdn.cboe.com/api/global/delayed_quotes/options/QQQ.json,0.0054,4902858.201599999,0.0,4902858.201599999,0.004902858201599999,0.0,0.004902858201599999
QQQ,QQQ260515P00677000,2026-05-15,5,put,677.0,3175.0,529.0,0.242,0.0054,0.49,0.9,,-0.067,-0.2079,0.1318,https://cdn.cboe.com/api/global/delayed_quotes/options/QQQ.json,0.0054,0.0,-8691554.88,-8691554.88,0.0,-0.00869155488,-0.00869155488
QQQ,QQQ260515C00678000,2026-05-15,5,call,678.0,2284.0,102.0,0.2708,0.0057,33.21,36.54,,0.9288,-0.2166,0.1383,https://cdn.cboe.com/api/global/delayed_quotes/options/QQQ.json,0.0057,6599802.547200001,0.0,6599802.547200001,0.006599802547200001,0.0,0.006599802547200001
QQQ,QQQ260515P00678000,2026-05-15,5,put,678.0,2743.0,663.0,0.2402,0.0058,0.55,0.95,,-0.0714,-0.2177,0.1385,https://cdn.cboe.com/api/global/delayed_quotes/options/QQQ.json,0.0058,0.0,-8065174.8736000005,-8065174.8736000005,0.0,-0.008065174873600001,-0.008065174873600001
QQQ,QQQ260515C00679000,2026-05-15,5,call,679.0,1740.0,44.0,0.2679,0.006,32.27,35.74,,0.9241,-0.2266,0.145,https://cdn.cboe.com/api/global/delayed_quotes/options/QQQ.json,0.006,5292495.36,0.0,5292495.36,0.005292495360000001,0.0,0.005292495360000001
QQQ,QQQ260515P00679000,2026-05-15,5,put,679.0,619.0,878.0,0.2386,0.0061,0.79,0.81,,-0.0761,-0.2278,0.1457,https://cdn.cboe.com/api/global/delayed_quotes/options/QQQ.json,0.0061,0.0,-1914169.8496,-1914169.8496,0.0,-0.0019141698496,-0.0019141698496
QQQ,QQQ260515C00680000,2026-05-15,5,call,680.0,13899.0,962.0,0.2081,0.0064,31.72,33.0,,0.919,-0.2374,0.1521,https://cdn.cboe.com/api/global/delayed_quotes/options/QQQ.json,0.0064,45094493.7984,0.0,45094493.7984,0.0450944937984,0.0,0.0450944937984
QQQ,QQQ260515P00680000,2026-05-15,5,put,680.0,15923.0,11102.0,0.2364,0.0064,0.8,0.87,,-0.0814,-0.239,0.1529,https://cdn.cboe.com/api/global/delayed_quotes/options/QQQ.json,0.0064,0.0,-51661243.59680001,-51661243.59680001,0.0,-0.05166124359680001,-0.05166124359680001
QQQ,QQQ260515C00681000,2026-05-15,5,call,681.0,3899.0,33.0,0.2362,0.0068,30.96,32.23,,0.9137,-0.2483,0.1593,https://cdn.cboe.com/api/global/delayed_quotes/options/QQQ.json,0.0068,13440707.660799999,0.0,13440707.660799999,0.0134407076608,0.0,0.0134407076608
QQQ,QQQ260515P00681000,2026-05-15,5,put,681.0,771.0,971.0,0.2348,0.0068,0.9,1.13,,-0.0866,-0.2498,0.1597,https://cdn.cboe.com/api/global/delayed_quotes/options/QQQ.json,0.0068,0.0,-2657806.0032,-2657806.0032,0.0,-0.0026578060032,-0.0026578060032
QQQ,QQQ260515C00682000,2026-05-15,5,call,682.0,3931.0,55.0,0.2597,0.0072,29.47,33.0,,0.9078,-0.2599,0.1671,https://cdn.cboe.com/api/global/delayed_quotes/options/QQQ.json,0.0072,14348137.420800002,0.0,14348137.420800002,0.014348137420800003,0.0,0.014348137420800003
QQQ,QQQ260515P00682000,2026-05-15,5,put,682.0,1416.0,939.0,0.2333,0.0072,0.97,1.04,,-0.0924,-0.2614,0.1672,https://cdn.cboe.com/api/global/delayed_quotes/options/QQQ.json,0.0072,0.0,-5168395.4688,-5168395.4688,0.0,-0.0051683954688,-0.0051683954688
QQQ,QQQ260515C00683000,2026-05-15,5,call,683.0,1247.0,47.0,0.2568,0.0076,28.54,31.86,,0.9017,-0.2718,0.175,https://cdn.cboe.com/api/global/delayed_quotes/options/QQQ.json,0.0076,4804409.6768000005,0.0,4804409.6768000005,0.0048044096768000005,0.0,0.0048044096768000005
QQQ,QQQ260515P00683000,2026-05-15,5,put,683.0,658.0,3619.0,0.2315,0.0076,0.79,1.17,,-0.0989,-0.2739,0.1757,https://cdn.cboe.com/api/global/delayed_quotes/options/QQQ.json,0.0076,0.0,-2535125.5552,-2535125.5552,0.0,-0.0025351255551999997,-0.0025351255551999997
QQQ,QQQ260515C00684000,2026-05-15,5,call,684.0,1326.0,131.0,0.2648,0.008,28.03,31.33,,0.8951,-0.2843,0.1834,https://cdn.cboe.com/api/global/delayed_quotes/options/QQQ.json,0.008,5377661.952,0.0,5377661.952,0.005377661951999999,0.0,0.005377661951999999
QQQ,QQQ260515P00684000,2026-05-15,5,put,684.0,409.0,624.0,0.2302,0.008,1.0,1.35,,-0.1053,-0.286,0.1844,https://cdn.cboe.com/api/global/delayed_quotes/options/QQQ.json,0.008,0.0,-1658720.7680000002,-1658720.7680000002,0.0,-0.0016587207680000002,-0.0016587207680000002
QQQ,QQQ260515C00685000,2026-05-15,5,call,685.0,10665.0,2522.0,0.2731,0.0084,27.68,29.96,,0.8881,-0.2971,0.1919,https://cdn.cboe.com/api/global/delayed_quotes/options/QQQ.json,0.0084,45415085.18400001,0.0,45415085.18400001,0.04541508518400001,0.0,0.04541508518400001
QQQ,QQQ260515P00685000,2026-05-15,5,put,685.0,13932.0,7204.0,0.2281,0.0085,1.2,1.29,,-0.1126,-0.2994,0.1928,https://cdn.cboe.com/api/global/delayed_quotes/options/QQQ.json,0.0085,0.0,-60033322.368,-60033322.368,0.0,-0.060033322368,-0.060033322368
QQQ,QQQ260515C00686000,2026-05-15,5,call,686.0,565.0,157.0,0.2499,0.0089,25.85,29.09,,0.8806,-0.3102,0.2006,https://cdn.cboe.com/api/global/delayed_quotes/options/QQQ.json,0.0089,2549167.904,0.0,2549167.904,0.002549167904,0.0,0.002549167904
QQQ,QQQ260515P00686000,2026-05-15,5,put,686.0,507.0,961.0,0.2268,0.0089,1.27,1.56,,-0.1202,-0.3128,0.2013,https://cdn.cboe.com/api/global/delayed_quotes/options/QQQ.json,0.0089,0.0,-2287483.4112,-2287483.4112,0.0,-0.0022874834112,-0.0022874834112
QQQ,QQQ260515C00687000,2026-05-15,5,call,687.0,704.0,94.0,0.2399,0.0093,25.46,26.63,,0.8726,-0.3238,0.2096,https://cdn.cboe.com/api/global/delayed_quotes/options/QQQ.json,0.0093,3319063.7567999996,0.0,3319063.7567999996,0.0033190637567999995,0.0,0.0033190637567999995
QQQ,QQQ260515P00687000,2026-05-15,5,put,687.0,759.0,1776.0,0.225,0.0094,1.14,1.55,,-0.1282,-0.3264,0.2102,https://cdn.cboe.com/api/global/delayed_quotes/options/QQQ.json,0.0094,0.0,-3616842.6624000003,-3616842.6624000003,0.0,-0.0036168426624,-0.0036168426624
QQQ,QQQ260515C00688000,2026-05-15,5,call,688.0,2942.0,62.0,0.2382,0.0098,24.55,25.76,,0.8642,-0.3376,0.2189,https://cdn.cboe.com/api/global/delayed_quotes/options/QQQ.json,0.0098,14616006.6304,0.0,14616006.6304,0.0146160066304,0.0,0.0146160066304
QQQ,QQQ260515P00688000,2026-05-15,5,put,688.0,864.0,2060.0,0.2238,0.0099,1.25,1.58,,-0.1367,-0.3404,0.2199,https://cdn.cboe.com/api/global/delayed_quotes/options/QQQ.json,0.0099,0.0,-4336196.198400001,-4336196.198400001,0.0,-0.004336196198400001,-0.004336196198400001
QQQ,QQQ260515C00689000,2026-05-15,5,call,689.0,1922.0,120.0,0.2236,0.0103,23.68,24.96,,0.8554,-0.3515,0.2283,https://cdn.cboe.com/api/global/delayed_quotes/options/QQQ.json,0.0103,10035767.590400001,0.0,10035767.590400001,0.0100357675904,0.0,0.0100357675904
QQQ,QQQ260515P00689000,2026-05-15,5,put,689.0,1474.0,1097.0,0.2223,0.0104,1.35,1.86,,-0.1457,-0.3547,0.2297,https://cdn.cboe.com/api/global/delayed_quotes/options/QQQ.json,0.0104,0.0,-7771248.7424,-7771248.7424,0.0,-0.0077712487424,-0.0077712487424
QQQ,QQQ260515C00690000,2026-05-15,5,call,690.0,14540.0,4644.0,0.2277,0.0108,23.08,24.07,,0.8459,-0.3658,0.2378,https://cdn.cboe.com/api/global/delayed_quotes/options/QQQ.json,0.0108,79606430.208,0.0,79606430.208,0.079606430208,0.0,0.079606430208
QQQ,QQQ260515P00690000,2026-05-15,5,put,690.0,19851.0,19464.0,0.2213,0.0109,1.74,1.8,,-0.155,-0.3688,0.2386,https://cdn.cboe.com/api/global/delayed_quotes/options/QQQ.json,0.0109,0.0,-109690464.24960001,-109690464.24960001,0.0,-0.10969046424960001,-0.10969046424960001
QQQ,QQQ260515C00691000,2026-05-15,5,call,691.0,3928.0,524.0,0.2213,0.0114,21.95,23.23,,0.8359,-0.3803,0.2474,https://cdn.cboe.com/api/global/delayed_quotes/options/QQQ.json,0.0114,22700546.7648,0.0,22700546.7648,0.0227005467648,0.0,0.0227005467648
QQQ,QQQ260515P00691000,2026-05-15,5,put,691.0,2048.0,2179.0,0.2194,0.0115,1.56,1.96,,-0.1654,-0.3839,0.2482,https://cdn.cboe.com/api/global/delayed_quotes/options/QQQ.json,0.0115,0.0,-11939545.088,-11939545.088,0.0,-0.011939545087999999,-0.011939545087999999
QQQ,QQQ260515C00692000,2026-05-15,5,call,692.0,1415.0,151.0,0.207,0.0119,20.55,22.29,,0.8252,-0.395,0.2574,https://cdn.cboe.com/api/global/delayed_quotes/options/QQQ.json,0.0119,8536176.544,0.0,8536176.544,0.008536176543999999,0.0,0.008536176543999999
QQQ,QQQ260515P00692000,2026-05-15,5,put,692.0,1180.0,1634.0,0.2181,0.012,2.0,2.38,,-0.176,-0.3986,0.258,https://cdn.cboe.com/api/global/delayed_quotes/options/QQQ.json,0.012,0.0,-7178327.04,-7178327.04,0.0,-0.00717832704,-0.00717832704
QQQ,QQQ260515C00693000,2026-05-15,5,call,693.0,601.0,160.0,0.2432,0.0124,20.15,23.25,,0.8141,-0.4096,0.2673,https://cdn.cboe.com/api/global/delayed_quotes/options/QQQ.json,0.0124,3777949.4656,0.0,3777949.4656,0.0037779494656,0.0,0.0037779494656
QQQ,QQQ260515P00693000,2026-05-15,5,put,693.0,1084.0,1397.0,0.2171,0.0125,2.12,2.55,,-0.1869,-0.4129,0.2687,https://cdn.cboe.com/api/global/delayed_quotes/options/QQQ.json,0.0125,0.0,-6869091.2,-6869091.2,0.0,-0.0068690912,-0.0068690912
QQQ,QQQ260515C00694000,2026-05-15,5,call,694.0,1613.0,952.0,0.205,0.013,18.85,21.82,,0.8024,-0.4241,0.2772,https://cdn.cboe.com/api/global/delayed_quotes/options/QQQ.json,0.013,10630108.735999998,0.0,10630108.735999998,0.010630108735999998,0.0,0.010630108735999998
QQQ,QQQ260515P00694000,2026-05-15,5,put,694.0,1259.0,2176.0,0.2158,0.0131,2.0,2.74,,-0.1987,-0.4277,0.2781,https://cdn.cboe.com/api/global/delayed_quotes/options/QQQ.json,0.0131,0.0,-8360976.6976000015,-8360976.6976000015,0.0,-0.008360976697600001,-0.008360976697600001
QQQ,QQQ260515C00695000,2026-05-15,5,call,695.0,8380.0,4323.0,0.2052,0.0136,18.05,19.81,,0.7902,-0.4384,0.2869,https://cdn.cboe.com/api/global/delayed_quotes/options/QQQ.json,0.0136,57775393.791999996,0.0,57775393.791999996,0.057775393791999995,0.0,0.057775393791999995
QQQ,QQQ260515P00695000,2026-05-15,5,put,695.0,7902.0,10060.0,0.2144,0.0137,2.45,2.55,,-0.2111,-0.4423,0.2874,https://cdn.cboe.com/api/global/delayed_quotes/options/QQQ.json,0.0137,0.0,-54880439.38559999,-54880439.38559999,0.0,-0.05488043938559999,-0.05488043938559999
QQQ,QQQ260515C00696000,2026-05-15,5,call,696.0,1894.0,320.0,0.2138,0.0141,17.8,18.96,,0.7773,-0.4525,0.2966,https://cdn.cboe.com/api/global/delayed_quotes/options/QQQ.json,0.0141,13538142.297600001,0.0,13538142.297600001,0.013538142297600001,0.0,0.013538142297600001
QQQ,QQQ260515P00696000,2026-05-15,5,put,696.0,2583.0,3574.0,0.2129,0.0142,2.5,2.8,,-0.2244,-0.457,0.2974,https://cdn.cboe.com/api/global/delayed_quotes/options/QQQ.json,0.0142,0.0,-18593996.198400002,-18593996.198400002,0.0,-0.018593996198400003,-0.018593996198400003
QQQ,QQQ260515C00697000,2026-05-15,5,call,697.0,1343.0,408.0,0.2036,0.0146,16.49,18.16,,0.7641,-0.4662,0.3062,https://cdn.cboe.com/api/global/delayed_quotes/options/QQQ.json,0.0146,9940056.5632,0.0,9940056.5632,0.009940056563200001,0.0,0.009940056563200001
QQQ,QQQ260515P00697000,2026-05-15,5,put,697.0,621.0,1808.0,0.2116,0.0148,2.57,3.15,,-0.238,-0.471,0.3081,https://cdn.cboe.com/api/global/delayed_quotes/options/QQQ.json,0.0148,0.0,-4659220.915200002,-4659220.915200002,0.0,-0.004659220915200001,-0.004659220915200001
QQQ,QQQ260515C00698000,2026-05-15,5,call,698.0,873.0,311.0,0.2102,0.0152,16.17,17.38,,0.7499,-0.4797,0.3157,https://cdn.cboe.com/api/global/delayed_quotes/options/QQQ.json,0.0152,6726944.1024,0.0,6726944.1024,0.0067269441024,0.0,0.0067269441024
QQQ,QQQ260515P00698000,2026-05-15,5,put,698.0,928.0,1712.0,0.2105,0.0154,2.79,3.17,,-0.2522,-0.4846,0.317,https://cdn.cboe.com/api/global/delayed_quotes/options/QQQ.json,0.0154,0.0,-7244838.0928,-7244838.0928,0.0,-0.007244838092799999,-0.007244838092799999
QQQ,QQQ260515C00699000,2026-05-15,5,call,699.0,1273.0,313.0,0.2252,0.0158,14.92,18.23,,0.7353,-0.4926,0.3248,https://cdn.cboe.com/api/global/delayed_quotes/options/QQQ.json,0.0158,10196367.4496,0.0,10196367.4496,0.0101963674496,0.0,0.0101963674496
QQQ,QQQ260515P00699000,2026-05-15,5,put,699.0,513.0,2404.0,0.2093,0.0159,3.33,3.6,,-0.267,-0.4977,0.3256,https://cdn.cboe.com/api/global/delayed_quotes/options/QQQ.json,0.0159,0.0,-4134990.1248000003,-4134990.1248000003,0.0,-0.0041349901248,-0.0041349901248
QQQ,QQQ260515C00700000,2026-05-15,5,call,700.0,15360.0,6509.0,0.2064,0.0163,14.73,15.47,,0.7201,-0.5048,0.3336,https://cdn.cboe.com/api/global/delayed_quotes/options/QQQ.json,0.0163,126922555.39199997,0.0,126922555.39199997,0.12692255539199998,0.0,0.12692255539199998
QQQ,QQQ260515P00700000,2026-05-15,5,put,700.0,2624.0,30725.0,0.2084,0.0165,3.6,3.65,,-0.2824,-0.5102,0.3343,https://cdn.cboe.com/api/global/delayed_quotes/options/QQQ.json,0.0165,0.0,-21948647.424000002,-21948647.424000002,0.0,-0.021948647424000003,-0.021948647424000003
QQQ,QQQ260515C00701000,2026-05-15,5,call,701.0,1889.0,868.0,0.2084,0.0168,14.0,15.71,,0.7045,-0.5162,0.3421,https://cdn.cboe.com/api/global/delayed_quotes/options/QQQ.json,0.0168,16087969.228799999,0.0,16087969.228799999,0.0160879692288,0.0,0.0160879692288
QQQ,QQQ260515P00701000,2026-05-15,5,put,701.0,374.0,2790.0,0.2069,0.017,3.83,4.21,,-0.2983,-0.522,0.3437,https://cdn.cboe.com/api/global/delayed_quotes/options/QQQ.json,0.017,0.0,-3223149.9520000005,-3223149.9520000005,0.0,-0.0032231499520000003,-0.0032231499520000003
QQQ,QQQ260515C00702000,2026-05-15,5,call,702.0,508.0,3900.0,0.2062,0.0173,12.74,14.42,,0.6882,-0.527,0.3501,https://cdn.cboe.com/api/global/delayed_quotes/options/QQQ.json,0.0173,4455226.6496,0.0,4455226.6496,0.0044552266496,0.0,0.0044552266496
QQQ,QQQ260515P00702000,2026-05-15,5,put,702.0,99.0,2591.0,0.2057,0.0175,4.11,4.2,,-0.3149,-0.5329,0.3512,https://cdn.cboe.com/api/global/delayed_quotes/options/QQQ.json,0.0175,0.0,-878280.4800000002,-878280.4800000002,0.0,-0.0008782804800000002,-0.0008782804800000002
QQQ,QQQ260515C00703000,2026-05-15,5,call,703.0,1511.0,2537.0,0.2051,0.0178,12.59,13.7,,0.6711,-0.5369,0.3576,https://cdn.cboe.com/api/global/delayed_quotes/options/QQQ.json,0.0178,13634664.4352,0.0,13634664.4352,0.0136346644352,0.0,0.0136346644352
QQQ,QQQ260515P00703000,2026-05-15,5,put,703.0,577.0,1934.0,0.2047,0.018,4.07,4.89,,-0.3319,-0.5429,0.3583,https://cdn.cboe.com/api/global/delayed_quotes/options/QQQ.json,0.018,0.0,-5265120.384,-5265120.384,0.0,-0.005265120383999999,-0.005265120383999999
QQQ,QQQ260515C00704000,2026-05-15,5,call,704.0,640.0,4309.0,0.204,0.0183,11.4,12.98,,0.6537,-0.5457,0.3646,https://cdn.cboe.com/api/global/delayed_quotes/options/QQQ.json,0.0183,5937328.1280000005,0.0,5937328.1280000005,0.005937328128000001,0.0,0.005937328128000001
QQQ,QQQ260515P00704000,2026-05-15,5,put,704.0,77.0,3593.0,0.2034,0.0185,4.71,4.78,,-0.3495,-0.552,0.3652,https://cdn.cboe.com/api/global/delayed_quotes/options/QQQ.json,0.0185,0.0,-722141.728,-722141.728,0.0,-0.0007221417280000001,-0.0007221417280000001
QQQ,QQQ260515C00705000,2026-05-15,5,call,705.0,9053.0,14898.0,0.2032,0.0187,10.7,11.77,,0.6358,-0.5535,0.3711,https://cdn.cboe.com/api/global/delayed_quotes/options/QQQ.json,0.0187,85821107.39840001,0.0,85821107.39840001,0.08582110739840002,0.0,0.08582110739840002
QQQ,QQQ260515P00705000,2026-05-15,5,put,705.0,147.0,11957.0,0.2025,0.0189,5.04,5.12,,-0.3677,-0.5599,0.372,https://cdn.cboe.com/api/global/delayed_quotes/options/QQQ.json,0.0189,0.0,-1408442.5152,-1408442.5152,0.0,-0.0014084425152,-0.0014084425152
QQQ,QQQ260515C00706000,2026-05-15,5,call,706.0,853.0,15746.0,0.2019,0.0191,10.06,11.67,,0.6174,-0.56,0.3767,https://cdn.cboe.com/api/global/delayed_quotes/options/QQQ.json,0.0191,8259283.731199999,0.0,8259283.731199999,0.008259283731199999,0.0,0.008259283731199999
QQQ,QQQ260515P00706000,2026-05-15,5,put,706.0,27.0,5461.0,0.2014,0.0193,4.58,5.91,,-0.3864,-0.5666,0.3773,https://cdn.cboe.com/api/global/delayed_quotes/options/QQQ.json,0.0193,0.0,-264168.5184,-264168.5184,0.0,-0.0002641685184,-0.0002641685184
QQQ,QQQ260515C00707000,2026-05-15,5,call,707.0,3255.0,20209.0,0.2009,0.0194,9.47,11.0,,0.5985,-0.5653,0.3816,https://cdn.cboe.com/api/global/delayed_quotes/options/QQQ.json,0.0194,32011992.768,0.0,32011992.768,0.032011992768,0.0,0.032011992768
QQQ,QQQ260515P00707000,2026-05-15,5,put,707.0,186.0,3112.0,0.2002,0.0197,5.4,5.79,,-0.4052,-0.5721,0.3819,https://cdn.cboe.com/api/global/delayed_quotes/options/QQQ.json,0.0197,0.0,-1857544.2048,-1857544.2048,0.0,-0.0018575442048,-0.0018575442048
QQQ,QQQ260515C00708000,2026-05-15,5,call,708.0,1561.0,16886.0,0.1999,0.0198,8.83,10.41,,0.5792,-0.5693,0.3858,https://cdn.cboe.com/api/global/delayed_quotes/options/QQQ.json,0.0198,15668523.763200002,0.0,15668523.763200002,0.015668523763200003,0.0,0.015668523763200003
QQQ,QQQ260515P00708000,2026-05-15,5,put,708.0,24.0,3293.0,0.1995,0.02,5.37,6.66,,-0.425,-0.5763,0.3861,https://cdn.cboe.com/api/global/delayed_quotes/options/QQQ.json,0.02,0.0,-243333.12,-243333.12,0.0,-0.00024333312,-0.00024333312
QQQ,QQQ260515C00709000,2026-05-15,5,call,709.0,325.0,7872.0,0.199,0.02,8.74,9.69,,0.5596,-0.5719,0.3891,https://cdn.cboe.com/api/global/delayed_quotes/options/QQQ.json,0.02,3295136.0,0.0,3295136.0,0.003295136,0.0,0.003295136
QQQ,QQQ260515P00709000,2026-05-15,5,put,709.0,45.0,2742.0,0.1985,0.0203,6.15,7.09,,-0.4449,-0.5789,0.3891,https://cdn.cboe.com/api/global/delayed_quotes/options/QQQ.json,0.0203,0.0,-463093.344,-463093.344,0.0,-0.00046309334399999996,-0.00046309334399999996
QQQ,QQQ260515C00710000,2026-05-15,5,call,710.0,13345.0,29029.0,0.1983,0.0203,8.6,8.69,,0.5396,-0.573,0.3914,https://cdn.cboe.com/api/global/delayed_quotes/options/QQQ.json,0.0203,137332903.904,0.0,137332903.904,0.13733290390400002,0.0,0.13733290390400002
QQQ,QQQ260515P00710000,2026-05-15,5,put,710.0,626.0,9018.0,0.1977,0.0205,7.0,7.05,,-0.4652,-0.5802,0.3913,https://cdn.cboe.com/api/global/delayed_quotes/options/QQQ.json,0.0205,0.0,-6505612.351999999,-6505612.351999999,0.0,-0.006505612351999999,-0.006505612351999999
QQQ,QQQ260515C00711000,2026-05-15,5,call,711.0,500.0,3345.0,0.1972,0.0204,7.42,8.54,,0.5194,-0.5727,0.3928,https://cdn.cboe.com/api/global/delayed_quotes/options/QQQ.json,0.0204,5170828.800000001,0.0,5170828.800000001,0.005170828800000001,0.0,0.005170828800000001
QQQ,QQQ260515C00712000,2026-05-15,5,call,712.0,2846.0,4267.0,0.1964,0.0205,7.38,7.94,,0.499,-0.5709,0.3933,https://cdn.cboe.com/api/global/delayed_quotes/options/QQQ.json,0.0205,29576633.792000003,0.0,29576633.792000003,0.029576633792000002,0.0,0.029576633792000002
QQQ,QQQ260515P00712000,2026-05-15,5,put,712.0,30.0,798.0,0.196,0.0208,7.91,8.3,,-0.5061,-0.5784,0.3923,https://cdn.cboe.com/api/global/delayed_quotes/options/QQQ.json,0.0208,0.0,-316333.056,-316333.056,0.0,-0.00031633305599999996,-0.00031633305599999996
QQQ,QQQ260515C00713000,2026-05-15,5,call,713.0,687.0,1599.0,0.1956,0.0206,6.15,7.43,,0.4784,-0.5675,0.3928,https://cdn.cboe.com/api/global/delayed_quotes/options/QQQ.json,0.0206,7174372.876800001,0.0,7174372.876800001,0.007174372876800001,0.0,0.007174372876800001
QQQ,QQQ260515C00714000,2026-05-15,5,call,714.0,522.0,1797.0,0.1948,0.0206,5.76,7.08,,0.4577,-0.5626,0.3912,https://cdn.cboe.com/api/global/delayed_quotes/options/QQQ.json,0.0206,5451270.220799999,0.0,5451270.220799999,0.005451270220799999,0.0,0.005451270220799999
QQQ,QQQ260515C00715000,2026-05-15,5,call,715.0,3163.0,13798.0,0.194,0.0205,6.03,6.52,,0.4371,-0.5562,0.3886,https://cdn.cboe.com/api/global/delayed_quotes/options/QQQ.json,0.0205,32871009.376,0.0,32871009.376,0.032871009376,0.0,0.032871009376
QQQ,QQQ260515P00715000,2026-05-15,5,put,715.0,33.0,3077.0,0.1932,0.0208,9.27,9.54,,-0.569,-0.564,0.3867,https://cdn.cboe.com/api/global/delayed_quotes/options/QQQ.json,0.0208,0.0,-347966.36160000006,-347966.36160000006,0.0,-0.00034796636160000006,-0.00034796636160000006
QQQ,QQQ260515C00716000,2026-05-15,5,call,716.0,475.0,5646.0,0.1933,0.0204,5.53,5.93,,0.4165,-0.5482,0.385,https://cdn.cboe.com/api/global/delayed_quotes/options/QQQ.json,0.0204,4912287.36,0.0,4912287.36,0.004912287360000001,0.0,0.004912287360000001
QQQ,QQQ260515C00720000,2026-05-15,5,call,720.0,19649.0,38550.0,0.1903,0.0193,4.05,4.12,,0.3359,-0.5024,0.3608,https://cdn.cboe.com/api/global/delayed_quotes/options/QQQ.json,0.0193,192246193.26079997,0.0,192246193.26079997,0.19224619326079997,0.0,0.19224619326079997
QQQ,QQQ260515P00720000,2026-05-15,5,put,720.0,186.0,1123.0,0.189,0.0196,11.99,12.91,,-0.672,-0.51,0.3564,https://cdn.cboe.com/api/global/delayed_quotes/options/QQQ.json,0.0196,0.0,-1848115.0464,-1848115.0464,0.0,-0.0018481150464000002,-0.0018481150464000002
QQQ,QQQ260515C00725000,2026-05-15,5,call,725.0,2769.0,16414.0,0.1867,0.0168,2.55,2.6,,0.2438,-0.4202,0.3122,https://cdn.cboe.com/api/global/delayed_quotes/options/QQQ.json,0.0168,23582629.3248,0.0,23582629.3248,0.0235826293248,0.0,0.0235826293248
QQQ,QQQ260515P00725000,2026-05-15,5,put,725.0,2.0,229.0,0.1806,0.0171,15.54,16.23,,-0.7657,-0.4276,0.3047,https://cdn.cboe.com/api/global/delayed_quotes/options/QQQ.json,0.0171,0.0,-17337.4848,-17337.4848,0.0,-1.7337484799999997e-05,-1.7337484799999997e-05
QQQ,QQQ260515C00730000,2026-05-15,5,call,730.0,1960.0,10092.0,0.1843,0.0136,1.53,1.75,,0.167,-0.3253,0.2513,https://cdn.cboe.com/api/global/delayed_quotes/options/QQQ.json,0.0136,13513099.263999999,0.0,13513099.263999999,0.013513099263999998,0.0,0.013513099263999998
QQQ,QQQ260515P00730000,2026-05-15,5,put,730.0,5.0,69.0,0.1686,0.0138,19.28,20.2,,-0.8437,-0.3311,0.2396,https://cdn.cboe.com/api/global/delayed_quotes/options/QQQ.json,0.0138,0.0,-34979.136,-34979.136,0.0,-3.4979136e-05,-3.4979136e-05
QQQ,QQQ260515C00735000,2026-05-15,5,call,735.0,2438.0,6490.0,0.1842,0.0101,0.72,0.92,,0.1089,-0.2357,0.1899,https://cdn.cboe.com/api/global/delayed_quotes/options/QQQ.json,0.0101,12482887.667200001,0.0,12482887.667200001,0.012482887667200002,0.0,0.012482887667200002
QQQ,QQQ260515C00740000,2026-05-15,5,call,740.0,3466.0,4552.0,0.1869,0.0072,0.44,0.56,,0.0693,-0.1647,0.1373,https://cdn.cboe.com/api/global/delayed_quotes/options/QQQ.json,0.0072,12650888.908799998,0.0,12650888.908799998,0.012650888908799998,0.0,0.012650888908799998
QQQ,QQQ260515P00740000,2026-05-15,5,put,740.0,4.0,3.0,0.1437,0.007,28.02,29.7,,-0.9418,-0.1612,0.1186,https://cdn.cboe.com/api/global/delayed_quotes/options/QQQ.json,0.007,0.0,-14194.432000000003,-14194.432000000003,0.0,-1.4194432000000002e-05,-1.4194432000000002e-05
QQQ,QQQ260515C00745000,2026-05-15,5,call,745.0,829.0,4751.0,0.1925,0.005,0.33,0.5,,0.0448,-0.116,0.0985,https://cdn.cboe.com/api/global/delayed_quotes/options/QQQ.json,0.005,2101282.8800000004,0.0,2101282.8800000004,0.0021012828800000003,0.0,0.0021012828800000003
QQQ,QQQ260515C00750000,2026-05-15,5,call,750.0,1833.0,4703.0,0.1976,0.0035,0.21,0.25,,0.0306,-0.086,0.0728,https://cdn.cboe.com/api/global/delayed_quotes/options/QQQ.json,0.0035,3252299.232,0.0,3252299.232,0.0032522992319999997,0.0,0.0032522992319999997
QQQ,QQQ260515C00755000,2026-05-15,5,call,755.0,1186.0,2937.0,0.2091,0.0026,0.15,0.18,,0.0224,-0.068,0.0564,https://cdn.cboe.com/api/global/delayed_quotes/options/QQQ.json,0.0026,1563212.5183999997,0.0,1563212.5183999997,0.0015632125183999998,0.0,0.0015632125183999998
QQQ,QQQ260515C00760000,2026-05-15,5,call,760.0,1899.0,3603.0,0.2194,0.0019,0.11,0.61,,0.0173,-0.0566,0.0454,https://cdn.cboe.com/api/global/delayed_quotes/options/QQQ.json,0.0019,1829104.6464000002,0.0,1829104.6464000002,0.0018291046464000002,0.0,0.0018291046464000002
QQQ,QQQ260515C00765000,2026-05-15,5,call,765.0,1069.0,413.0,0.2306,0.0015,0.08,0.11,,0.0139,-0.0488,0.0377,https://cdn.cboe.com/api/global/delayed_quotes/options/QQQ.json,0.0015,812884.7039999999,0.0,812884.7039999999,0.0008128847039999999,0.0,0.0008128847039999999
QQQ,QQQ260515C00770000,2026-05-15,5,call,770.0,3613.0,390.0,0.245,0.0012,0.07,0.1,,0.0114,-0.0426,0.0317,https://cdn.cboe.com/api/global/delayed_quotes/options/QQQ.json,0.0012,2197906.4063999997,0.0,2197906.4063999997,0.0021979064064,0.0,0.0021979064064
QQQ,QQQ260515C00775000,2026-05-15,5,call,775.0,1503.0,950.0,0.2624,0.001,0.08,0.09,,0.0095,-0.0375,0.027,https://cdn.cboe.com/api/global/delayed_quotes/options/QQQ.json,0.001,761936.832,0.0,761936.832,0.0007619368320000001,0.0,0.0007619368320000001
QQQ,QQQ260515C00780000,2026-05-15,5,call,780.0,2674.0,395.0,0.2708,0.0008,0.05,0.08,,0.008,-0.0333,0.0232,https://cdn.cboe.com/api/global/delayed_quotes/options/QQQ.json,0.0008,1084454.6048,0.0,1084454.6048,0.0010844546048000001,0.0,0.0010844546048000001
QQQ,QQQ260515C00785000,2026-05-15,5,call,785.0,5387.0,39.0,0.282,0.0007,0.04,0.07,,0.0067,-0.0294,0.0199,https://cdn.cboe.com/api/global/delayed_quotes/options/QQQ.json,0.0007,1911635.1296,0.0,1911635.1296,0.0019116351296,0.0,0.0019116351296
QQQ,QQQ260515C00790000,2026-05-15,5,call,790.0,3099.0,60.0,0.298,0.0006,0.0,0.07,,0.0058,-0.0266,0.0174,https://cdn.cboe.com/api/global/delayed_quotes/options/QQQ.json,0.0006,942611.6736,0.0,942611.6736,0.0009426116736,0.0,0.0009426116736
QQQ,QQQ260515C00795000,2026-05-15,5,call,795.0,1710.0,20.0,0.3071,0.0005,0.0,0.26,,0.005,-0.024,0.0153,https://cdn.cboe.com/api/global/delayed_quotes/options/QQQ.json,0.0005,433437.12,0.0,433437.12,0.00043343712,0.0,0.00043343712
QQQ,QQQ260515C00800000,2026-05-15,5,call,800.0,1453.0,786.0,0.3143,0.0004,0.02,0.04,,0.0043,-0.0217,0.0134,https://cdn.cboe.com/api/global/delayed_quotes/options/QQQ.json,0.0004,294635.8528,0.0,294635.8528,0.0002946358528,0.0,0.0002946358528
QQQ,QQQ260515P00800000,2026-05-15,5,put,800.0,7.0,5.0,0.0,0.0003,86.75,90.34,,-0.998,-0.0109,0.0066,https://cdn.cboe.com/api/global/delayed_quotes/options/QQQ.json,0.0003,0.0,-1064.5824,-1064.5824,0.0,-1.0645824e-06,-1.0645824e-06
QQQ,QQQ260515C00805000,2026-05-15,5,call,805.0,935.0,257.0,0.3292,0.0003,0.0,0.05,,0.0038,-0.0197,0.0119,https://cdn.cboe.com/api/global/delayed_quotes/options/QQQ.json,0.0003,142197.792,0.0,142197.792,0.00014219779199999997,0.0,0.00014219779199999997
QQQ,QQQ260515C00810000,2026-05-15,5,call,810.0,943.0,30.0,0.3439,0.0003,0.0,0.72,,0.0033,-0.0179,0.0106,https://cdn.cboe.com/api/global/delayed_quotes/options/QQQ.json,0.0003,143414.4576,0.0,143414.4576,0.00014341445759999999,0.0,0.00014341445759999999
QQQ,QQQ260515C00815000,2026-05-15,5,call,815.0,231.0,76.0,0.3586,0.0002,0.0,0.05,,0.0029,-0.0161,0.0093,https://cdn.cboe.com/api/global/delayed_quotes/options/QQQ.json,0.0002,23420.812800000003,0.0,23420.812800000003,2.3420812800000004e-05,0.0,2.3420812800000004e-05
QQQ,QQQ260515C00820000,2026-05-15,5,call,820.0,599.0,22.0,0.3612,0.0002,0.0,0.04,,0.0026,-0.015,0.0084,https://cdn.cboe.com/api/global/delayed_quotes/options/QQQ.json,0.0002,60731.891200000005,0.0,60731.891200000005,6.0731891200000006e-05,0.0,6.0731891200000006e-05
QQQ,QQQ260515C00825000,2026-05-15,5,call,825.0,760.0,20.0,0.3752,0.0002,0.0,0.04,,0.0023,-0.0137,0.0076,https://cdn.cboe.com/api/global/delayed_quotes/options/QQQ.json,0.0002,77055.488,0.0,77055.488,7.7055488e-05,0.0,7.7055488e-05
QQQ,QQQ260515C00830000,2026-05-15,5,call,830.0,1761.0,27.0,0.389,0.0002,0.0,0.04,,0.002,-0.0125,0.0068,https://cdn.cboe.com/api/global/delayed_quotes/options/QQQ.json,0.0002,178545.6768,0.0,178545.6768,0.00017854567679999997,0.0,0.00017854567679999997
QQQ,QQQ260515C00835000,2026-05-15,5,call,835.0,4368.0,1307.0,0.3946,0.0001,0.0,0.03,,0.0018,-0.0115,0.0061,https://cdn.cboe.com/api/global/delayed_quotes/options/QQQ.json,0.0001,221433.13919999998,0.0,221433.13919999998,0.0002214331392,0.0,0.0002214331392
QQQ,QQQ260515C00840000,2026-05-15,5,call,840.0,4790.0,764.0,0.398,0.0001,0.0,0.06,,0.0016,-0.0106,0.0055,https://cdn.cboe.com/api/global/delayed_quotes/options/QQQ.json,0.0001,242826.176,0.0,242826.176,0.000242826176,0.0,0.000242826176
QQQ,QQQ260515C00850000,2026-05-15,5,call,850.0,104.0,31.0,0.4238,0.0001,0.0,0.03,,0.0013,-0.0091,0.0046,https://cdn.cboe.com/api/global/delayed_quotes/options/QQQ.json,0.0001,5272.2176,0.0,5272.2176,5.2722175999999996e-06,0.0,5.2722175999999996e-06
QQQ,QQQ260515C00860000,2026-05-15,5,call,860.0,133.0,0.0,0.4601,0.0001,0.01,0.23,,0.0011,-0.0078,0.0038,https://cdn.cboe.com/api/global/delayed_quotes/options/QQQ.json,0.0001,6742.3552,0.0,6742.3552,6.7423552e-06,0.0,6.7423552e-06
QQQ,QQQ260515C00870000,2026-05-15,5,call,870.0,1959.0,58.0,0.4589,0.0001,0.0,0.22,,0.0009,-0.0068,0.0032,https://cdn.cboe.com/api/global/delayed_quotes/options/QQQ.json,0.0001,99310.32960000001,0.0,99310.32960000001,9.931032960000001e-05,0.0,9.931032960000001e-05
QQQ,QQQ260515C00880000,2026-05-15,5,call,880.0,359.0,3.0,0.4985,0.0001,0.01,0.02,,0.0008,-0.006,0.0028,https://cdn.cboe.com/api/global/delayed_quotes/options/QQQ.json,0.0001,18199.289600000004,0.0,18199.289600000004,1.8199289600000003e-05,0.0,1.8199289600000003e-05
QQQ,QQQ260515C00890000,2026-05-15,5,call,890.0,122.0,21.0,0.5226,0.0,0.01,0.22,,0.0007,-0.0052,0.0024,https://cdn.cboe.com/api/global/delayed_quotes/options/QQQ.json,0.0,0.0,0.0,0.0,0.0,0.0,0.0
QQQ,QQQ260515C00900000,2026-05-15,5,call,900.0,377.0,6.0,0.5293,0.0,0.0,0.02,,0.0006,-0.0046,0.002,https://cdn.cboe.com/api/global/delayed_quotes/options/QQQ.json,0.0,0.0,0.0,0.0,0.0,0.0,0.0
QQQ,QQQ260518P00495000,2026-05-18,8,put,495.0,100.0,100.0,0.7295,0.0,0.02,0.03,,-0.0008,-0.0092,0.0034,https://cdn.cboe.com/api/global/delayed_quotes/options/QQQ.json,0.0,0.0,-0.0,0.0,0.0,-0.0,0.0
QQQ,QQQ260518C00500000,2026-05-18,8,call,500.0,1.0,0.0,0.9322,0.0,210.06,214.0,,0.999,-0.0097,0.0037,https://cdn.cboe.com/api/global/delayed_quotes/options/QQQ.json,0.0,0.0,0.0,0.0,0.0,0.0,0.0
QQQ,QQQ260518P00510000,2026-05-18,8,put,510.0,50.0,0.0,0.6459,0.0,0.0,0.74,,-0.0011,-0.0109,0.0043,https://cdn.cboe.com/api/global/delayed_quotes/options/QQQ.json,0.0,0.0,-0.0,0.0,0.0,-0.0,0.0
QQQ,QQQ260518P00565000,2026-05-18,8,put,565.0,1.0,0.0,0.5065,0.0001,0.0,0.76,,-0.0028,-0.0209,0.0104,https://cdn.cboe.com/api/global/delayed_quotes/options/QQQ.json,0.0001,0.0,-50.69440000000001,-50.69440000000001,0.0,-5.0694400000000006e-08,-5.0694400000000006e-08
QQQ,QQQ260518C00575000,2026-05-18,8,call,575.0,1.0,1.0,0.605,0.0002,135.16,139.0,,0.9965,-0.0236,0.0123,https://cdn.cboe.com/api/global/delayed_quotes/options/QQQ.json,0.0002,101.38880000000002,0.0,101.38880000000002,1.0138880000000001e-07,0.0,1.0138880000000001e-07
QQQ,QQQ260518P00575000,2026-05-18,8,put,575.0,1.0,2.0,0.4807,0.0002,0.0,0.07,,-0.0034,-0.0237,0.0124,https://cdn.cboe.com/api/global/delayed_quotes/options/QQQ.json,0.0002,0.0,-101.38880000000002,-101.38880000000002,0.0,-1.0138880000000001e-07,-1.0138880000000001e-07
QQQ,QQQ260518P00585000,2026-05-18,8,put,585.0,10.0,0.0,0.4531,0.0002,0.0,0.78,,-0.0041,-0.0269,0.0148,https://cdn.cboe.com/api/global/delayed_quotes/options/QQQ.json,0.0002,0.0,-1013.888,-1013.888,0.0,-1.013888e-06,-1.013888e-06
QQQ,QQQ260518P00590000,2026-05-18,8,put,590.0,4.0,1.0,0.4352,0.0002,0.05,0.2,,-0.0045,-0.0287,0.0162,https://cdn.cboe.com/api/global/delayed_quotes/options/QQQ.json,0.0002,0.0,-405.55520000000007,-405.55520000000007,0.0,-4.0555520000000004e-07,-4.0555520000000004e-07
QQQ,QQQ260518C00600000,2026-05-18,8,call,600.0,3.0,5.0,0.5022,0.0003,110.19,114.2,,0.9943,-0.0327,0.0196,https://cdn.cboe.com/api/global/delayed_quotes/options/QQQ.json,0.0003,456.2496,0.0,456.2496,4.562496e-07,0.0,4.562496e-07
QQQ,QQQ260518P00600000,2026-05-18,8,put,600.0,111.0,17.0,0.4118,0.0003,0.07,0.1,,-0.0056,-0.0328,0.0196,https://cdn.cboe.com/api/global/delayed_quotes/options/QQQ.json,0.0003,0.0,-16881.2352,-16881.2352,0.0,-1.68812352e-05,-1.68812352e-05
QQQ,QQQ260518C00605000,2026-05-18,8,call,605.0,5.0,2.0,0.4849,0.0004,105.22,109.19,,0.9936,-0.035,0.0216,https://cdn.cboe.com/api/global/delayed_quotes/options/QQQ.json,0.0004,1013.888,0.0,1013.888,1.013888e-06,0.0,1.013888e-06
QQQ,QQQ260518P00605000,2026-05-18,8,put,605.0,177.0,37.0,0.3989,0.0004,0.08,0.11,,-0.0062,-0.0351,0.0216,https://cdn.cboe.com/api/global/delayed_quotes/options/QQQ.json,0.0004,0.0,-35891.635200000004,-35891.635200000004,0.0,-3.5891635200000006e-05,-3.5891635200000006e-05
QQQ,QQQ260518C00610000,2026-05-18,8,call,610.0,2.0,0.0,0.4655,0.0004,100.24,104.22,,0.9929,-0.0375,0.0239,https://cdn.cboe.com/api/global/delayed_quotes/options/QQQ.json,0.0004,405.55520000000007,0.0,405.55520000000007,4.0555520000000004e-07,0.0,4.0555520000000004e-07
QQQ,QQQ260518P00610000,2026-05-18,8,put,610.0,360.0,24.0,0.3832,0.0004,0.09,0.5,,-0.007,-0.0376,0.0239,https://cdn.cboe.com/api/global/delayed_quotes/options/QQQ.json,0.0004,0.0,-72999.93600000002,-72999.93600000002,0.0,-7.299993600000001e-05,-7.299993600000001e-05
QQQ,QQQ260518C00615000,2026-05-18,8,call,615.0,6.0,13.0,0.4461,0.0005,95.25,99.29,,0.992,-0.0403,0.0265,https://cdn.cboe.com/api/global/delayed_quotes/options/QQQ.json,0.0005,1520.8319999999999,0.0,1520.8319999999999,1.520832e-06,0.0,1.520832e-06
QQQ,QQQ260518P00615000,2026-05-18,8,put,615.0,211.0,10.0,0.3711,0.0005,0.1,0.13,,-0.0079,-0.0404,0.0266,https://cdn.cboe.com/api/global/delayed_quotes/options/QQQ.json,0.0005,0.0,-53482.592,-53482.592,0.0,-5.3482592e-05,-5.3482592e-05
QQQ,QQQ260518P00620000,2026-05-18,8,put,620.0,809.0,7.0,0.3566,0.0006,0.11,0.34,,-0.0089,-0.0436,0.0297,https://cdn.cboe.com/api/global/delayed_quotes/options/QQQ.json,0.0006,0.0,-246070.61759999994,-246070.61759999994,0.0,-0.00024607061759999993,-0.00024607061759999993
QQQ,QQQ260518P00625000,2026-05-18,8,put,625.0,310.0,49.0,0.3415,0.0007,0.12,0.15,,-0.0101,-0.0472,0.0333,https://cdn.cboe.com/api/global/delayed_quotes/options/QQQ.json,0.0007,0.0,-110006.848,-110006.848,0.0,-0.000110006848,-0.000110006848
QQQ,QQQ260518C00630000,2026-05-18,8,call,630.0,14.0,1.0,0.388,0.0008,80.3,84.27,,0.9883,-0.0513,0.0374,https://cdn.cboe.com/api/global/delayed_quotes/options/QQQ.json,0.0008,5677.772799999999,0.0,5677.772799999999,5.677772799999999e-06,0.0,5.677772799999999e-06
QQQ,QQQ260518P00630000,2026-05-18,8,put,630.0,522.0,36.0,0.3289,0.0008,0.14,0.37,,-0.0116,-0.0515,0.0375,https://cdn.cboe.com/api/global/delayed_quotes/options/QQQ.json,0.0008,0.0,-211699.81440000003,-211699.81440000003,0.0,-0.00021169981440000003,-0.00021169981440000003
QQQ,QQQ260518C00635000,2026-05-18,8,call,635.0,7.0,3.0,0.3694,0.0009,75.32,79.36,,0.9864,-0.0564,0.0426,https://cdn.cboe.com/api/global/delayed_quotes/options/QQQ.json,0.0009,3193.7472000000002,0.0,3193.7472000000002,3.1937472e-06,0.0,3.1937472e-06
QQQ,QQQ260518P00635000,2026-05-18,8,put,635.0,664.0,78.0,0.3141,0.0009,0.16,0.38,,-0.0135,-0.0566,0.0427,https://cdn.cboe.com/api/global/delayed_quotes/options/QQQ.json,0.0009,0.0,-302949.7344,-302949.7344,0.0,-0.0003029497344,-0.0003029497344
QQQ,QQQ260518C00640000,2026-05-18,8,call,640.0,23.0,0.0,0.3511,0.0011,70.35,74.39,,0.9841,-0.0627,0.049,https://cdn.cboe.com/api/global/delayed_quotes/options/QQQ.json,0.0011,12825.683200000001,0.0,12825.683200000001,1.2825683200000002e-05,0.0,1.2825683200000002e-05
QQQ,QQQ260518P00640000,2026-05-18,8,put,640.0,1203.0,107.0,0.3009,0.0011,0.18,0.41,,-0.0159,-0.063,0.0492,https://cdn.cboe.com/api/global/delayed_quotes/options/QQQ.json,0.0011,0.0,-670838.9952,-670838.9952,0.0,-0.0006708389952,-0.0006708389952
QQQ,QQQ260518P00643000,2026-05-18,8,put,643.0,173.0,1.0,0.2936,0.0012,0.2,0.43,,-0.0176,-0.0675,0.0537,https://cdn.cboe.com/api/global/delayed_quotes/options/QQQ.json,0.0012,0.0,-105241.5744,-105241.5744,0.0,-0.0001052415744,-0.0001052415744
QQQ,QQQ260518P00644000,2026-05-18,8,put,644.0,36.0,0.0,0.2917,0.0013,0.21,0.44,,-0.0183,-0.0692,0.0554,https://cdn.cboe.com/api/global/delayed_quotes/options/QQQ.json,0.0013,0.0,-23724.979199999998,-23724.979199999998,0.0,-2.3724979199999996e-05,-2.3724979199999996e-05
QQQ,QQQ260518C00645000,2026-05-18,8,call,645.0,10.0,0.0,0.3336,0.0014,65.39,69.43,,0.981,-0.0706,0.057,https://cdn.cboe.com/api/global/delayed_quotes/options/QQQ.json,0.0014,7097.216000000001,0.0,7097.216000000001,7.097216000000001e-06,0.0,7.097216000000001e-06
QQQ,QQQ260518P00645000,2026-05-18,8,put,645.0,1225.0,66.0,0.2888,0.0014,0.22,0.36,,-0.019,-0.071,0.0572,https://cdn.cboe.com/api/global/delayed_quotes/options/QQQ.json,0.0014,0.0,-869408.96,-869408.96,0.0,-0.00086940896,-0.00086940896
QQQ,QQQ260518P00646000,2026-05-18,8,put,646.0,1.0,1.0,0.2867,0.0014,0.23,0.44,,-0.0197,-0.0729,0.0591,https://cdn.cboe.com/api/global/delayed_quotes/options/QQQ.json,0.0014,0.0,-709.7215999999999,-709.7215999999999,0.0,-7.097215999999999e-07,-7.097215999999999e-07
QQQ,QQQ260518P00647000,2026-05-18,8,put,647.0,72.0,30.0,0.2846,0.0015,0.24,0.45,,-0.0205,-0.0748,0.0611,https://cdn.cboe.com/api/global/delayed_quotes/options/QQQ.json,0.0015,0.0,-54749.952000000005,-54749.952000000005,0.0,-5.4749952000000005e-05,-5.4749952000000005e-05
QQQ,QQQ260518C00648000,2026-05-18,8,call,648.0,1.0,0.0,0.3229,0.0015,62.42,66.09,,0.9786,-0.0764,0.0629,https://cdn.cboe.com/api/global/delayed_quotes/options/QQQ.json,0.0015,760.4159999999999,0.0,760.4159999999999,7.60416e-07,0.0,7.60416e-07
QQQ,QQQ260518P00648000,2026-05-18,8,put,648.0,2.0,4.0,0.2815,0.0015,0.24,0.46,,-0.0213,-0.0768,0.0632,https://cdn.cboe.com/api/global/delayed_quotes/options/QQQ.json,0.0015,0.0,-1520.8319999999999,-1520.8319999999999,0.0,-1.520832e-06,-1.520832e-06
QQQ,QQQ260518C00649000,2026-05-18,8,call,649.0,45.0,0.0,0.32,0.0016,61.43,65.15,,0.9778,-0.0786,0.0651,https://cdn.cboe.com/api/global/delayed_quotes/options/QQQ.json,0.0016,36499.96800000001,0.0,36499.96800000001,3.6499968000000005e-05,0.0,3.6499968000000005e-05
QQQ,QQQ260518P00649000,2026-05-18,8,put,649.0,500.0,2.0,0.2792,0.0016,0.25,0.47,,-0.0222,-0.079,0.0654,https://cdn.cboe.com/api/global/delayed_quotes/options/QQQ.json,0.0016,0.0,-405555.2,-405555.2,0.0,-0.0004055552,-0.0004055552
QQQ,QQQ260518C00650000,2026-05-18,8,call,650.0,24.0,10.0,0.3175,0.0017,60.46,64.14,,0.9768,-0.0808,0.0674,https://cdn.cboe.com/api/global/delayed_quotes/options/QQQ.json,0.0017,20683.315199999997,0.0,20683.315199999997,2.0683315199999997e-05,0.0,2.0683315199999997e-05
QQQ,QQQ260518P00650000,2026-05-18,8,put,650.0,2075.0,560.0,0.2768,0.0017,0.26,0.47,,-0.0231,-0.0813,0.0677,https://cdn.cboe.com/api/global/delayed_quotes/options/QQQ.json,0.0017,0.0,-1788244.96,-1788244.96,0.0,-0.0017882449599999999,-0.0017882449599999999
QQQ,QQQ260518C00651000,2026-05-18,8,call,651.0,1.0,0.0,0.312,0.0017,59.43,63.15,,0.9759,-0.0832,0.0698,https://cdn.cboe.com/api/global/delayed_quotes/options/QQQ.json,0.0017,861.8048,0.0,861.8048,8.618048e-07,0.0,8.618048e-07
QQQ,QQQ260518P00651000,2026-05-18,8,put,651.0,39.0,26.0,0.2744,0.0017,0.27,0.48,,-0.0241,-0.0837,0.0701,https://cdn.cboe.com/api/global/delayed_quotes/options/QQQ.json,0.0017,0.0,-33610.3872,-33610.3872,0.0,-3.36103872e-05,-3.36103872e-05
QQQ,QQQ260518P00652000,2026-05-18,8,put,652.0,33.0,32.0,0.2728,0.0018,0.29,0.31,,-0.0252,-0.0862,0.0725,https://cdn.cboe.com/api/global/delayed_quotes/options/QQQ.json,0.0018,0.0,-30112.473600000005,-30112.473600000005,0.0,-3.0112473600000006e-05,-3.0112473600000006e-05
QQQ,QQQ260518P00653000,2026-05-18,8,put,653.0,43.0,66.0,0.2707,0.0019,0.3,0.51,,-0.0263,-0.089,0.0752,https://cdn.cboe.com/api/global/delayed_quotes/options/QQQ.json,0.0019,0.0,-41417.3248,-41417.3248,0.0,-4.14173248e-05,-4.14173248e-05
QQQ,QQQ260518P00654000,2026-05-18,8,put,654.0,176.0,116.0,0.2681,0.002,0.31,0.53,,-0.0275,-0.0917,0.0779,https://cdn.cboe.com/api/global/delayed_quotes/options/QQQ.json,0.002,0.0,-178444.28799999997,-178444.28799999997,0.0,-0.00017844428799999998,-0.00017844428799999998
QQQ,QQQ260518C00655000,2026-05-18,8,call,655.0,12.0,13.0,0.2871,0.0021,55.23,59.21,,0.9713,-0.0941,0.0806,https://cdn.cboe.com/api/global/delayed_quotes/options/QQQ.json,0.0021,12774.988800000001,0.0,12774.988800000001,1.27749888e-05,0.0,1.27749888e-05
QQQ,QQQ260518P00655000,2026-05-18,8,put,655.0,535.0,103.0,0.266,0.0021,0.33,0.54,,-0.0288,-0.0947,0.0808,https://cdn.cboe.com/api/global/delayed_quotes/options/QQQ.json,0.0021,0.0,-569551.584,-569551.584,0.0,-0.000569551584,-0.000569551584
QQQ,QQQ260518C00656000,2026-05-18,8,call,656.0,4.0,0.0,0.2973,0.0022,54.53,58.24,,0.9699,-0.0972,0.0837,https://cdn.cboe.com/api/global/delayed_quotes/options/QQQ.json,0.0022,4461.1072,0.0,4461.1072,4.4611072e-06,0.0,4.4611072e-06
QQQ,QQQ260518P00656000,2026-05-18,8,put,656.0,35.0,14.0,0.2639,0.0022,0.34,0.56,,-0.0301,-0.0978,0.084,https://cdn.cboe.com/api/global/delayed_quotes/options/QQQ.json,0.0022,0.0,-39034.688,-39034.688,0.0,-3.9034688e-05,-3.9034688e-05
QQQ,QQQ260518P00657000,2026-05-18,8,put,657.0,12.0,15.0,0.2621,0.0023,0.36,0.57,,-0.0314,-0.1006,0.087,https://cdn.cboe.com/api/global/delayed_quotes/options/QQQ.json,0.0023,0.0,-13991.6544,-13991.6544,0.0,-1.3991654399999999e-05,-1.3991654399999999e-05
QQQ,QQQ260518P00658000,2026-05-18,8,put,658.0,26.0,14.0,0.2597,0.0024,0.37,0.59,,-0.0329,-0.104,0.0905,https://cdn.cboe.com/api/global/delayed_quotes/options/QQQ.json,0.0024,0.0,-31633.305599999996,-31633.305599999996,0.0,-3.16333056e-05,-3.16333056e-05
QQQ,QQQ260518P00659000,2026-05-18,8,put,659.0,146.0,2.0,0.2572,0.0025,0.39,0.61,,-0.0346,-0.1076,0.0942,https://cdn.cboe.com/api/global/delayed_quotes/options/QQQ.json,0.0025,0.0,-185034.56,-185034.56,0.0,-0.00018503456,-0.00018503456
QQQ,QQQ260518C00660000,2026-05-18,8,call,660.0,14.0,10.0,0.2743,0.0026,50.34,54.36,,0.9636,-0.1112,0.0978,https://cdn.cboe.com/api/global/delayed_quotes/options/QQQ.json,0.0026,18452.7616,0.0,18452.7616,1.84527616e-05,0.0,1.84527616e-05
QQQ,QQQ260518P00660000,2026-05-18,8,put,660.0,937.0,646.0,0.2553,0.0026,0.41,0.63,,-0.0363,-0.1114,0.0979,https://cdn.cboe.com/api/global/delayed_quotes/options/QQQ.json,0.0026,0.0,-1235016.9728,-1235016.9728,0.0,-0.0012350169728,-0.0012350169728
QQQ,QQQ260518P00661000,2026-05-18,8,put,661.0,112.0,38.0,0.2532,0.0028,0.43,0.66,,-0.0381,-0.1154,0.1018,https://cdn.cboe.com/api/global/delayed_quotes/options/QQQ.json,0.0028,0.0,-158977.6384,-158977.6384,0.0,-0.0001589776384,-0.0001589776384
QQQ,QQQ260518C00662000,2026-05-18,8,call,662.0,155.0,0.0,0.2656,0.0029,48.31,52.48,,0.9599,-0.1194,0.1058,https://cdn.cboe.com/api/global/delayed_quotes/options/QQQ.json,0.0029,227871.32799999998,0.0,227871.32799999998,0.00022787132799999998,0.0,0.00022787132799999998
QQQ,QQQ260518P00662000,2026-05-18,8,put,662.0,31.0,17.0,0.2514,0.0029,0.45,0.68,,-0.0401,-0.1196,0.1059,https://cdn.cboe.com/api/global/delayed_quotes/options/QQQ.json,0.0029,0.0,-45574.265600000006,-45574.265600000006,0.0,-4.557426560000001e-05,-4.557426560000001e-05
QQQ,QQQ260518P00663000,2026-05-18,8,put,663.0,189.0,67.0,0.2496,0.003,0.48,0.7,,-0.0422,-0.124,0.1102,https://cdn.cboe.com/api/global/delayed_quotes/options/QQQ.json,0.003,0.0,-287437.248,-287437.248,0.0,-0.000287437248,-0.000287437248
QQQ,QQQ260518C00664000,2026-05-18,8,call,664.0,1.0,0.0,0.2614,0.0032,46.37,50.61,,0.9556,-0.1283,0.1147,https://cdn.cboe.com/api/global/delayed_quotes/options/QQQ.json,0.0032,1622.2208000000003,0.0,1622.2208000000003,1.6222208000000002e-06,0.0,1.6222208000000002e-06
QQQ,QQQ260518P00664000,2026-05-18,8,put,664.0,60.0,32.0,0.248,0.0032,0.5,0.74,,-0.0444,-0.1286,0.1147,https://cdn.cboe.com/api/global/delayed_quotes/options/QQQ.json,0.0032,0.0,-97333.24799999999,-97333.24799999999,0.0,-9.7333248e-05,-9.7333248e-05
QQQ,QQQ260518C00665000,2026-05-18,8,call,665.0,122.0,4.0,0.2615,0.0034,45.46,49.64,,0.9532,-0.1331,0.1195,https://cdn.cboe.com/api/global/delayed_quotes/options/QQQ.json,0.0034,210280.37119999997,0.0,210280.37119999997,0.00021028037119999996,0.0,0.00021028037119999996
QQQ,QQQ260518P00665000,2026-05-18,8,put,665.0,715.0,692.0,0.2459,0.0034,0.53,0.57,,-0.0467,-0.1334,0.1196,https://cdn.cboe.com/api/global/delayed_quotes/options/QQQ.json,0.0034,0.0,-1232380.8639999998,-1232380.8639999998,0.0,-0.0012323808639999997,-0.0012323808639999997
QQQ,QQQ260518C00666000,2026-05-18,8,call,666.0,2.0,0.0,0.259,0.0035,44.49,48.67,,0.9507,-0.1382,0.1246,https://cdn.cboe.com/api/global/delayed_quotes/options/QQQ.json,0.0035,3548.6080000000006,0.0,3548.6080000000006,3.5486080000000004e-06,0.0,3.5486080000000004e-06
QQQ,QQQ260518P00666000,2026-05-18,8,put,666.0,122.0,25.0,0.2441,0.0035,0.56,0.6,,-0.0492,-0.1384,0.1248,https://cdn.cboe.com/api/global/delayed_quotes/options/QQQ.json,0.0035,0.0,-216465.088,-216465.088,0.0,-0.000216465088,-0.000216465088
QQQ,QQQ260518C00667000,2026-05-18,8,call,667.0,10.0,3.0,0.2565,0.0037,43.52,47.73,,0.948,-0.1434,0.1298,https://cdn.cboe.com/api/global/delayed_quotes/options/QQQ.json,0.0037,18756.928000000004,0.0,18756.928000000004,1.8756928000000003e-05,0.0,1.8756928000000003e-05
QQQ,QQQ260518P00667000,2026-05-18,8,put,667.0,66.0,17.0,0.2421,0.0037,0.59,0.82,,-0.0519,-0.1437,0.13,https://cdn.cboe.com/api/global/delayed_quotes/options/QQQ.json,0.0037,0.0,-123795.72480000001,-123795.72480000001,0.0,-0.00012379572480000002,-0.00012379572480000002
QQQ,QQQ260518C00668000,2026-05-18,8,call,668.0,45.0,0.0,0.2452,0.0039,42.18,46.81,,0.9452,-0.1489,0.1353,https://cdn.cboe.com/api/global/delayed_quotes/options/QQQ.json,0.0039,88968.67199999999,0.0,88968.67199999999,8.896867199999999e-05,0.0,8.896867199999999e-05
QQQ,QQQ260518P00668000,2026-05-18,8,put,668.0,44.0,4.0,0.2408,0.0039,0.63,0.71,,-0.0548,-0.1492,0.1354,https://cdn.cboe.com/api/global/delayed_quotes/options/QQQ.json,0.0039,0.0,-86991.59040000002,-86991.59040000002,0.0,-8.699159040000002e-05,-8.699159040000002e-05
QQQ,QQQ260518P00669000,2026-05-18,8,put,669.0,15.0,15.0,0.2389,0.0041,0.48,0.9,,-0.0578,-0.155,0.1411,https://cdn.cboe.com/api/global/delayed_quotes/options/QQQ.json,0.0041,0.0,-31177.056,-31177.056,0.0,-3.1177056e-05,-3.1177056e-05
QQQ,QQQ260518C00670000,2026-05-18,8,call,670.0,136.0,8.0,0.2416,0.0043,40.37,44.91,,0.939,-0.1606,0.1468,https://cdn.cboe.com/api/global/delayed_quotes/options/QQQ.json,0.0043,296460.8512,0.0,296460.8512,0.0002964608512,0.0,0.0002964608512
QQQ,QQQ260518P00670000,2026-05-18,8,put,670.0,821.0,373.0,0.2373,0.0043,0.71,0.93,,-0.061,-0.161,0.1469,https://cdn.cboe.com/api/global/delayed_quotes/options/QQQ.json,0.0043,0.0,-1789664.4032,-1789664.4032,0.0,-0.0017896644032000001,-0.0017896644032000001
QQQ,QQQ260518P00671000,2026-05-18,8,put,671.0,34.0,41.0,0.2358,0.0045,0.75,0.79,,-0.0644,-0.1672,0.1532,https://cdn.cboe.com/api/global/delayed_quotes/options/QQQ.json,0.0045,0.0,-77562.432,-77562.432,0.0,-7.7562432e-05,-7.7562432e-05
QQQ,QQQ260518P00672000,2026-05-18,8,put,672.0,40.0,25.0,0.2344,0.0047,0.79,0.84,,-0.068,-0.1737,0.1598,https://cdn.cboe.com/api/global/delayed_quotes/options/QQQ.json,0.0047,0.0,-95305.47200000001,-95305.47200000001,0.0,-9.530547200000001e-05,-9.530547200000001e-05
QQQ,QQQ260518C00673000,2026-05-18,8,call,673.0,1.0,0.0,0.2439,0.005,37.78,42.0,,0.9282,-0.1801,0.1664,https://cdn.cboe.com/api/global/delayed_quotes/options/QQQ.json,0.005,2534.7200000000003,0.0,2534.7200000000003,2.53472e-06,0.0,2.53472e-06
QQQ,QQQ260518P00673000,2026-05-18,8,put,673.0,23.0,41.0,0.2329,0.005,0.65,1.06,,-0.0718,-0.1804,0.1667,https://cdn.cboe.com/api/global/delayed_quotes/options/QQQ.json,0.005,0.0,-58298.56,-58298.56,0.0,-5.8298559999999995e-05,-5.8298559999999995e-05
QQQ,QQQ260518P00674000,2026-05-18,8,put,674.0,37.0,14.0,0.2311,0.0052,0.9,1.13,,-0.0759,-0.1874,0.1736,https://cdn.cboe.com/api/global/delayed_quotes/options/QQQ.json,0.0052,0.0,-97536.0256,-97536.0256,0.0,-9.75360256e-05,-9.75360256e-05
QQQ,QQQ260518C00675000,2026-05-18,8,call,675.0,197.0,6.0,0.2558,0.0055,36.55,39.99,,0.9198,-0.1942,0.1806,https://cdn.cboe.com/api/global/delayed_quotes/options/QQQ.json,0.0055,549273.824,0.0,549273.824,0.000549273824,0.0,0.000549273824
QQQ,QQQ260518P00675000,2026-05-18,8,put,675.0,661.0,272.0,0.2298,0.0055,0.89,1.19,,-0.0802,-0.1947,0.1808,https://cdn.cboe.com/api/global/delayed_quotes/options/QQQ.json,0.0055,0.0,-1842994.9120000002,-1842994.9120000002,0.0,-0.0018429949120000002,-0.0018429949120000002
QQQ,QQQ260518P00676000,2026-05-18,8,put,676.0,95.0,131.0,0.2283,0.0058,1.02,1.25,,-0.0848,-0.2022,0.1881,https://cdn.cboe.com/api/global/delayed_quotes/options/QQQ.json,0.0058,0.0,-279326.144,-279326.144,0.0,-0.00027932614399999996,-0.00027932614399999996
QQQ,QQQ260518C00677000,2026-05-18,8,call,677.0,1.0,6.0,0.2509,0.006,34.68,38.35,,0.9104,-0.2094,0.1957,https://cdn.cboe.com/api/global/delayed_quotes/options/QQQ.json,0.006,3041.6639999999998,0.0,3041.6639999999998,3.041664e-06,0.0,3.041664e-06
QQQ,QQQ260518P00677000,2026-05-18,8,put,677.0,59.0,38.0,0.2271,0.006,1.04,1.32,,-0.0897,-0.2099,0.1958,https://cdn.cboe.com/api/global/delayed_quotes/options/QQQ.json,0.006,0.0,-179458.17599999998,-179458.17599999998,0.0,-0.000179458176,-0.000179458176
QQQ,QQQ260518P00678000,2026-05-18,8,put,678.0,68.0,101.0,0.2256,0.0063,0.96,1.33,,-0.0948,-0.2178,0.2041,https://cdn.cboe.com/api/global/delayed_quotes/options/QQQ.json,0.0063,0.0,-217174.8096,-217174.8096,0.0,-0.00021717480960000001,-0.00021717480960000001
QQQ,QQQ260518C00679000,2026-05-18,8,call,679.0,1.0,1.0,0.2466,0.0066,32.82,36.49,,0.8999,-0.2255,0.2122,https://cdn.cboe.com/api/global/delayed_quotes/options/QQQ.json,0.0066,3345.8304000000003,0.0,3345.8304000000003,3.3458304000000004e-06,0.0,3.3458304000000004e-06
QQQ,QQQ260518P00679000,2026-05-18,8,put,679.0,49.0,107.0,0.224,0.0066,1.23,1.47,,-0.1002,-0.226,0.2126,https://cdn.cboe.com/api/global/delayed_quotes/options/QQQ.json,0.0066,0.0,-163945.6896,-163945.6896,0.0,-0.00016394568960000002,-0.00016394568960000002
QQQ,QQQ260518C00680000,2026-05-18,8,call,680.0,422.0,16.0,0.224,0.0069,31.9,33.62,,0.8942,-0.2339,0.2207,https://cdn.cboe.com/api/global/delayed_quotes/options/QQQ.json,0.0069,1476119.5392000002,0.0,1476119.5392000002,0.0014761195392000003,0.0,0.0014761195392000003
QQQ,QQQ260518P00680000,2026-05-18,8,put,680.0,530.0,472.0,0.2226,0.007,1.31,1.35,,-0.1059,-0.2344,0.221,https://cdn.cboe.com/api/global/delayed_quotes/options/QQQ.json,0.007,0.0,-1880762.24,-1880762.24,0.0,-0.00188076224,-0.00188076224
QQQ,QQQ260518C00681000,2026-05-18,8,call,681.0,1.0,0.0,0.2423,0.0073,30.99,34.5,,0.8881,-0.2425,0.2294,https://cdn.cboe.com/api/global/delayed_quotes/options/QQQ.json,0.0073,3700.6912,0.0,3700.6912,3.7006912000000003e-06,0.0,3.7006912000000003e-06
QQQ,QQQ260518P00681000,2026-05-18,8,put,681.0,155.0,273.0,0.2212,0.0073,1.39,1.66,,-0.112,-0.2431,0.2296,https://cdn.cboe.com/api/global/delayed_quotes/options/QQQ.json,0.0073,0.0,-573607.1359999999,-573607.1359999999,0.0,-0.000573607136,-0.000573607136
QQQ,QQQ260518P00682000,2026-05-18,8,put,682.0,103.0,101.0,0.2201,0.0076,1.25,1.81,,-0.1184,-0.2519,0.2384,https://cdn.cboe.com/api/global/delayed_quotes/options/QQQ.json,0.0076,0.0,-396835.7632,-396835.7632,0.0,-0.0003968357632,-0.0003968357632
QQQ,QQQ260518C00683000,2026-05-18,8,call,683.0,1.0,0.0,0.243,0.008,29.69,30.88,,0.875,-0.2602,0.2474,https://cdn.cboe.com/api/global/delayed_quotes/options/QQQ.json,0.008,4055.552,0.0,4055.552,4.055552e-06,0.0,4.055552e-06
QQQ,QQQ260518P00683000,2026-05-18,8,put,683.0,51.0,34.0,0.2187,0.008,1.29,1.86,,-0.1251,-0.2609,0.2476,https://cdn.cboe.com/api/global/delayed_quotes/options/QQQ.json,0.008,0.0,-206833.15200000003,-206833.15200000003,0.0,-0.00020683315200000003,-0.00020683315200000003
QQQ,QQQ260518C00684000,2026-05-18,8,call,684.0,17.0,0.0,0.2459,0.0083,28.84,30.04,,0.868,-0.2693,0.2568,https://cdn.cboe.com/api/global/delayed_quotes/options/QQQ.json,0.0083,71529.7984,0.0,71529.7984,7.15297984e-05,0.0,7.15297984e-05
QQQ,QQQ260518P00684000,2026-05-18,8,put,684.0,225.0,52.0,0.2175,0.0083,1.64,1.99,,-0.1322,-0.27,0.2574,https://cdn.cboe.com/api/global/delayed_quotes/options/QQQ.json,0.0083,0.0,-946717.92,-946717.92,0.0,-0.00094671792,-0.00094671792
QQQ,QQQ260518C00685000,2026-05-18,8,call,685.0,489.0,36.0,0.233,0.0087,27.36,30.65,,0.8606,-0.2786,0.2665,https://cdn.cboe.com/api/global/delayed_quotes/options/QQQ.json,0.0087,2156691.8592,0.0,2156691.8592,0.0021566918592,0.0,0.0021566918592
QQQ,QQQ260518P00685000,2026-05-18,8,put,685.0,288.0,1021.0,0.2162,0.0087,1.52,2.11,,-0.1397,-0.2794,0.2669,https://cdn.cboe.com/api/global/delayed_quotes/options/QQQ.json,0.0087,0.0,-1270198.8864,-1270198.8864,0.0,-0.0012701988864,-0.0012701988864
QQQ,QQQ260518C00686000,2026-05-18,8,call,686.0,21.0,10.0,0.2319,0.0091,26.48,30.0,,0.8527,-0.288,0.2762,https://cdn.cboe.com/api/global/delayed_quotes/options/QQQ.json,0.0091,96876.99840000003,0.0,96876.99840000003,9.687699840000003e-05,0.0,9.687699840000003e-05
QQQ,QQQ260518P00686000,2026-05-18,8,put,686.0,377.0,165.0,0.2148,0.0091,1.61,2.22,,-0.1475,-0.2888,0.2765,https://cdn.cboe.com/api/global/delayed_quotes/options/QQQ.json,0.0091,0.0,-1739172.7808,-1739172.7808,0.0,-0.0017391727808000002,-0.0017391727808000002
QQQ,QQQ260518C00687000,2026-05-18,8,call,687.0,7.0,0.0,0.2301,0.0095,25.61,29.2,,0.8445,-0.2974,0.2859,https://cdn.cboe.com/api/global/delayed_quotes/options/QQQ.json,0.0095,33711.776,0.0,33711.776,3.3711776e-05,0.0,3.3711776e-05
QQQ,QQQ260518P00687000,2026-05-18,8,put,687.0,38.0,15.0,0.2136,0.0095,1.72,2.12,,-0.1558,-0.2983,0.2861,https://cdn.cboe.com/api/global/delayed_quotes/options/QQQ.json,0.0095,0.0,-183006.784,-183006.784,0.0,-0.00018300678400000003,-0.00018300678400000003
QQQ,QQQ260518C00688000,2026-05-18,8,call,688.0,50.0,3.0,0.2284,0.0099,24.74,28.34,,0.8359,-0.307,0.2958,https://cdn.cboe.com/api/global/delayed_quotes/options/QQQ.json,0.0099,250937.28000000003,0.0,250937.28000000003,0.00025093728000000003,0.0,0.00025093728000000003
QQQ,QQQ260518P00688000,2026-05-18,8,put,688.0,134.0,382.0,0.2122,0.0099,2.08,2.26,,-0.1644,-0.3079,0.296,https://cdn.cboe.com/api/global/delayed_quotes/options/QQQ.json,0.0099,0.0,-672511.9103999999,-672511.9103999999,0.0,-0.0006725119104,-0.0006725119104
QQQ,QQQ260518C00689000,2026-05-18,8,call,689.0,47.0,1.0,0.2266,0.0103,23.89,27.5,,0.8269,-0.3166,0.306,https://cdn.cboe.com/api/global/delayed_quotes/options/QQQ.json,0.0103,245411.59040000004,0.0,245411.59040000004,0.00024541159040000006,0.0,0.00024541159040000006
QQQ,QQQ260518P00689000,2026-05-18,8,put,689.0,41.0,90.0,0.211,0.0103,1.84,2.68,,-0.1735,-0.3176,0.3067,https://cdn.cboe.com/api/global/delayed_quotes/options/QQQ.json,0.0103,0.0,-214082.4512,-214082.4512,0.0,-0.0002140824512,-0.0002140824512
QQQ,QQQ260518C00690000,2026-05-18,8,call,690.0,1766.0,42.0,0.2098,0.0107,23.56,24.82,,0.8174,-0.3261,0.3162,https://cdn.cboe.com/api/global/delayed_quotes/options/QQQ.json,0.0107,9579315.212800002,0.0,9579315.212800002,0.009579315212800001,0.0,0.009579315212800001
QQQ,QQQ260518P00690000,2026-05-18,8,put,690.0,628.0,1227.0,0.2096,0.0107,2.12,2.51,,-0.183,-0.3273,0.3167,https://cdn.cboe.com/api/global/delayed_quotes/options/QQQ.json,0.0107,0.0,-3406460.9024,-3406460.9024,0.0,-0.0034064609024,-0.0034064609024
QQQ,QQQ260518C00691000,2026-05-18,8,call,691.0,49.0,5.0,0.2197,0.0111,22.21,23.93,,0.8075,-0.3357,0.3263,https://cdn.cboe.com/api/global/delayed_quotes/options/QQQ.json,0.0111,275726.84160000004,0.0,275726.84160000004,0.00027572684160000004,0.0,0.00027572684160000004
QQQ,QQQ260518P00691000,2026-05-18,8,put,691.0,201.0,78.0,0.2085,0.0111,2.2,2.99,,-0.1929,-0.3369,0.3267,https://cdn.cboe.com/api/global/delayed_quotes/options/QQQ.json,0.0111,0.0,-1131042.7584000002,-1131042.7584000002,0.0,-0.0011310427584000002,-0.0011310427584000002
QQQ,QQQ260518C00692000,2026-05-18,8,call,692.0,71.0,6.0,0.2219,0.0115,21.39,24.86,,0.7972,-0.3452,0.3364,https://cdn.cboe.com/api/global/delayed_quotes/options/QQQ.json,0.0115,413919.776,0.0,413919.776,0.000413919776,0.0,0.000413919776
QQQ,QQQ260518P00692000,2026-05-18,8,put,692.0,171.0,219.0,0.2072,0.0116,2.75,3.17,,-0.2033,-0.3465,0.3367,https://cdn.cboe.com/api/global/delayed_quotes/options/QQQ.json,0.0116,0.0,-1005574.1183999999,-1005574.1183999999,0.0,-0.0010055741183999998,-0.0010055741183999998
QQQ,QQQ260518C00693000,2026-05-18,8,call,693.0,306.0,65.0,0.2173,0.0119,20.57,23.61,,0.7864,-0.3545,0.3464,https://cdn.cboe.com/api/global/delayed_quotes/options/QQQ.json,0.0119,1845985.8816000002,0.0,1845985.8816000002,0.0018459858816,0.0,0.0018459858816
QQQ,QQQ260518P00693000,2026-05-18,8,put,693.0,168.0,84.0,0.206,0.012,2.9,3.25,,-0.2141,-0.356,0.3467,https://cdn.cboe.com/api/global/delayed_quotes/options/QQQ.json,0.012,0.0,-1021999.1039999999,-1021999.1039999999,0.0,-0.001021999104,-0.001021999104
QQQ,QQQ260518C00694000,2026-05-18,8,call,694.0,122.0,32.0,0.2165,0.0124,19.77,22.85,,0.7752,-0.3638,0.3565,https://cdn.cboe.com/api/global/delayed_quotes/options/QQQ.json,0.0124,766904.8832,0.0,766904.8832,0.0007669048832,0.0,0.0007669048832
QQQ,QQQ260518P00694000,2026-05-18,8,put,694.0,167.0,81.0,0.2049,0.0124,2.81,3.55,,-0.2254,-0.3653,0.3573,https://cdn.cboe.com/api/global/delayed_quotes/options/QQQ.json,0.0124,0.0,-1049779.6352,-1049779.6352,0.0,-0.0010497796351999998,-0.0010497796351999998
QQQ,QQQ260518C00695000,2026-05-18,8,call,695.0,683.0,137.0,0.2075,0.0128,19.73,20.7,,0.7635,-0.3728,0.3666,https://cdn.cboe.com/api/global/delayed_quotes/options/QQQ.json,0.0128,4431907.2256000005,0.0,4431907.2256000005,0.0044319072256,0.0,0.0044319072256
QQQ,QQQ260518P00695000,2026-05-18,8,put,695.0,289.0,797.0,0.2037,0.0128,2.87,3.76,,-0.2372,-0.3744,0.3671,https://cdn.cboe.com/api/global/delayed_quotes/options/QQQ.json,0.0128,0.0,-1875287.2448000002,-1875287.2448000002,0.0,-0.0018752872448000002,-0.0018752872448000002
QQQ,QQQ260518C00696000,2026-05-18,8,call,696.0,382.0,360.0,0.203,0.0132,18.72,20.5,,0.7513,-0.3816,0.3763,https://cdn.cboe.com/api/global/delayed_quotes/options/QQQ.json,0.0132,2556214.4255999997,0.0,2556214.4255999997,0.0025562144256,0.0,0.0025562144256
QQQ,QQQ260518P00696000,2026-05-18,8,put,696.0,242.0,240.0,0.2026,0.0133,3.02,3.97,,-0.2494,-0.3833,0.3766,https://cdn.cboe.com/api/global/delayed_quotes/options/QQQ.json,0.0133,0.0,-1631649.9584000001,-1631649.9584000001,0.0,-0.0016316499584000002,-0.0016316499584000002
QQQ,QQQ260518C00697000,2026-05-18,8,call,697.0,129.0,75.0,0.215,0.0136,17.44,20.79,,0.7387,-0.3901,0.3857,https://cdn.cboe.com/api/global/delayed_quotes/options/QQQ.json,0.0136,889382.5536,0.0,889382.5536,0.0008893825536,0.0,0.0008893825536
QQQ,QQQ260518P00697000,2026-05-18,8,put,697.0,206.0,251.0,0.2014,0.0137,3.23,4.21,,-0.262,-0.392,0.3861,https://cdn.cboe.com/api/global/delayed_quotes/options/QQQ.json,0.0137,0.0,-1430697.3568000002,-1430697.3568000002,0.0,-0.0014306973568000002,-0.0014306973568000002
QQQ,QQQ260518C00698000,2026-05-18,8,call,698.0,208.0,94.0,0.2012,0.014,17.21,18.32,,0.7256,-0.3983,0.3949,https://cdn.cboe.com/api/global/delayed_quotes/options/QQQ.json,0.014,1476220.9279999998,0.0,1476220.9279999998,0.0014762209279999999,0.0,0.0014762209279999999
QQQ,QQQ260518P00698000,2026-05-18,8,put,698.0,204.0,181.0,0.2003,0.0141,3.67,4.45,,-0.2752,-0.4003,0.3955,https://cdn.cboe.com/api/global/delayed_quotes/options/QQQ.json,0.0141,0.0,-1458173.7216,-1458173.7216,0.0,-0.0014581737216000001,-0.0014581737216000001
QQQ,QQQ260518C00699000,2026-05-18,8,call,699.0,80.0,21.0,0.2126,0.0145,15.94,19.41,,0.7121,-0.406,0.404,https://cdn.cboe.com/api/global/delayed_quotes/options/QQQ.json,0.0145,588055.04,0.0,588055.04,0.00058805504,0.0,0.00058805504
QQQ,QQQ260518P00699000,2026-05-18,8,put,699.0,174.0,155.0,0.1992,0.0145,3.92,4.7,,-0.2888,-0.4082,0.4046,https://cdn.cboe.com/api/global/delayed_quotes/options/QQQ.json,0.0145,0.0,-1279019.712,-1279019.712,0.0,-0.0012790197120000001,-0.0012790197120000001
QQQ,QQQ260518C00700000,2026-05-18,8,call,700.0,1377.0,465.0,0.203,0.0148,16.06,16.85,,0.6982,-0.4134,0.4127,https://cdn.cboe.com/api/global/delayed_quotes/options/QQQ.json,0.0148,10331315.942400001,0.0,10331315.942400001,0.0103313159424,0.0,0.0103313159424
QQQ,QQQ260518P00700000,2026-05-18,8,put,700.0,325.0,1357.0,0.1982,0.0149,4.49,4.97,,-0.3028,-0.4157,0.4131,https://cdn.cboe.com/api/global/delayed_quotes/options/QQQ.json,0.0149,0.0,-2454876.32,-2454876.32,0.0,-0.00245487632,-0.00245487632
QQQ,QQQ260518C00701000,2026-05-18,8,call,701.0,115.0,81.0,0.1916,0.0152,14.5,16.11,,0.6838,-0.4202,0.4208,https://cdn.cboe.com/api/global/delayed_quotes/options/QQQ.json,0.0152,886138.1120000001,0.0,886138.1120000001,0.0008861381120000001,0.0,0.0008861381120000001
QQQ,QQQ260518P00701000,2026-05-18,8,put,701.0,80.0,337.0,0.1971,0.0153,4.13,5.26,,-0.3173,-0.4227,0.4211,https://cdn.cboe.com/api/global/delayed_quotes/options/QQQ.json,0.0153,0.0,-620499.456,-620499.456,0.0,-0.000620499456,-0.000620499456
QQQ,QQQ260518C00702000,2026-05-18,8,call,702.0,74.0,297.0,0.1908,0.0156,13.81,15.4,,0.669,-0.4265,0.4285,https://cdn.cboe.com/api/global/delayed_quotes/options/QQQ.json,0.0156,585216.1536,0.0,585216.1536,0.0005852161536,0.0,0.0005852161536
QQQ,QQQ260518P00702000,2026-05-18,8,put,702.0,23.0,361.0,0.196,0.0157,4.82,5.56,,-0.3322,-0.4292,0.4288,https://cdn.cboe.com/api/global/delayed_quotes/options/QQQ.json,0.0157,0.0,-183057.4784,-183057.4784,0.0,-0.00018305747839999999,-0.00018305747839999999
QQQ,QQQ260518C00703000,2026-05-18,8,call,703.0,79.0,70.0,0.2066,0.016,13.15,16.12,,0.6537,-0.4322,0.4358,https://cdn.cboe.com/api/global/delayed_quotes/options/QQQ.json,0.016,640777.216,0.0,640777.216,0.000640777216,0.0,0.000640777216
QQQ,QQQ260518P00703000,2026-05-18,8,put,703.0,11.0,185.0,0.1951,0.0161,4.66,5.87,,-0.3476,-0.4351,0.4363,https://cdn.cboe.com/api/global/delayed_quotes/options/QQQ.json,0.0161,0.0,-89779.78240000001,-89779.78240000001,0.0,-8.977978240000001e-05,-8.977978240000001e-05
QQQ,QQQ260518C00704000,2026-05-18,8,call,704.0,110.0,58.0,0.195,0.0163,12.95,14.02,,0.6381,-0.4373,0.4425,https://cdn.cboe.com/api/global/delayed_quotes/options/QQQ.json,0.0163,908950.592,0.0,908950.592,0.000908950592,0.0,0.000908950592
QQQ,QQQ260518P00704000,2026-05-18,8,put,704.0,12.0,374.0,0.1941,0.0164,5.7,6.2,,-0.3634,-0.4404,0.4429,https://cdn.cboe.com/api/global/delayed_quotes/options/QQQ.json,0.0164,0.0,-99766.57920000002,-99766.57920000002,0.0,-9.976657920000002e-05,-9.976657920000002e-05
QQQ,QQQ260518C00705000,2026-05-18,8,call,705.0,1375.0,1152.0,0.1904,0.0166,11.99,13.35,,0.6221,-0.4416,0.4486,https://cdn.cboe.com/api/global/delayed_quotes/options/QQQ.json,0.0166,11570996.8,0.0,11570996.8,0.0115709968,0.0,0.0115709968
QQQ,QQQ260518P00705000,2026-05-18,8,put,705.0,52.0,2061.0,0.1932,0.0168,5.28,6.56,,-0.3795,-0.4449,0.4488,https://cdn.cboe.com/api/global/delayed_quotes/options/QQQ.json,0.0168,0.0,-442866.27839999995,-442866.27839999995,0.0,-0.0004428662784,-0.0004428662784
QQQ,QQQ260518C00706000,2026-05-18,8,call,706.0,138.0,72.0,0.1931,0.0169,11.64,12.72,,0.6057,-0.4453,0.4539,https://cdn.cboe.com/api/global/delayed_quotes/options/QQQ.json,0.0169,1182294.7968,0.0,1182294.7968,0.0011822947967999999,0.0,0.0011822947967999999
QQQ,QQQ260518P00706000,2026-05-18,8,put,706.0,4.0,693.0,0.1923,0.017,6.05,6.9,,-0.396,-0.4488,0.454,https://cdn.cboe.com/api/global/delayed_quotes/options/QQQ.json,0.017,0.0,-34472.192,-34472.192,0.0,-3.4472192e-05,-3.4472192e-05
QQQ,QQQ260518C00707000,2026-05-18,8,call,707.0,75.0,229.0,0.1871,0.0172,10.57,12.07,,0.589,-0.4481,0.4586,https://cdn.cboe.com/api/global/delayed_quotes/options/QQQ.json,0.0172,653957.76,0.0,653957.76,0.00065395776,0.0,0.00065395776
QQQ,QQQ260518C00708000,2026-05-18,8,call,708.0,25.0,112.0,0.1912,0.0174,10.43,11.48,,0.572,-0.4502,0.4626,https://cdn.cboe.com/api/global/delayed_quotes/options/QQQ.json,0.0174,220520.63999999996,0.0,220520.63999999996,0.00022052063999999995,0.0,0.00022052063999999995
QQQ,QQQ260518P00708000,2026-05-18,8,put,708.0,48.0,277.0,0.1906,0.0176,6.38,7.68,,-0.4301,-0.4542,0.4626,https://cdn.cboe.com/api/global/delayed_quotes/options/QQQ.json,0.0176,0.0,-428266.29120000004,-428266.29120000004,0.0,-0.00042826629120000005,-0.00042826629120000005
QQQ,QQQ260518C00709000,2026-05-18,8,call,709.0,66.0,235.0,0.1905,0.0176,9.4,10.86,,0.5547,-0.4514,0.4657,https://cdn.cboe.com/api/global/delayed_quotes/options/QQQ.json,0.0176,588866.1504,0.0,588866.1504,0.0005888661504,0.0,0.0005888661504
QQQ,QQQ260518P00709000,2026-05-18,8,put,709.0,37.0,134.0,0.1897,0.0178,7.2,8.09,,-0.4475,-0.4556,0.4656,https://cdn.cboe.com/api/global/delayed_quotes/options/QQQ.json,0.0178,0.0,-333873.3184,-333873.3184,0.0,-0.0003338733184,-0.0003338733184
QQQ,QQQ260518C00710000,2026-05-18,8,call,710.0,1631.0,2371.0,0.1891,0.0178,8.83,10.31,,0.5372,-0.4516,0.468,https://cdn.cboe.com/api/global/delayed_quotes/options/QQQ.json,0.0178,14717496.819199998,0.0,14717496.819199998,0.014717496819199998,0.0,0.014717496819199998
QQQ,QQQ260518P00710000,2026-05-18,8,put,710.0,5.0,1804.0,0.1889,0.018,8.0,8.52,,-0.4653,-0.4563,0.4677,https://cdn.cboe.com/api/global/delayed_quotes/options/QQQ.json,0.018,0.0,-45624.96,-45624.96,0.0,-4.562496e-05,-4.562496e-05
QQQ,QQQ260518C00711000,2026-05-18,8,call,711.0,316.0,293.0,0.1882,0.0179,8.29,9.71,,0.5194,-0.451,0.4694,https://cdn.cboe.com/api/global/delayed_quotes/options/QQQ.json,0.0179,2867478.0415999996,0.0,2867478.0415999996,0.0028674780415999996,0.0,0.0028674780415999996
QQQ,QQQ260518P00711000,2026-05-18,8,put,711.0,18.0,291.0,0.1878,0.0181,7.62,8.97,,-0.4833,-0.456,0.4689,https://cdn.cboe.com/api/global/delayed_quotes/options/QQQ.json,0.0181,0.0,-165162.35520000005,-165162.35520000005,0.0,-0.00016516235520000006,-0.00016516235520000006
QQQ,QQQ260518C00712000,2026-05-18,8,call,712.0,72.0,373.0,0.1872,0.018,7.77,9.17,,0.5015,-0.4495,0.47,https://cdn.cboe.com/api/global/delayed_quotes/options/QQQ.json,0.018,656999.424,0.0,656999.424,0.000656999424,0.0,0.000656999424
QQQ,QQQ260518C00713000,2026-05-18,8,call,713.0,440.0,119.0,0.1864,0.0181,7.82,8.64,,0.4834,-0.447,0.4696,https://cdn.cboe.com/api/global/delayed_quotes/options/QQQ.json,0.0181,4037302.0160000003,0.0,4037302.0160000003,0.004037302016,0.0,0.004037302016
QQQ,QQQ260518C00714000,2026-05-18,8,call,714.0,394.0,327.0,0.1856,0.0181,6.86,8.14,,0.4652,-0.4436,0.4683,https://cdn.cboe.com/api/global/delayed_quotes/options/QQQ.json,0.0181,3615220.4415999996,0.0,3615220.4415999996,0.0036152204415999993,0.0,0.0036152204415999993
QQQ,QQQ260518C00715000,2026-05-18,8,call,715.0,562.0,1916.0,0.1849,0.0181,6.7,7.65,,0.447,-0.4392,0.466,https://cdn.cboe.com/api/global/delayed_quotes/options/QQQ.json,0.0181,5156735.756800001,0.0,5156735.756800001,0.0051567357568,0.0,0.0051567357568
QQQ,QQQ260518C00720000,2026-05-18,8,call,720.0,890.0,760.0,0.181,0.0174,4.41,5.52,,0.3564,-0.4038,0.4404,https://cdn.cboe.com/api/global/delayed_quotes/options/QQQ.json,0.0174,7850534.784,0.0,7850534.784,0.007850534784,0.0,0.007850534784
QQQ,QQQ260518C00725000,2026-05-18,8,call,725.0,435.0,988.0,0.1775,0.0158,3.01,3.83,,0.2709,-0.3494,0.3933,https://cdn.cboe.com/api/global/delayed_quotes/options/QQQ.json,0.0158,3484226.1120000007,0.0,3484226.1120000007,0.003484226112000001,0.0,0.003484226112000001
QQQ,QQQ260518C00730000,2026-05-18,8,call,730.0,316.0,389.0,0.1745,0.0134,1.86,2.6,,0.1962,-0.2846,0.3314,https://cdn.cboe.com/api/global/delayed_quotes/options/QQQ.json,0.0134,2146603.6736,0.0,2146603.6736,0.0021466036736,0.0,0.0021466036736
QQQ,QQQ260518C00735000,2026-05-18,8,call,735.0,61.0,332.0,0.1736,0.0106,1.35,1.64,,0.1364,-0.2203,0.2646,https://cdn.cboe.com/api/global/delayed_quotes/options/QQQ.json,0.0106,327789.9904,0.0,327789.9904,0.0003277899904,0.0,0.0003277899904
QQQ,QQQ260518C00740000,2026-05-18,8,call,740.0,33.0,325.0,0.1743,0.008,0.69,0.88,,0.0927,-0.1654,0.2032,https://cdn.cboe.com/api/global/delayed_quotes/options/QQQ.json,0.008,133833.21600000001,0.0,133833.21600000001,0.000133833216,0.0,0.000133833216
QQQ,QQQ260518C00745000,2026-05-18,8,call,745.0,17.0,107.0,0.1775,0.0059,0.53,0.57,,0.063,-0.123,0.1533,https://cdn.cboe.com/api/global/delayed_quotes/options/QQQ.json,0.0059,50846.483199999995,0.0,50846.483199999995,5.08464832e-05,0.0,5.08464832e-05
QQQ,QQQ260518C00750000,2026-05-18,8,call,750.0,43.0,204.0,0.1826,0.0043,0.36,0.4,,0.0435,-0.0925,0.1156,https://cdn.cboe.com/api/global/delayed_quotes/options/QQQ.json,0.0043,93733.9456,0.0,93733.9456,9.37339456e-05,0.0,9.37339456e-05
QQQ,QQQ260519P00545000,2026-05-19,9,put,545.0,2.0,114.0,0.5457,0.0001,0.02,0.06,,-0.0023,-0.0183,0.0092,https://cdn.cboe.com/api/global/delayed_quotes/options/QQQ.json,0.0001,0.0,-101.38880000000002,-101.38880000000002,0.0,-1.0138880000000001e-07,-1.0138880000000001e-07
QQQ,QQQ260519P00555000,2026-05-19,9,put,555.0,1.0,1.0,0.5225,0.0001,0.03,0.07,,-0.0027,-0.0203,0.0107,https://cdn.cboe.com/api/global/delayed_quotes/options/QQQ.json,0.0001,0.0,-50.69440000000001,-50.69440000000001,0.0,-5.0694400000000006e-08,-5.0694400000000006e-08
QQQ,QQQ260519C00560000,2026-05-19,9,call,560.0,11.0,0.0,0.63,0.0001,150.22,154.24,,0.997,-0.0214,0.0116,https://cdn.cboe.com/api/global/delayed_quotes/options/QQQ.json,0.0001,557.6384,0.0,557.6384,5.576384e-07,0.0,5.576384e-07
QQQ,QQQ260519P00565000,2026-05-19,9,put,565.0,1.0,59.0,0.4972,0.0002,0.04,0.08,,-0.0033,-0.0226,0.0126,https://cdn.cboe.com/api/global/delayed_quotes/options/QQQ.json,0.0002,0.0,-101.38880000000002,-101.38880000000002,0.0,-1.0138880000000001e-07,-1.0138880000000001e-07
QQQ,QQQ260519P00575000,2026-05-19,9,put,575.0,11.0,10.0,0.4736,0.0002,0.06,0.09,,-0.0039,-0.0255,0.0149,https://cdn.cboe.com/api/global/delayed_quotes/options/QQQ.json,0.0002,0.0,-1115.2768,-1115.2768,0.0,-1.1152768e-06,-1.1152768e-06
QQQ,QQQ260519P00585000,2026-05-19,9,put,585.0,10.0,0.0,0.445,0.0002,0.0,1.5,,-0.0048,-0.0291,0.0179,https://cdn.cboe.com/api/global/delayed_quotes/options/QQQ.json,0.0002,0.0,-1013.888,-1013.888,0.0,-1.013888e-06,-1.013888e-06
QQQ,QQQ260519P00590000,2026-05-19,9,put,590.0,100.0,0.0,0.4329,0.0003,0.0,1.51,,-0.0053,-0.0312,0.0197,https://cdn.cboe.com/api/global/delayed_quotes/options/QQQ.json,0.0003,0.0,-15208.32,-15208.32,0.0,-1.520832e-05,-1.520832e-05
QQQ,QQQ260519C00600000,2026-05-19,9,call,600.0,2.0,2.0,0.4792,0.0004,110.31,114.34,,0.9933,-0.0357,0.0238,https://cdn.cboe.com/api/global/delayed_quotes/options/QQQ.json,0.0004,405.55520000000007,0.0,405.55520000000007,4.0555520000000004e-07,0.0,4.0555520000000004e-07
QQQ,QQQ260519P00605000,2026-05-19,9,put,605.0,78.0,14.0,0.3933,0.0004,0.11,0.14,,-0.0075,-0.0388,0.0266,https://cdn.cboe.com/api/global/delayed_quotes/options/QQQ.json,0.0004,0.0,-15816.6528,-15816.6528,0.0,-1.58166528e-05,-1.58166528e-05
QQQ,QQQ260519P00610000,2026-05-19,9,put,610.0,128.0,36.0,0.3791,0.0005,0.12,0.35,,-0.0085,-0.0422,0.0297,https://cdn.cboe.com/api/global/delayed_quotes/options/QQQ.json,0.0005,0.0,-32444.416,-32444.416,0.0,-3.2444416e-05,-3.2444416e-05
QQQ,QQQ260519P00615000,2026-05-19,9,put,615.0,84.0,3.0,0.3646,0.0006,0.13,0.37,,-0.0097,-0.0461,0.0334,https://cdn.cboe.com/api/global/delayed_quotes/options/QQQ.json,0.0006,0.0,-25549.9776,-25549.9776,0.0,-2.5549977599999998e-05,-2.5549977599999998e-05
QQQ,QQQ260519C00620000,2026-05-19,9,call,620.0,1.0,0.0,0.4068,0.0007,90.38,94.34,,0.9889,-0.0502,0.0374,https://cdn.cboe.com/api/global/delayed_quotes/options/QQQ.json,0.0007,354.8607999999999,0.0,354.8607999999999,3.5486079999999993e-07,0.0,3.5486079999999993e-07
QQQ,QQQ260519P00620000,2026-05-19,9,put,620.0,118.0,1.0,0.3526,0.0007,0.15,0.18,,-0.0111,-0.0505,0.0376,https://cdn.cboe.com/api/global/delayed_quotes/options/QQQ.json,0.0007,0.0,-41873.5744,-41873.5744,0.0,-4.18735744e-05,-4.18735744e-05
QQQ,QQQ260519P00625000,2026-05-19,9,put,625.0,88.0,43.0,0.3398,0.0008,0.17,1.6,,-0.0128,-0.0556,0.0426,https://cdn.cboe.com/api/global/delayed_quotes/options/QQQ.json,0.0008,0.0,-35688.8576,-35688.8576,0.0,-3.56888576e-05,-3.56888576e-05
QQQ,QQQ260519C00630000,2026-05-19,9,call,630.0,1.0,0.0,0.3725,0.0009,80.43,84.45,,0.9851,-0.0611,0.0484,https://cdn.cboe.com/api/global/delayed_quotes/options/QQQ.json,0.0009,456.2496,0.0,456.2496,4.562496e-07,0.0,4.562496e-07
QQQ,QQQ260519P00630000,2026-05-19,9,put,630.0,371.0,20.0,0.3262,0.0009,0.19,0.42,,-0.0149,-0.0615,0.0486,https://cdn.cboe.com/api/global/delayed_quotes/options/QQQ.json,0.0009,0.0,-169268.6016,-169268.6016,0.0,-0.0001692686016,-0.0001692686016
QQQ,QQQ260519C00635000,2026-05-19,9,call,635.0,2.0,1.0,0.3552,0.0011,75.46,79.48,,0.9826,-0.0678,0.0553,https://cdn.cboe.com/api/global/delayed_quotes/options/QQQ.json,0.0011,1115.2768,0.0,1115.2768,1.1152768e-06,0.0,1.1152768e-06
QQQ,QQQ260519P00635000,2026-05-19,9,put,635.0,606.0,3.0,0.3139,0.0011,0.22,0.43,,-0.0174,-0.0682,0.0555,https://cdn.cboe.com/api/global/delayed_quotes/options/QQQ.json,0.0011,0.0,-337928.8704000001,-337928.8704000001,0.0,-0.00033792887040000005,-0.00033792887040000005
QQQ,QQQ260519C00640000,2026-05-19,9,call,640.0,1.0,0.0,0.3381,0.0013,70.49,74.46,,0.9795,-0.0757,0.0636,https://cdn.cboe.com/api/global/delayed_quotes/options/QQQ.json,0.0013,659.0272,0.0,659.0272,6.590271999999999e-07,0.0,6.590271999999999e-07
QQQ,QQQ260519P00640000,2026-05-19,9,put,640.0,1673.0,15.0,0.3023,0.0013,0.26,0.29,,-0.0206,-0.0762,0.0639,https://cdn.cboe.com/api/global/delayed_quotes/options/QQQ.json,0.0013,0.0,-1102552.5056,-1102552.5056,0.0,-0.0011025525056,-0.0011025525056
QQQ,QQQ260519P00643000,2026-05-19,9,put,643.0,5.0,1.0,0.2942,0.0015,0.28,0.5,,-0.0228,-0.0817,0.0697,https://cdn.cboe.com/api/global/delayed_quotes/options/QQQ.json,0.0015,0.0,-3802.08,-3802.08,0.0,-3.80208e-06,-3.80208e-06
QQQ,QQQ260519P00644000,2026-05-19,9,put,644.0,1.0,34.0,0.2919,0.0015,0.29,0.33,,-0.0236,-0.0837,0.0719,https://cdn.cboe.com/api/global/delayed_quotes/options/QQQ.json,0.0015,0.0,-760.4159999999999,-760.4159999999999,0.0,-7.60416e-07,-7.60416e-07
QQQ,QQQ260519C00645000,2026-05-19,9,call,645.0,23.0,2.0,0.3231,0.0016,65.55,69.24,,0.9755,-0.0853,0.0739,https://cdn.cboe.com/api/global/delayed_quotes/options/QQQ.json,0.0016,18655.5392,0.0,18655.5392,1.8655539199999998e-05,0.0,1.8655539199999998e-05
QQQ,QQQ260519P00645000,2026-05-19,9,put,645.0,1158.0,213.0,0.2895,0.0016,0.3,0.52,,-0.0244,-0.0854,0.0739,https://cdn.cboe.com/api/global/delayed_quotes/options/QQQ.json,0.0016,0.0,-939265.8432000001,-939265.8432000001,0.0,-0.0009392658432000002,-0.0009392658432000002
QQQ,QQQ260519P00648000,2026-05-19,9,put,648.0,1.0,6.0,0.2835,0.0018,0.34,0.56,,-0.0274,-0.0926,0.0814,https://cdn.cboe.com/api/global/delayed_quotes/options/QQQ.json,0.0018,0.0,-912.4992,-912.4992,0.0,-9.124992e-07,-9.124992e-07
QQQ,QQQ260519P00649000,2026-05-19,9,put,649.0,59.0,17.0,0.2814,0.0019,0.35,0.39,,-0.0284,-0.0946,0.0837,https://cdn.cboe.com/api/global/delayed_quotes/options/QQQ.json,0.0019,0.0,-56828.4224,-56828.4224,0.0,-5.6828422400000006e-05,-5.6828422400000006e-05
QQQ,QQQ260519C00650000,2026-05-19,9,call,650.0,27.0,6.0,0.3077,0.0019,60.61,64.34,,0.9704,-0.0972,0.0865,https://cdn.cboe.com/api/global/delayed_quotes/options/QQQ.json,0.0019,26006.227199999998,0.0,26006.227199999998,2.60062272e-05,0.0,2.60062272e-05
QQQ,QQQ260519P00650000,2026-05-19,9,put,650.0,1132.0,114.0,0.2794,0.0019,0.37,0.4,,-0.0296,-0.0973,0.0865,https://cdn.cboe.com/api/global/delayed_quotes/options/QQQ.json,0.0019,0.0,-1090335.1552,-1090335.1552,0.0,-0.0010903351552,-0.0010903351552
QQQ,QQQ260519P00651000,2026-05-19,9,put,651.0,7.0,14.0,0.2772,0.002,0.38,0.42,,-0.0308,-0.1,0.0894,https://cdn.cboe.com/api/global/delayed_quotes/options/QQQ.json,0.002,0.0,-7097.216000000001,-7097.216000000001,0.0,-7.097216000000001e-06,-7.097216000000001e-06
QQQ,QQQ260519C00652000,2026-05-19,9,call,652.0,1.0,0.0,0.2868,0.0021,58.32,62.41,,0.9679,-0.1028,0.0925,https://cdn.cboe.com/api/global/delayed_quotes/options/QQQ.json,0.0021,1064.5824,0.0,1064.5824,1.0645824e-06,0.0,1.0645824e-06
QQQ,QQQ260519P00653000,2026-05-19,9,put,653.0,5.0,4.0,0.2733,0.0022,0.26,0.45,,-0.0334,-0.1059,0.0956,https://cdn.cboe.com/api/global/delayed_quotes/options/QQQ.json,0.0022,0.0,-5576.384,-5576.384,0.0,-5.576384e-06,-5.576384e-06
QQQ,QQQ260519P00654000,2026-05-19,9,put,654.0,2.0,0.0,0.2708,0.0023,0.43,0.47,,-0.0349,-0.109,0.099,https://cdn.cboe.com/api/global/delayed_quotes/options/QQQ.json,0.0023,0.0,-2331.9424,-2331.9424,0.0,-2.3319423999999997e-06,-2.3319423999999997e-06
QQQ,QQQ260519C00655000,2026-05-19,9,call,655.0,36.0,0.0,0.2756,0.0024,55.29,59.49,,0.9636,-0.1122,0.1025,https://cdn.cboe.com/api/global/delayed_quotes/options/QQQ.json,0.0024,43799.961599999995,0.0,43799.961599999995,4.37999616e-05,0.0,4.37999616e-05
QQQ,QQQ260519P00655000,2026-05-19,9,put,655.0,287.0,18.0,0.2689,0.0024,0.45,0.49,,-0.0364,-0.1123,0.1026,https://cdn.cboe.com/api/global/delayed_quotes/options/QQQ.json,0.0024,0.0,-349183.0272,-349183.0272,0.0,-0.0003491830272,-0.0003491830272
QQQ,QQQ260519P00656000,2026-05-19,9,put,656.0,11.0,4.0,0.2668,0.0025,0.47,0.7,,-0.038,-0.1159,0.1063,https://cdn.cboe.com/api/global/delayed_quotes/options/QQQ.json,0.0025,0.0,-13940.960000000001,-13940.960000000001,0.0,-1.3940960000000001e-05,-1.3940960000000001e-05
QQQ,QQQ260519P00657000,2026-05-19,9,put,657.0,62.0,0.0,0.2652,0.0026,0.49,0.72,,-0.0397,-0.1194,0.11,https://cdn.cboe.com/api/global/delayed_quotes/options/QQQ.json,0.0026,0.0,-81719.37279999998,-81719.37279999998,0.0,-8.171937279999998e-05,-8.171937279999998e-05
QQQ,QQQ260519P00658000,2026-05-19,9,put,658.0,41.0,20.0,0.2635,0.0027,0.52,0.56,,-0.0415,-0.1232,0.1139,https://cdn.cboe.com/api/global/delayed_quotes/options/QQQ.json,0.0027,0.0,-56118.7008,-56118.7008,0.0,-5.61187008e-05,-5.61187008e-05
QQQ,QQQ260519P00659000,2026-05-19,9,put,659.0,17.0,1.0,0.2611,0.0028,0.54,0.77,,-0.0435,-0.1272,0.1181,https://cdn.cboe.com/api/global/delayed_quotes/options/QQQ.json,0.0028,0.0,-24130.5344,-24130.5344,0.0,-2.41305344e-05,-2.41305344e-05
QQQ,QQQ260519C00660000,2026-05-19,9,call,660.0,15.0,23.0,0.2726,0.003,50.5,54.7,,0.9545,-0.1311,0.1224,https://cdn.cboe.com/api/global/delayed_quotes/options/QQQ.json,0.003,22812.48,0.0,22812.48,2.281248e-05,0.0,2.281248e-05
QQQ,QQQ260519P00660000,2026-05-19,9,put,660.0,453.0,173.0,0.2595,0.003,0.57,0.61,,-0.0455,-0.1313,0.1224,https://cdn.cboe.com/api/global/delayed_quotes/options/QQQ.json,0.003,0.0,-688936.8960000001,-688936.8960000001,0.0,-0.000688936896,-0.000688936896
QQQ,QQQ260519P00661000,2026-05-19,9,put,661.0,39.0,7.0,0.2578,0.0031,0.6,0.64,,-0.0476,-0.1356,0.127,https://cdn.cboe.com/api/global/delayed_quotes/options/QQQ.json,0.0031,0.0,-61289.5296,-61289.5296,0.0,-6.12895296e-05,-6.12895296e-05
QQQ,QQQ260519P00662000,2026-05-19,9,put,662.0,79.0,4.0,0.256,0.0032,0.45,0.68,,-0.0499,-0.14,0.1317,https://cdn.cboe.com/api/global/delayed_quotes/options/QQQ.json,0.0032,0.0,-128155.44320000001,-128155.44320000001,0.0,-0.0001281554432,-0.0001281554432
QQQ,QQQ260519P00663000,2026-05-19,9,put,663.0,117.0,12.0,0.2541,0.0034,0.47,0.7,,-0.0523,-0.1447,0.1368,https://cdn.cboe.com/api/global/delayed_quotes/options/QQQ.json,0.0034,0.0,-201662.3232,-201662.3232,0.0,-0.00020166232320000002,-0.00020166232320000002
QQQ,QQQ260519P00664000,2026-05-19,9,put,664.0,381.0,90.0,0.2519,0.0035,0.69,0.74,,-0.0549,-0.1497,0.1422,https://cdn.cboe.com/api/global/delayed_quotes/options/QQQ.json,0.0035,0.0,-676009.824,-676009.824,0.0,-0.000676009824,-0.000676009824
QQQ,QQQ260519C00665000,2026-05-19,9,call,665.0,4.0,6.0,0.2511,0.0037,45.44,49.94,,0.9424,-0.1544,0.1472,https://cdn.cboe.com/api/global/delayed_quotes/options/QQQ.json,0.0037,7502.7712,0.0,7502.7712,7.5027712e-06,0.0,7.5027712e-06
QQQ,QQQ260519P00665000,2026-05-19,9,put,665.0,532.0,56.0,0.2506,0.0037,0.54,0.96,,-0.0575,-0.1546,0.1473,https://cdn.cboe.com/api/global/delayed_quotes/options/QQQ.json,0.0037,0.0,-997868.5696,-997868.5696,0.0,-0.0009978685696,-0.0009978685696
QQQ,QQQ260519P00666000,2026-05-19,9,put,666.0,396.0,402.0,0.249,0.0039,0.77,1.0,,-0.0604,-0.1598,0.1527,https://cdn.cboe.com/api/global/delayed_quotes/options/QQQ.json,0.0039,0.0,-782924.3136,-782924.3136,0.0,-0.0007829243136,-0.0007829243136
QQQ,QQQ260519P00667000,2026-05-19,9,put,667.0,83.0,15.0,0.2472,0.004,0.63,1.04,,-0.0634,-0.1652,0.1584,https://cdn.cboe.com/api/global/delayed_quotes/options/QQQ.json,0.004,0.0,-168305.40800000002,-168305.40800000002,0.0,-0.00016830540800000002,-0.00016830540800000002
QQQ,QQQ260519P00668000,2026-05-19,9,put,668.0,125.0,15.0,0.246,0.0042,0.66,0.94,,-0.0665,-0.1708,0.1644,https://cdn.cboe.com/api/global/delayed_quotes/options/QQQ.json,0.0042,0.0,-266145.6,-266145.6,0.0,-0.00026614559999999995,-0.00026614559999999995
QQQ,QQQ260519P00669000,2026-05-19,9,put,669.0,42.0,31.0,0.2439,0.0044,0.72,0.99,,-0.0699,-0.1766,0.1706,https://cdn.cboe.com/api/global/delayed_quotes/options/QQQ.json,0.0044,0.0,-93683.25120000001,-93683.25120000001,0.0,-9.368325120000001e-05,-9.368325120000001e-05
QQQ,QQQ260519C00670000,2026-05-19,9,call,670.0,58.0,20.0,0.246,0.0046,40.8,45.04,,0.9266,-0.1823,0.1772,https://cdn.cboe.com/api/global/delayed_quotes/options/QQQ.json,0.0046,135252.6592,0.0,135252.6592,0.0001352526592,0.0,0.0001352526592
QQQ,QQQ260519P00670000,2026-05-19,9,put,670.0,796.0,133.0,0.2422,0.0046,0.95,1.18,,-0.0735,-0.1827,0.1773,https://cdn.cboe.com/api/global/delayed_quotes/options/QQQ.json,0.0046,0.0,-1856226.1504,-1856226.1504,0.0,-0.0018562261503999998,-0.0018562261503999998
QQQ,QQQ260519P00671000,2026-05-19,9,put,671.0,7.0,13.0,0.2412,0.0048,1.0,1.24,,-0.0771,-0.1887,0.1839,https://cdn.cboe.com/api/global/delayed_quotes/options/QQQ.json,0.0048,0.0,-17033.3184,-17033.3184,0.0,-1.70333184e-05,-1.70333184e-05
QQQ,QQQ260519C00672000,2026-05-19,9,call,672.0,1.0,1.0,0.2186,0.005,39.09,42.0,,0.919,-0.1947,0.1905,https://cdn.cboe.com/api/global/delayed_quotes/options/QQQ.json,0.005,2534.7200000000003,0.0,2534.7200000000003,2.53472e-06,0.0,2.53472e-06
QQQ,QQQ260519P00672000,2026-05-19,9,put,672.0,16.0,31.0,0.2395,0.0051,1.05,1.15,,-0.0811,-0.1953,0.191,https://cdn.cboe.com/api/global/delayed_quotes/options/QQQ.json,0.0051,0.0,-41366.6304,-41366.6304,0.0,-4.13666304e-05,-4.13666304e-05
QQQ,QQQ260519P00673000,2026-05-19,9,put,673.0,29.0,22.0,0.238,0.0053,1.12,1.21,,-0.0852,-0.2017,0.1978,https://cdn.cboe.com/api/global/delayed_quotes/options/QQQ.json,0.0053,0.0,-77917.29280000001,-77917.29280000001,0.0,-7.79172928e-05,-7.79172928e-05
QQQ,QQQ260519C00674000,2026-05-19,9,call,674.0,1.0,0.0,0.2162,0.0055,37.18,41.0,,0.9106,-0.208,0.2047,https://cdn.cboe.com/api/global/delayed_quotes/options/QQQ.json,0.0055,2788.1919999999996,0.0,2788.1919999999996,2.7881919999999996e-06,0.0,2.7881919999999996e-06
QQQ,QQQ260519P00674000,2026-05-19,9,put,674.0,62.0,62.0,0.2366,0.0055,1.18,1.42,,-0.0894,-0.2084,0.2048,https://cdn.cboe.com/api/global/delayed_quotes/options/QQQ.json,0.0055,0.0,-172867.90399999998,-172867.90399999998,0.0,-0.000172867904,-0.000172867904
QQQ,QQQ260519C00675000,2026-05-19,9,call,675.0,59.0,3.0,0.2168,0.0058,36.29,39.19,,0.906,-0.2149,0.2123,https://cdn.cboe.com/api/global/delayed_quotes/options/QQQ.json,0.0058,173476.23679999996,0.0,173476.23679999996,0.00017347623679999995,0.0,0.00017347623679999995
QQQ,QQQ260519P00675000,2026-05-19,9,put,675.0,250.0,194.0,0.2352,0.0058,1.07,1.48,,-0.0941,-0.2154,0.2124,https://cdn.cboe.com/api/global/delayed_quotes/options/QQQ.json,0.0058,0.0,-735068.8,-735068.8,0.0,-0.0007350688,-0.0007350688
QQQ,QQQ260519P00676000,2026-05-19,9,put,676.0,20.0,54.0,0.2337,0.006,1.07,1.91,,-0.0988,-0.2225,0.2201,https://cdn.cboe.com/api/global/delayed_quotes/options/QQQ.json,0.006,0.0,-60833.28,-60833.28,0.0,-6.083328e-05,-6.083328e-05
QQQ,QQQ260519P00677000,2026-05-19,9,put,677.0,46.0,64.0,0.2324,0.0063,1.2,1.71,,-0.104,-0.2299,0.2285,https://cdn.cboe.com/api/global/delayed_quotes/options/QQQ.json,0.0063,0.0,-146912.37120000002,-146912.37120000002,0.0,-0.0001469123712,-0.0001469123712
QQQ,QQQ260519P00678000,2026-05-19,9,put,678.0,94.0,36.0,0.2309,0.0066,1.28,1.58,,-0.1093,-0.2374,0.2369,https://cdn.cboe.com/api/global/delayed_quotes/options/QQQ.json,0.0066,0.0,-314508.05759999994,-314508.05759999994,0.0,-0.00031450805759999993,-0.00031450805759999993
QQQ,QQQ260519P00679000,2026-05-19,9,put,679.0,58.0,15.0,0.2295,0.0068,1.35,1.63,,-0.1149,-0.245,0.245,https://cdn.cboe.com/api/global/delayed_quotes/options/QQQ.json,0.0068,0.0,-199938.7136,-199938.7136,0.0,-0.00019993871359999998,-0.00019993871359999998
QQQ,QQQ260519C00680000,2026-05-19,9,call,680.0,177.0,6.0,0.2374,0.0071,32.89,34.59,,0.8793,-0.2522,0.2532,https://cdn.cboe.com/api/global/delayed_quotes/options/QQQ.json,0.0071,637076.5248000001,0.0,637076.5248000001,0.0006370765248000001,0.0,0.0006370765248000001
QQQ,QQQ260519P00680000,2026-05-19,9,put,680.0,498.0,66.0,0.2281,0.0071,1.43,1.93,,-0.1208,-0.2528,0.2534,https://cdn.cboe.com/api/global/delayed_quotes/options/QQQ.json,0.0071,0.0,-1792452.5951999999,-1792452.5951999999,0.0,-0.0017924525952,-0.0017924525952
QQQ,QQQ260519P00681000,2026-05-19,9,put,681.0,88.0,0.0,0.2268,0.0074,1.47,2.04,,-0.127,-0.2609,0.2621,https://cdn.cboe.com/api/global/delayed_quotes/options/QQQ.json,0.0074,0.0,-330121.9328,-330121.9328,0.0,-0.0003301219328,-0.0003301219328
QQQ,QQQ260519P00682000,2026-05-19,9,put,682.0,44.0,28.0,0.2254,0.0077,1.59,1.96,,-0.1336,-0.2691,0.2711,https://cdn.cboe.com/api/global/delayed_quotes/options/QQQ.json,0.0077,0.0,-171752.6272,-171752.6272,0.0,-0.00017175262719999998,-0.00017175262719999998
QQQ,QQQ260519P00683000,2026-05-19,9,put,683.0,100.0,15.0,0.2241,0.008,1.67,2.28,,-0.1404,-0.2774,0.2807,https://cdn.cboe.com/api/global/delayed_quotes/options/QQQ.json,0.008,0.0,-405555.2,-405555.2,0.0,-0.0004055552,-0.0004055552
QQQ,QQQ260519P00684000,2026-05-19,9,put,684.0,67.0,7.0,0.2228,0.0084,1.79,2.4,,-0.1477,-0.2859,0.2902,https://cdn.cboe.com/api/global/delayed_quotes/options/QQQ.json,0.0084,0.0,-285308.0832,-285308.0832,0.0,-0.0002853080832,-0.0002853080832
QQQ,QQQ260519C00685000,2026-05-19,9,call,685.0,272.0,14.0,0.2197,0.0087,28.4,29.59,,0.8449,-0.2937,0.2992,https://cdn.cboe.com/api/global/delayed_quotes/options/QQQ.json,0.0087,1199632.2815999999,0.0,1199632.2815999999,0.0011996322815999998,0.0,0.0011996322815999998
QQQ,QQQ260519P00685000,2026-05-19,9,put,685.0,187.0,96.0,0.2215,0.0087,2.21,2.55,,-0.1552,-0.2945,0.2995,https://cdn.cboe.com/api/global/delayed_quotes/options/QQQ.json,0.0087,0.0,-824747.1935999999,-824747.1935999999,0.0,-0.0008247471935999999,-0.0008247471935999999
QQQ,QQQ260519C00686000,2026-05-19,9,call,686.0,3.0,0.0,0.228,0.009,27.56,29.3,,0.8371,-0.3022,0.3087,https://cdn.cboe.com/api/global/delayed_quotes/options/QQQ.json,0.009,13687.487999999998,0.0,13687.487999999998,1.3687487999999998e-05,0.0,1.3687487999999998e-05
QQQ,QQQ260519P00686000,2026-05-19,9,put,686.0,38.0,30.0,0.2203,0.0091,2.02,2.43,,-0.1632,-0.3032,0.3089,https://cdn.cboe.com/api/global/delayed_quotes/options/QQQ.json,0.0091,0.0,-175301.2352,-175301.2352,0.0,-0.0001753012352,-0.0001753012352
QQQ,QQQ260519C00687000,2026-05-19,9,call,687.0,16.0,2.0,0.2058,0.0094,25.42,28.44,,0.8287,-0.311,0.3185,https://cdn.cboe.com/api/global/delayed_quotes/options/QQQ.json,0.0094,76244.3776,0.0,76244.3776,7.624437760000001e-05,0.0,7.624437760000001e-05
QQQ,QQQ260519P00687000,2026-05-19,9,put,687.0,163.0,119.0,0.219,0.0094,2.31,2.58,,-0.1714,-0.312,0.3185,https://cdn.cboe.com/api/global/delayed_quotes/options/QQQ.json,0.0094,0.0,-776739.5967999999,-776739.5967999999,0.0,-0.0007767395968,-0.0007767395968
QQQ,QQQ260519C00688000,2026-05-19,9,call,688.0,73.0,0.0,0.2048,0.0097,24.56,27.58,,0.8201,-0.3197,0.3284,https://cdn.cboe.com/api/global/delayed_quotes/options/QQQ.json,0.0097,358967.0464,0.0,358967.0464,0.00035896704639999997,0.0,0.00035896704639999997
QQQ,QQQ260519P00688000,2026-05-19,9,put,688.0,200.0,47.0,0.2177,0.0098,2.3,2.72,,-0.1801,-0.3208,0.3284,https://cdn.cboe.com/api/global/delayed_quotes/options/QQQ.json,0.0098,0.0,-993610.24,-993610.24,0.0,-0.00099361024,-0.00099361024
QQQ,QQQ260519C00689000,2026-05-19,9,call,689.0,68.0,0.0,0.2026,0.0101,23.62,26.73,,0.8111,-0.3284,0.3383,https://cdn.cboe.com/api/global/delayed_quotes/options/QQQ.json,0.0101,348169.1392,0.0,348169.1392,0.00034816913919999995,0.0,0.00034816913919999995
QQQ,QQQ260519P00689000,2026-05-19,9,put,689.0,52.0,10.0,0.2166,0.0101,2.45,2.88,,-0.1892,-0.3297,0.339,https://cdn.cboe.com/api/global/delayed_quotes/options/QQQ.json,0.0101,0.0,-266246.98880000005,-266246.98880000005,0.0,-0.00026624698880000003,-0.00026624698880000003
QQQ,QQQ260519C00690000,2026-05-19,9,call,690.0,317.0,59.0,0.2057,0.0104,23.08,25.87,,0.8018,-0.3371,0.348,https://cdn.cboe.com/api/global/delayed_quotes/options/QQQ.json,0.0104,1671292.9792,0.0,1671292.9792,0.0016712929792,0.0,0.0016712929792
QQQ,QQQ260519P00690000,2026-05-19,9,put,690.0,408.0,751.0,0.2153,0.0105,2.6,2.99,,-0.1985,-0.3383,0.3485,https://cdn.cboe.com/api/global/delayed_quotes/options/QQQ.json,0.0105,0.0,-2171748.0960000004,-2171748.0960000004,0.0,-0.0021717480960000003,-0.0021717480960000003
QQQ,QQQ260519C00691000,2026-05-19,9,call,691.0,67.0,0.0,0.2024,0.0108,22.06,25.06,,0.7921,-0.3456,0.3576,https://cdn.cboe.com/api/global/delayed_quotes/options/QQQ.json,0.0108,366824.6784,0.0,366824.6784,0.0003668246784,0.0,0.0003668246784
QQQ,QQQ260519P00691000,2026-05-19,9,put,691.0,220.0,130.0,0.214,0.0108,2.83,3.17,,-0.2083,-0.347,0.358,https://cdn.cboe.com/api/global/delayed_quotes/options/QQQ.json,0.0108,0.0,-1204498.9440000001,-1204498.9440000001,0.0,-0.0012044989440000002,-0.0012044989440000002
QQQ,QQQ260519C00692000,2026-05-19,9,call,692.0,132.0,4.0,0.2196,0.0111,22.54,24.24,,0.782,-0.3541,0.3674,https://cdn.cboe.com/api/global/delayed_quotes/options/QQQ.json,0.0111,742774.3488000002,0.0,742774.3488000002,0.0007427743488000001,0.0,0.0007427743488000001
QQQ,QQQ260519P00692000,2026-05-19,9,put,692.0,80.0,33.0,0.2128,0.0112,3.25,3.39,,-0.2185,-0.3556,0.3676,https://cdn.cboe.com/api/global/delayed_quotes/options/QQQ.json,0.0112,0.0,-454221.8240000001,-454221.8240000001,0.0,-0.00045422182400000006,-0.00045422182400000006
QQQ,QQQ260519C00693000,2026-05-19,9,call,693.0,44.0,1.0,0.2181,0.0115,21.73,23.43,,0.7714,-0.3625,0.3773,https://cdn.cboe.com/api/global/delayed_quotes/options/QQQ.json,0.0115,256513.66400000002,0.0,256513.66400000002,0.00025651366400000005,0.0,0.00025651366400000005
QQQ,QQQ260519P00693000,2026-05-19,9,put,693.0,98.0,81.0,0.2116,0.0116,3.14,3.58,,-0.2291,-0.3641,0.3773,https://cdn.cboe.com/api/global/delayed_quotes/options/QQQ.json,0.0116,0.0,-576293.9392,-576293.9392,0.0,-0.0005762939392000001,-0.0005762939392000001
QQQ,QQQ260519C00694000,2026-05-19,9,call,694.0,137.0,12.0,0.2026,0.0119,19.85,22.62,,0.7606,-0.3706,0.3868,https://cdn.cboe.com/api/global/delayed_quotes/options/QQQ.json,0.0119,826470.8032000001,0.0,826470.8032000001,0.0008264708032,0.0,0.0008264708032
QQQ,QQQ260519P00694000,2026-05-19,9,put,694.0,232.0,117.0,0.2105,0.0119,3.64,4.18,,-0.24,-0.3723,0.3875,https://cdn.cboe.com/api/global/delayed_quotes/options/QQQ.json,0.0119,0.0,-1399570.9952000002,-1399570.9952000002,0.0,-0.0013995709952000003,-0.0013995709952000003
QQQ,QQQ260519C00695000,2026-05-19,9,call,695.0,505.0,36.0,0.2156,0.0122,20.16,21.83,,0.7492,-0.3786,0.3962,https://cdn.cboe.com/api/global/delayed_quotes/options/QQQ.json,0.0122,3123281.9840000006,0.0,3123281.9840000006,0.0031232819840000007,0.0,0.0031232819840000007
QQQ,QQQ260519P00695000,2026-05-19,9,put,695.0,229.0,273.0,0.2092,0.0123,3.55,4.43,,-0.2518,-0.3806,0.3971,https://cdn.cboe.com/api/global/delayed_quotes/options/QQQ.json,0.0123,0.0,-1427909.1648000001,-1427909.1648000001,0.0,-0.0014279091648000002,-0.0014279091648000002
QQQ,QQQ260519C00696000,2026-05-19,9,call,696.0,139.0,9.0,0.2076,0.0126,19.39,20.5,,0.7377,-0.3861,0.4052,https://cdn.cboe.com/api/global/delayed_quotes/options/QQQ.json,0.0126,887861.7216000002,0.0,887861.7216000002,0.0008878617216000001,0.0,0.0008878617216000001
QQQ,QQQ260519P00696000,2026-05-19,9,put,696.0,113.0,147.0,0.2081,0.0127,3.77,4.69,,-0.2636,-0.3884,0.406,https://cdn.cboe.com/api/global/delayed_quotes/options/QQQ.json,0.0127,0.0,-727515.3343999999,-727515.3343999999,0.0,-0.0007275153344,-0.0007275153344
QQQ,QQQ260519C00697000,2026-05-19,9,call,697.0,307.0,7.0,0.2131,0.0129,18.63,20.28,,0.7255,-0.3935,0.4142,https://cdn.cboe.com/api/global/delayed_quotes/options/QQQ.json,0.0129,2007650.3232000002,0.0,2007650.3232000002,0.0020076503232000003,0.0,0.0020076503232000003
QQQ,QQQ260519P00697000,2026-05-19,9,put,697.0,276.0,131.0,0.2069,0.013,4.01,4.93,,-0.2757,-0.3959,0.4147,https://cdn.cboe.com/api/global/delayed_quotes/options/QQQ.json,0.013,0.0,-1818915.072,-1818915.072,0.0,-0.0018189150719999999,-0.0018189150719999999
QQQ,QQQ260519C00698000,2026-05-19,9,call,698.0,251.0,11.0,0.1978,0.0133,16.69,19.52,,0.7132,-0.4004,0.4229,https://cdn.cboe.com/api/global/delayed_quotes/options/QQQ.json,0.0133,1692331.1552,0.0,1692331.1552,0.0016923311551999998,0.0,0.0016923311551999998
QQQ,QQQ260519P00698000,2026-05-19,9,put,698.0,42.0,84.0,0.2058,0.0134,4.25,5.03,,-0.2882,-0.403,0.4234,https://cdn.cboe.com/api/global/delayed_quotes/options/QQQ.json,0.0134,0.0,-285308.0832,-285308.0832,0.0,-0.0002853080832,-0.0002853080832
QQQ,QQQ260519C00699000,2026-05-19,9,call,699.0,159.0,29.0,0.2108,0.0136,17.15,18.77,,0.7004,-0.407,0.4314,https://cdn.cboe.com/api/global/delayed_quotes/options/QQQ.json,0.0136,1096215.7056,0.0,1096215.7056,0.0010962157056,0.0,0.0010962157056
QQQ,QQQ260519P00699000,2026-05-19,9,put,699.0,43.0,202.0,0.2049,0.0137,4.51,5.51,,-0.3009,-0.4097,0.4322,https://cdn.cboe.com/api/global/delayed_quotes/options/QQQ.json,0.0137,0.0,-298640.71040000004,-298640.71040000004,0.0,-0.00029864071040000003,-0.00029864071040000003
QQQ,QQQ260519C00700000,2026-05-19,9,call,700.0,817.0,455.0,0.2118,0.014,16.63,18.04,,0.6872,-0.4132,0.4394,https://cdn.cboe.com/api/global/delayed_quotes/options/QQQ.json,0.014,5798425.471999999,0.0,5798425.471999999,0.005798425471999999,0.0,0.005798425471999999
QQQ,QQQ260519P00700000,2026-05-19,9,put,700.0,107.0,516.0,0.2039,0.0141,4.78,5.78,,-0.3143,-0.416,0.4402,https://cdn.cboe.com/api/global/delayed_quotes/options/QQQ.json,0.0141,0.0,-764826.4128,-764826.4128,0.0,-0.0007648264128,-0.0007648264128
QQQ,QQQ260519C00701000,2026-05-19,9,call,701.0,89.0,18.0,0.2085,0.0143,15.72,17.32,,0.6738,-0.4189,0.4468,https://cdn.cboe.com/api/global/delayed_quotes/options/QQQ.json,0.0143,645187.6288,0.0,645187.6288,0.0006451876288,0.0,0.0006451876288
QQQ,QQQ260519P00701000,2026-05-19,9,put,701.0,54.0,345.0,0.2028,0.0144,5.06,5.87,,-0.328,-0.4219,0.4474,https://cdn.cboe.com/api/global/delayed_quotes/options/QQQ.json,0.0144,0.0,-394199.6544,-394199.6544,0.0,-0.0003941996544,-0.0003941996544
QQQ,QQQ260519C00702000,2026-05-19,9,call,702.0,190.0,75.0,0.2075,0.0146,15.03,16.62,,0.6599,-0.4241,0.454,https://cdn.cboe.com/api/global/delayed_quotes/options/QQQ.json,0.0146,1406262.656,0.0,1406262.656,0.001406262656,0.0,0.001406262656
QQQ,QQQ260519P00702000,2026-05-19,9,put,702.0,25.0,116.0,0.2018,0.0147,5.36,6.45,,-0.3419,-0.4273,0.4544,https://cdn.cboe.com/api/global/delayed_quotes/options/QQQ.json,0.0147,0.0,-186301.92,-186301.92,0.0,-0.00018630192,-0.00018630192
QQQ,QQQ260519C00703000,2026-05-19,9,call,703.0,83.0,28.0,0.2062,0.0149,14.35,15.93,,0.6455,-0.4288,0.4608,https://cdn.cboe.com/api/global/delayed_quotes/options/QQQ.json,0.0149,626937.6448,0.0,626937.6448,0.0006269376448,0.0,0.0006269376448
QQQ,QQQ260519P00703000,2026-05-19,9,put,703.0,33.0,306.0,0.2009,0.015,5.66,6.77,,-0.3563,-0.4322,0.4611,https://cdn.cboe.com/api/global/delayed_quotes/options/QQQ.json,0.015,0.0,-250937.28,-250937.28,0.0,-0.00025093728,-0.00025093728
QQQ,QQQ260519C00704000,2026-05-19,9,call,704.0,153.0,57.0,0.2053,0.0152,12.63,15.29,,0.6311,-0.4329,0.467,https://cdn.cboe.com/api/global/delayed_quotes/options/QQQ.json,0.0152,1178948.9664,0.0,1178948.9664,0.0011789489664,0.0,0.0011789489664
QQQ,QQQ260519P00704000,2026-05-19,9,put,704.0,6.0,778.0,0.2,0.0153,5.99,6.83,,-0.3708,-0.4364,0.4676,https://cdn.cboe.com/api/global/delayed_quotes/options/QQQ.json,0.0153,0.0,-46537.4592,-46537.4592,0.0,-4.65374592e-05,-4.65374592e-05
QQQ,QQQ260519C00705000,2026-05-19,9,call,705.0,672.0,264.0,0.2082,0.0154,13.44,14.58,,0.6162,-0.4364,0.4725,https://cdn.cboe.com/api/global/delayed_quotes/options/QQQ.json,0.0154,5246262.0672,0.0,5246262.0672,0.005246262067200001,0.0,0.005246262067200001
QQQ,QQQ260519P00705000,2026-05-19,9,put,705.0,51.0,645.0,0.1991,0.0156,6.34,7.18,,-0.3859,-0.4401,0.4729,https://cdn.cboe.com/api/global/delayed_quotes/options/QQQ.json,0.0156,0.0,-403324.6464,-403324.6464,0.0,-0.00040332464640000003,-0.00040332464640000003
QQQ,QQQ260519C00706000,2026-05-19,9,call,706.0,89.0,125.0,0.2036,0.0157,12.39,13.94,,0.6009,-0.4393,0.4775,https://cdn.cboe.com/api/global/delayed_quotes/options/QQQ.json,0.0157,708352.8511999999,0.0,708352.8511999999,0.0007083528511999999,0.0,0.0007083528511999999
QQQ,QQQ260519P00706000,2026-05-19,9,put,706.0,12.0,194.0,0.1981,0.0158,6.69,7.92,,-0.4014,-0.4433,0.4777,https://cdn.cboe.com/api/global/delayed_quotes/options/QQQ.json,0.0158,0.0,-96116.5824,-96116.5824,0.0,-9.61165824e-05,-9.61165824e-05
QQQ,QQQ260519C00707000,2026-05-19,9,call,707.0,66.0,127.0,0.2026,0.0159,11.77,13.31,,0.5856,-0.4415,0.4819,https://cdn.cboe.com/api/global/delayed_quotes/options/QQQ.json,0.0159,531987.0336000001,0.0,531987.0336000001,0.0005319870336000001,0.0,0.0005319870336000001
QQQ,QQQ260519C00708000,2026-05-19,9,call,708.0,105.0,131.0,0.2016,0.0161,11.17,12.7,,0.5696,-0.4431,0.4856,https://cdn.cboe.com/api/global/delayed_quotes/options/QQQ.json,0.0161,856988.8319999999,0.0,856988.8319999999,0.000856988832,0.0,0.000856988832
QQQ,QQQ260519C00709000,2026-05-19,9,call,709.0,36.0,125.0,0.1955,0.0163,10.58,11.61,,0.5538,-0.444,0.4886,https://cdn.cboe.com/api/global/delayed_quotes/options/QQQ.json,0.0163,297474.7392,0.0,297474.7392,0.00029747473920000003,0.0,0.00029747473920000003
QQQ,QQQ260519C00710000,2026-05-19,9,call,710.0,855.0,652.0,0.1942,0.0164,10.01,11.01,,0.5374,-0.4441,0.4908,https://cdn.cboe.com/api/global/delayed_quotes/options/QQQ.json,0.0164,7108368.768000002,0.0,7108368.768000002,0.007108368768000002,0.0,0.007108368768000002
QQQ,QQQ260519P00710000,2026-05-19,9,put,710.0,6.0,492.0,0.1947,0.0166,8.26,9.19,,-0.4654,-0.449,0.4905,https://cdn.cboe.com/api/global/delayed_quotes/options/QQQ.json,0.0166,0.0,-50491.62239999999,-50491.62239999999,0.0,-5.0491622399999996e-05,-5.0491622399999996e-05
QQQ,QQQ260519C00711000,2026-05-19,9,call,711.0,92.0,42.0,0.1934,0.0166,9.46,10.44,,0.521,-0.4435,0.4922,https://cdn.cboe.com/api/global/delayed_quotes/options/QQQ.json,0.0166,774204.8768,0.0,774204.8768,0.0007742048767999999,0.0,0.0007742048767999999
QQQ,QQQ260519C00712000,2026-05-19,9,call,712.0,186.0,153.0,0.1924,0.0167,8.92,10.4,,0.5044,-0.4421,0.4929,https://cdn.cboe.com/api/global/delayed_quotes/options/QQQ.json,0.0167,1574669.4528,0.0,1574669.4528,0.0015746694528,0.0,0.0015746694528
QQQ,QQQ260519P00712000,2026-05-19,9,put,712.0,3.0,102.0,0.1931,0.0169,9.17,10.56,,-0.4988,-0.4477,0.4925,https://cdn.cboe.com/api/global/delayed_quotes/options/QQQ.json,0.0169,0.0,-25702.060799999996,-25702.060799999996,0.0,-2.5702060799999996e-05,-2.5702060799999996e-05
QQQ,QQQ260519C00713000,2026-05-19,9,call,713.0,132.0,92.0,0.1916,0.0167,8.41,9.87,,0.4877,-0.44,0.4927,https://cdn.cboe.com/api/global/delayed_quotes/options/QQQ.json,0.0167,1117507.3536000003,0.0,1117507.3536000003,0.0011175073536000002,0.0,0.0011175073536000002
QQQ,QQQ260519C00714000,2026-05-19,9,call,714.0,129.0,165.0,0.191,0.0168,7.89,9.39,,0.4709,-0.4371,0.4917,https://cdn.cboe.com/api/global/delayed_quotes/options/QQQ.json,0.0168,1098649.0368,0.0,1098649.0368,0.0010986490367999998,0.0,0.0010986490367999998
QQQ,QQQ260519C00715000,2026-05-19,9,call,715.0,508.0,1120.0,0.1902,0.0168,7.41,8.91,,0.4541,-0.4334,0.4898,https://cdn.cboe.com/api/global/delayed_quotes/options/QQQ.json,0.0168,4326462.8736,0.0,4326462.8736,0.004326462873599999,0.0,0.004326462873599999
QQQ,QQQ260519P00715000,2026-05-19,9,put,715.0,17.0,98.0,0.1906,0.017,10.65,11.17,,-0.5502,-0.4399,0.4884,https://cdn.cboe.com/api/global/delayed_quotes/options/QQQ.json,0.017,0.0,-146506.81600000002,-146506.81600000002,0.0,-0.00014650681600000002,-0.00014650681600000002
QQQ,QQQ260519C00720000,2026-05-19,9,call,720.0,443.0,437.0,0.1866,0.0163,5.27,6.4,,0.3701,-0.4039,0.4677,https://cdn.cboe.com/api/global/delayed_quotes/options/QQQ.json,0.0163,3660591.9296,0.0,3660591.9296,0.0036605919295999998,0.0,0.0036605919295999998
QQQ,QQQ260519C00725000,2026-05-19,9,call,725.0,201.0,430.0,0.1834,0.015,3.6,4.55,,0.2902,-0.3581,0.4258,https://cdn.cboe.com/api/global/delayed_quotes/options/QQQ.json,0.015,1528436.1599999997,0.0,1528436.1599999997,0.0015284361599999998,0.0,0.0015284361599999998
QQQ,QQQ260519P00725000,2026-05-19,9,put,725.0,1.0,3.0,0.1912,0.0154,16.77,18.38,,-0.7177,-0.3682,0.4191,https://cdn.cboe.com/api/global/delayed_quotes/options/QQQ.json,0.0154,0.0,-7806.9376,-7806.9376,0.0,-7.8069376e-06,-7.8069376e-06
QQQ,QQQ260519C00730000,2026-05-19,9,call,730.0,66.0,403.0,0.1808,0.0131,2.36,3.29,,0.2186,-0.3017,0.3691,https://cdn.cboe.com/api/global/delayed_quotes/options/QQQ.json,0.0131,438303.7824,0.0,438303.7824,0.0004383037824,0.0,0.0004383037824
QQQ,QQQ260519C00735000,2026-05-19,9,call,735.0,71.0,245.0,0.1794,0.0108,1.52,2.22,,0.1587,-0.2426,0.3054,https://cdn.cboe.com/api/global/delayed_quotes/options/QQQ.json,0.0108,388724.65920000005,0.0,388724.65920000005,0.00038872465920000005,0.0,0.00038872465920000005
QQQ,QQQ260519C00740000,2026-05-19,9,call,740.0,18.0,201.0,0.1797,0.0085,1.13,1.45,,0.1122,-0.1886,0.2433,https://cdn.cboe.com/api/global/delayed_quotes/options/QQQ.json,0.0085,77562.43200000002,0.0,77562.43200000002,7.756243200000001e-05,0.0,7.756243200000001e-05
QQQ,QQQ260519C00745000,2026-05-19,9,call,745.0,12.0,57.0,0.182,0.0065,0.57,0.8,,0.0788,-0.1446,0.1895,https://cdn.cboe.com/api/global/delayed_quotes/options/QQQ.json,0.0065,39541.632,0.0,39541.632,3.9541631999999995e-05,0.0,3.9541631999999995e-05
QQQ,QQQ260519C00750000,2026-05-19,9,call,750.0,67.0,388.0,0.1855,0.0049,0.32,0.54,,0.0561,-0.1116,0.1471,https://cdn.cboe.com/api/global/delayed_quotes/options/QQQ.json,0.0049,166429.7152,0.0,166429.7152,0.0001664297152,0.0,0.0001664297152
QQQ,QQQ260520P00570000,2026-05-20,10,put,570.0,6.0,6.0,0.4827,0.0002,0.04,0.15,,-0.0047,-0.0303,0.0182,https://cdn.cboe.com/api/global/delayed_quotes/options/QQQ.json,0.0002,0.0,-608.3328,-608.3328,0.0,-6.083328e-07,-6.083328e-07
QQQ,QQQ260520C00600000,2026-05-20,10,call,600.0,2.0,2.0,0.466,0.0004,110.41,114.37,,0.9913,-0.0448,0.0314,https://cdn.cboe.com/api/global/delayed_quotes/options/QQQ.json,0.0004,405.55520000000007,0.0,405.55520000000007,4.0555520000000004e-07,0.0,4.0555520000000004e-07
QQQ,QQQ260520P00605000,2026-05-20,10,put,605.0,37.0,15.0,0.3916,0.0005,0.12,0.22,,-0.0097,-0.0484,0.0349,https://cdn.cboe.com/api/global/delayed_quotes/options/QQQ.json,0.0005,0.0,-9378.464,-9378.464,0.0,-9.378464e-06,-9.378464e-06
QQQ,QQQ260520P00610000,2026-05-20,10,put,610.0,46.0,1.0,0.3795,0.0006,0.14,0.24,,-0.011,-0.0524,0.0388,https://cdn.cboe.com/api/global/delayed_quotes/options/QQQ.json,0.0006,0.0,-13991.6544,-13991.6544,0.0,-1.3991654399999999e-05,-1.3991654399999999e-05
QQQ,QQQ260520P00615000,2026-05-20,10,put,615.0,43.0,0.0,0.367,0.0007,0.15,0.47,,-0.0125,-0.0571,0.0435,https://cdn.cboe.com/api/global/delayed_quotes/options/QQQ.json,0.0007,0.0,-15259.0144,-15259.0144,0.0,-1.52590144e-05,-1.52590144e-05
QQQ,QQQ260520P00620000,2026-05-20,10,put,620.0,50.0,8.0,0.3555,0.0008,0.2,0.28,,-0.0144,-0.0625,0.049,https://cdn.cboe.com/api/global/delayed_quotes/options/QQQ.json,0.0008,0.0,-20277.760000000002,-20277.760000000002,0.0,-2.027776e-05,-2.027776e-05
QQQ,QQQ260520C00625000,2026-05-20,10,call,625.0,1.0,0.0,0.3787,0.0009,85.53,89.16,,0.9834,-0.0686,0.0553,https://cdn.cboe.com/api/global/delayed_quotes/options/QQQ.json,0.0009,456.2496,0.0,456.2496,4.562496e-07,0.0,4.562496e-07
QQQ,QQQ260520P00625000,2026-05-20,10,put,625.0,3.0,0.0,0.3443,0.0009,0.23,0.32,,-0.0166,-0.0686,0.0552,https://cdn.cboe.com/api/global/delayed_quotes/options/QQQ.json,0.0009,0.0,-1368.7488,-1368.7488,0.0,-1.3687488000000001e-06,-1.3687488000000001e-06
QQQ,QQQ260520P00630000,2026-05-20,10,put,630.0,21.0,6.0,0.3278,0.0011,0.22,0.35,,-0.0192,-0.0757,0.0627,https://cdn.cboe.com/api/global/delayed_quotes/options/QQQ.json,0.0011,0.0,-11710.406400000002,-11710.406400000002,0.0,-1.1710406400000002e-05,-1.1710406400000002e-05
QQQ,QQQ260520C00635000,2026-05-20,10,call,635.0,2.0,1.0,0.3504,0.0013,75.6,79.5,,0.9775,-0.0837,0.0715,https://cdn.cboe.com/api/global/delayed_quotes/options/QQQ.json,0.0013,1318.0544,0.0,1318.0544,1.3180543999999999e-06,0.0,1.3180543999999999e-06
QQQ,QQQ260520P00635000,2026-05-20,10,put,635.0,193.0,3.0,0.3196,0.0013,0.31,0.39,,-0.0224,-0.0838,0.0715,https://cdn.cboe.com/api/global/delayed_quotes/options/QQQ.json,0.0013,0.0,-127192.2496,-127192.2496,0.0,-0.0001271922496,-0.0001271922496
QQQ,QQQ260520C00640000,2026-05-20,10,call,640.0,1.0,3.0,0.338,0.0015,70.71,74.39,,0.9735,-0.0934,0.0819,https://cdn.cboe.com/api/global/delayed_quotes/options/QQQ.json,0.0015,760.4159999999999,0.0,760.4159999999999,7.60416e-07,0.0,7.60416e-07
QQQ,QQQ260520P00640000,2026-05-20,10,put,640.0,37.0,7.0,0.3075,0.0015,0.36,0.44,,-0.0264,-0.0935,0.082,https://cdn.cboe.com/api/global/delayed_quotes/options/QQQ.json,0.0015,0.0,-28135.391999999996,-28135.391999999996,0.0,-2.8135391999999996e-05,-2.8135391999999996e-05
QQQ,QQQ260520P00643000,2026-05-20,10,put,643.0,12.0,0.0,0.2985,0.0017,0.36,0.48,,-0.0293,-0.1002,0.0894,https://cdn.cboe.com/api/global/delayed_quotes/options/QQQ.json,0.0017,0.0,-10341.657599999999,-10341.657599999999,0.0,-1.0341657599999998e-05,-1.0341657599999998e-05
QQQ,QQQ260520C00645000,2026-05-20,10,call,645.0,20.0,0.0,0.3236,0.0018,65.78,69.46,,0.9685,-0.105,0.0947,https://cdn.cboe.com/api/global/delayed_quotes/options/QQQ.json,0.0018,18249.984,0.0,18249.984,1.8249984e-05,0.0,1.8249984e-05
QQQ,QQQ260520P00645000,2026-05-20,10,put,645.0,34.0,12.0,0.2972,0.0018,0.43,0.52,,-0.0315,-0.1051,0.0947,https://cdn.cboe.com/api/global/delayed_quotes/options/QQQ.json,0.0018,0.0,-31024.972800000003,-31024.972800000003,0.0,-3.1024972800000005e-05,-3.1024972800000005e-05
QQQ,QQQ260520P00647000,2026-05-20,10,put,647.0,1.0,0.0,0.2916,0.002,0.45,0.54,,-0.0338,-0.1104,0.1006,https://cdn.cboe.com/api/global/delayed_quotes/options/QQQ.json,0.002,0.0,-1013.888,-1013.888,0.0,-1.013888e-06,-1.013888e-06
QQQ,QQQ260520P00650000,2026-05-20,10,put,650.0,215.0,101.0,0.2845,0.0022,0.48,0.6,,-0.0378,-0.1191,0.11,https://cdn.cboe.com/api/global/delayed_quotes/options/QQQ.json,0.0022,0.0,-239784.51200000005,-239784.51200000005,0.0,-0.00023978451200000003,-0.00023978451200000003
QQQ,QQQ260520P00652000,2026-05-20,10,put,652.0,3.0,0.0,0.282,0.0024,0.55,0.65,,-0.041,-0.1257,0.1173,https://cdn.cboe.com/api/global/delayed_quotes/options/QQQ.json,0.0024,0.0,-3649.9968,-3649.9968,0.0,-3.6499968e-06,-3.6499968e-06
QQQ,QQQ260520P00653000,2026-05-20,10,put,653.0,17.0,8.0,0.28,0.0025,0.57,0.68,,-0.0427,-0.1293,0.1213,https://cdn.cboe.com/api/global/delayed_quotes/options/QQQ.json,0.0025,0.0,-21545.12,-21545.12,0.0,-2.154512e-05,-2.154512e-05
QQQ,QQQ260520C00655000,2026-05-20,10,call,655.0,20.0,0.0,0.2862,0.0027,55.69,59.82,,0.9537,-0.1364,0.1292,https://cdn.cboe.com/api/global/delayed_quotes/options/QQQ.json,0.0027,27374.976000000002,0.0,27374.976000000002,2.7374976000000002e-05,0.0,2.7374976000000002e-05
QQQ,QQQ260520P00655000,2026-05-20,10,put,655.0,76.0,4.0,0.276,0.0027,0.62,0.73,,-0.0463,-0.1367,0.1294,https://cdn.cboe.com/api/global/delayed_quotes/options/QQQ.json,0.0027,0.0,-104024.9088,-104024.9088,0.0,-0.00010402490880000001,-0.00010402490880000001
QQQ,QQQ260520P00656000,2026-05-20,10,put,656.0,10.0,0.0,0.2743,0.0028,0.65,0.76,,-0.0482,-0.1406,0.1337,https://cdn.cboe.com/api/global/delayed_quotes/options/QQQ.json,0.0028,0.0,-14194.432000000003,-14194.432000000003,0.0,-1.4194432000000002e-05,-1.4194432000000002e-05
QQQ,QQQ260520P00658000,2026-05-20,10,put,658.0,3.0,1.0,0.2702,0.0031,0.7,0.82,,-0.0525,-0.1488,0.1427,https://cdn.cboe.com/api/global/delayed_quotes/options/QQQ.json,0.0031,0.0,-4714.5792,-4714.5792,0.0,-4.7145792000000005e-06,-4.7145792000000005e-06
QQQ,QQQ260520P00659000,2026-05-20,10,put,659.0,1.0,0.0,0.2684,0.0032,0.74,0.85,,-0.0548,-0.1532,0.1476,https://cdn.cboe.com/api/global/delayed_quotes/options/QQQ.json,0.0032,0.0,-1622.2208000000003,-1622.2208000000003,0.0,-1.6222208000000002e-06,-1.6222208000000002e-06
QQQ,QQQ260520C00660000,2026-05-20,10,call,660.0,1.0,6.0,0.2742,0.0033,50.8,55.0,,0.9429,-0.1574,0.1524,https://cdn.cboe.com/api/global/delayed_quotes/options/QQQ.json,0.0033,1672.9152000000001,0.0,1672.9152000000001,1.6729152000000002e-06,0.0,1.6729152000000002e-06
QQQ,QQQ260520P00660000,2026-05-20,10,put,660.0,107.0,110.0,0.2671,0.0033,0.78,0.89,,-0.0571,-0.1577,0.1524,https://cdn.cboe.com/api/global/delayed_quotes/options/QQQ.json,0.0033,0.0,-179001.9264,-179001.9264,0.0,-0.0001790019264,-0.0001790019264
QQQ,QQQ260520P00661000,2026-05-20,10,put,661.0,6.0,1.0,0.2655,0.0034,0.82,0.93,,-0.0597,-0.1624,0.1577,https://cdn.cboe.com/api/global/delayed_quotes/options/QQQ.json,0.0034,0.0,-10341.657599999999,-10341.657599999999,0.0,-1.0341657599999998e-05,-1.0341657599999998e-05
QQQ,QQQ260520C00662000,2026-05-20,10,call,662.0,1.0,0.0,0.2736,0.0036,48.99,53.24,,0.9377,-0.1668,0.1628,https://cdn.cboe.com/api/global/delayed_quotes/options/QQQ.json,0.0036,1824.9984,0.0,1824.9984,1.8249984e-06,0.0,1.8249984e-06
QQQ,QQQ260520P00662000,2026-05-20,10,put,662.0,10.0,0.0,0.2634,0.0036,0.85,0.97,,-0.0623,-0.1672,0.1632,https://cdn.cboe.com/api/global/delayed_quotes/options/QQQ.json,0.0036,0.0,-18249.984,-18249.984,0.0,-1.8249984e-05,-1.8249984e-05
QQQ,QQQ260520P00663000,2026-05-20,10,put,663.0,2.0,7.0,0.2616,0.0037,0.89,1.01,,-0.0652,-0.1723,0.1687,https://cdn.cboe.com/api/global/delayed_quotes/options/QQQ.json,0.0037,0.0,-3751.3856,-3751.3856,0.0,-3.7513856e-06,-3.7513856e-06
QQQ,QQQ260520C00664000,2026-05-20,10,call,664.0,2.0,0.0,0.2632,0.0039,46.85,51.33,,0.932,-0.177,0.1741,https://cdn.cboe.com/api/global/delayed_quotes/options/QQQ.json,0.0039,3954.1631999999995,0.0,3954.1631999999995,3.9541632e-06,0.0,3.9541632e-06
QQQ,QQQ260520P00664000,2026-05-20,10,put,664.0,17.0,1.0,0.2606,0.0039,0.94,1.07,,-0.068,-0.1774,0.1744,https://cdn.cboe.com/api/global/delayed_quotes/options/QQQ.json,0.0039,0.0,-33610.3872,-33610.3872,0.0,-3.36103872e-05,-3.36103872e-05
QQQ,QQQ260520C00665000,2026-05-20,10,call,665.0,1.0,4.0,0.2671,0.004,46.1,50.43,,0.929,-0.1823,0.1801,https://cdn.cboe.com/api/global/delayed_quotes/options/QQQ.json,0.004,2027.776,0.0,2027.776,2.027776e-06,0.0,2.027776e-06
QQQ,QQQ260520P00665000,2026-05-20,10,put,665.0,146.0,19.0,0.2587,0.004,0.98,1.11,,-0.0711,-0.1827,0.1802,https://cdn.cboe.com/api/global/delayed_quotes/options/QQQ.json,0.004,0.0,-296055.296,-296055.296,0.0,-0.000296055296,-0.000296055296
QQQ,QQQ260520P00666000,2026-05-20,10,put,666.0,33.0,6.0,0.2576,0.0042,1.04,1.17,,-0.0744,-0.1883,0.1864,https://cdn.cboe.com/api/global/delayed_quotes/options/QQQ.json,0.0042,0.0,-70262.4384,-70262.4384,0.0,-7.02624384e-05,-7.02624384e-05
QQQ,QQQ260520P00667000,2026-05-20,10,put,667.0,17.0,17.0,0.2563,0.0044,1.09,1.23,,-0.0776,-0.1936,0.1923,https://cdn.cboe.com/api/global/delayed_quotes/options/QQQ.json,0.0044,0.0,-37919.4112,-37919.4112,0.0,-3.79194112e-05,-3.79194112e-05
QQQ,QQQ260520P00668000,2026-05-20,10,put,668.0,35.0,13.0,0.2545,0.0046,1.15,1.28,,-0.0813,-0.1997,0.1991,https://cdn.cboe.com/api/global/delayed_quotes/options/QQQ.json,0.0046,0.0,-81617.98400000001,-81617.98400000001,0.0,-8.161798400000001e-05,-8.161798400000001e-05
QQQ,QQQ260520P00669000,2026-05-20,10,put,669.0,47.0,17.0,0.253,0.0048,1.21,1.34,,-0.085,-0.2057,0.2059,https://cdn.cboe.com/api/global/delayed_quotes/options/QQQ.json,0.0048,0.0,-114366.56639999997,-114366.56639999997,0.0,-0.00011436656639999996,-0.00011436656639999996
QQQ,QQQ260520C00670000,2026-05-20,10,call,670.0,173.0,17.0,0.2729,0.0049,42.1,45.55,,0.9112,-0.2112,0.2123,https://cdn.cboe.com/api/global/delayed_quotes/options/QQQ.json,0.0049,429736.42879999994,0.0,429736.42879999994,0.0004297364287999999,0.0,0.0004297364287999999
QQQ,QQQ260520P00670000,2026-05-20,10,put,670.0,192.0,122.0,0.2513,0.0049,1.27,1.39,,-0.0888,-0.2116,0.2125,https://cdn.cboe.com/api/global/delayed_quotes/options/QQQ.json,0.0049,0.0,-476932.9152,-476932.9152,0.0,-0.0004769329152,-0.0004769329152
QQQ,QQQ260520P00671000,2026-05-20,10,put,671.0,11.0,8.0,0.25,0.0052,1.34,1.47,,-0.0931,-0.2182,0.2199,https://cdn.cboe.com/api/global/delayed_quotes/options/QQQ.json,0.0052,0.0,-28997.196799999998,-28997.196799999998,0.0,-2.89971968e-05,-2.89971968e-05
QQQ,QQQ260520P00672000,2026-05-20,10,put,672.0,7.0,5.0,0.2485,0.0054,1.41,1.54,,-0.0974,-0.2247,0.2273,https://cdn.cboe.com/api/global/delayed_quotes/options/QQQ.json,0.0054,0.0,-19162.483200000002,-19162.483200000002,0.0,-1.91624832e-05,-1.91624832e-05
QQQ,QQQ260520P00673000,2026-05-20,10,put,673.0,2.0,9.0,0.2473,0.0056,1.48,1.62,,-0.1017,-0.2311,0.2344,https://cdn.cboe.com/api/global/delayed_quotes/options/QQQ.json,0.0056,0.0,-5677.772799999999,-5677.772799999999,0.0,-5.677772799999999e-06,-5.677772799999999e-06
QQQ,QQQ260520P00674000,2026-05-20,10,put,674.0,7.0,9.0,0.2462,0.0058,1.56,1.71,,-0.1064,-0.2379,0.242,https://cdn.cboe.com/api/global/delayed_quotes/options/QQQ.json,0.0058,0.0,-20581.9264,-20581.9264,0.0,-2.05819264e-05,-2.05819264e-05
QQQ,QQQ260520C00675000,2026-05-20,10,call,675.0,2.0,4.0,0.2623,0.006,37.48,40.67,,0.8885,-0.2444,0.25,https://cdn.cboe.com/api/global/delayed_quotes/options/QQQ.json,0.006,6083.3279999999995,0.0,6083.3279999999995,6.083328e-06,0.0,6.083328e-06
QQQ,QQQ260520P00675000,2026-05-20,10,put,675.0,145.0,288.0,0.2445,0.006,1.65,1.78,,-0.1116,-0.2451,0.2501,https://cdn.cboe.com/api/global/delayed_quotes/options/QQQ.json,0.006,0.0,-441041.28,-441041.28,0.0,-0.00044104128000000005,-0.00044104128000000005
QQQ,QQQ260520C00676000,2026-05-20,10,call,676.0,1.0,1.0,0.2612,0.0062,36.58,39.8,,0.8833,-0.2514,0.2579,https://cdn.cboe.com/api/global/delayed_quotes/options/QQQ.json,0.0062,3143.0528,0.0,3143.0528,3.1430528e-06,0.0,3.1430528e-06
QQQ,QQQ260520P00676000,2026-05-20,10,put,676.0,133.0,11.0,0.243,0.0063,1.73,1.88,,-0.117,-0.2524,0.2586,https://cdn.cboe.com/api/global/delayed_quotes/options/QQQ.json,0.0063,0.0,-424768.3776,-424768.3776,0.0,-0.0004247683776,-0.0004247683776
QQQ,QQQ260520C00677000,2026-05-20,10,call,677.0,4.0,1.0,0.2593,0.0065,35.68,39.2,,0.8779,-0.2586,0.2661,https://cdn.cboe.com/api/global/delayed_quotes/options/QQQ.json,0.0065,13180.544000000002,0.0,13180.544000000002,1.3180544000000002e-05,0.0,1.3180544000000002e-05
QQQ,QQQ260520P00677000,2026-05-20,10,put,677.0,6.0,3.0,0.2418,0.0065,1.82,1.98,,-0.1224,-0.2596,0.2667,https://cdn.cboe.com/api/global/delayed_quotes/options/QQQ.json,0.0065,0.0,-19770.816,-19770.816,0.0,-1.9770815999999998e-05,-1.9770815999999998e-05
QQQ,QQQ260520C00678000,2026-05-20,10,call,678.0,1.0,0.0,0.2577,0.0067,34.78,38.34,,0.8722,-0.2659,0.2745,https://cdn.cboe.com/api/global/delayed_quotes/options/QQQ.json,0.0067,3396.5248000000006,0.0,3396.5248000000006,3.3965248000000006e-06,0.0,3.3965248000000006e-06
QQQ,QQQ260520P00678000,2026-05-20,10,put,678.0,50.0,16.0,0.2405,0.0067,1.92,2.08,,-0.1281,-0.267,0.2752,https://cdn.cboe.com/api/global/delayed_quotes/options/QQQ.json,0.0067,0.0,-169826.24,-169826.24,0.0,-0.00016982624,-0.00016982624
QQQ,QQQ260520P00679000,2026-05-20,10,put,679.0,100.0,33.0,0.239,0.007,2.03,2.17,,-0.1341,-0.2745,0.2837,https://cdn.cboe.com/api/global/delayed_quotes/options/QQQ.json,0.007,0.0,-354860.8,-354860.8,0.0,-0.0003548608,-0.0003548608
QQQ,QQQ260520C00680000,2026-05-20,10,call,680.0,23.0,7.0,0.2277,0.0072,32.45,35.29,,0.8601,-0.2809,0.2919,https://cdn.cboe.com/api/global/delayed_quotes/options/QQQ.json,0.0072,83949.92639999998,0.0,83949.92639999998,8.394992639999998e-05,0.0,8.394992639999998e-05
QQQ,QQQ260520P00680000,2026-05-20,10,put,680.0,381.0,213.0,0.2378,0.0073,2.14,2.28,,-0.1403,-0.2821,0.2924,https://cdn.cboe.com/api/global/delayed_quotes/options/QQQ.json,0.0073,0.0,-1409963.3472,-1409963.3472,0.0,-0.0014099633472,-0.0014099633472
QQQ,QQQ260520P00681000,2026-05-20,10,put,681.0,117.0,2.0,0.2366,0.0075,2.25,2.4,,-0.1467,-0.2896,0.3009,https://cdn.cboe.com/api/global/delayed_quotes/options/QQQ.json,0.0075,0.0,-444843.36,-444843.36,0.0,-0.00044484335999999997,-0.00044484335999999997
QQQ,QQQ260520P00682000,2026-05-20,10,put,682.0,45.0,29.0,0.235,0.0078,2.37,2.51,,-0.1536,-0.2976,0.3102,https://cdn.cboe.com/api/global/delayed_quotes/options/QQQ.json,0.0078,0.0,-177937.34399999998,-177937.34399999998,0.0,-0.00017793734399999998,-0.00017793734399999998
QQQ,QQQ260520P00683000,2026-05-20,10,put,683.0,29.0,12.0,0.234,0.0081,2.5,2.65,,-0.1607,-0.3054,0.3193,https://cdn.cboe.com/api/global/delayed_quotes/options/QQQ.json,0.0081,0.0,-119081.14559999999,-119081.14559999999,0.0,-0.00011908114559999999,-0.00011908114559999999
QQQ,QQQ260520C00684000,2026-05-20,10,call,684.0,1.0,0.0,0.2467,0.0083,29.46,33.0,,0.8326,-0.3118,0.3276,https://cdn.cboe.com/api/global/delayed_quotes/options/QQQ.json,0.0083,4207.6352,0.0,4207.6352,4.2076352e-06,0.0,4.2076352e-06
QQQ,QQQ260520P00684000,2026-05-20,10,put,684.0,10.0,13.0,0.2328,0.0084,2.64,2.78,,-0.168,-0.3133,0.3285,https://cdn.cboe.com/api/global/delayed_quotes/options/QQQ.json,0.0084,0.0,-42583.295999999995,-42583.295999999995,0.0,-4.258329599999999e-05,-4.258329599999999e-05
QQQ,QQQ260520C00685000,2026-05-20,10,call,685.0,121.0,62.0,0.2454,0.0086,28.61,31.84,,0.8249,-0.3198,0.337,https://cdn.cboe.com/api/global/delayed_quotes/options/QQQ.json,0.0086,527525.9264,0.0,527525.9264,0.0005275259264,0.0,0.0005275259264
QQQ,QQQ260520P00685000,2026-05-20,10,put,685.0,404.0,153.0,0.2317,0.0086,2.78,2.93,,-0.1755,-0.3211,0.3375,https://cdn.cboe.com/api/global/delayed_quotes/options/QQQ.json,0.0086,0.0,-1761326.2336,-1761326.2336,0.0,-0.0017613262336,-0.0017613262336
QQQ,QQQ260520P00686000,2026-05-20,10,put,686.0,31.0,49.0,0.2305,0.0089,2.93,3.08,,-0.1837,-0.3292,0.3469,https://cdn.cboe.com/api/global/delayed_quotes/options/QQQ.json,0.0089,0.0,-139865.8496,-139865.8496,0.0,-0.00013986584959999998,-0.00013986584959999998
QQQ,QQQ260520P00687000,2026-05-20,10,put,687.0,62.0,51.0,0.2292,0.0092,3.08,3.24,,-0.1919,-0.3371,0.356,https://cdn.cboe.com/api/global/delayed_quotes/options/QQQ.json,0.0092,0.0,-289160.8576,-289160.8576,0.0,-0.00028916085759999997,-0.00028916085759999997
QQQ,QQQ260520P00688000,2026-05-20,10,put,688.0,42.0,13.0,0.2281,0.0095,3.25,3.4,,-0.2004,-0.3449,0.3655,https://cdn.cboe.com/api/global/delayed_quotes/options/QQQ.json,0.0095,0.0,-202270.656,-202270.656,0.0,-0.00020227065599999998,-0.00020227065599999998
QQQ,QQQ260520P00689000,2026-05-20,10,put,689.0,13.0,4.0,0.2267,0.0098,3.42,3.55,,-0.2091,-0.3525,0.3745,https://cdn.cboe.com/api/global/delayed_quotes/options/QQQ.json,0.0098,0.0,-64584.6656,-64584.6656,0.0,-6.45846656e-05,-6.45846656e-05
QQQ,QQQ260520C00690000,2026-05-20,10,call,690.0,542.0,60.0,0.2379,0.0101,24.47,27.64,,0.7822,-0.3586,0.3832,https://cdn.cboe.com/api/global/delayed_quotes/options/QQQ.json,0.0101,2775112.8447999996,0.0,2775112.8447999996,0.0027751128447999996,0.0,0.0027751128447999996
QQQ,QQQ260520P00690000,2026-05-20,10,put,690.0,682.0,361.0,0.2255,0.0101,3.6,3.73,,-0.2184,-0.3603,0.384,https://cdn.cboe.com/api/global/delayed_quotes/options/QQQ.json,0.0101,0.0,-3491931.6607999997,-3491931.6607999997,0.0,-0.0034919316607999996,-0.0034919316607999996
QQQ,QQQ260520P00691000,2026-05-20,10,put,691.0,21.0,16.0,0.2248,0.0104,3.79,3.96,,-0.228,-0.368,0.3931,https://cdn.cboe.com/api/global/delayed_quotes/options/QQQ.json,0.0104,0.0,-110716.56959999999,-110716.56959999999,0.0,-0.0001107165696,-0.0001107165696
QQQ,QQQ260520C00692000,2026-05-20,10,call,692.0,28.0,4.0,0.2162,0.0106,22.87,24.51,,0.7631,-0.3734,0.4015,https://cdn.cboe.com/api/global/delayed_quotes/options/QQQ.json,0.0106,150460.9792,0.0,150460.9792,0.0001504609792,0.0,0.0001504609792
QQQ,QQQ260520P00692000,2026-05-20,10,put,692.0,87.0,105.0,0.2237,0.0107,3.99,4.16,,-0.2379,-0.3755,0.4021,https://cdn.cboe.com/api/global/delayed_quotes/options/QQQ.json,0.0107,0.0,-471914.16959999996,-471914.16959999996,0.0,-0.0004719141696,-0.0004719141696
QQQ,QQQ260520C00693000,2026-05-20,10,call,693.0,12.0,4.0,0.2153,0.0109,22.09,23.71,,0.753,-0.3806,0.4104,https://cdn.cboe.com/api/global/delayed_quotes/options/QQQ.json,0.0109,66308.2752,0.0,66308.2752,6.63082752e-05,0.0,6.63082752e-05
QQQ,QQQ260520P00693000,2026-05-20,10,put,693.0,151.0,10.0,0.2225,0.011,4.2,4.37,,-0.2482,-0.3829,0.4109,https://cdn.cboe.com/api/global/delayed_quotes/options/QQQ.json,0.011,0.0,-842033.9839999999,-842033.9839999999,0.0,-0.0008420339839999999,-0.0008420339839999999
QQQ,QQQ260520C00694000,2026-05-20,10,call,694.0,159.0,5.0,0.2151,0.0112,21.32,22.93,,0.7426,-0.3876,0.4191,https://cdn.cboe.com/api/global/delayed_quotes/options/QQQ.json,0.0112,902765.8752,0.0,902765.8752,0.0009027658752,0.0,0.0009027658752
QQQ,QQQ260520P00694000,2026-05-20,10,put,694.0,83.0,590.0,0.221,0.0113,4.38,4.88,,-0.2585,-0.3899,0.4201,https://cdn.cboe.com/api/global/delayed_quotes/options/QQQ.json,0.0113,0.0,-475462.7776,-475462.7776,0.0,-0.00047546277759999997,-0.00047546277759999997
QQQ,QQQ260520C00695000,2026-05-20,10,call,695.0,181.0,30.0,0.2196,0.0115,21.06,22.15,,0.7317,-0.3944,0.4277,https://cdn.cboe.com/api/global/delayed_quotes/options/QQQ.json,0.0115,1055203.9360000002,0.0,1055203.9360000002,0.0010552039360000002,0.0,0.0010552039360000002
QQQ,QQQ260520P00695000,2026-05-20,10,put,695.0,406.0,474.0,0.22,0.0116,4.65,4.79,,-0.2693,-0.3967,0.4285,https://cdn.cboe.com/api/global/delayed_quotes/options/QQQ.json,0.0116,0.0,-2387503.4624,-2387503.4624,0.0,-0.0023875034624000003,-0.0023875034624000003
QQQ,QQQ260520C00696000,2026-05-20,10,call,696.0,202.0,5.0,0.2126,0.0118,19.78,21.41,,0.7208,-0.4008,0.436,https://cdn.cboe.com/api/global/delayed_quotes/options/QQQ.json,0.0118,1208351.7184,0.0,1208351.7184,0.0012083517184,0.0,0.0012083517184
QQQ,QQQ260520P00696000,2026-05-20,10,put,696.0,71.0,211.0,0.2185,0.0119,4.58,5.37,,-0.2806,-0.4033,0.4369,https://cdn.cboe.com/api/global/delayed_quotes/options/QQQ.json,0.0119,0.0,-428316.9856,-428316.9856,0.0,-0.00042831698560000003,-0.00042831698560000003
QQQ,QQQ260520C00697000,2026-05-20,10,call,697.0,33.0,4.0,0.2119,0.0121,19.07,20.65,,0.7095,-0.4069,0.4442,https://cdn.cboe.com/api/global/delayed_quotes/options/QQQ.json,0.0121,202422.73919999998,0.0,202422.73919999998,0.0002024227392,0.0,0.0002024227392
QQQ,QQQ260520P00697000,2026-05-20,10,put,697.0,18.0,370.0,0.2176,0.0122,5.1,5.61,,-0.292,-0.4097,0.4449,https://cdn.cboe.com/api/global/delayed_quotes/options/QQQ.json,0.0122,0.0,-111324.9024,-111324.9024,0.0,-0.0001113249024,-0.0001113249024
QQQ,QQQ260520C00698000,2026-05-20,10,call,698.0,38.0,6.0,0.2174,0.0124,18.84,19.95,,0.6977,-0.4128,0.4522,https://cdn.cboe.com/api/global/delayed_quotes/options/QQQ.json,0.0124,238872.01279999997,0.0,238872.01279999997,0.00023887201279999996,0.0,0.00023887201279999996
QQQ,QQQ260520P00698000,2026-05-20,10,put,698.0,34.0,294.0,0.2167,0.0125,5.12,5.88,,-0.3036,-0.4156,0.4526,https://cdn.cboe.com/api/global/delayed_quotes/options/QQQ.json,0.0125,0.0,-215451.20000000004,-215451.20000000004,0.0,-0.00021545120000000004,-0.00021545120000000004
QQQ,QQQ260520C00699000,2026-05-20,10,call,699.0,150.0,18.0,0.2161,0.0126,18.13,19.2,,0.6858,-0.4183,0.4596,https://cdn.cboe.com/api/global/delayed_quotes/options/QQQ.json,0.0126,958124.16,0.0,958124.16,0.00095812416,0.0,0.00095812416
QQQ,QQQ260520P00699000,2026-05-20,10,put,699.0,112.0,58.0,0.2156,0.0127,5.39,5.85,,-0.3157,-0.4212,0.4604,https://cdn.cboe.com/api/global/delayed_quotes/options/QQQ.json,0.0127,0.0,-721077.1455999999,-721077.1455999999,0.0,-0.0007210771455999999,-0.0007210771455999999
QQQ,QQQ260520C00700000,2026-05-20,10,call,700.0,279.0,204.0,0.2158,0.0129,17.53,18.46,,0.6736,-0.4234,0.4666,https://cdn.cboe.com/api/global/delayed_quotes/options/QQQ.json,0.0129,1824542.1504,0.0,1824542.1504,0.0018245421504,0.0,0.0018245421504
QQQ,QQQ260520P00700000,2026-05-20,10,put,700.0,138.0,1045.0,0.2145,0.013,5.93,6.12,,-0.328,-0.4264,0.4673,https://cdn.cboe.com/api/global/delayed_quotes/options/QQQ.json,0.013,0.0,-909457.536,-909457.536,0.0,-0.0009094575359999999,-0.0009094575359999999
QQQ,QQQ260520C00701000,2026-05-20,10,call,701.0,20.0,5.0,0.2134,0.0132,16.24,17.77,,0.661,-0.4281,0.4735,https://cdn.cboe.com/api/global/delayed_quotes/options/QQQ.json,0.0132,133833.21600000001,0.0,133833.21600000001,0.000133833216,0.0,0.000133833216
QQQ,QQQ260520P00701000,2026-05-20,10,put,701.0,11.0,77.0,0.2134,0.0133,5.97,6.76,,-0.3407,-0.4313,0.4742,https://cdn.cboe.com/api/global/delayed_quotes/options/QQQ.json,0.0133,0.0,-74165.9072,-74165.9072,0.0,-7.41659072e-05,-7.41659072e-05
QQQ,QQQ260520C00702000,2026-05-20,10,call,702.0,38.0,32.0,0.2124,0.0134,15.99,17.09,,0.6484,-0.4323,0.4798,https://cdn.cboe.com/api/global/delayed_quotes/options/QQQ.json,0.0134,258135.8848,0.0,258135.8848,0.0002581358848,0.0,0.0002581358848
QQQ,QQQ260520P00702000,2026-05-20,10,put,702.0,13.0,127.0,0.2124,0.0135,6.27,7.08,,-0.3537,-0.4358,0.4805,https://cdn.cboe.com/api/global/delayed_quotes/options/QQQ.json,0.0135,0.0,-88968.67199999999,-88968.67199999999,0.0,-8.896867199999999e-05,-8.896867199999999e-05
QQQ,QQQ260520C00703000,2026-05-20,10,call,703.0,33.0,31.0,0.2121,0.0136,15.37,16.41,,0.6351,-0.4362,0.486,https://cdn.cboe.com/api/global/delayed_quotes/options/QQQ.json,0.0136,227516.46719999998,0.0,227516.46719999998,0.0002275164672,0.0,0.0002275164672
QQQ,QQQ260520P00703000,2026-05-20,10,put,703.0,3.0,238.0,0.2115,0.0138,6.22,7.42,,-0.3669,-0.4398,0.4863,https://cdn.cboe.com/api/global/delayed_quotes/options/QQQ.json,0.0138,0.0,-20987.481599999996,-20987.481599999996,0.0,-2.0987481599999996e-05,-2.0987481599999996e-05
QQQ,QQQ260520C00704000,2026-05-20,10,call,704.0,20.0,60.0,0.2061,0.0139,14.24,15.74,,0.6217,-0.4395,0.4914,https://cdn.cboe.com/api/global/delayed_quotes/options/QQQ.json,0.0139,140930.432,0.0,140930.432,0.000140930432,0.0,0.000140930432
QQQ,QQQ260520P00704000,2026-05-20,10,put,704.0,24.0,268.0,0.2112,0.014,7.26,7.76,,-0.3806,-0.4433,0.4918,https://cdn.cboe.com/api/global/delayed_quotes/options/QQQ.json,0.014,0.0,-170333.18400000004,-170333.18400000004,0.0,-0.00017033318400000005,-0.00017033318400000005
QQQ,QQQ260520C00705000,2026-05-20,10,call,705.0,758.0,296.0,0.2103,0.0141,14.08,15.11,,0.608,-0.4424,0.4964,https://cdn.cboe.com/api/global/delayed_quotes/options/QQQ.json,0.0141,5418116.083199999,0.0,5418116.083199999,0.0054181160832,0.0,0.0054181160832
QQQ,QQQ260520P00705000,2026-05-20,10,put,705.0,65.0,338.0,0.2102,0.0142,7.6,7.77,,-0.3942,-0.4462,0.4968,https://cdn.cboe.com/api/global/delayed_quotes/options/QQQ.json,0.0142,0.0,-467909.31200000003,-467909.31200000003,0.0,-0.000467909312,-0.000467909312
QQQ,QQQ260520C00706000,2026-05-20,10,call,706.0,39.0,20.0,0.2097,0.0143,13.42,14.46,,0.594,-0.4447,0.5008,https://cdn.cboe.com/api/global/delayed_quotes/options/QQQ.json,0.0143,282722.6688,0.0,282722.6688,0.0002827226688,0.0,0.0002827226688
QQQ,QQQ260520P00706000,2026-05-20,10,put,706.0,1.0,301.0,0.2087,0.0144,7.77,8.17,,-0.4082,-0.4487,0.5011,https://cdn.cboe.com/api/global/delayed_quotes/options/QQQ.json,0.0144,0.0,-7299.9936,-7299.9936,0.0,-7.2999936e-06,-7.2999936e-06
QQQ,QQQ260520C00707000,2026-05-20,10,call,707.0,106.0,18.0,0.2042,0.0144,12.37,13.84,,0.5801,-0.4464,0.5047,https://cdn.cboe.com/api/global/delayed_quotes/options/QQQ.json,0.0144,773799.3216,0.0,773799.3216,0.0007737993216,0.0,0.0007737993216
QQQ,QQQ260520C00708000,2026-05-20,10,call,708.0,1.0,29.0,0.2033,0.0146,11.77,13.23,,0.5657,-0.4476,0.508,https://cdn.cboe.com/api/global/delayed_quotes/options/QQQ.json,0.0146,7401.3824,0.0,7401.3824,7.4013824000000005e-06,0.0,7.4013824000000005e-06
QQQ,QQQ260520C00709000,2026-05-20,10,call,709.0,545.0,566.0,0.2025,0.0148,11.19,12.64,,0.5512,-0.4482,0.5107,https://cdn.cboe.com/api/global/delayed_quotes/options/QQQ.json,0.0148,4089010.3040000005,0.0,4089010.3040000005,0.004089010304,0.0,0.004089010304
QQQ,QQQ260520C00710000,2026-05-20,10,call,710.0,309.0,541.0,0.206,0.0149,11.5,11.67,,0.5368,-0.4482,0.5127,https://cdn.cboe.com/api/global/delayed_quotes/options/QQQ.json,0.0149,2334020.8704,0.0,2334020.8704,0.0023340208704,0.0,0.0023340208704
QQQ,QQQ260520P00710000,2026-05-20,10,put,710.0,1.0,310.0,0.2053,0.015,9.57,9.76,,-0.4667,-0.4531,0.5126,https://cdn.cboe.com/api/global/delayed_quotes/options/QQQ.json,0.015,0.0,-7604.16,-7604.16,0.0,-7.60416e-06,-7.60416e-06
QQQ,QQQ260520C00711000,2026-05-20,10,call,711.0,61.0,39.0,0.2045,0.015,10.53,11.51,,0.522,-0.4476,0.5141,https://cdn.cboe.com/api/global/delayed_quotes/options/QQQ.json,0.015,463853.75999999995,0.0,463853.75999999995,0.00046385375999999996,0.0,0.00046385375999999996
QQQ,QQQ260520C00712000,2026-05-20,10,call,712.0,3.0,99.0,0.2037,0.0151,10.0,10.97,,0.5065,-0.4464,0.5147,https://cdn.cboe.com/api/global/delayed_quotes/options/QQQ.json,0.0151,22964.563200000004,0.0,22964.563200000004,2.2964563200000006e-05,0.0,2.2964563200000006e-05
QQQ,QQQ260520C00714000,2026-05-20,10,call,714.0,25.0,90.0,0.2021,0.0152,8.58,9.92,,0.4767,-0.4421,0.514,https://cdn.cboe.com/api/global/delayed_quotes/options/QQQ.json,0.0152,192638.72,0.0,192638.72,0.00019263872,0.0,0.00019263872
QQQ,QQQ260520C00715000,2026-05-20,10,call,715.0,201.0,634.0,0.2014,0.0152,8.82,9.05,,0.4615,-0.439,0.5126,https://cdn.cboe.com/api/global/delayed_quotes/options/QQQ.json,0.0152,1548815.3088000002,0.0,1548815.3088000002,0.0015488153088000002,0.0,0.0015488153088000002
QQQ,QQQ260520C00720000,2026-05-20,10,call,720.0,44.0,504.0,0.198,0.0149,6.6,6.83,,0.385,-0.4141,0.4942,https://cdn.cboe.com/api/global/delayed_quotes/options/QQQ.json,0.0149,332352.4864,0.0,332352.4864,0.0003323524864,0.0,0.0003323524864
QQQ,QQQ260520C00725000,2026-05-20,10,call,725.0,84.0,6167.0,0.1948,0.014,4.84,4.99,,0.3118,-0.3757,0.4587,https://cdn.cboe.com/api/global/delayed_quotes/options/QQQ.json,0.014,596166.144,0.0,596166.144,0.0005961661439999999,0.0,0.0005961661439999999
QQQ,QQQ260520C00730000,2026-05-20,10,call,730.0,59.0,123.0,0.1929,0.0126,3.42,3.58,,0.2441,-0.3272,0.4088,https://cdn.cboe.com/api/global/delayed_quotes/options/QQQ.json,0.0126,376862.1696,0.0,376862.1696,0.0003768621696,0.0,0.0003768621696
QQQ,QQQ260520C00735000,2026-05-20,10,call,735.0,82.0,171.0,0.1912,0.0108,2.36,2.5,,0.1859,-0.2747,0.351,https://cdn.cboe.com/api/global/delayed_quotes/options/QQQ.json,0.0108,448949.6064,0.0,448949.6064,0.0004489496064,0.0,0.0004489496064
QQQ,QQQ260520C00740000,2026-05-20,10,call,740.0,27.0,220.0,0.1909,0.0089,1.6,1.73,,0.1379,-0.2232,0.291,https://cdn.cboe.com/api/global/delayed_quotes/options/QQQ.json,0.0089,121818.64319999999,0.0,121818.64319999999,0.0001218186432,0.0,0.0001218186432
QQQ,QQQ260520C00745000,2026-05-20,10,call,745.0,15.0,110.0,0.1916,0.0071,1.07,1.2,,0.1009,-0.1779,0.2354,https://cdn.cboe.com/api/global/delayed_quotes/options/QQQ.json,0.0071,53989.53600000001,0.0,53989.53600000001,5.398953600000001e-05,0.0,5.398953600000001e-05
QQQ,QQQ260520C00750000,2026-05-20,10,call,750.0,194.0,198.0,0.1943,0.0055,0.73,0.85,,0.0737,-0.1407,0.1877,https://cdn.cboe.com/api/global/delayed_quotes/options/QQQ.json,0.0055,540909.248,0.0,540909.248,0.000540909248,0.0,0.000540909248
