Ticker,option_raw,Expiration,DTE,Side,Strike,Open Interest,Volume,IV,Gamma,Bid,Ask,Last,Delta,Theta,Vega,Source URL Used,Gamma Used,Call GEX,Put GEX,Net GEX,Call GEX Bn,Put GEX Bn,Net GEX Bn
SPY,SPY260518P00500000,2026-05-18,0,put,500.0,10.0,0.0,0.0,0.0,0.0,0.01,,0.0,0.0,0.0,https://cdn.cboe.com/api/global/delayed_quotes/options/SPY.json,0.0,0.0,-0.0,0.0,0.0,-0.0,0.0
SPY,SPY260518P00510000,2026-05-18,0,put,510.0,103.0,0.0,0.0,0.0,0.0,0.01,,0.0,0.0,0.0,https://cdn.cboe.com/api/global/delayed_quotes/options/SPY.json,0.0,0.0,-0.0,0.0,0.0,-0.0,0.0
SPY,SPY260518P00520000,2026-05-18,0,put,520.0,2.0,0.0,0.0,0.0,0.0,0.01,,0.0,0.0,0.0,https://cdn.cboe.com/api/global/delayed_quotes/options/SPY.json,0.0,0.0,-0.0,0.0,0.0,-0.0,0.0
SPY,SPY260518C00530000,2026-05-18,0,call,530.0,7.0,10.0,0.0,0.0,206.73,209.49,,1.0,0.0,0.0,https://cdn.cboe.com/api/global/delayed_quotes/options/SPY.json,0.0,0.0,0.0,0.0,0.0,0.0,0.0
SPY,SPY260518P00535000,2026-05-18,0,put,535.0,15.0,0.0,0.0,0.0,0.0,0.01,,0.0,0.0,0.0,https://cdn.cboe.com/api/global/delayed_quotes/options/SPY.json,0.0,0.0,-0.0,0.0,0.0,-0.0,0.0
SPY,SPY260518P00540000,2026-05-18,0,put,540.0,105.0,0.0,0.0,0.0,0.0,0.01,,0.0,0.0,0.0,https://cdn.cboe.com/api/global/delayed_quotes/options/SPY.json,0.0,0.0,-0.0,0.0,0.0,-0.0,0.0
SPY,SPY260518P00545000,2026-05-18,0,put,545.0,120.0,0.0,0.0,0.0,0.0,0.01,,0.0,0.0,0.0,https://cdn.cboe.com/api/global/delayed_quotes/options/SPY.json,0.0,0.0,-0.0,0.0,0.0,-0.0,0.0
SPY,SPY260518P00550000,2026-05-18,0,put,550.0,15.0,0.0,0.0,0.0,0.0,0.01,,0.0,0.0,0.0,https://cdn.cboe.com/api/global/delayed_quotes/options/SPY.json,0.0,0.0,-0.0,0.0,0.0,-0.0,0.0
SPY,SPY260518P00560000,2026-05-18,0,put,560.0,2.0,0.0,0.0,0.0,0.0,0.01,,0.0,0.0,0.0,https://cdn.cboe.com/api/global/delayed_quotes/options/SPY.json,0.0,0.0,-0.0,0.0,0.0,-0.0,0.0
SPY,SPY260518P00570000,2026-05-18,0,put,570.0,120.0,0.0,0.0,0.0,0.0,0.01,,0.0,0.0,0.0,https://cdn.cboe.com/api/global/delayed_quotes/options/SPY.json,0.0,0.0,-0.0,0.0,0.0,-0.0,0.0
SPY,SPY260518P00575000,2026-05-18,0,put,575.0,229.0,0.0,0.0,0.0,0.0,0.01,,0.0,0.0,0.0,https://cdn.cboe.com/api/global/delayed_quotes/options/SPY.json,0.0,0.0,-0.0,0.0,0.0,-0.0,0.0
SPY,SPY260518P00580000,2026-05-18,0,put,580.0,112.0,0.0,0.0,0.0,0.0,0.01,,0.0,0.0,0.0,https://cdn.cboe.com/api/global/delayed_quotes/options/SPY.json,0.0,0.0,-0.0,0.0,0.0,-0.0,0.0
SPY,SPY260518P00585000,2026-05-18,0,put,585.0,324.0,0.0,0.0,0.0,0.0,0.01,,0.0,0.0,0.0,https://cdn.cboe.com/api/global/delayed_quotes/options/SPY.json,0.0,0.0,-0.0,0.0,0.0,-0.0,0.0
SPY,SPY260518P00590000,2026-05-18,0,put,590.0,175.0,0.0,0.0,0.0,0.0,0.01,,0.0,0.0,0.0,https://cdn.cboe.com/api/global/delayed_quotes/options/SPY.json,0.0,0.0,-0.0,0.0,0.0,-0.0,0.0
SPY,SPY260518P00595000,2026-05-18,0,put,595.0,768.0,0.0,0.0,0.0,0.0,0.01,,0.0,0.0,0.0,https://cdn.cboe.com/api/global/delayed_quotes/options/SPY.json,0.0,0.0,-0.0,0.0,0.0,-0.0,0.0
SPY,SPY260518C00600000,2026-05-18,0,call,600.0,3.0,0.0,0.0,0.0,136.73,139.51,,1.0,0.0,0.0,https://cdn.cboe.com/api/global/delayed_quotes/options/SPY.json,0.0,0.0,0.0,0.0,0.0,0.0,0.0
SPY,SPY260518P00600000,2026-05-18,0,put,600.0,125.0,0.0,0.0,0.0,0.0,0.01,,0.0,0.0,0.0,https://cdn.cboe.com/api/global/delayed_quotes/options/SPY.json,0.0,0.0,-0.0,0.0,0.0,-0.0,0.0
SPY,SPY260518P00605000,2026-05-18,0,put,605.0,388.0,0.0,0.0,0.0,0.0,0.01,,0.0,0.0,0.0,https://cdn.cboe.com/api/global/delayed_quotes/options/SPY.json,0.0,0.0,-0.0,0.0,0.0,-0.0,0.0
SPY,SPY260518P00610000,2026-05-18,0,put,610.0,124.0,0.0,0.0,0.0,0.0,0.01,,0.0,0.0,0.0,https://cdn.cboe.com/api/global/delayed_quotes/options/SPY.json,0.0,0.0,-0.0,0.0,0.0,-0.0,0.0
SPY,SPY260518P00615000,2026-05-18,0,put,615.0,265.0,0.0,0.0,0.0,0.0,0.01,,0.0,0.0,0.0,https://cdn.cboe.com/api/global/delayed_quotes/options/SPY.json,0.0,0.0,-0.0,0.0,0.0,-0.0,0.0
SPY,SPY260518P00620000,2026-05-18,0,put,620.0,74.0,0.0,0.0,0.0,0.0,0.01,,0.0,0.0,0.0,https://cdn.cboe.com/api/global/delayed_quotes/options/SPY.json,0.0,0.0,-0.0,0.0,0.0,-0.0,0.0
SPY,SPY260518P00625000,2026-05-18,0,put,625.0,25.0,0.0,0.0,0.0,0.0,0.01,,0.0,0.0,0.0,https://cdn.cboe.com/api/global/delayed_quotes/options/SPY.json,0.0,0.0,-0.0,0.0,0.0,-0.0,0.0
SPY,SPY260518P00630000,2026-05-18,0,put,630.0,31.0,0.0,0.0,0.0,0.0,0.01,,0.0,0.0,0.0,https://cdn.cboe.com/api/global/delayed_quotes/options/SPY.json,0.0,0.0,-0.0,0.0,0.0,-0.0,0.0
SPY,SPY260518P00635000,2026-05-18,0,put,635.0,70.0,0.0,0.0,0.0,0.0,0.01,,0.0,0.0,0.0,https://cdn.cboe.com/api/global/delayed_quotes/options/SPY.json,0.0,0.0,-0.0,0.0,0.0,-0.0,0.0
SPY,SPY260518P00640000,2026-05-18,0,put,640.0,691.0,0.0,8.3165,0.0,0.0,0.01,,0.0,0.0,0.0,https://cdn.cboe.com/api/global/delayed_quotes/options/SPY.json,0.0,0.0,-0.0,0.0,0.0,-0.0,0.0
SPY,SPY260518C00645000,2026-05-18,0,call,645.0,5.0,5.0,0.0,0.0,91.73,94.49,,1.0,0.0,0.0,https://cdn.cboe.com/api/global/delayed_quotes/options/SPY.json,0.0,0.0,0.0,0.0,0.0,0.0,0.0
SPY,SPY260518P00645000,2026-05-18,0,put,645.0,220.0,0.0,7.894,0.0,0.0,0.01,,0.0,0.0,0.0,https://cdn.cboe.com/api/global/delayed_quotes/options/SPY.json,0.0,0.0,-0.0,0.0,0.0,-0.0,0.0
SPY,SPY260518C00650000,2026-05-18,0,call,650.0,1.0,0.0,0.0,0.0,86.73,89.49,,1.0,0.0,0.0,https://cdn.cboe.com/api/global/delayed_quotes/options/SPY.json,0.0,0.0,0.0,0.0,0.0,0.0,0.0
SPY,SPY260518P00650000,2026-05-18,0,put,650.0,1367.0,0.0,7.4734,0.0,0.0,0.01,,0.0,0.0,0.0,https://cdn.cboe.com/api/global/delayed_quotes/options/SPY.json,0.0,0.0,-0.0,0.0,0.0,-0.0,0.0
SPY,SPY260518C00655000,2026-05-18,0,call,655.0,12.0,12.0,0.0,0.0,81.73,83.3,,1.0,0.0,0.0,https://cdn.cboe.com/api/global/delayed_quotes/options/SPY.json,0.0,0.0,0.0,0.0,0.0,0.0,0.0
SPY,SPY260518P00655000,2026-05-18,0,put,655.0,254.0,0.0,7.0546,0.0,0.0,0.01,,0.0,0.0,0.0,https://cdn.cboe.com/api/global/delayed_quotes/options/SPY.json,0.0,0.0,-0.0,0.0,0.0,-0.0,0.0
SPY,SPY260518C00660000,2026-05-18,0,call,660.0,3.0,0.0,0.0,0.0,76.73,78.3,,1.0,0.0,0.0,https://cdn.cboe.com/api/global/delayed_quotes/options/SPY.json,0.0,0.0,0.0,0.0,0.0,0.0,0.0
SPY,SPY260518P00660000,2026-05-18,0,put,660.0,2384.0,0.0,6.6375,0.0,0.0,0.01,,0.0,0.0,0.0,https://cdn.cboe.com/api/global/delayed_quotes/options/SPY.json,0.0,0.0,-0.0,0.0,0.0,-0.0,0.0
SPY,SPY260518P00665000,2026-05-18,0,put,665.0,605.0,0.0,6.2219,0.0,0.0,0.01,,0.0,0.0,0.0,https://cdn.cboe.com/api/global/delayed_quotes/options/SPY.json,0.0,0.0,-0.0,0.0,0.0,-0.0,0.0
SPY,SPY260518C00670000,2026-05-18,0,call,670.0,13.0,4.0,0.0,0.0,66.73,68.3,,1.0,0.0,0.0,https://cdn.cboe.com/api/global/delayed_quotes/options/SPY.json,0.0,0.0,0.0,0.0,0.0,0.0,0.0
SPY,SPY260518P00670000,2026-05-18,0,put,670.0,790.0,6.0,5.8076,0.0,0.0,0.01,,0.0,0.0,0.0,https://cdn.cboe.com/api/global/delayed_quotes/options/SPY.json,0.0,0.0,-0.0,0.0,0.0,-0.0,0.0
SPY,SPY260518C00675000,2026-05-18,0,call,675.0,14.0,38.0,0.0,0.0,62.99,63.2,,1.0,0.0,0.0,https://cdn.cboe.com/api/global/delayed_quotes/options/SPY.json,0.0,0.0,0.0,0.0,0.0,0.0,0.0
SPY,SPY260518P00675000,2026-05-18,0,put,675.0,969.0,12.0,5.3946,0.0,0.0,0.01,,0.0,0.0,0.0,https://cdn.cboe.com/api/global/delayed_quotes/options/SPY.json,0.0,0.0,-0.0,0.0,0.0,-0.0,0.0
SPY,SPY260518C00680000,2026-05-18,0,call,680.0,30.0,29.0,4.9846,0.0,57.99,58.35,,1.0,0.0,0.0,https://cdn.cboe.com/api/global/delayed_quotes/options/SPY.json,0.0,0.0,0.0,0.0,0.0,0.0,0.0
SPY,SPY260518P00680000,2026-05-18,0,put,680.0,933.0,34.0,4.9824,0.0,0.0,0.01,,0.0,0.0,0.0,https://cdn.cboe.com/api/global/delayed_quotes/options/SPY.json,0.0,0.0,-0.0,0.0,0.0,-0.0,0.0
SPY,SPY260518C00685000,2026-05-18,0,call,685.0,44.0,76.0,0.0,0.0,52.58,53.38,,1.0,0.0,0.0,https://cdn.cboe.com/api/global/delayed_quotes/options/SPY.json,0.0,0.0,0.0,0.0,0.0,0.0,0.0
SPY,SPY260518P00685000,2026-05-18,0,put,685.0,1320.0,50.0,4.5709,0.0,0.0,0.01,,0.0,0.0,0.0,https://cdn.cboe.com/api/global/delayed_quotes/options/SPY.json,0.0,0.0,-0.0,0.0,0.0,-0.0,0.0
SPY,SPY260518P00686000,2026-05-18,0,put,686.0,273.0,6.0,4.4886,0.0,0.0,0.01,,0.0,0.0,0.0,https://cdn.cboe.com/api/global/delayed_quotes/options/SPY.json,0.0,0.0,-0.0,0.0,0.0,-0.0,0.0
SPY,SPY260518C00687000,2026-05-18,0,call,687.0,1.0,0.0,0.0,0.0,50.58,51.38,,1.0,0.0,0.0,https://cdn.cboe.com/api/global/delayed_quotes/options/SPY.json,0.0,0.0,0.0,0.0,0.0,0.0,0.0
SPY,SPY260518P00687000,2026-05-18,0,put,687.0,960.0,25.0,4.4064,0.0,0.0,0.01,,0.0,0.0,0.0,https://cdn.cboe.com/api/global/delayed_quotes/options/SPY.json,0.0,0.0,-0.0,0.0,0.0,-0.0,0.0
SPY,SPY260518P00688000,2026-05-18,0,put,688.0,951.0,17.0,4.3242,0.0,0.0,0.01,,0.0,0.0,0.0,https://cdn.cboe.com/api/global/delayed_quotes/options/SPY.json,0.0,0.0,-0.0,0.0,0.0,-0.0,0.0
SPY,SPY260518C00689000,2026-05-18,0,call,689.0,6.0,4.0,0.0,0.0,48.58,49.38,,1.0,0.0,0.0,https://cdn.cboe.com/api/global/delayed_quotes/options/SPY.json,0.0,0.0,0.0,0.0,0.0,0.0,0.0
SPY,SPY260518P00689000,2026-05-18,0,put,689.0,6302.0,0.0,4.242,0.0,0.0,0.01,,0.0,0.0,0.0,https://cdn.cboe.com/api/global/delayed_quotes/options/SPY.json,0.0,0.0,-0.0,0.0,0.0,-0.0,0.0
SPY,SPY260518C00690000,2026-05-18,0,call,690.0,52.0,27.0,0.0,0.0,47.58,48.38,,1.0,0.0,0.0,https://cdn.cboe.com/api/global/delayed_quotes/options/SPY.json,0.0,0.0,0.0,0.0,0.0,0.0,0.0
SPY,SPY260518P00690000,2026-05-18,0,put,690.0,6036.0,19.0,4.1597,0.0,0.0,0.01,,0.0,0.0,0.0,https://cdn.cboe.com/api/global/delayed_quotes/options/SPY.json,0.0,0.0,-0.0,0.0,0.0,-0.0,0.0
SPY,SPY260518C00691000,2026-05-18,0,call,691.0,1.0,330.0,0.0,0.0,46.58,47.38,,1.0,0.0,0.0,https://cdn.cboe.com/api/global/delayed_quotes/options/SPY.json,0.0,0.0,0.0,0.0,0.0,0.0,0.0
SPY,SPY260518P00691000,2026-05-18,0,put,691.0,2802.0,5.0,4.0775,0.0,0.0,0.01,,0.0,0.0,0.0,https://cdn.cboe.com/api/global/delayed_quotes/options/SPY.json,0.0,0.0,-0.0,0.0,0.0,-0.0,0.0
SPY,SPY260518C00692000,2026-05-18,0,call,692.0,5.0,379.0,0.0,0.0,45.58,46.38,,1.0,0.0,0.0,https://cdn.cboe.com/api/global/delayed_quotes/options/SPY.json,0.0,0.0,0.0,0.0,0.0,0.0,0.0
SPY,SPY260518P00692000,2026-05-18,0,put,692.0,1838.0,2.0,3.9953,0.0,0.0,0.01,,0.0,0.0,0.0,https://cdn.cboe.com/api/global/delayed_quotes/options/SPY.json,0.0,0.0,-0.0,0.0,0.0,-0.0,0.0
SPY,SPY260518C00693000,2026-05-18,0,call,693.0,14.0,47.0,0.0,0.0,44.58,45.29,,1.0,0.0,0.0,https://cdn.cboe.com/api/global/delayed_quotes/options/SPY.json,0.0,0.0,0.0,0.0,0.0,0.0,0.0
SPY,SPY260518P00693000,2026-05-18,0,put,693.0,966.0,4.0,3.9131,0.0,0.0,0.01,,0.0,0.0,0.0,https://cdn.cboe.com/api/global/delayed_quotes/options/SPY.json,0.0,0.0,-0.0,0.0,0.0,-0.0,0.0
SPY,SPY260518C00694000,2026-05-18,0,call,694.0,1.0,34.0,0.0,0.0,43.58,44.38,,1.0,0.0,0.0,https://cdn.cboe.com/api/global/delayed_quotes/options/SPY.json,0.0,0.0,0.0,0.0,0.0,0.0,0.0
SPY,SPY260518P00694000,2026-05-18,0,put,694.0,356.0,2.0,3.8309,0.0,0.0,0.01,,0.0,0.0,0.0,https://cdn.cboe.com/api/global/delayed_quotes/options/SPY.json,0.0,0.0,-0.0,0.0,0.0,-0.0,0.0
SPY,SPY260518C00695000,2026-05-18,0,call,695.0,28.0,27.0,0.0,0.0,42.6,43.37,,1.0,0.0,0.0,https://cdn.cboe.com/api/global/delayed_quotes/options/SPY.json,0.0,0.0,0.0,0.0,0.0,0.0,0.0
SPY,SPY260518P00695000,2026-05-18,0,put,695.0,2803.0,11.0,3.7487,0.0,0.0,0.01,,0.0,0.0,0.0,https://cdn.cboe.com/api/global/delayed_quotes/options/SPY.json,0.0,0.0,-0.0,0.0,0.0,-0.0,0.0
SPY,SPY260518C00696000,2026-05-18,0,call,696.0,4.0,29.0,0.0,0.0,41.58,42.32,,1.0,0.0,0.0,https://cdn.cboe.com/api/global/delayed_quotes/options/SPY.json,0.0,0.0,0.0,0.0,0.0,0.0,0.0
SPY,SPY260518P00696000,2026-05-18,0,put,696.0,148.0,1.0,3.6665,0.0,0.0,0.01,,0.0,0.0,0.0,https://cdn.cboe.com/api/global/delayed_quotes/options/SPY.json,0.0,0.0,-0.0,0.0,0.0,-0.0,0.0
SPY,SPY260518C00697000,2026-05-18,0,call,697.0,7.0,5.0,0.0,0.0,40.59,41.3,,1.0,0.0,0.0,https://cdn.cboe.com/api/global/delayed_quotes/options/SPY.json,0.0,0.0,0.0,0.0,0.0,0.0,0.0
SPY,SPY260518P00697000,2026-05-18,0,put,697.0,320.0,5.0,3.5842,0.0,0.0,0.01,,0.0,0.0,0.0,https://cdn.cboe.com/api/global/delayed_quotes/options/SPY.json,0.0,0.0,-0.0,0.0,0.0,-0.0,0.0
SPY,SPY260518C00698000,2026-05-18,0,call,698.0,6.0,11.0,0.0,0.0,39.58,40.29,,1.0,0.0,0.0,https://cdn.cboe.com/api/global/delayed_quotes/options/SPY.json,0.0,0.0,0.0,0.0,0.0,0.0,0.0
SPY,SPY260518P00698000,2026-05-18,0,put,698.0,217.0,22.0,3.502,0.0,0.0,0.01,,0.0,0.0,0.0,https://cdn.cboe.com/api/global/delayed_quotes/options/SPY.json,0.0,0.0,-0.0,0.0,0.0,-0.0,0.0
SPY,SPY260518C00699000,2026-05-18,0,call,699.0,41.0,46.0,0.0,0.0,38.58,39.35,,1.0,0.0,0.0,https://cdn.cboe.com/api/global/delayed_quotes/options/SPY.json,0.0,0.0,0.0,0.0,0.0,0.0,0.0
SPY,SPY260518P00699000,2026-05-18,0,put,699.0,733.0,38.0,3.4197,0.0,0.0,0.01,,0.0,0.0,0.0,https://cdn.cboe.com/api/global/delayed_quotes/options/SPY.json,0.0,0.0,-0.0,0.0,0.0,-0.0,0.0
SPY,SPY260518C00700000,2026-05-18,0,call,700.0,39.0,66.0,0.0,0.0,37.58,38.29,,1.0,0.0,0.0,https://cdn.cboe.com/api/global/delayed_quotes/options/SPY.json,0.0,0.0,0.0,0.0,0.0,0.0,0.0
SPY,SPY260518P00700000,2026-05-18,0,put,700.0,6427.0,328.0,3.3373,0.0,0.0,0.01,,0.0,0.0,0.0,https://cdn.cboe.com/api/global/delayed_quotes/options/SPY.json,0.0,0.0,-0.0,0.0,0.0,-0.0,0.0
SPY,SPY260518C00701000,2026-05-18,0,call,701.0,3.0,98.0,0.0,0.0,36.59,37.3,,1.0,0.0,0.0,https://cdn.cboe.com/api/global/delayed_quotes/options/SPY.json,0.0,0.0,0.0,0.0,0.0,0.0,0.0
SPY,SPY260518P00701000,2026-05-18,0,put,701.0,3647.0,2791.0,3.255,0.0,0.0,0.01,,0.0,0.0,0.0,https://cdn.cboe.com/api/global/delayed_quotes/options/SPY.json,0.0,0.0,-0.0,0.0,0.0,-0.0,0.0
SPY,SPY260518C00702000,2026-05-18,0,call,702.0,5.0,67.0,0.0,0.0,35.58,36.29,,1.0,0.0,0.0,https://cdn.cboe.com/api/global/delayed_quotes/options/SPY.json,0.0,0.0,0.0,0.0,0.0,0.0,0.0
SPY,SPY260518P00702000,2026-05-18,0,put,702.0,371.0,1999.0,3.1726,0.0,0.0,0.01,,0.0,0.0,0.0,https://cdn.cboe.com/api/global/delayed_quotes/options/SPY.json,0.0,0.0,-0.0,0.0,0.0,-0.0,0.0
SPY,SPY260518C00703000,2026-05-18,0,call,703.0,13.0,132.0,0.0,0.0,34.59,35.37,,1.0,0.0,0.0,https://cdn.cboe.com/api/global/delayed_quotes/options/SPY.json,0.0,0.0,0.0,0.0,0.0,0.0,0.0
SPY,SPY260518P00703000,2026-05-18,0,put,703.0,344.0,992.0,3.0902,0.0,0.0,0.01,,0.0,0.0,0.0,https://cdn.cboe.com/api/global/delayed_quotes/options/SPY.json,0.0,0.0,-0.0,0.0,0.0,-0.0,0.0
SPY,SPY260518C00704000,2026-05-18,0,call,704.0,19.0,105.0,3.826,0.0,33.99,34.38,,1.0,0.0,0.0,https://cdn.cboe.com/api/global/delayed_quotes/options/SPY.json,0.0,0.0,0.0,0.0,0.0,0.0,0.0
SPY,SPY260518P00704000,2026-05-18,0,put,704.0,1424.0,1115.0,3.0077,0.0,0.0,0.01,,0.0,0.0,0.0,https://cdn.cboe.com/api/global/delayed_quotes/options/SPY.json,0.0,0.0,-0.0,0.0,0.0,-0.0,0.0
SPY,SPY260518C00705000,2026-05-18,0,call,705.0,23.0,108.0,0.0,0.0,32.59,33.37,,1.0,0.0,0.0,https://cdn.cboe.com/api/global/delayed_quotes/options/SPY.json,0.0,0.0,0.0,0.0,0.0,0.0,0.0
SPY,SPY260518P00705000,2026-05-18,0,put,705.0,4069.0,5028.0,2.9252,0.0,0.0,0.01,,0.0,0.0,0.0,https://cdn.cboe.com/api/global/delayed_quotes/options/SPY.json,0.0,0.0,-0.0,0.0,0.0,-0.0,0.0
SPY,SPY260518C00706000,2026-05-18,0,call,706.0,5.0,107.0,0.0,0.0,31.59,32.37,,1.0,0.0,0.0,https://cdn.cboe.com/api/global/delayed_quotes/options/SPY.json,0.0,0.0,0.0,0.0,0.0,0.0,0.0
SPY,SPY260518P00706000,2026-05-18,0,put,706.0,1906.0,3854.0,2.8426,0.0,0.0,0.01,,0.0,0.0,0.0,https://cdn.cboe.com/api/global/delayed_quotes/options/SPY.json,0.0,0.0,-0.0,0.0,0.0,-0.0,0.0
SPY,SPY260518C00707000,2026-05-18,0,call,707.0,6.0,61.0,0.0,0.0,30.58,31.35,,1.0,0.0,0.0,https://cdn.cboe.com/api/global/delayed_quotes/options/SPY.json,0.0,0.0,0.0,0.0,0.0,0.0,0.0
SPY,SPY260518P00707000,2026-05-18,0,put,707.0,612.0,882.0,2.7599,0.0,0.0,0.01,,0.0,0.0,0.0,https://cdn.cboe.com/api/global/delayed_quotes/options/SPY.json,0.0,0.0,-0.0,0.0,0.0,-0.0,0.0
SPY,SPY260518C00708000,2026-05-18,0,call,708.0,2.0,101.0,0.0,0.0,29.59,30.38,,1.0,0.0,0.0,https://cdn.cboe.com/api/global/delayed_quotes/options/SPY.json,0.0,0.0,0.0,0.0,0.0,0.0,0.0
SPY,SPY260518P00708000,2026-05-18,0,put,708.0,2874.0,2489.0,2.6772,0.0,0.0,0.01,,0.0,0.0,0.0,https://cdn.cboe.com/api/global/delayed_quotes/options/SPY.json,0.0,0.0,-0.0,0.0,0.0,-0.0,0.0
SPY,SPY260518C00709000,2026-05-18,0,call,709.0,17.0,78.0,0.0,0.0,28.59,29.35,,1.0,0.0,0.0,https://cdn.cboe.com/api/global/delayed_quotes/options/SPY.json,0.0,0.0,0.0,0.0,0.0,0.0,0.0
SPY,SPY260518P00709000,2026-05-18,0,put,709.0,943.0,4029.0,2.5944,0.0,0.0,0.01,,0.0,0.0,0.0,https://cdn.cboe.com/api/global/delayed_quotes/options/SPY.json,0.0,0.0,-0.0,0.0,0.0,-0.0,0.0
SPY,SPY260518C00710000,2026-05-18,0,call,710.0,71.0,158.0,0.0,0.0,27.59,28.38,,1.0,0.0,0.0,https://cdn.cboe.com/api/global/delayed_quotes/options/SPY.json,0.0,0.0,0.0,0.0,0.0,0.0,0.0
SPY,SPY260518P00710000,2026-05-18,0,put,710.0,6221.0,3351.0,2.5115,0.0,0.0,0.01,,0.0,0.0,0.0,https://cdn.cboe.com/api/global/delayed_quotes/options/SPY.json,0.0,0.0,-0.0,0.0,0.0,-0.0,0.0
SPY,SPY260518C00711000,2026-05-18,0,call,711.0,47.0,102.0,0.0,0.0,26.59,27.38,,1.0,0.0,0.0,https://cdn.cboe.com/api/global/delayed_quotes/options/SPY.json,0.0,0.0,0.0,0.0,0.0,0.0,0.0
SPY,SPY260518P00711000,2026-05-18,0,put,711.0,1827.0,2097.0,2.4285,0.0,0.0,0.01,,0.0,0.0,0.0,https://cdn.cboe.com/api/global/delayed_quotes/options/SPY.json,0.0,0.0,-0.0,0.0,0.0,-0.0,0.0
SPY,SPY260518C00712000,2026-05-18,0,call,712.0,8.0,78.0,0.0,0.0,25.59,26.38,,0.9999,-0.0001,0.0,https://cdn.cboe.com/api/global/delayed_quotes/options/SPY.json,0.0,0.0,0.0,0.0,0.0,0.0,0.0
SPY,SPY260518P00712000,2026-05-18,0,put,712.0,2682.0,2089.0,2.3453,0.0,0.0,0.01,,-0.0001,-0.0001,0.0,https://cdn.cboe.com/api/global/delayed_quotes/options/SPY.json,0.0,0.0,-0.0,0.0,0.0,-0.0,0.0
SPY,SPY260518C00713000,2026-05-18,0,call,713.0,211.0,140.0,0.0,0.0001,24.59,25.3,,0.9999,-0.0002,0.0,https://cdn.cboe.com/api/global/delayed_quotes/options/SPY.json,0.0001,11512.240654749998,0.0,11512.240654749998,1.1512240654749998e-05,0.0,1.1512240654749998e-05
SPY,SPY260518P00713000,2026-05-18,0,put,713.0,2217.0,1227.0,2.2621,0.0001,0.0,0.01,,-0.0001,-0.0002,0.0,https://cdn.cboe.com/api/global/delayed_quotes/options/SPY.json,0.0001,0.0,-120960.36744825002,-120960.36744825002,0.0,-0.00012096036744825002,-0.00012096036744825002
SPY,SPY260518C00714000,2026-05-18,0,call,714.0,134.0,63.0,2.4309,0.0001,24.01,24.35,,0.9998,-0.0003,0.0,https://cdn.cboe.com/api/global/delayed_quotes/options/SPY.json,0.0001,7311.091221500001,0.0,7311.091221500001,7.311091221500001e-06,0.0,7.311091221500001e-06
SPY,SPY260518P00714000,2026-05-18,0,put,714.0,3655.0,823.0,2.1787,0.0001,0.0,0.01,,-0.0002,-0.0003,0.0,https://cdn.cboe.com/api/global/delayed_quotes/options/SPY.json,0.0001,0.0,-199418.19712375,-199418.19712375,0.0,-0.00019941819712375,-0.00019941819712375
SPY,SPY260518C00715000,2026-05-18,0,call,715.0,331.0,81.0,2.4159,0.0002,23.02,23.35,,0.9997,-0.0006,0.0,https://cdn.cboe.com/api/global/delayed_quotes/options/SPY.json,0.0002,36118.97304950001,0.0,36118.97304950001,3.611897304950001e-05,0.0,3.611897304950001e-05
SPY,SPY260518P00715000,2026-05-18,0,put,715.0,4897.0,2908.0,2.0952,0.0002,0.0,0.01,,-0.0003,-0.0006,0.0,https://cdn.cboe.com/api/global/delayed_quotes/options/SPY.json,0.0002,0.0,-534364.3837565,-534364.3837565,0.0,-0.0005343643837565,-0.0005343643837565
SPY,SPY260518C00716000,2026-05-18,0,call,716.0,97.0,20.0,2.2477,0.0003,22.01,22.35,,0.9994,-0.001,0.0001,https://cdn.cboe.com/api/global/delayed_quotes/options/SPY.json,0.0003,15877.071234749998,0.0,15877.071234749998,1.587707123475e-05,0.0,1.587707123475e-05
SPY,SPY260518P00716000,2026-05-18,0,put,716.0,3032.0,2215.0,2.0115,0.0003,0.0,0.01,,-0.0006,-0.001,0.0001,https://cdn.cboe.com/api/global/delayed_quotes/options/SPY.json,0.0003,0.0,-496281.236946,-496281.236946,0.0,-0.000496281236946,-0.000496281236946
SPY,SPY260518C00717000,2026-05-18,0,call,717.0,416.0,132.0,2.4278,0.0005,20.99,21.32,,0.999,-0.0017,0.0001,https://cdn.cboe.com/api/global/delayed_quotes/options/SPY.json,0.0005,113485.59508000001,0.0,113485.59508000001,0.00011348559508000001,0.0,0.00011348559508000001
SPY,SPY260518P00717000,2026-05-18,0,put,717.0,10327.0,9664.0,1.9276,0.0005,0.0,0.01,,-0.001,-0.0017,0.0001,https://cdn.cboe.com/api/global/delayed_quotes/options/SPY.json,0.0005,0.0,-2817225.3374787504,-2817225.3374787504,0.0,-0.0028172253374787503,-0.0028172253374787503
SPY,SPY260518C00718000,2026-05-18,0,call,718.0,187.0,58.0,2.3264,0.0007,19.99,20.32,,0.9984,-0.003,0.0002,https://cdn.cboe.com/api/global/delayed_quotes/options/SPY.json,0.0007,71419.54036525,0.0,71419.54036525,7.141954036525e-05,0.0,7.141954036525e-05
SPY,SPY260518P00718000,2026-05-18,0,put,718.0,4988.0,2410.0,1.8436,0.0007,0.0,0.01,,-0.0016,-0.003,0.0002,https://cdn.cboe.com/api/global/delayed_quotes/options/SPY.json,0.0007,0.0,-1905030.3066410003,-1905030.3066410003,0.0,-0.0019050303066410004,-0.0019050303066410004
SPY,SPY260518C00719000,2026-05-18,0,call,719.0,342.0,67.0,2.2608,0.0011,18.99,19.33,,0.9975,-0.005,0.0003,https://cdn.cboe.com/api/global/delayed_quotes/options/SPY.json,0.0011,205256.1580245,0.0,205256.1580245,0.0002052561580245,0.0,0.0002052561580245
SPY,SPY260518P00719000,2026-05-18,0,put,719.0,3440.0,3337.0,1.7594,0.0011,0.0,0.01,,-0.0025,-0.005,0.0003,https://cdn.cboe.com/api/global/delayed_quotes/options/SPY.json,0.0011,0.0,-2064564.86434,-2064564.86434,0.0,-0.0020645648643400002,-0.0020645648643400002
SPY,SPY260518C00720000,2026-05-18,0,call,720.0,1817.0,257.0,2.1574,0.0012,17.99,18.33,,0.9974,-0.005,0.0003,https://cdn.cboe.com/api/global/delayed_quotes/options/SPY.json,0.0012,1189634.574579,0.0,1189634.574579,0.001189634574579,0.0,0.001189634574579
SPY,SPY260518P00720000,2026-05-18,0,put,720.0,25557.0,11500.0,1.6749,0.0012,0.0,0.01,,-0.0026,-0.005,0.0003,https://cdn.cboe.com/api/global/delayed_quotes/options/SPY.json,0.0012,0.0,-16732796.269958999,-16732796.269958999,0.0,-0.016732796269958997,-0.016732796269958997
SPY,SPY260518C00721000,2026-05-18,0,call,721.0,545.0,1693.0,2.0535,0.0014,16.99,17.33,,0.9972,-0.005,0.0003,https://cdn.cboe.com/api/global/delayed_quotes/options/SPY.json,0.0014,416295.7165675,0.0,416295.7165675,0.0004162957165675,0.0,0.0004162957165675
SPY,SPY260518P00721000,2026-05-18,0,put,721.0,6213.0,5086.0,1.5902,0.0014,0.0,0.01,,-0.0028,-0.005,0.0003,https://cdn.cboe.com/api/global/delayed_quotes/options/SPY.json,0.0014,0.0,-4745771.1688695,-4745771.1688695,0.0,-0.0047457711688695,-0.0047457711688695
SPY,SPY260518C00722000,2026-05-18,0,call,722.0,223.0,41.0,2.0071,0.0015,16.02,16.35,,0.9971,-0.005,0.0004,https://cdn.cboe.com/api/global/delayed_quotes/options/SPY.json,0.0015,182504.47862625003,0.0,182504.47862625003,0.00018250447862625002,0.0,0.00018250447862625002
SPY,SPY260518P00722000,2026-05-18,0,put,722.0,5209.0,3224.0,1.5053,0.0015,0.0,0.01,,-0.0029,-0.005,0.0004,https://cdn.cboe.com/api/global/delayed_quotes/options/SPY.json,0.0015,0.0,-4263075.46710375,-4263075.46710375,0.0,-0.0042630754671037505,-0.0042630754671037505
SPY,SPY260518C00723000,2026-05-18,0,call,723.0,205.0,81.0,1.8998,0.0017,14.99,15.35,,0.9969,-0.005,0.0004,https://cdn.cboe.com/api/global/delayed_quotes/options/SPY.json,0.0017,190142.93214124997,0.0,190142.93214124997,0.00019014293214124998,0.0,0.00019014293214124998
SPY,SPY260518P00723000,2026-05-18,0,put,723.0,12284.0,5900.0,1.42,0.0017,0.0,0.01,,-0.0031,-0.005,0.0004,https://cdn.cboe.com/api/global/delayed_quotes/options/SPY.json,0.0017,0.0,-11393735.504503,-11393735.504503,0.0,-0.011393735504503,-0.011393735504503
SPY,SPY260518C00724000,2026-05-18,0,call,724.0,294.0,395.0,1.7386,0.0019,14.02,14.33,,0.9967,-0.005,0.0004,https://cdn.cboe.com/api/global/delayed_quotes/options/SPY.json,0.0019,304774.2952485,0.0,304774.2952485,0.0003047742952485,0.0,0.0003047742952485
SPY,SPY260518P00724000,2026-05-18,0,put,724.0,8025.0,10475.0,1.3344,0.0019,0.0,0.01,,-0.0033,-0.005,0.0004,https://cdn.cboe.com/api/global/delayed_quotes/options/SPY.json,0.0019,0.0,-8319094.283568751,-8319094.283568751,0.0,-0.008319094283568751,-0.008319094283568751
SPY,SPY260518C00725000,2026-05-18,0,call,725.0,1105.0,633.0,1.6832,0.0021,13.02,13.35,,0.9965,-0.005,0.0004,https://cdn.cboe.com/api/global/delayed_quotes/options/SPY.json,0.0021,1266073.6701112501,0.0,1266073.6701112501,0.00126607367011125,0.0,0.00126607367011125
SPY,SPY260518P00725000,2026-05-18,0,put,725.0,18950.0,33560.0,1.2484,0.0021,0.0,0.01,,-0.0035,-0.005,0.0004,https://cdn.cboe.com/api/global/delayed_quotes/options/SPY.json,0.0021,0.0,-21712304.116387498,-21712304.116387498,0.0,-0.0217123041163875,-0.0217123041163875
SPY,SPY260518C00726000,2026-05-18,0,call,726.0,496.0,747.0,1.5737,0.0024,12.02,12.35,,0.9963,-0.005,0.0004,https://cdn.cboe.com/api/global/delayed_quotes/options/SPY.json,0.0024,649486.7903039999,0.0,649486.7903039999,0.0006494867903039999,0.0,0.0006494867903039999
SPY,SPY260518P00726000,2026-05-18,0,put,726.0,5358.0,37305.0,1.162,0.0024,0.0,0.01,,-0.0037,-0.005,0.0004,https://cdn.cboe.com/api/global/delayed_quotes/options/SPY.json,0.0024,0.0,-7016028.674291999,-7016028.674291999,0.0,-0.007016028674291999,-0.007016028674291999
SPY,SPY260518C00727000,2026-05-18,0,call,727.0,277.0,657.0,1.4633,0.0028,11.02,11.35,,0.996,-0.005,0.0005,https://cdn.cboe.com/api/global/delayed_quotes/options/SPY.json,0.0028,423170.324731,0.0,423170.324731,0.000423170324731,0.0,0.000423170324731
SPY,SPY260518P00727000,2026-05-18,0,put,727.0,3873.0,49697.0,1.0751,0.0028,0.0,0.01,,-0.004,-0.005,0.0005,https://cdn.cboe.com/api/global/delayed_quotes/options/SPY.json,0.0028,0.0,-5916746.092719001,-5916746.092719001,0.0,-0.0059167460927190005,-0.0059167460927190005
SPY,SPY260518C00728000,2026-05-18,0,call,728.0,289.0,1183.0,1.3518,0.0032,9.99,10.35,,0.9957,-0.005,0.0005,https://cdn.cboe.com/api/global/delayed_quotes/options/SPY.json,0.0032,504574.41504800005,0.0,504574.41504800005,0.000504574415048,0.0,0.000504574415048
SPY,SPY260518P00728000,2026-05-18,0,put,728.0,11987.0,61979.0,0.9877,0.0032,0.0,0.01,,-0.0043,-0.005,0.0005,https://cdn.cboe.com/api/global/delayed_quotes/options/SPY.json,0.0032,0.0,-20928489.664984003,-20928489.664984003,0.0,-0.020928489664984003,-0.020928489664984003
SPY,SPY260518C00729000,2026-05-18,0,call,729.0,206.0,1625.0,1.2392,0.0038,9.02,9.35,,0.9954,-0.005,0.0005,https://cdn.cboe.com/api/global/delayed_quotes/options/SPY.json,0.0038,427098.672253,0.0,427098.672253,0.000427098672253,0.0,0.000427098672253
SPY,SPY260518P00729000,2026-05-18,0,put,729.0,3777.0,64621.0,0.8997,0.0038,0.0,0.01,,-0.0046,-0.005,0.0005,https://cdn.cboe.com/api/global/delayed_quotes/options/SPY.json,0.0038,0.0,-7830833.4228135,-7830833.4228135,0.0,-0.0078308334228135,-0.0078308334228135
SPY,SPY260518C00730000,2026-05-18,0,call,730.0,1103.0,7091.0,1.067,0.0046,8.02,8.32,,0.9949,-0.005,0.0006,https://cdn.cboe.com/api/global/delayed_quotes/options/SPY.json,0.0046,2768284.6746005006,0.0,2768284.6746005006,0.0027682846746005007,0.0,0.0027682846746005007
SPY,SPY260518P00730000,2026-05-18,0,put,730.0,16658.0,172611.0,0.811,0.0046,0.0,0.01,,-0.0051,-0.005,0.0006,https://cdn.cboe.com/api/global/delayed_quotes/options/SPY.json,0.0046,0.0,-41807874.985943004,-41807874.985943004,0.0,-0.041807874985943,-0.041807874985943
SPY,SPY260518C00731000,2026-05-18,0,call,731.0,408.0,4988.0,0.975,0.0057,6.99,7.33,,0.9943,-0.005,0.0007,https://cdn.cboe.com/api/global/delayed_quotes/options/SPY.json,0.0057,1268856.249606,0.0,1268856.249606,0.001268856249606,0.0,0.001268856249606
SPY,SPY260518P00731000,2026-05-18,0,put,731.0,8551.0,146089.0,0.7214,0.0057,0.0,0.01,,-0.0057,-0.005,0.0007,https://cdn.cboe.com/api/global/delayed_quotes/options/SPY.json,0.0057,0.0,-26593112.231325757,-26593112.231325757,0.0,-0.026593112231325756,-0.026593112231325756
SPY,SPY260518C00732000,2026-05-18,0,call,732.0,565.0,11395.0,0.8769,0.0133,6.0,6.33,,0.985,-0.015,0.0015,https://cdn.cboe.com/api/global/delayed_quotes/options/SPY.json,0.0133,4099939.92417625,0.0,4099939.92417625,0.00409993992417625,0.0,0.00409993992417625
SPY,SPY260518P00732000,2026-05-18,0,put,732.0,10649.0,217966.0,0.7243,0.0133,0.01,0.02,,-0.015,-0.015,0.0015,https://cdn.cboe.com/api/global/delayed_quotes/options/SPY.json,0.0133,0.0,-77274796.90717326,-77274796.90717326,0.0,-0.07727479690717326,-0.07727479690717326
SPY,SPY260518C00733000,2026-05-18,0,call,733.0,816.0,25914.0,0.7984,0.0174,5.0,5.36,,0.9828,-0.015,0.0017,https://cdn.cboe.com/api/global/delayed_quotes/options/SPY.json,0.0174,7746701.313384,0.0,7746701.313384,0.007746701313384,0.0,0.007746701313384
SPY,SPY260518P00733000,2026-05-18,0,put,733.0,7382.0,289574.0,0.6218,0.0174,0.01,0.02,,-0.0172,-0.015,0.0017,https://cdn.cboe.com/api/global/delayed_quotes/options/SPY.json,0.0174,0.0,-70081065.067893,-70081065.067893,0.0,-0.070081065067893,-0.070081065067893
SPY,SPY260518C00734000,2026-05-18,0,call,734.0,916.0,101850.0,0.6726,0.0135,4.02,4.36,,0.9913,-0.005,0.001,https://cdn.cboe.com/api/global/delayed_quotes/options/SPY.json,0.0135,6746936.869035,0.0,6746936.869035,0.006746936869035,0.0,0.006746936869035
SPY,SPY260518P00734000,2026-05-18,0,put,734.0,5265.0,380744.0,0.4457,0.0135,0.0,0.01,,-0.0087,-0.005,0.001,https://cdn.cboe.com/api/global/delayed_quotes/options/SPY.json,0.0135,0.0,-38780155.69374375,-38780155.69374375,0.0,-0.038780155693743754,-0.038780155693743754
SPY,SPY260518C00735000,2026-05-18,0,call,735.0,1794.0,239781.0,0.0,0.036,2.88,3.3,,0.9752,-0.015,0.0024,https://cdn.cboe.com/api/global/delayed_quotes/options/SPY.json,0.036,35237277.27233999,0.0,35237277.27233999,0.035237277272339995,0.0,0.035237277272339995
SPY,SPY260518P00735000,2026-05-18,0,put,735.0,19244.0,541420.0,0.41,0.036,0.01,0.02,,-0.0248,-0.015,0.0024,https://cdn.cboe.com/api/global/delayed_quotes/options/SPY.json,0.036,0.0,-377985598.56684,-377985598.56684,0.0,-0.37798559856684,-0.37798559856684
SPY,SPY260518C00736000,2026-05-18,0,call,736.0,1403.0,293474.0,0.4065,0.0622,2.03,2.36,,0.9672,-0.015,0.0031,https://cdn.cboe.com/api/global/delayed_quotes/options/SPY.json,0.0622,47612990.536578506,0.0,47612990.536578506,0.047612990536578505,0.0,0.047612990536578505
SPY,SPY260518P00736000,2026-05-18,0,put,736.0,6829.0,478927.0,0.2986,0.0622,0.01,0.02,,-0.0328,-0.015,0.0031,https://cdn.cboe.com/api/global/delayed_quotes/options/SPY.json,0.0622,0.0,-231752752.93962547,-231752752.93962547,0.0,-0.23175275293962547,-0.23175275293962547
SPY,SPY260518C00737000,2026-05-18,0,call,737.0,1837.0,448452.0,0.0,0.171,0.93,1.26,,0.9289,-0.025,0.0056,https://cdn.cboe.com/api/global/delayed_quotes/options/SPY.json,0.171,171388891.9504575,0.0,171388891.9504575,0.1713888919504575,0.0,0.1713888919504575
SPY,SPY260518P00737000,2026-05-18,0,put,737.0,7332.0,395694.0,0.2015,0.171,0.02,0.03,,-0.0711,-0.025,0.0056,https://cdn.cboe.com/api/global/delayed_quotes/options/SPY.json,0.171,0.0,-684062795.7434701,-684062795.7434701,0.0,-0.6840627957434701,-0.6840627957434701
SPY,SPY260518C00738000,2026-05-18,0,call,738.0,2343.0,510391.0,0.1282,0.6988,0.25,0.28,,0.619,-0.145,0.0151,https://cdn.cboe.com/api/global/delayed_quotes/options/SPY.json,0.6988,893310809.5749091,0.0,893310809.5749091,0.893310809574909,0.0,0.893310809574909
SPY,SPY260518P00738000,2026-05-18,0,put,738.0,5966.0,282957.0,0.1444,0.6758,0.16,0.18,,-0.3854,-0.153,0.0152,https://cdn.cboe.com/api/global/delayed_quotes/options/SPY.json,0.6758,0.0,-2199777931.322653,-2199777931.322653,0.0,-2.199777931322653,-2.199777931322653
SPY,SPY260518C00739000,2026-05-18,0,call,739.0,4407.0,407264.0,0.1706,0.2751,0.02,0.03,,0.108,-0.035,0.0077,https://cdn.cboe.com/api/global/delayed_quotes/options/SPY.json,0.2751,661471360.1878884,0.0,661471360.1878884,0.6614713601878884,0.0,0.6614713601878884
SPY,SPY260518P00739000,2026-05-18,0,put,739.0,7723.0,187559.0,0.0,0.2752,0.73,1.02,,-0.892,-0.035,0.0076,https://cdn.cboe.com/api/global/delayed_quotes/options/SPY.json,0.2752,0.0,-1159609777.985296,-1159609777.985296,0.0,-1.159609777985296,-1.159609777985296
SPY,SPY260518C00740000,2026-05-18,0,call,740.0,7123.0,505121.0,0.2599,0.0788,0.01,0.02,,0.037,-0.015,0.0034,https://cdn.cboe.com/api/global/delayed_quotes/options/SPY.json,0.0788,306243278.9801989,0.0,306243278.9801989,0.30624327898019893,0.0,0.30624327898019893
SPY,SPY260518P00740000,2026-05-18,0,put,740.0,5762.0,119348.0,0.0,0.0788,1.71,2.03,,-0.963,-0.015,0.0034,https://cdn.cboe.com/api/global/delayed_quotes/options/SPY.json,0.0788,0.0,-247729014.949306,-247729014.949306,0.0,-0.24772901494930602,-0.24772901494930602
SPY,SPY260518C00741000,2026-05-18,0,call,741.0,8536.0,410859.0,0.3723,0.0426,0.01,0.02,,0.0271,-0.015,0.0026,https://cdn.cboe.com/api/global/delayed_quotes/options/SPY.json,0.0426,198399882.149436,0.0,198399882.149436,0.198399882149436,0.0,0.198399882149436
SPY,SPY260518P00741000,2026-05-18,0,put,741.0,4340.0,48114.0,0.5813,0.0426,2.67,3.24,,-0.9729,-0.015,0.0026,https://cdn.cboe.com/api/global/delayed_quotes/options/SPY.json,0.0426,0.0,-100873417.11908999,-100873417.11908999,0.0,-0.10087341711909,-0.10087341711909
SPY,SPY260518C00742000,2026-05-18,0,call,742.0,12030.0,334037.0,0.4797,0.0274,0.01,0.02,,0.0217,-0.015,0.0021,https://cdn.cboe.com/api/global/delayed_quotes/options/SPY.json,0.0274,179843023.18009502,0.0,179843023.18009502,0.179843023180095,0.0,0.179843023180095
SPY,SPY260518P00742000,2026-05-18,0,put,742.0,4033.0,16958.0,0.0,0.0274,3.65,4.0,,-0.9783,-0.015,0.0021,https://cdn.cboe.com/api/global/delayed_quotes/options/SPY.json,0.0274,0.0,-60291513.922304496,-60291513.922304496,0.0,-0.060291513922304495,-0.060291513922304495
SPY,SPY260518C00743000,2026-05-18,0,call,743.0,9316.0,260291.0,0.5051,0.0108,0.0,0.01,,0.0078,-0.005,0.0009,https://cdn.cboe.com/api/global/delayed_quotes/options/SPY.json,0.0108,54894728.272428006,0.0,54894728.272428006,0.05489472827242801,0.0,0.05489472827242801
SPY,SPY260518P00743000,2026-05-18,0,put,743.0,2376.0,8142.0,0.0,0.0108,4.69,5.0,,-0.9922,-0.005,0.0009,https://cdn.cboe.com/api/global/delayed_quotes/options/SPY.json,0.0108,0.0,-14000630.568408003,-14000630.568408003,0.0,-0.014000630568408003,-0.014000630568408003
SPY,SPY260518C00744000,2026-05-18,0,call,744.0,7090.0,133214.0,0.596,0.008,0.0,0.01,,0.0067,-0.005,0.0008,https://cdn.cboe.com/api/global/delayed_quotes/options/SPY.json,0.008,30946648.812200002,0.0,30946648.812200002,0.030946648812200002,0.0,0.030946648812200002
SPY,SPY260518P00744000,2026-05-18,0,put,744.0,1726.0,5685.0,0.0,0.008,5.69,6.0,,-0.9933,-0.005,0.0008,https://cdn.cboe.com/api/global/delayed_quotes/options/SPY.json,0.008,0.0,-7533697.581080001,-7533697.581080001,0.0,-0.007533697581080001,-0.007533697581080001
SPY,SPY260518C00745000,2026-05-18,0,call,745.0,14326.0,140510.0,0.6853,0.0062,0.0,0.01,,0.006,-0.005,0.0007,https://cdn.cboe.com/api/global/delayed_quotes/options/SPY.json,0.0062,48461186.239037,0.0,48461186.239037,0.048461186239037,0.0,0.048461186239037
SPY,SPY260518P00745000,2026-05-18,0,put,745.0,3993.0,5090.0,0.0,0.0062,6.69,7.01,,-0.994,-0.005,0.0007,https://cdn.cboe.com/api/global/delayed_quotes/options/SPY.json,0.0062,0.0,-13507295.5921035,-13507295.5921035,0.0,-0.0135072955921035,-0.0135072955921035
SPY,SPY260518C00746000,2026-05-18,0,call,746.0,7714.0,36976.0,0.7733,0.005,0.0,0.01,,0.0053,-0.005,0.0006,https://cdn.cboe.com/api/global/delayed_quotes/options/SPY.json,0.005,21043939.433825,0.0,21043939.433825,0.021043939433825,0.0,0.021043939433825
SPY,SPY260518P00746000,2026-05-18,0,put,746.0,1589.0,1225.0,0.0,0.005,7.69,7.98,,-0.9947,-0.005,0.0006,https://cdn.cboe.com/api/global/delayed_quotes/options/SPY.json,0.005,0.0,-4334822.3697625,-4334822.3697625,0.0,-0.0043348223697625,-0.0043348223697625
SPY,SPY260518C00747000,2026-05-18,0,call,747.0,8236.0,36040.0,0.8601,0.0042,0.0,0.01,,0.0048,-0.005,0.0006,https://cdn.cboe.com/api/global/delayed_quotes/options/SPY.json,0.0042,18873090.944862,0.0,18873090.944862,0.018873090944862,0.0,0.018873090944862
SPY,SPY260518P00747000,2026-05-18,0,put,747.0,2040.0,1086.0,0.0,0.0042,8.69,9.01,,-0.9952,-0.005,0.0006,https://cdn.cboe.com/api/global/delayed_quotes/options/SPY.json,0.0042,0.0,-4674733.5511799995,-4674733.5511799995,0.0,-0.00467473355118,-0.00467473355118
SPY,SPY260518C00748000,2026-05-18,0,call,748.0,8429.0,26022.0,0.946,0.0035,0.0,0.01,,0.0044,-0.005,0.0005,https://cdn.cboe.com/api/global/delayed_quotes/options/SPY.json,0.0035,16096131.169483751,0.0,16096131.169483751,0.01609613116948375,0.0,0.01609613116948375
SPY,SPY260518P00748000,2026-05-18,0,put,748.0,1724.0,772.0,0.0,0.0035,9.65,9.99,,-0.9956,-0.005,0.0005,https://cdn.cboe.com/api/global/delayed_quotes/options/SPY.json,0.0035,0.0,-3292173.4649650003,-3292173.4649650003,0.0,-0.0032921734649650003,-0.0032921734649650003
SPY,SPY260518C00749000,2026-05-18,0,call,749.0,8226.0,13806.0,1.0311,0.003,0.0,0.01,,0.0041,-0.005,0.0005,https://cdn.cboe.com/api/global/delayed_quotes/options/SPY.json,0.003,13464411.131655002,0.0,13464411.131655002,0.013464411131655002,0.0,0.013464411131655002
SPY,SPY260518P00749000,2026-05-18,0,put,749.0,1665.0,257.0,0.0,0.003,10.68,11.01,,-0.9959,-0.005,0.0005,https://cdn.cboe.com/api/global/delayed_quotes/options/SPY.json,0.003,0.0,-2725291.0933875,-2725291.0933875,0.0,-0.0027252910933875,-0.0027252910933875
SPY,SPY260518C00750000,2026-05-18,0,call,750.0,19025.0,25626.0,1.1154,0.0026,0.0,0.01,,0.0038,-0.005,0.0004,https://cdn.cboe.com/api/global/delayed_quotes/options/SPY.json,0.0026,26988293.079962503,0.0,26988293.079962503,0.026988293079962502,0.0,0.026988293079962502
SPY,SPY260518P00750000,2026-05-18,0,put,750.0,1342.0,814.0,0.0,0.0026,11.64,12.01,,-0.9962,-0.005,0.0004,https://cdn.cboe.com/api/global/delayed_quotes/options/SPY.json,0.0026,0.0,-1903720.857467,-1903720.857467,0.0,-0.001903720857467,-0.001903720857467
SPY,SPY260518C00751000,2026-05-18,0,call,751.0,10473.0,9200.0,1.1989,0.0023,0.0,0.01,,0.0036,-0.005,0.0004,https://cdn.cboe.com/api/global/delayed_quotes/options/SPY.json,0.0023,13142450.315997751,0.0,13142450.315997751,0.013142450315997752,0.0,0.013142450315997752
SPY,SPY260518P00751000,2026-05-18,0,put,751.0,9.0,31.0,0.0,0.0023,12.69,13.02,,-0.9964,-0.005,0.0004,https://cdn.cboe.com/api/global/delayed_quotes/options/SPY.json,0.0023,0.0,-11293.99912575,-11293.99912575,0.0,-1.1293999125750001e-05,-1.1293999125750001e-05
SPY,SPY260518C00752000,2026-05-18,0,call,752.0,3968.0,4043.0,1.2818,0.002,0.0,0.01,,0.0034,-0.005,0.0004,https://cdn.cboe.com/api/global/delayed_quotes/options/SPY.json,0.002,4329911.9353600005,0.0,4329911.9353600005,0.00432991193536,0.0,0.00432991193536
SPY,SPY260518P00752000,2026-05-18,0,put,752.0,4.0,34.0,0.0,0.002,13.68,13.99,,-0.9966,-0.005,0.0004,https://cdn.cboe.com/api/global/delayed_quotes/options/SPY.json,0.002,0.0,-4364.83058,-4364.83058,0.0,-4.36483058e-06,-4.36483058e-06
SPY,SPY260518C00753000,2026-05-18,0,call,753.0,3771.0,4013.0,1.3641,0.0018,0.0,0.01,,0.0032,-0.005,0.0004,https://cdn.cboe.com/api/global/delayed_quotes/options/SPY.json,0.0018,3703449.6263655,0.0,3703449.6263655,0.0037034496263655,0.0,0.0037034496263655
SPY,SPY260518P00753000,2026-05-18,0,put,753.0,307.0,268.0,0.0,0.0018,14.69,15.01,,-0.9968,-0.005,0.0004,https://cdn.cboe.com/api/global/delayed_quotes/options/SPY.json,0.0018,0.0,-301500.6723135,-301500.6723135,0.0,-0.0003015006723135,-0.0003015006723135
SPY,SPY260518C00754000,2026-05-18,0,call,754.0,3012.0,7486.0,1.4458,0.0016,0.0,0.01,,0.003,-0.005,0.0004,https://cdn.cboe.com/api/global/delayed_quotes/options/SPY.json,0.0016,2629373.9413920003,0.0,2629373.9413920003,0.0026293739413920003,0.0,0.0026293739413920003
SPY,SPY260518P00754000,2026-05-18,0,put,754.0,1.0,33.0,0.0,0.0016,15.68,15.99,,-0.997,-0.005,0.0004,https://cdn.cboe.com/api/global/delayed_quotes/options/SPY.json,0.0016,0.0,-872.966116,-872.966116,0.0,-8.729661160000001e-07,-8.729661160000001e-07
SPY,SPY260518C00755000,2026-05-18,0,call,755.0,8754.0,5123.0,1.527,0.0015,0.0,0.01,,0.0029,-0.005,0.0004,https://cdn.cboe.com/api/global/delayed_quotes/options/SPY.json,0.0015,7164323.7932474995,0.0,7164323.7932474995,0.007164323793247499,0.0,0.007164323793247499
SPY,SPY260518P00755000,2026-05-18,0,put,755.0,1.0,37.0,0.0,0.0015,16.68,17.01,,-0.9971,-0.005,0.0004,https://cdn.cboe.com/api/global/delayed_quotes/options/SPY.json,0.0015,0.0,-818.40573375,-818.40573375,0.0,-8.184057337499999e-07,-8.184057337499999e-07
SPY,SPY260518C00756000,2026-05-18,0,call,756.0,8330.0,1060.0,1.6077,0.0013,0.0,0.01,,0.0028,-0.005,0.0003,https://cdn.cboe.com/api/global/delayed_quotes/options/SPY.json,0.0013,5908343.7938525,0.0,5908343.7938525,0.005908343793852499,0.0,0.005908343793852499
SPY,SPY260518P00756000,2026-05-18,0,put,756.0,8.0,27.0,0.0,0.0013,17.65,17.99,,-0.9972,-0.005,0.0003,https://cdn.cboe.com/api/global/delayed_quotes/options/SPY.json,0.0013,0.0,-5674.279754,-5674.279754,0.0,-5.674279754e-06,-5.674279754e-06
SPY,SPY260518C00757000,2026-05-18,0,call,757.0,2327.0,944.0,1.6879,0.0012,0.0,0.01,,0.0026,-0.005,0.0003,https://cdn.cboe.com/api/global/delayed_quotes/options/SPY.json,0.0012,1523544.1139489997,0.0,1523544.1139489997,0.0015235441139489997,0.0,0.0015235441139489997
SPY,SPY260518C00758000,2026-05-18,0,call,758.0,1710.0,101.0,1.7677,0.0008,0.0,0.01,,0.0017,-0.003,0.0002,https://cdn.cboe.com/api/global/delayed_quotes/options/SPY.json,0.0008,746386.0291800002,0.0,746386.0291800002,0.0007463860291800001,0.0,0.0007463860291800001
SPY,SPY260518P00758000,2026-05-18,0,put,758.0,9.0,11.0,0.0,0.0008,19.65,19.98,,-0.9983,-0.003,0.0002,https://cdn.cboe.com/api/global/delayed_quotes/options/SPY.json,0.0008,0.0,-3928.3475220000005,-3928.3475220000005,0.0,-3.928347522e-06,-3.928347522e-06
SPY,SPY260518C00759000,2026-05-18,0,call,759.0,1732.0,41.0,1.847,0.0005,0.0,0.01,,0.001,-0.0018,0.0001,https://cdn.cboe.com/api/global/delayed_quotes/options/SPY.json,0.0005,472492.910285,0.0,472492.910285,0.00047249291028499997,0.0,0.00047249291028499997
SPY,SPY260518P00759000,2026-05-18,0,put,759.0,1.0,1.0,0.0,0.0005,20.65,20.99,,-0.999,-0.0018,0.0001,https://cdn.cboe.com/api/global/delayed_quotes/options/SPY.json,0.0005,0.0,-272.80191125,-272.80191125,0.0,-2.7280191125e-07,-2.7280191125e-07
SPY,SPY260518C00760000,2026-05-18,0,call,760.0,5527.0,276.0,1.926,0.0003,0.0,0.01,,0.0006,-0.001,0.0001,https://cdn.cboe.com/api/global/delayed_quotes/options/SPY.json,0.0003,904665.69808725,0.0,904665.69808725,0.00090466569808725,0.0,0.00090466569808725
SPY,SPY260518P00760000,2026-05-18,0,put,760.0,19.0,21.0,0.0,0.0003,21.68,22.01,,-0.9994,-0.001,0.0001,https://cdn.cboe.com/api/global/delayed_quotes/options/SPY.json,0.0003,0.0,-3109.9417882499997,-3109.9417882499997,0.0,-3.1099417882499997e-06,-3.1099417882499997e-06
SPY,SPY260518C00761000,2026-05-18,0,call,761.0,2551.0,26.0,2.0046,0.0002,0.0,0.01,,0.0004,-0.0006,0.0,https://cdn.cboe.com/api/global/delayed_quotes/options/SPY.json,0.0002,278367.0702395,0.0,278367.0702395,0.00027836707023950005,0.0,0.00027836707023950005
SPY,SPY260518C00762000,2026-05-18,0,call,762.0,1243.0,10.0,2.0828,0.0001,0.0,0.01,,0.0002,-0.0003,0.0,https://cdn.cboe.com/api/global/delayed_quotes/options/SPY.json,0.0001,67818.55513675,0.0,67818.55513675,6.781855513675e-05,0.0,6.781855513675e-05
SPY,SPY260518C00763000,2026-05-18,0,call,763.0,1939.0,33.0,2.1606,0.0001,0.0,0.01,,0.0001,-0.0002,0.0,https://cdn.cboe.com/api/global/delayed_quotes/options/SPY.json,0.0001,105792.58118275,0.0,105792.58118275,0.00010579258118275,0.0,0.00010579258118275
SPY,SPY260518C00764000,2026-05-18,0,call,764.0,1293.0,151.0,2.2381,0.0,0.0,0.01,,0.0001,-0.0001,0.0,https://cdn.cboe.com/api/global/delayed_quotes/options/SPY.json,0.0,0.0,0.0,0.0,0.0,0.0,0.0
SPY,SPY260518C00765000,2026-05-18,0,call,765.0,4489.0,318.0,2.3153,0.0,0.0,0.01,,0.0,0.0,0.0,https://cdn.cboe.com/api/global/delayed_quotes/options/SPY.json,0.0,0.0,0.0,0.0,0.0,0.0,0.0
SPY,SPY260518C00766000,2026-05-18,0,call,766.0,1376.0,144.0,2.3921,0.0,0.0,0.01,,0.0,0.0,0.0,https://cdn.cboe.com/api/global/delayed_quotes/options/SPY.json,0.0,0.0,0.0,0.0,0.0,0.0,0.0
SPY,SPY260518C00767000,2026-05-18,0,call,767.0,750.0,8.0,2.4687,0.0,0.0,0.01,,0.0,0.0,0.0,https://cdn.cboe.com/api/global/delayed_quotes/options/SPY.json,0.0,0.0,0.0,0.0,0.0,0.0,0.0
SPY,SPY260518C00768000,2026-05-18,0,call,768.0,1780.0,450.0,2.5449,0.0,0.0,0.01,,0.0,0.0,0.0,https://cdn.cboe.com/api/global/delayed_quotes/options/SPY.json,0.0,0.0,0.0,0.0,0.0,0.0,0.0
SPY,SPY260518C00769000,2026-05-18,0,call,769.0,817.0,450.0,2.6208,0.0,0.0,0.01,,0.0,0.0,0.0,https://cdn.cboe.com/api/global/delayed_quotes/options/SPY.json,0.0,0.0,0.0,0.0,0.0,0.0,0.0
SPY,SPY260518C00770000,2026-05-18,0,call,770.0,881.0,0.0,2.6964,0.0,0.0,0.01,,0.0,0.0,0.0,https://cdn.cboe.com/api/global/delayed_quotes/options/SPY.json,0.0,0.0,0.0,0.0,0.0,0.0,0.0
SPY,SPY260518C00771000,2026-05-18,0,call,771.0,57.0,0.0,2.7718,0.0,0.0,0.01,,0.0,0.0,0.0,https://cdn.cboe.com/api/global/delayed_quotes/options/SPY.json,0.0,0.0,0.0,0.0,0.0,0.0,0.0
SPY,SPY260518C00772000,2026-05-18,0,call,772.0,1291.0,0.0,2.8469,0.0,0.0,0.01,,0.0,0.0,0.0,https://cdn.cboe.com/api/global/delayed_quotes/options/SPY.json,0.0,0.0,0.0,0.0,0.0,0.0,0.0
SPY,SPY260518C00773000,2026-05-18,0,call,773.0,1800.0,0.0,2.9217,0.0,0.0,0.01,,0.0,0.0,0.0,https://cdn.cboe.com/api/global/delayed_quotes/options/SPY.json,0.0,0.0,0.0,0.0,0.0,0.0,0.0
SPY,SPY260518C00774000,2026-05-18,0,call,774.0,346.0,8.0,2.9963,0.0,0.0,0.01,,0.0,0.0,0.0,https://cdn.cboe.com/api/global/delayed_quotes/options/SPY.json,0.0,0.0,0.0,0.0,0.0,0.0,0.0
SPY,SPY260518C00775000,2026-05-18,0,call,775.0,3014.0,1.0,3.0706,0.0,0.0,0.01,,0.0,0.0,0.0,https://cdn.cboe.com/api/global/delayed_quotes/options/SPY.json,0.0,0.0,0.0,0.0,0.0,0.0,0.0
SPY,SPY260518C00776000,2026-05-18,0,call,776.0,1956.0,0.0,3.1447,0.0,0.0,0.01,,0.0,0.0,0.0,https://cdn.cboe.com/api/global/delayed_quotes/options/SPY.json,0.0,0.0,0.0,0.0,0.0,0.0,0.0
SPY,SPY260518C00777000,2026-05-18,0,call,777.0,2433.0,1.0,3.2185,0.0,0.0,0.01,,0.0,0.0,0.0,https://cdn.cboe.com/api/global/delayed_quotes/options/SPY.json,0.0,0.0,0.0,0.0,0.0,0.0,0.0
SPY,SPY260518C00778000,2026-05-18,0,call,778.0,754.0,120.0,3.2921,0.0,0.0,0.01,,0.0,0.0,0.0,https://cdn.cboe.com/api/global/delayed_quotes/options/SPY.json,0.0,0.0,0.0,0.0,0.0,0.0,0.0
SPY,SPY260518C00779000,2026-05-18,0,call,779.0,512.0,120.0,3.3655,0.0,0.0,0.01,,0.0,0.0,0.0,https://cdn.cboe.com/api/global/delayed_quotes/options/SPY.json,0.0,0.0,0.0,0.0,0.0,0.0,0.0
SPY,SPY260518C00780000,2026-05-18,0,call,780.0,250.0,0.0,3.4386,0.0,0.0,0.01,,0.0,0.0,0.0,https://cdn.cboe.com/api/global/delayed_quotes/options/SPY.json,0.0,0.0,0.0,0.0,0.0,0.0,0.0
SPY,SPY260518C00782000,2026-05-18,0,call,782.0,544.0,0.0,3.5843,0.0,0.0,0.01,,0.0,0.0,0.0,https://cdn.cboe.com/api/global/delayed_quotes/options/SPY.json,0.0,0.0,0.0,0.0,0.0,0.0,0.0
SPY,SPY260518C00783000,2026-05-18,0,call,783.0,5.0,0.0,3.6568,0.0,0.0,0.01,,0.0,0.0,0.0,https://cdn.cboe.com/api/global/delayed_quotes/options/SPY.json,0.0,0.0,0.0,0.0,0.0,0.0,0.0
SPY,SPY260518C00784000,2026-05-18,0,call,784.0,861.0,0.0,3.7291,0.0,0.0,0.01,,0.0,0.0,0.0,https://cdn.cboe.com/api/global/delayed_quotes/options/SPY.json,0.0,0.0,0.0,0.0,0.0,0.0,0.0
SPY,SPY260518C00785000,2026-05-18,0,call,785.0,2545.0,0.0,3.8012,0.0,0.0,0.01,,0.0,0.0,0.0,https://cdn.cboe.com/api/global/delayed_quotes/options/SPY.json,0.0,0.0,0.0,0.0,0.0,0.0,0.0
SPY,SPY260518C00786000,2026-05-18,0,call,786.0,204.0,0.0,3.873,0.0,0.0,0.01,,0.0,0.0,0.0,https://cdn.cboe.com/api/global/delayed_quotes/options/SPY.json,0.0,0.0,0.0,0.0,0.0,0.0,0.0
SPY,SPY260518C00789000,2026-05-18,0,call,789.0,155.0,0.0,4.0875,0.0,0.0,0.01,,0.0,0.0,0.0,https://cdn.cboe.com/api/global/delayed_quotes/options/SPY.json,0.0,0.0,0.0,0.0,0.0,0.0,0.0
SPY,SPY260518C00790000,2026-05-18,0,call,790.0,3998.0,0.0,4.1586,0.0,0.0,0.01,,0.0,0.0,0.0,https://cdn.cboe.com/api/global/delayed_quotes/options/SPY.json,0.0,0.0,0.0,0.0,0.0,0.0,0.0
SPY,SPY260518C00791000,2026-05-18,0,call,791.0,2.0,1.0,4.2295,0.0,0.0,0.01,,0.0,0.0,0.0,https://cdn.cboe.com/api/global/delayed_quotes/options/SPY.json,0.0,0.0,0.0,0.0,0.0,0.0,0.0
SPY,SPY260518C00792000,2026-05-18,0,call,792.0,31.0,1.0,4.3002,0.0,0.0,0.01,,0.0,0.0,0.0,https://cdn.cboe.com/api/global/delayed_quotes/options/SPY.json,0.0,0.0,0.0,0.0,0.0,0.0,0.0
SPY,SPY260518C00793000,2026-05-18,0,call,793.0,562.0,0.0,4.3707,0.0,0.0,0.01,,0.0,0.0,0.0,https://cdn.cboe.com/api/global/delayed_quotes/options/SPY.json,0.0,0.0,0.0,0.0,0.0,0.0,0.0
SPY,SPY260518C00794000,2026-05-18,0,call,794.0,417.0,0.0,4.441,0.0,0.0,0.01,,0.0,0.0,0.0,https://cdn.cboe.com/api/global/delayed_quotes/options/SPY.json,0.0,0.0,0.0,0.0,0.0,0.0,0.0
SPY,SPY260518C00795000,2026-05-18,0,call,795.0,283.0,0.0,4.5112,0.0,0.0,0.01,,0.0,0.0,0.0,https://cdn.cboe.com/api/global/delayed_quotes/options/SPY.json,0.0,0.0,0.0,0.0,0.0,0.0,0.0
SPY,SPY260518C00796000,2026-05-18,0,call,796.0,147.0,0.0,4.5812,0.0,0.0,0.01,,0.0,0.0,0.0,https://cdn.cboe.com/api/global/delayed_quotes/options/SPY.json,0.0,0.0,0.0,0.0,0.0,0.0,0.0
SPY,SPY260518C00797000,2026-05-18,0,call,797.0,543.0,0.0,4.651,0.0,0.0,0.01,,0.0,0.0,0.0,https://cdn.cboe.com/api/global/delayed_quotes/options/SPY.json,0.0,0.0,0.0,0.0,0.0,0.0,0.0
SPY,SPY260518C00798000,2026-05-18,0,call,798.0,272.0,0.0,4.7207,0.0,0.0,0.01,,0.0,0.0,0.0,https://cdn.cboe.com/api/global/delayed_quotes/options/SPY.json,0.0,0.0,0.0,0.0,0.0,0.0,0.0
SPY,SPY260518C00799000,2026-05-18,0,call,799.0,1801.0,0.0,4.7901,0.0,0.0,0.01,,0.0,0.0,0.0,https://cdn.cboe.com/api/global/delayed_quotes/options/SPY.json,0.0,0.0,0.0,0.0,0.0,0.0,0.0
SPY,SPY260518C00800000,2026-05-18,0,call,800.0,280.0,0.0,4.8594,0.0,0.0,0.01,,0.0,0.0,0.0,https://cdn.cboe.com/api/global/delayed_quotes/options/SPY.json,0.0,0.0,0.0,0.0,0.0,0.0,0.0
SPY,SPY260518C00805000,2026-05-18,0,call,805.0,6.0,0.0,5.2034,0.0,0.0,0.01,,0.0,0.0,0.0,https://cdn.cboe.com/api/global/delayed_quotes/options/SPY.json,0.0,0.0,0.0,0.0,0.0,0.0,0.0
SPY,SPY260518C00810000,2026-05-18,0,call,810.0,271.0,0.0,5.5435,0.0,0.0,0.01,,0.0,0.0,0.0,https://cdn.cboe.com/api/global/delayed_quotes/options/SPY.json,0.0,0.0,0.0,0.0,0.0,0.0,0.0
SPY,SPY260518C00815000,2026-05-18,0,call,815.0,3469.0,0.0,5.8799,0.0,0.0,0.01,,0.0,0.0,0.0,https://cdn.cboe.com/api/global/delayed_quotes/options/SPY.json,0.0,0.0,0.0,0.0,0.0,0.0,0.0
SPY,SPY260518C00820000,2026-05-18,0,call,820.0,879.0,0.0,6.2127,0.0,0.0,0.01,,0.0,0.0,0.0,https://cdn.cboe.com/api/global/delayed_quotes/options/SPY.json,0.0,0.0,0.0,0.0,0.0,0.0,0.0
SPY,SPY260518C00825000,2026-05-18,0,call,825.0,519.0,0.0,6.5421,0.0,0.0,0.01,,0.0,0.0,0.0,https://cdn.cboe.com/api/global/delayed_quotes/options/SPY.json,0.0,0.0,0.0,0.0,0.0,0.0,0.0
SPY,SPY260518C00830000,2026-05-18,0,call,830.0,168.0,0.0,6.8682,0.0,0.0,0.01,,0.0,0.0,0.0,https://cdn.cboe.com/api/global/delayed_quotes/options/SPY.json,0.0,0.0,0.0,0.0,0.0,0.0,0.0
SPY,SPY260518C00835000,2026-05-18,0,call,835.0,22.0,0.0,7.1911,0.0,0.0,0.01,,0.0,0.0,0.0,https://cdn.cboe.com/api/global/delayed_quotes/options/SPY.json,0.0,0.0,0.0,0.0,0.0,0.0,0.0
SPY,SPY260518C00860000,2026-05-18,0,call,860.0,47.0,0.0,0.0,0.0,0.0,0.01,,0.0,0.0,0.0,https://cdn.cboe.com/api/global/delayed_quotes/options/SPY.json,0.0,0.0,0.0,0.0,0.0,0.0,0.0
SPY,SPY260518C00925000,2026-05-18,0,call,925.0,2.0,0.0,0.0,0.0,0.0,0.01,,0.0,0.0,0.0,https://cdn.cboe.com/api/global/delayed_quotes/options/SPY.json,0.0,0.0,0.0,0.0,0.0,0.0,0.0
SPY,SPY260519P00500000,2026-05-19,1,put,500.0,11.0,0.0,2.167,0.0,0.0,0.01,,0.0,0.0,0.0,https://cdn.cboe.com/api/global/delayed_quotes/options/SPY.json,0.0,0.0,-0.0,0.0,0.0,-0.0,0.0
SPY,SPY260519P00520000,2026-05-19,1,put,520.0,5.0,0.0,1.9602,0.0,0.0,0.01,,0.0,0.0,0.0,https://cdn.cboe.com/api/global/delayed_quotes/options/SPY.json,0.0,0.0,-0.0,0.0,0.0,-0.0,0.0
SPY,SPY260519P00530000,2026-05-19,1,put,530.0,3.0,0.0,1.8595,0.0,0.0,0.01,,0.0,0.0,0.0,https://cdn.cboe.com/api/global/delayed_quotes/options/SPY.json,0.0,0.0,-0.0,0.0,0.0,-0.0,0.0
SPY,SPY260519P00535000,2026-05-19,1,put,535.0,2.0,0.0,1.8098,0.0,0.0,0.01,,0.0,0.0,0.0,https://cdn.cboe.com/api/global/delayed_quotes/options/SPY.json,0.0,0.0,-0.0,0.0,0.0,-0.0,0.0
SPY,SPY260519P00540000,2026-05-19,1,put,540.0,120.0,0.0,1.7605,0.0,0.0,0.01,,0.0,-0.0001,0.0,https://cdn.cboe.com/api/global/delayed_quotes/options/SPY.json,0.0,0.0,-0.0,0.0,0.0,-0.0,0.0
SPY,SPY260519P00550000,2026-05-19,1,put,550.0,101.0,0.0,1.6632,0.0,0.0,0.01,,0.0,-0.0001,0.0,https://cdn.cboe.com/api/global/delayed_quotes/options/SPY.json,0.0,0.0,-0.0,0.0,0.0,-0.0,0.0
SPY,SPY260519P00555000,2026-05-19,1,put,555.0,120.0,0.0,1.615,0.0,0.0,0.01,,0.0,-0.0001,0.0,https://cdn.cboe.com/api/global/delayed_quotes/options/SPY.json,0.0,0.0,-0.0,0.0,0.0,-0.0,0.0
SPY,SPY260519P00560000,2026-05-19,1,put,560.0,121.0,0.0,1.5673,0.0,0.0,0.01,,0.0,-0.0002,0.0,https://cdn.cboe.com/api/global/delayed_quotes/options/SPY.json,0.0,0.0,-0.0,0.0,0.0,-0.0,0.0
SPY,SPY260519P00565000,2026-05-19,1,put,565.0,172.0,0.0,1.5199,0.0,0.0,0.01,,0.0,-0.0002,0.0,https://cdn.cboe.com/api/global/delayed_quotes/options/SPY.json,0.0,0.0,-0.0,0.0,0.0,-0.0,0.0
SPY,SPY260519P00575000,2026-05-19,1,put,575.0,365.0,0.0,1.4261,0.0,0.0,0.01,,0.0,-0.0003,0.0,https://cdn.cboe.com/api/global/delayed_quotes/options/SPY.json,0.0,0.0,-0.0,0.0,0.0,-0.0,0.0
SPY,SPY260519P00580000,2026-05-19,1,put,580.0,23.0,0.0,1.3797,0.0,0.0,0.01,,0.0,-0.0004,0.0001,https://cdn.cboe.com/api/global/delayed_quotes/options/SPY.json,0.0,0.0,-0.0,0.0,0.0,-0.0,0.0
SPY,SPY260519P00585000,2026-05-19,1,put,585.0,5.0,0.0,1.3337,0.0,0.0,0.01,,0.0,-0.0005,0.0001,https://cdn.cboe.com/api/global/delayed_quotes/options/SPY.json,0.0,0.0,-0.0,0.0,0.0,-0.0,0.0
SPY,SPY260519P00590000,2026-05-19,1,put,590.0,244.0,0.0,1.2879,0.0,0.0,0.01,,-0.0001,-0.0006,0.0001,https://cdn.cboe.com/api/global/delayed_quotes/options/SPY.json,0.0,0.0,-0.0,0.0,0.0,-0.0,0.0
SPY,SPY260519P00595000,2026-05-19,1,put,595.0,81.0,0.0,1.2425,0.0,0.0,0.01,,-0.0001,-0.0007,0.0001,https://cdn.cboe.com/api/global/delayed_quotes/options/SPY.json,0.0,0.0,-0.0,0.0,0.0,-0.0,0.0
SPY,SPY260519P00600000,2026-05-19,1,put,600.0,182.0,0.0,1.1974,0.0,0.0,0.01,,-0.0001,-0.0008,0.0001,https://cdn.cboe.com/api/global/delayed_quotes/options/SPY.json,0.0,0.0,-0.0,0.0,0.0,-0.0,0.0
SPY,SPY260519P00605000,2026-05-19,1,put,605.0,205.0,0.0,1.1525,0.0,0.0,0.01,,-0.0001,-0.001,0.0002,https://cdn.cboe.com/api/global/delayed_quotes/options/SPY.json,0.0,0.0,-0.0,0.0,0.0,-0.0,0.0
SPY,SPY260519P00610000,2026-05-19,1,put,610.0,32.0,0.0,1.1079,0.0,0.0,0.01,,-0.0001,-0.0012,0.0002,https://cdn.cboe.com/api/global/delayed_quotes/options/SPY.json,0.0,0.0,-0.0,0.0,0.0,-0.0,0.0
SPY,SPY260519P00615000,2026-05-19,1,put,615.0,5.0,0.0,1.0636,0.0,0.0,0.01,,-0.0002,-0.0014,0.0002,https://cdn.cboe.com/api/global/delayed_quotes/options/SPY.json,0.0,0.0,-0.0,0.0,0.0,-0.0,0.0
SPY,SPY260519P00620000,2026-05-19,1,put,620.0,30.0,0.0,1.0196,0.0,0.0,0.01,,-0.0002,-0.0016,0.0003,https://cdn.cboe.com/api/global/delayed_quotes/options/SPY.json,0.0,0.0,-0.0,0.0,0.0,-0.0,0.0
SPY,SPY260519P00625000,2026-05-19,1,put,625.0,244.0,0.0,0.9758,0.0,0.0,0.01,,-0.0002,-0.0019,0.0003,https://cdn.cboe.com/api/global/delayed_quotes/options/SPY.json,0.0,0.0,-0.0,0.0,0.0,-0.0,0.0
SPY,SPY260519C00630000,2026-05-19,1,call,630.0,1.0,0.0,0.0,0.0,106.79,109.58,,0.9997,0.0,0.0004,https://cdn.cboe.com/api/global/delayed_quotes/options/SPY.json,0.0,0.0,0.0,0.0,0.0,0.0,0.0
SPY,SPY260519P00630000,2026-05-19,1,put,630.0,789.0,0.0,0.9322,0.0,0.0,0.01,,-0.0003,-0.0022,0.0004,https://cdn.cboe.com/api/global/delayed_quotes/options/SPY.json,0.0,0.0,-0.0,0.0,0.0,-0.0,0.0
SPY,SPY260519P00635000,2026-05-19,1,put,635.0,614.0,5.0,0.8889,0.0,0.0,0.01,,-0.0003,-0.0026,0.0005,https://cdn.cboe.com/api/global/delayed_quotes/options/SPY.json,0.0,0.0,-0.0,0.0,0.0,-0.0,0.0
SPY,SPY260519C00640000,2026-05-19,1,call,640.0,1.0,2.0,0.9233,0.0,96.79,99.58,,0.9996,0.0,0.0006,https://cdn.cboe.com/api/global/delayed_quotes/options/SPY.json,0.0,0.0,0.0,0.0,0.0,0.0,0.0
SPY,SPY260519P00640000,2026-05-19,1,put,640.0,23.0,0.0,0.8457,0.0,0.0,0.01,,-0.0004,-0.003,0.0006,https://cdn.cboe.com/api/global/delayed_quotes/options/SPY.json,0.0,0.0,-0.0,0.0,0.0,-0.0,0.0
SPY,SPY260519C00645000,2026-05-19,1,call,645.0,5.0,0.0,0.0,0.0001,91.81,94.58,,0.9995,0.0,0.0007,https://cdn.cboe.com/api/global/delayed_quotes/options/SPY.json,0.0001,272.80191125,0.0,272.80191125,2.7280191125e-07,0.0,2.7280191125e-07
SPY,SPY260519P00645000,2026-05-19,1,put,645.0,194.0,0.0,0.8028,0.0001,0.0,0.01,,-0.0005,-0.0035,0.0007,https://cdn.cboe.com/api/global/delayed_quotes/options/SPY.json,0.0001,0.0,-10584.714156500002,-10584.714156500002,0.0,-1.0584714156500002e-05,-1.0584714156500002e-05
SPY,SPY260519C00650000,2026-05-19,1,call,650.0,1.0,0.0,0.0,0.0001,86.8,89.58,,0.9994,0.0,0.0008,https://cdn.cboe.com/api/global/delayed_quotes/options/SPY.json,0.0001,54.56038225,0.0,54.56038225,5.4560382250000004e-08,0.0,5.4560382250000004e-08
SPY,SPY260519P00650000,2026-05-19,1,put,650.0,477.0,33.0,0.7601,0.0001,0.0,0.01,,-0.0006,-0.004,0.0008,https://cdn.cboe.com/api/global/delayed_quotes/options/SPY.json,0.0001,0.0,-26025.30233325,-26025.30233325,0.0,-2.602530233325e-05,-2.602530233325e-05
SPY,SPY260519C00655000,2026-05-19,1,call,655.0,1.0,12.0,0.0,0.0001,81.8,84.59,,0.9994,0.0,0.0009,https://cdn.cboe.com/api/global/delayed_quotes/options/SPY.json,0.0001,54.56038225,0.0,54.56038225,5.4560382250000004e-08,0.0,5.4560382250000004e-08
SPY,SPY260519P00655000,2026-05-19,1,put,655.0,119.0,15.0,0.7176,0.0001,0.0,0.01,,-0.0007,-0.0046,0.0009,https://cdn.cboe.com/api/global/delayed_quotes/options/SPY.json,0.0001,0.0,-6492.685487750002,-6492.685487750002,0.0,-6.492685487750002e-06,-6.492685487750002e-06
SPY,SPY260519C00660000,2026-05-19,1,call,660.0,1.0,2.0,0.0,0.0001,76.8,79.59,,0.9992,0.0,0.0011,https://cdn.cboe.com/api/global/delayed_quotes/options/SPY.json,0.0001,54.56038225,0.0,54.56038225,5.4560382250000004e-08,0.0,5.4560382250000004e-08
SPY,SPY260519P00660000,2026-05-19,1,put,660.0,248.0,149.0,0.6752,0.0001,0.0,0.01,,-0.0008,-0.0052,0.0011,https://cdn.cboe.com/api/global/delayed_quotes/options/SPY.json,0.0001,0.0,-13530.974798000003,-13530.974798000003,0.0,-1.3530974798000003e-05,-1.3530974798000003e-05
SPY,SPY260519P00665000,2026-05-19,1,put,665.0,869.0,1234.0,0.633,0.0001,0.0,0.01,,-0.0009,-0.0059,0.0012,https://cdn.cboe.com/api/global/delayed_quotes/options/SPY.json,0.0001,0.0,-47412.972175250005,-47412.972175250005,0.0,-4.7412972175250004e-05,-4.7412972175250004e-05
SPY,SPY260519C00670000,2026-05-19,1,call,670.0,4.0,1.0,0.0,0.0001,66.8,69.59,,0.9989,0.0,0.0015,https://cdn.cboe.com/api/global/delayed_quotes/options/SPY.json,0.0001,218.241529,0.0,218.241529,2.1824152900000002e-07,0.0,2.1824152900000002e-07
SPY,SPY260519P00670000,2026-05-19,1,put,670.0,180.0,246.0,0.5909,0.0001,0.0,0.01,,-0.0011,-0.0067,0.0015,https://cdn.cboe.com/api/global/delayed_quotes/options/SPY.json,0.0001,0.0,-9820.868805000002,-9820.868805000002,0.0,-9.820868805000001e-06,-9.820868805000001e-06
SPY,SPY260519C00675000,2026-05-19,1,call,675.0,6.0,5.0,0.0,0.0002,61.8,64.59,,0.9987,-0.0007,0.0017,https://cdn.cboe.com/api/global/delayed_quotes/options/SPY.json,0.0002,654.724587,0.0,654.724587,6.54724587e-07,0.0,6.54724587e-07
SPY,SPY260519P00675000,2026-05-19,1,put,675.0,92.0,897.0,0.5489,0.0002,0.0,0.01,,-0.0013,-0.0075,0.0017,https://cdn.cboe.com/api/global/delayed_quotes/options/SPY.json,0.0002,0.0,-10039.110333999999,-10039.110333999999,0.0,-1.0039110334e-05,-1.0039110334e-05
SPY,SPY260519C00680000,2026-05-19,1,call,680.0,22.0,140.0,0.0,0.0002,56.8,59.59,,0.9985,-0.0022,0.002,https://cdn.cboe.com/api/global/delayed_quotes/options/SPY.json,0.0002,2400.656819,0.0,2400.656819,2.400656819e-06,0.0,2.400656819e-06
SPY,SPY260519P00680000,2026-05-19,1,put,680.0,337.0,96.0,0.5071,0.0002,0.0,0.01,,-0.0016,-0.0085,0.002,https://cdn.cboe.com/api/global/delayed_quotes/options/SPY.json,0.0002,0.0,-36773.6976365,-36773.6976365,0.0,-3.67736976365e-05,-3.67736976365e-05
SPY,SPY260519C00685000,2026-05-19,1,call,685.0,13.0,30.0,0.0,0.0003,51.8,54.59,,0.9982,-0.0039,0.0024,https://cdn.cboe.com/api/global/delayed_quotes/options/SPY.json,0.0003,2127.8549077499997,0.0,2127.8549077499997,2.12785490775e-06,0.0,2.12785490775e-06
SPY,SPY260519P00685000,2026-05-19,1,put,685.0,3233.0,50.0,0.4653,0.0003,0.0,0.01,,-0.0018,-0.0096,0.0024,https://cdn.cboe.com/api/global/delayed_quotes/options/SPY.json,0.0003,0.0,-529181.1474427499,-529181.1474427499,0.0,-0.0005291811474427499,-0.0005291811474427499
SPY,SPY260519C00686000,2026-05-19,1,call,686.0,5.0,0.0,0.0,0.0003,50.81,53.59,,0.9981,-0.0042,0.0025,https://cdn.cboe.com/api/global/delayed_quotes/options/SPY.json,0.0003,818.40573375,0.0,818.40573375,8.184057337499999e-07,0.0,8.184057337499999e-07
SPY,SPY260519P00686000,2026-05-19,1,put,686.0,332.0,30.0,0.4569,0.0003,0.0,0.01,,-0.0019,-0.0098,0.0025,https://cdn.cboe.com/api/global/delayed_quotes/options/SPY.json,0.0003,0.0,-54342.140720999996,-54342.140720999996,0.0,-5.434214072099999e-05,-5.434214072099999e-05
SPY,SPY260519P00687000,2026-05-19,1,put,687.0,12.0,6.0,0.4486,0.0003,0.0,0.01,,-0.002,-0.0101,0.0026,https://cdn.cboe.com/api/global/delayed_quotes/options/SPY.json,0.0003,0.0,-1964.173761,-1964.173761,0.0,-1.964173761e-06,-1.964173761e-06
SPY,SPY260519C00688000,2026-05-19,1,call,688.0,1.0,0.0,0.0,0.0004,48.81,51.59,,0.9979,-0.0049,0.0026,https://cdn.cboe.com/api/global/delayed_quotes/options/SPY.json,0.0004,218.241529,0.0,218.241529,2.1824152900000002e-07,0.0,2.1824152900000002e-07
SPY,SPY260519P00688000,2026-05-19,1,put,688.0,103.0,47.0,0.4402,0.0004,0.0,0.01,,-0.0021,-0.0104,0.0026,https://cdn.cboe.com/api/global/delayed_quotes/options/SPY.json,0.0004,0.0,-22478.877486999998,-22478.877486999998,0.0,-2.2478877486999997e-05,-2.2478877486999997e-05
SPY,SPY260519P00689000,2026-05-19,1,put,689.0,154.0,2104.0,0.4319,0.0004,0.0,0.01,,-0.0022,-0.0106,0.0028,https://cdn.cboe.com/api/global/delayed_quotes/options/SPY.json,0.0004,0.0,-33609.195466,-33609.195466,0.0,-3.3609195466e-05,-3.3609195466e-05
SPY,SPY260519C00690000,2026-05-19,1,call,690.0,22.0,89.0,0.0,0.0004,46.81,49.6,,0.9978,-0.0057,0.0028,https://cdn.cboe.com/api/global/delayed_quotes/options/SPY.json,0.0004,4801.313638,0.0,4801.313638,4.801313638e-06,0.0,4.801313638e-06
SPY,SPY260519P00690000,2026-05-19,1,put,690.0,661.0,2964.0,0.4235,0.0004,0.0,0.01,,-0.0022,-0.0109,0.0028,https://cdn.cboe.com/api/global/delayed_quotes/options/SPY.json,0.0004,0.0,-144257.65066900002,-144257.65066900002,0.0,-0.00014425765066900003,-0.00014425765066900003
SPY,SPY260519C00691000,2026-05-19,1,call,691.0,1.0,1.0,0.0,0.0004,45.81,48.6,,0.9977,-0.0061,0.003,https://cdn.cboe.com/api/global/delayed_quotes/options/SPY.json,0.0004,218.241529,0.0,218.241529,2.1824152900000002e-07,0.0,2.1824152900000002e-07
SPY,SPY260519P00691000,2026-05-19,1,put,691.0,133.0,1373.0,0.4152,0.0004,0.0,0.01,,-0.0023,-0.0112,0.003,https://cdn.cboe.com/api/global/delayed_quotes/options/SPY.json,0.0004,0.0,-29026.123357000004,-29026.123357000004,0.0,-2.9026123357000006e-05,-2.9026123357000006e-05
SPY,SPY260519C00692000,2026-05-19,1,call,692.0,2.0,0.0,0.0,0.0004,44.81,46.4,,0.9976,-0.0065,0.0031,https://cdn.cboe.com/api/global/delayed_quotes/options/SPY.json,0.0004,436.483058,0.0,436.483058,4.3648305800000003e-07,0.0,4.3648305800000003e-07
SPY,SPY260519P00692000,2026-05-19,1,put,692.0,369.0,231.0,0.4068,0.0004,0.0,0.01,,-0.0024,-0.0115,0.0031,https://cdn.cboe.com/api/global/delayed_quotes/options/SPY.json,0.0004,0.0,-80531.12420100001,-80531.12420100001,0.0,-8.053112420100001e-05,-8.053112420100001e-05
SPY,SPY260519C00693000,2026-05-19,1,call,693.0,2.0,1.0,0.0,0.0005,43.81,46.6,,0.9975,-0.0069,0.0032,https://cdn.cboe.com/api/global/delayed_quotes/options/SPY.json,0.0005,545.6038225,0.0,545.6038225,5.456038225e-07,0.0,5.456038225e-07
SPY,SPY260519P00693000,2026-05-19,1,put,693.0,227.0,431.0,0.3985,0.0005,0.0,0.01,,-0.0025,-0.0118,0.0032,https://cdn.cboe.com/api/global/delayed_quotes/options/SPY.json,0.0005,0.0,-61926.03385375,-61926.03385375,0.0,-6.192603385374999e-05,-6.192603385374999e-05
SPY,SPY260519C00694000,2026-05-19,1,call,694.0,5.0,3.0,0.0,0.0005,42.81,45.6,,0.9974,-0.0073,0.0033,https://cdn.cboe.com/api/global/delayed_quotes/options/SPY.json,0.0005,1364.00955625,0.0,1364.00955625,1.36400955625e-06,0.0,1.36400955625e-06
SPY,SPY260519P00694000,2026-05-19,1,put,694.0,109.0,868.0,0.3901,0.0005,0.0,0.01,,-0.0026,-0.0121,0.0033,https://cdn.cboe.com/api/global/delayed_quotes/options/SPY.json,0.0005,0.0,-29735.408326250003,-29735.408326250003,0.0,-2.973540832625e-05,-2.973540832625e-05
SPY,SPY260519C00695000,2026-05-19,1,call,695.0,1.0,0.0,0.0,0.0005,41.81,44.6,,0.9973,-0.0078,0.0034,https://cdn.cboe.com/api/global/delayed_quotes/options/SPY.json,0.0005,272.80191125,0.0,272.80191125,2.7280191125e-07,0.0,2.7280191125e-07
SPY,SPY260519P00695000,2026-05-19,1,put,695.0,522.0,233.0,0.3818,0.0005,0.0,0.01,,-0.0028,-0.0124,0.0034,https://cdn.cboe.com/api/global/delayed_quotes/options/SPY.json,0.0005,0.0,-142402.5976725,-142402.5976725,0.0,-0.0001424025976725,-0.0001424025976725
SPY,SPY260519C00696000,2026-05-19,1,call,696.0,5.0,5.0,0.0,0.0006,40.81,43.6,,0.9972,-0.0082,0.0036,https://cdn.cboe.com/api/global/delayed_quotes/options/SPY.json,0.0006,1636.8114675,0.0,1636.8114675,1.6368114674999999e-06,0.0,1.6368114674999999e-06
SPY,SPY260519P00696000,2026-05-19,1,put,696.0,229.0,457.0,0.4128,0.0006,0.01,0.02,,-0.0029,-0.0128,0.0036,https://cdn.cboe.com/api/global/delayed_quotes/options/SPY.json,0.0006,0.0,-74965.9652115,-74965.9652115,0.0,-7.496596521150001e-05,-7.496596521150001e-05
SPY,SPY260519C00697000,2026-05-19,1,call,697.0,6.0,0.0,0.0,0.0006,39.81,42.6,,0.997,-0.0087,0.0037,https://cdn.cboe.com/api/global/delayed_quotes/options/SPY.json,0.0006,1964.173761,0.0,1964.173761,1.964173761e-06,0.0,1.964173761e-06
SPY,SPY260519P00697000,2026-05-19,1,put,697.0,89.0,267.0,0.4038,0.0006,0.01,0.02,,-0.003,-0.0132,0.0037,https://cdn.cboe.com/api/global/delayed_quotes/options/SPY.json,0.0006,0.0,-29135.2441215,-29135.2441215,0.0,-2.91352441215e-05,-2.91352441215e-05
SPY,SPY260519C00698000,2026-05-19,1,call,698.0,1.0,0.0,0.0,0.0006,38.81,41.6,,0.9969,-0.0092,0.0039,https://cdn.cboe.com/api/global/delayed_quotes/options/SPY.json,0.0006,327.36229349999996,0.0,327.36229349999996,3.2736229349999994e-07,0.0,3.2736229349999994e-07
SPY,SPY260519P00698000,2026-05-19,1,put,698.0,194.0,609.0,0.3947,0.0006,0.01,0.02,,-0.0031,-0.0135,0.0039,https://cdn.cboe.com/api/global/delayed_quotes/options/SPY.json,0.0006,0.0,-63508.28493899999,-63508.28493899999,0.0,-6.3508284939e-05,-6.3508284939e-05
SPY,SPY260519C00699000,2026-05-19,1,call,699.0,3.0,3.0,0.0,0.0007,37.81,40.6,,0.9967,-0.0097,0.0041,https://cdn.cboe.com/api/global/delayed_quotes/options/SPY.json,0.0007,1145.76802725,0.0,1145.76802725,1.14576802725e-06,0.0,1.14576802725e-06
SPY,SPY260519P00699000,2026-05-19,1,put,699.0,178.0,71.0,0.3856,0.0007,0.01,0.02,,-0.0033,-0.0139,0.0041,https://cdn.cboe.com/api/global/delayed_quotes/options/SPY.json,0.0007,0.0,-67982.23628350001,-67982.23628350001,0.0,-6.798223628350001e-05,-6.798223628350001e-05
SPY,SPY260519C00700000,2026-05-19,1,call,700.0,6.0,32.0,0.0,0.0007,36.81,39.6,,0.9966,-0.0103,0.0042,https://cdn.cboe.com/api/global/delayed_quotes/options/SPY.json,0.0007,2291.5360545,0.0,2291.5360545,2.2915360545e-06,0.0,2.2915360545e-06
SPY,SPY260519P00700000,2026-05-19,1,put,700.0,1733.0,1778.0,0.3765,0.0007,0.01,0.02,,-0.0034,-0.0144,0.0042,https://cdn.cboe.com/api/global/delayed_quotes/options/SPY.json,0.0007,0.0,-661871.99707475,-661871.99707475,0.0,-0.00066187199707475,-0.00066187199707475
SPY,SPY260519C00701000,2026-05-19,1,call,701.0,7.0,0.0,0.0,0.0008,35.81,37.41,,0.9964,-0.0108,0.0044,https://cdn.cboe.com/api/global/delayed_quotes/options/SPY.json,0.0008,3055.381406,0.0,3055.381406,3.055381406e-06,0.0,3.055381406e-06
SPY,SPY260519P00701000,2026-05-19,1,put,701.0,828.0,24.0,0.3673,0.0008,0.01,0.02,,-0.0036,-0.0148,0.0044,https://cdn.cboe.com/api/global/delayed_quotes/options/SPY.json,0.0008,0.0,-361407.972024,-361407.972024,0.0,-0.00036140797202400003,-0.00036140797202400003
SPY,SPY260519C00702000,2026-05-19,1,call,702.0,12.0,1.0,0.0,0.0008,34.81,36.41,,0.9962,-0.0114,0.0046,https://cdn.cboe.com/api/global/delayed_quotes/options/SPY.json,0.0008,5237.796696,0.0,5237.796696,5.237796696e-06,0.0,5.237796696e-06
SPY,SPY260519P00702000,2026-05-19,1,put,702.0,549.0,6398.0,0.3582,0.0008,0.01,0.02,,-0.0038,-0.0153,0.0046,https://cdn.cboe.com/api/global/delayed_quotes/options/SPY.json,0.0008,0.0,-239629.19884200004,-239629.19884200004,0.0,-0.00023962919884200004,-0.00023962919884200004
SPY,SPY260519C00703000,2026-05-19,1,call,703.0,2.0,4.0,0.0,0.0009,33.81,35.41,,0.996,-0.0121,0.0049,https://cdn.cboe.com/api/global/delayed_quotes/options/SPY.json,0.0009,982.0868805,0.0,982.0868805,9.820868805e-07,0.0,9.820868805e-07
SPY,SPY260519P00703000,2026-05-19,1,put,703.0,244.0,171.0,0.3491,0.0009,0.01,0.02,,-0.004,-0.0159,0.0049,https://cdn.cboe.com/api/global/delayed_quotes/options/SPY.json,0.0009,0.0,-119814.59942099999,-119814.59942099999,0.0,-0.000119814599421,-0.000119814599421
SPY,SPY260519C00704000,2026-05-19,1,call,704.0,20.0,0.0,0.0,0.0009,32.81,35.6,,0.9958,-0.0127,0.0051,https://cdn.cboe.com/api/global/delayed_quotes/options/SPY.json,0.0009,9820.868805,0.0,9820.868805,9.820868805e-06,0.0,9.820868805e-06
SPY,SPY260519P00704000,2026-05-19,1,put,704.0,500.0,329.0,0.34,0.0009,0.01,0.02,,-0.0042,-0.0164,0.0051,https://cdn.cboe.com/api/global/delayed_quotes/options/SPY.json,0.0009,0.0,-245521.720125,-245521.720125,0.0,-0.000245521720125,-0.000245521720125
SPY,SPY260519C00705000,2026-05-19,1,call,705.0,9.0,11.0,0.3539,0.001,31.82,34.6,,0.9956,-0.0135,0.0054,https://cdn.cboe.com/api/global/delayed_quotes/options/SPY.json,0.001,4910.434402500001,0.0,4910.434402500001,4.910434402500001e-06,0.0,4.910434402500001e-06
SPY,SPY260519P00705000,2026-05-19,1,put,705.0,1976.0,261.0,0.3308,0.001,0.01,0.02,,-0.0044,-0.017,0.0054,https://cdn.cboe.com/api/global/delayed_quotes/options/SPY.json,0.001,0.0,-1078113.15326,-1078113.15326,0.0,-0.00107811315326,-0.00107811315326
SPY,SPY260519C00706000,2026-05-19,1,call,706.0,1.0,1.0,0.0,0.0011,30.82,33.6,,0.9953,-0.0143,0.0057,https://cdn.cboe.com/api/global/delayed_quotes/options/SPY.json,0.0011,600.16420475,0.0,600.16420475,6.0016420475e-07,0.0,6.0016420475e-07
SPY,SPY260519P00706000,2026-05-19,1,put,706.0,2877.0,363.0,0.3217,0.0011,0.01,0.02,,-0.0047,-0.0177,0.0056,https://cdn.cboe.com/api/global/delayed_quotes/options/SPY.json,0.0011,0.0,-1726672.41706575,-1726672.41706575,0.0,-0.00172667241706575,-0.00172667241706575
SPY,SPY260519C00707000,2026-05-19,1,call,707.0,9.0,1.0,0.0,0.0012,29.82,32.61,,0.995,-0.0151,0.006,https://cdn.cboe.com/api/global/delayed_quotes/options/SPY.json,0.0012,5892.521283,0.0,5892.521283,5.892521283e-06,0.0,5.892521283e-06
SPY,SPY260519P00707000,2026-05-19,1,put,707.0,2659.0,112.0,0.3125,0.0012,0.01,0.02,,-0.005,-0.0185,0.006,https://cdn.cboe.com/api/global/delayed_quotes/options/SPY.json,0.0012,0.0,-1740912.676833,-1740912.676833,0.0,-0.001740912676833,-0.001740912676833
SPY,SPY260519C00708000,2026-05-19,1,call,708.0,18.0,0.0,0.0,0.0012,28.82,31.61,,0.9947,-0.016,0.0063,https://cdn.cboe.com/api/global/delayed_quotes/options/SPY.json,0.0012,11785.042566,0.0,11785.042566,1.1785042566e-05,0.0,1.1785042566e-05
SPY,SPY260519P00708000,2026-05-19,1,put,708.0,783.0,844.0,0.3033,0.0012,0.01,0.02,,-0.0053,-0.0193,0.0063,https://cdn.cboe.com/api/global/delayed_quotes/options/SPY.json,0.0012,0.0,-512649.351621,-512649.351621,0.0,-0.000512649351621,-0.000512649351621
SPY,SPY260519C00709000,2026-05-19,1,call,709.0,32.0,6.0,0.0,0.0014,27.82,30.61,,0.9944,-0.0171,0.0067,https://cdn.cboe.com/api/global/delayed_quotes/options/SPY.json,0.0014,24443.051248,0.0,24443.051248,2.4443051248e-05,0.0,2.4443051248e-05
SPY,SPY260519P00709000,2026-05-19,1,put,709.0,623.0,750.0,0.2941,0.0014,0.01,0.02,,-0.0056,-0.0202,0.0067,https://cdn.cboe.com/api/global/delayed_quotes/options/SPY.json,0.0014,0.0,-475875.65398450004,-475875.65398450004,0.0,-0.0004758756539845,-0.0004758756539845
SPY,SPY260519C00710000,2026-05-19,1,call,710.0,57.0,86.0,0.3047,0.0015,26.92,29.61,,0.994,-0.0182,0.0071,https://cdn.cboe.com/api/global/delayed_quotes/options/SPY.json,0.0015,46649.12682375001,0.0,46649.12682375001,4.664912682375001e-05,0.0,4.664912682375001e-05
SPY,SPY260519P00710000,2026-05-19,1,put,710.0,3313.0,3495.0,0.3015,0.0015,0.02,0.03,,-0.006,-0.0212,0.0071,https://cdn.cboe.com/api/global/delayed_quotes/options/SPY.json,0.0015,0.0,-2711378.19591375,-2711378.19591375,0.0,-0.00271137819591375,-0.00271137819591375
SPY,SPY260519C00711000,2026-05-19,1,call,711.0,1.0,4.0,0.0,0.0016,25.82,28.61,,0.9935,-0.0195,0.0076,https://cdn.cboe.com/api/global/delayed_quotes/options/SPY.json,0.0016,872.966116,0.0,872.966116,8.729661160000001e-07,0.0,8.729661160000001e-07
SPY,SPY260519P00711000,2026-05-19,1,put,711.0,1036.0,436.0,0.2918,0.0016,0.02,0.03,,-0.0065,-0.0224,0.0076,https://cdn.cboe.com/api/global/delayed_quotes/options/SPY.json,0.0016,0.0,-904392.8961760001,-904392.8961760001,0.0,-0.0009043928961760001,-0.0009043928961760001
SPY,SPY260519C00712000,2026-05-19,1,call,712.0,7.0,40.0,0.2904,0.0018,24.82,27.61,,0.993,-0.0209,0.0081,https://cdn.cboe.com/api/global/delayed_quotes/options/SPY.json,0.0018,6874.6081635,0.0,6874.6081635,6.8746081635000004e-06,0.0,6.8746081635000004e-06
SPY,SPY260519P00712000,2026-05-19,1,put,712.0,484.0,886.0,0.2822,0.0018,0.02,0.03,,-0.007,-0.0237,0.0081,https://cdn.cboe.com/api/global/delayed_quotes/options/SPY.json,0.0018,0.0,-475330.05016200006,-475330.05016200006,0.0,-0.00047533005016200003,-0.00047533005016200003
SPY,SPY260519C00713000,2026-05-19,1,call,713.0,12.0,2.0,0.0,0.002,23.83,25.42,,0.9924,-0.0226,0.0088,https://cdn.cboe.com/api/global/delayed_quotes/options/SPY.json,0.002,13094.49174,0.0,13094.49174,1.3094491739999999e-05,0.0,1.3094491739999999e-05
SPY,SPY260519P00713000,2026-05-19,1,put,713.0,688.0,685.0,0.2725,0.002,0.02,0.03,,-0.0076,-0.0252,0.0088,https://cdn.cboe.com/api/global/delayed_quotes/options/SPY.json,0.002,0.0,-750750.8597600001,-750750.8597600001,0.0,-0.0007507508597600002,-0.0007507508597600002
SPY,SPY260519C00714000,2026-05-19,1,call,714.0,99.0,116.0,0.0,0.0022,22.83,24.42,,0.9917,-0.0245,0.0095,https://cdn.cboe.com/api/global/delayed_quotes/options/SPY.json,0.0022,118832.51254050001,0.0,118832.51254050001,0.00011883251254050001,0.0,0.00011883251254050001
SPY,SPY260519P00714000,2026-05-19,1,put,714.0,649.0,1701.0,0.2628,0.0022,0.02,0.03,,-0.0083,-0.027,0.0095,https://cdn.cboe.com/api/global/delayed_quotes/options/SPY.json,0.0022,0.0,-779013.1377655002,-779013.1377655002,0.0,-0.0007790131377655002,-0.0007790131377655002
SPY,SPY260519C00715000,2026-05-19,1,call,715.0,93.0,23.0,0.0,0.0024,21.83,24.62,,0.9909,-0.0267,0.0103,https://cdn.cboe.com/api/global/delayed_quotes/options/SPY.json,0.0024,121778.77318199998,0.0,121778.77318199998,0.00012177877318199998,0.0,0.00012177877318199998
SPY,SPY260519P00715000,2026-05-19,1,put,715.0,2579.0,4142.0,0.2637,0.0024,0.03,0.04,,-0.0091,-0.0292,0.0103,https://cdn.cboe.com/api/global/delayed_quotes/options/SPY.json,0.0024,0.0,-3377069.419746,-3377069.419746,0.0,-0.003377069419746,-0.003377069419746
SPY,SPY260519C00716000,2026-05-19,1,call,716.0,338.0,39.0,0.0,0.0027,21.9,22.51,,0.9899,-0.0294,0.0113,https://cdn.cboe.com/api/global/delayed_quotes/options/SPY.json,0.0027,497918.0484135001,0.0,497918.0484135001,0.0004979180484135001,0.0,0.0004979180484135001
SPY,SPY260519P00716000,2026-05-19,1,put,716.0,1185.0,7873.0,0.2536,0.0027,0.03,0.04,,-0.0101,-0.0317,0.0112,https://cdn.cboe.com/api/global/delayed_quotes/options/SPY.json,0.0027,0.0,-1745659.4300887499,-1745659.4300887499,0.0,-0.0017456594300887499,-0.0017456594300887499
SPY,SPY260519C00717000,2026-05-19,1,call,717.0,139.0,291.0,0.0,0.0031,19.84,21.44,,0.9887,-0.0326,0.0124,https://cdn.cboe.com/api/global/delayed_quotes/options/SPY.json,0.0031,235100.68711525,0.0,235100.68711525,0.00023510068711525,0.0,0.00023510068711525
SPY,SPY260519P00717000,2026-05-19,1,put,717.0,2136.0,2140.0,0.2435,0.0031,0.03,0.04,,-0.0112,-0.0348,0.0124,https://cdn.cboe.com/api/global/delayed_quotes/options/SPY.json,0.0031,0.0,-3612770.2710659998,-3612770.2710659998,0.0,-0.003612770271066,-0.003612770271066
SPY,SPY260519C00718000,2026-05-19,1,call,718.0,488.0,1023.0,0.0,0.0036,19.93,20.49,,0.9873,-0.0366,0.0137,https://cdn.cboe.com/api/global/delayed_quotes/options/SPY.json,0.0036,958516.7953679999,0.0,958516.7953679999,0.000958516795368,0.0,0.000958516795368
SPY,SPY260519P00718000,2026-05-19,1,put,718.0,1468.0,2382.0,0.2334,0.0035,0.03,0.04,,-0.0126,-0.0387,0.0137,https://cdn.cboe.com/api/global/delayed_quotes/options/SPY.json,0.0035,0.0,-2803312.4400049997,-2803312.4400049997,0.0,-0.002803312440005,-0.002803312440005
SPY,SPY260519C00719000,2026-05-19,1,call,719.0,443.0,139.0,0.0,0.0041,18.91,19.51,,0.9856,-0.0415,0.0153,https://cdn.cboe.com/api/global/delayed_quotes/options/SPY.json,0.0041,990980.2228067501,0.0,990980.2228067501,0.00099098022280675,0.0,0.00099098022280675
SPY,SPY260519P00719000,2026-05-19,1,put,719.0,2605.0,3926.0,0.2309,0.0041,0.04,0.05,,-0.0144,-0.0434,0.0153,https://cdn.cboe.com/api/global/delayed_quotes/options/SPY.json,0.0041,0.0,-5827321.62621125,-5827321.62621125,0.0,-0.00582732162621125,-0.00582732162621125
SPY,SPY260519C00720000,2026-05-19,1,call,720.0,1716.0,639.0,0.0,0.0047,17.91,18.5,,0.9834,-0.0476,0.0173,https://cdn.cboe.com/api/global/delayed_quotes/options/SPY.json,0.0047,4400403.949227001,0.0,4400403.949227001,0.004400403949227001,0.0,0.004400403949227001
SPY,SPY260519P00720000,2026-05-19,1,put,720.0,2994.0,21945.0,0.2204,0.0047,0.04,0.05,,-0.0165,-0.0494,0.0172,https://cdn.cboe.com/api/global/delayed_quotes/options/SPY.json,0.0047,0.0,-7677627.869455501,-7677627.869455501,0.0,-0.007677627869455502,-0.007677627869455502
SPY,SPY260519C00721000,2026-05-19,1,call,721.0,836.0,39.0,0.0,0.0055,16.92,17.54,,0.9807,-0.0553,0.0196,https://cdn.cboe.com/api/global/delayed_quotes/options/SPY.json,0.0055,2508686.375855,0.0,2508686.375855,0.0025086863758550003,0.0,0.0025086863758550003
SPY,SPY260519P00721000,2026-05-19,1,put,721.0,2110.0,8621.0,0.216,0.0055,0.05,0.06,,-0.0192,-0.0569,0.0195,https://cdn.cboe.com/api/global/delayed_quotes/options/SPY.json,0.0055,0.0,-6331732.360112499,-6331732.360112499,0.0,-0.006331732360112499,-0.006331732360112499
SPY,SPY260519C00722000,2026-05-19,1,call,722.0,241.0,27.0,0.0,0.0065,15.74,16.57,,0.9774,-0.0651,0.0224,https://cdn.cboe.com/api/global/delayed_quotes/options/SPY.json,0.0065,854688.38794625,0.0,854688.38794625,0.00085468838794625,0.0,0.00085468838794625
SPY,SPY260519P00722000,2026-05-19,1,put,722.0,1618.0,8549.0,0.2104,0.0065,0.06,0.07,,-0.0226,-0.0665,0.0223,https://cdn.cboe.com/api/global/delayed_quotes/options/SPY.json,0.0065,0.0,-5738115.401232501,-5738115.401232501,0.0,-0.005738115401232501,-0.005738115401232501
SPY,SPY260519C00723000,2026-05-19,1,call,723.0,185.0,16.0,0.0,0.0077,14.76,15.52,,0.9731,-0.0776,0.0258,https://cdn.cboe.com/api/global/delayed_quotes/options/SPY.json,0.0077,777212.6451512501,0.0,777212.6451512501,0.00077721264515125,0.0,0.00077721264515125
SPY,SPY260519P00723000,2026-05-19,1,put,723.0,887.0,10989.0,0.2035,0.0078,0.08,0.09,,-0.027,-0.0793,0.0258,https://cdn.cboe.com/api/global/delayed_quotes/options/SPY.json,0.0078,0.0,-3774814.6063485,-3774814.6063485,0.0,-0.0037748146063485,-0.0037748146063485
SPY,SPY260519C00724000,2026-05-19,1,call,724.0,277.0,50.0,0.1382,0.0092,13.99,14.53,,0.9677,-0.0938,0.03,https://cdn.cboe.com/api/global/delayed_quotes/options/SPY.json,0.0092,1390416.781259,0.0,1390416.781259,0.001390416781259,0.0,0.001390416781259
SPY,SPY260519P00724000,2026-05-19,1,put,724.0,979.0,13630.0,0.2,0.0093,0.09,0.1,,-0.0324,-0.0954,0.03,https://cdn.cboe.com/api/global/delayed_quotes/options/SPY.json,0.0093,0.0,-4967559.12271575,-4967559.12271575,0.0,-0.00496755912271575,-0.00496755912271575
SPY,SPY260519C00725000,2026-05-19,1,call,725.0,459.0,215.0,0.1673,0.0111,12.98,13.62,,0.9608,-0.1148,0.0349,https://cdn.cboe.com/api/global/delayed_quotes/options/SPY.json,0.0111,2779796.9152552504,0.0,2779796.9152552504,0.0027797969152552502,0.0,0.0027797969152552502
SPY,SPY260519P00725000,2026-05-19,1,put,725.0,2561.0,27111.0,0.1948,0.0111,0.11,0.12,,-0.0392,-0.1163,0.035,https://cdn.cboe.com/api/global/delayed_quotes/options/SPY.json,0.0111,0.0,-15509934.422589753,-15509934.422589753,0.0,-0.015509934422589753,-0.015509934422589753
SPY,SPY260519C00726000,2026-05-19,1,call,726.0,77.0,113.0,0.2203,0.0134,12.04,13.03,,0.9521,-0.142,0.0409,https://cdn.cboe.com/api/global/delayed_quotes/options/SPY.json,0.0134,562954.0240555,0.0,562954.0240555,0.0005629540240555001,0.0,0.0005629540240555001
SPY,SPY260519P00726000,2026-05-19,1,put,726.0,855.0,14465.0,0.1909,0.0134,0.14,0.15,,-0.048,-0.1435,0.0409,https://cdn.cboe.com/api/global/delayed_quotes/options/SPY.json,0.0134,0.0,-6250982.994382501,-6250982.994382501,0.0,-0.0062509829943825,-0.0062509829943825
SPY,SPY260519C00727000,2026-05-19,1,call,727.0,90.0,304.0,0.1941,0.0161,10.88,12.06,,0.9411,-0.1773,0.0479,https://cdn.cboe.com/api/global/delayed_quotes/options/SPY.json,0.0161,790579.9388025001,0.0,790579.9388025001,0.0007905799388025002,0.0,0.0007905799388025002
SPY,SPY260519P00727000,2026-05-19,1,put,727.0,1714.0,17198.0,0.1853,0.0162,0.18,0.19,,-0.059,-0.1787,0.0479,https://cdn.cboe.com/api/global/delayed_quotes/options/SPY.json,0.0162,0.0,-15149672.218593,-15149672.218593,0.0,-0.015149672218592999,-0.015149672218592999
SPY,SPY260519C00728000,2026-05-19,1,call,728.0,86.0,84.0,0.2026,0.0194,10.11,11.09,,0.9273,-0.223,0.0561,https://cdn.cboe.com/api/global/delayed_quotes/options/SPY.json,0.0194,910285.417459,0.0,910285.417459,0.000910285417459,0.0,0.000910285417459
SPY,SPY260519P00728000,2026-05-19,1,put,728.0,1122.0,27597.0,0.1822,0.0194,0.22,0.23,,-0.0728,-0.2244,0.0561,https://cdn.cboe.com/api/global/delayed_quotes/options/SPY.json,0.0194,0.0,-11876049.283592999,-11876049.283592999,0.0,-0.011876049283593,-0.011876049283593
SPY,SPY260519C00729000,2026-05-19,1,call,729.0,134.0,647.0,0.1357,0.0233,8.96,9.71,,0.9102,-0.2821,0.0654,https://cdn.cboe.com/api/global/delayed_quotes/options/SPY.json,0.0233,1703484.2546095003,0.0,1703484.2546095003,0.0017034842546095003,0.0,0.0017034842546095003
SPY,SPY260519P00729000,2026-05-19,1,put,729.0,793.0,17177.0,0.1784,0.0233,0.28,0.29,,-0.0899,-0.2834,0.0655,https://cdn.cboe.com/api/global/delayed_quotes/options/SPY.json,0.0233,0.0,-10081067.26795025,-10081067.26795025,0.0,-0.01008106726795025,-0.01008106726795025
SPY,SPY260519C00730000,2026-05-19,1,call,730.0,183.0,2090.0,0.1677,0.0278,8.46,8.61,,0.889,-0.3578,0.076,https://cdn.cboe.com/api/global/delayed_quotes/options/SPY.json,0.0278,2775704.8865865,0.0,2775704.8865865,0.0027757048865865,0.0,0.0027757048865865
SPY,SPY260519P00730000,2026-05-19,1,put,730.0,3555.0,48740.0,0.174,0.0278,0.35,0.36,,-0.1111,-0.3591,0.076,https://cdn.cboe.com/api/global/delayed_quotes/options/SPY.json,0.0278,0.0,-53921480.1738525,-53921480.1738525,0.0,-0.0539214801738525,-0.0539214801738525
SPY,SPY260519C00731000,2026-05-19,1,call,731.0,336.0,778.0,0.165,0.0328,7.57,7.7,,0.8632,-0.4542,0.0874,https://cdn.cboe.com/api/global/delayed_quotes/options/SPY.json,0.0328,6012990.607008001,0.0,6012990.607008001,0.0060129906070080005,0.0,0.0060129906070080005
SPY,SPY260519P00731000,2026-05-19,1,put,731.0,2480.0,23075.0,0.171,0.0328,0.45,0.47,,-0.1368,-0.455,0.0874,https://cdn.cboe.com/api/global/delayed_quotes/options/SPY.json,0.0328,0.0,-44381597.33744001,-44381597.33744001,0.0,-0.04438159733744001,-0.04438159733744001
SPY,SPY260519C00732000,2026-05-19,1,call,732.0,454.0,3491.0,0.1622,0.0383,6.68,6.83,,0.8321,-0.5763,0.0996,https://cdn.cboe.com/api/global/delayed_quotes/options/SPY.json,0.0383,9487068.3863945,0.0,9487068.3863945,0.009487068386394501,0.0,0.009487068386394501
SPY,SPY260519P00732000,2026-05-19,1,put,732.0,5783.0,31041.0,0.1674,0.0383,0.57,0.59,,-0.1679,-0.5769,0.0996,https://cdn.cboe.com/api/global/delayed_quotes/options/SPY.json,0.0383,0.0,-120845190.48132025,-120845190.48132025,0.0,-0.12084519048132025,-0.12084519048132025
SPY,SPY260519C00733000,2026-05-19,1,call,733.0,332.0,4224.0,0.1602,0.0442,5.86,5.98,,0.7952,-0.7289,0.112,https://cdn.cboe.com/api/global/delayed_quotes/options/SPY.json,0.0442,8006408.7328940015,0.0,8006408.7328940015,0.008006408732894002,0.0,0.008006408732894002
SPY,SPY260519P00733000,2026-05-19,1,put,733.0,1184.0,35500.0,0.1648,0.0442,0.73,0.75,,-0.2048,-0.7296,0.1121,https://cdn.cboe.com/api/global/delayed_quotes/options/SPY.json,0.0442,0.0,-28552975.722128004,-28552975.722128004,0.0,-0.028552975722128004,-0.028552975722128004
SPY,SPY260519C00734000,2026-05-19,1,call,734.0,338.0,14079.0,0.1587,0.0503,5.03,5.18,,0.7521,-0.9184,0.1243,https://cdn.cboe.com/api/global/delayed_quotes/options/SPY.json,0.0503,9276028.8278515,0.0,9276028.8278515,0.0092760288278515,0.0,0.0092760288278515
SPY,SPY260519P00734000,2026-05-19,1,put,734.0,1346.0,54213.0,0.162,0.0503,0.93,0.95,,-0.2479,-0.9189,0.1243,https://cdn.cboe.com/api/global/delayed_quotes/options/SPY.json,0.0503,0.0,-36939452.0777755,-36939452.0777755,0.0,-0.0369394520777755,-0.0369394520777755
SPY,SPY260519C00735000,2026-05-19,1,call,735.0,743.0,53404.0,0.1567,0.0562,4.28,4.42,,0.7026,-1.151,0.1355,https://cdn.cboe.com/api/global/delayed_quotes/options/SPY.json,0.0562,22782560.5746035,0.0,22782560.5746035,0.0227825605746035,0.0,0.0227825605746035
SPY,SPY260519P00735000,2026-05-19,1,put,735.0,4754.0,67852.0,0.1593,0.0562,1.17,1.19,,-0.2974,-1.1513,0.1355,https://cdn.cboe.com/api/global/delayed_quotes/options/SPY.json,0.0562,0.0,-145771592.155673,-145771592.155673,0.0,-0.145771592155673,-0.145771592155673
SPY,SPY260519C00736000,2026-05-19,1,call,736.0,922.0,44648.0,0.1541,0.0615,3.6,3.7,,0.6468,-1.4339,0.1449,https://cdn.cboe.com/api/global/delayed_quotes/options/SPY.json,0.0615,30937373.5472175,0.0,30937373.5472175,0.0309373735472175,0.0,0.0309373735472175
SPY,SPY260519P00736000,2026-05-19,1,put,736.0,1752.0,76632.0,0.1569,0.0615,1.46,1.49,,-0.3532,-1.4341,0.1449,https://cdn.cboe.com/api/global/delayed_quotes/options/SPY.json,0.0615,0.0,-58787720.66673,-58787720.66673,0.0,-0.05878772066673,-0.05878772066673
SPY,SPY260519C00737000,2026-05-19,1,call,737.0,871.0,60341.0,0.151,0.0658,2.93,3.05,,0.5853,-1.7726,0.1516,https://cdn.cboe.com/api/global/delayed_quotes/options/SPY.json,0.0658,31269537.154355496,0.0,31269537.154355496,0.031269537154355494,0.0,0.031269537154355494
SPY,SPY260519P00737000,2026-05-19,1,put,737.0,2200.0,62431.0,0.1534,0.0659,1.8,1.83,,-0.4149,-1.773,0.1516,https://cdn.cboe.com/api/global/delayed_quotes/options/SPY.json,0.0659,0.0,-79101642.18605,-79101642.18605,0.0,-0.07910164218605,-0.07910164218605
SPY,SPY260519C00738000,2026-05-19,1,call,738.0,1053.0,76026.0,0.1484,0.0686,2.39,2.43,,0.5191,-2.0757,0.1548,https://cdn.cboe.com/api/global/delayed_quotes/options/SPY.json,0.0686,39412128.6013455,0.0,39412128.6013455,0.0394121286013455,0.0,0.0394121286013455
SPY,SPY260519P00738000,2026-05-19,1,put,738.0,1409.0,49162.0,0.151,0.0688,2.21,2.24,,-0.4813,-2.0761,0.1548,https://cdn.cboe.com/api/global/delayed_quotes/options/SPY.json,0.0688,0.0,-52890398.070092,-52890398.070092,0.0,-0.052890398070092,-0.052890398070092
SPY,SPY260519C00739000,2026-05-19,1,call,739.0,933.0,63680.0,0.1456,0.0694,1.87,1.91,,0.4498,-1.895,0.1538,https://cdn.cboe.com/api/global/delayed_quotes/options/SPY.json,0.0694,35327956.6276395,0.0,35327956.6276395,0.035327956627639504,0.0,0.035327956627639504
SPY,SPY260519P00739000,2026-05-19,1,put,739.0,1784.0,24889.0,0.1475,0.0698,2.64,2.75,,-0.5509,-1.8956,0.1538,https://cdn.cboe.com/api/global/delayed_quotes/options/SPY.json,0.0698,0.0,-67940333.909932,-67940333.909932,0.0,-0.067940333909932,-0.067940333909932
SPY,SPY260519C00740000,2026-05-19,1,call,740.0,2426.0,89472.0,0.143,0.0679,1.43,1.46,,0.3798,-1.4626,0.1483,https://cdn.cboe.com/api/global/delayed_quotes/options/SPY.json,0.0679,89874807.90284151,0.0,89874807.90284151,0.08987480790284151,0.0,0.08987480790284151
SPY,SPY260519P00740000,2026-05-19,1,put,740.0,1953.0,21850.0,0.1446,0.0687,3.21,3.34,,-0.6216,-1.4641,0.1481,https://cdn.cboe.com/api/global/delayed_quotes/options/SPY.json,0.0687,0.0,-73204265.02902974,-73204265.02902974,0.0,-0.07320426502902974,-0.07320426502902974
SPY,SPY260519C00741000,2026-05-19,1,call,741.0,2380.0,50513.0,0.141,0.0641,1.06,1.09,,0.3116,-1.0894,0.1383,https://cdn.cboe.com/api/global/delayed_quotes/options/SPY.json,0.0641,83236227.95295502,0.0,83236227.95295502,0.08323622795295502,0.0,0.08323622795295502
SPY,SPY260519P00741000,2026-05-19,1,put,741.0,1790.0,9523.0,0.143,0.0652,3.83,3.97,,-0.6908,-1.0929,0.1379,https://cdn.cboe.com/api/global/delayed_quotes/options/SPY.json,0.0652,0.0,-63676330.916329995,-63676330.916329995,0.0,-0.06367633091633,-0.06367633091633
SPY,SPY260519C00742000,2026-05-19,1,call,742.0,2110.0,42700.0,0.1399,0.0581,0.77,0.79,,0.2481,-0.7894,0.1246,https://cdn.cboe.com/api/global/delayed_quotes/options/SPY.json,0.0581,66886118.204097494,0.0,66886118.204097494,0.0668861182040975,0.0,0.0668861182040975
SPY,SPY260519P00742000,2026-05-19,1,put,742.0,1557.0,2559.0,0.1427,0.0597,4.54,4.68,,-0.7559,-0.7959,0.1236,https://cdn.cboe.com/api/global/delayed_quotes/options/SPY.json,0.0597,0.0,-50715457.55246026,-50715457.55246026,0.0,-0.050715457552460264,-0.050715457552460264
SPY,SPY260519C00743000,2026-05-19,1,call,743.0,2050.0,35020.0,0.1387,0.0506,0.54,0.56,,0.1914,-0.5567,0.1083,https://cdn.cboe.com/api/global/delayed_quotes/options/SPY.json,0.0506,56595484.507925004,0.0,56595484.507925004,0.056595484507925,0.0,0.056595484507925
SPY,SPY260519P00743000,2026-05-19,1,put,743.0,837.0,2036.0,0.1415,0.0524,5.31,5.45,,-0.8144,-0.5684,0.1061,https://cdn.cboe.com/api/global/delayed_quotes/options/SPY.json,0.0524,0.0,-23929528.930263,-23929528.930263,0.0,-0.023929528930263,-0.023929528930263
SPY,SPY260519C00744000,2026-05-19,1,call,744.0,1809.0,30053.0,0.1371,0.0423,0.37,0.39,,0.1433,-0.3828,0.0908,https://cdn.cboe.com/api/global/delayed_quotes/options/SPY.json,0.0423,41749986.42037574,0.0,41749986.42037574,0.041749986420375744,0.0,0.041749986420375744
SPY,SPY260519P00744000,2026-05-19,1,put,744.0,1028.0,1659.0,0.1415,0.044,6.14,6.27,,-0.8644,-0.4018,0.0872,https://cdn.cboe.com/api/global/delayed_quotes/options/SPY.json,0.044,0.0,-24678752.099320002,-24678752.099320002,0.0,-0.024678752099320002,-0.024678752099320002
SPY,SPY260519C00745000,2026-05-19,1,call,745.0,2769.0,48910.0,0.1373,0.034,0.26,0.27,,0.1044,-0.2578,0.0737,https://cdn.cboe.com/api/global/delayed_quotes/options/SPY.json,0.034,51366417.473085,0.0,51366417.473085,0.051366417473085,0.0,0.051366417473085
SPY,SPY260519P00745000,2026-05-19,1,put,745.0,1103.0,2459.0,0.1422,0.0353,6.83,7.31,,-0.905,-0.2857,0.0684,https://cdn.cboe.com/api/global/delayed_quotes/options/SPY.json,0.0353,0.0,-21243575.872477747,-21243575.872477747,0.0,-0.021243575872477747,-0.021243575872477747
SPY,SPY260519C00746000,2026-05-19,1,call,746.0,1640.0,11975.0,0.1369,0.0264,0.16,0.18,,0.0742,-0.1707,0.058,https://cdn.cboe.com/api/global/delayed_quotes/options/SPY.json,0.0264,23622463.098960005,0.0,23622463.098960005,0.023622463098960003,0.0,0.023622463098960003
SPY,SPY260519P00746000,2026-05-19,1,put,746.0,586.0,928.0,0.1198,0.0269,7.29,8.49,,-0.9359,-0.2088,0.0515,https://cdn.cboe.com/api/global/delayed_quotes/options/SPY.json,0.0269,0.0,-8600571.2955965,-8600571.2955965,0.0,-0.008600571295596502,-0.008600571295596502
SPY,SPY260519C00747000,2026-05-19,1,call,747.0,1645.0,14432.0,0.1373,0.0199,0.1,0.12,,0.0521,-0.1127,0.0447,https://cdn.cboe.com/api/global/delayed_quotes/options/SPY.json,0.0199,17860613.93144875,0.0,17860613.93144875,0.01786061393144875,0.0,0.01786061393144875
SPY,SPY260519P00747000,2026-05-19,1,put,747.0,973.0,357.0,0.1484,0.0197,8.66,9.24,,-0.9581,-0.1606,0.0374,https://cdn.cboe.com/api/global/delayed_quotes/options/SPY.json,0.0197,0.0,-10458188.63006225,-10458188.63006225,0.0,-0.01045818863006225,-0.01045818863006225
SPY,SPY260519C00748000,2026-05-19,1,call,748.0,2530.0,13469.0,0.138,0.0148,0.07,0.08,,0.0365,-0.075,0.0341,https://cdn.cboe.com/api/global/delayed_quotes/options/SPY.json,0.0148,20429589.52969,0.0,20429589.52969,0.02042958952969,0.0,0.02042958952969
SPY,SPY260519P00748000,2026-05-19,1,put,748.0,922.0,261.0,0.1818,0.0139,9.65,10.45,,-0.9732,-0.1317,0.0265,https://cdn.cboe.com/api/global/delayed_quotes/options/SPY.json,0.0139,0.0,-6992349.4683955,-6992349.4683955,0.0,-0.0069923494683955005,-0.0069923494683955005
SPY,SPY260519C00749000,2026-05-19,1,call,749.0,1099.0,6001.0,0.1374,0.011,0.04,0.05,,0.0258,-0.0512,0.026,https://cdn.cboe.com/api/global/delayed_quotes/options/SPY.json,0.011,6595804.6102025,0.0,6595804.6102025,0.0065958046102025,0.0,0.0065958046102025
SPY,SPY260519P00749000,2026-05-19,1,put,749.0,528.0,299.0,0.0,0.0096,10.19,11.05,,-0.9828,-0.115,0.0186,https://cdn.cboe.com/api/global/delayed_quotes/options/SPY.json,0.0096,0.0,-2765556.655488,-2765556.655488,0.0,-0.002765556655488,-0.002765556655488
SPY,SPY260519C00750000,2026-05-19,1,call,750.0,6172.0,17398.0,0.1422,0.0082,0.03,0.04,,0.019,-0.0368,0.0203,https://cdn.cboe.com/api/global/delayed_quotes/options/SPY.json,0.0082,27613227.698254004,0.0,27613227.698254004,0.027613227698254004,0.0,0.027613227698254004
SPY,SPY260519P00750000,2026-05-19,1,put,750.0,823.0,349.0,0.0,0.0066,11.19,12.05,,-0.9887,-0.1059,0.0129,https://cdn.cboe.com/api/global/delayed_quotes/options/SPY.json,0.0066,0.0,-2963610.8430554997,-2963610.8430554997,0.0,-0.0029636108430554997,-0.0029636108430554997
SPY,SPY260519C00751000,2026-05-19,1,call,751.0,1518.0,3587.0,0.1455,0.0063,0.02,0.03,,0.0143,-0.0274,0.0161,https://cdn.cboe.com/api/global/delayed_quotes/options/SPY.json,0.0063,5217827.5960965,0.0,5217827.5960965,0.0052178275960965,0.0,0.0052178275960965
SPY,SPY260519P00751000,2026-05-19,1,put,751.0,76.0,18.0,0.2791,0.0047,12.7,14.13,,-0.9922,-0.1008,0.0096,https://cdn.cboe.com/api/global/delayed_quotes/options/SPY.json,0.0047,0.0,-194889.68539700002,-194889.68539700002,0.0,-0.00019488968539700002,-0.00019488968539700002
SPY,SPY260519C00752000,2026-05-19,1,call,752.0,1868.0,4557.0,0.1553,0.0049,0.02,0.03,,0.0112,-0.0216,0.0131,https://cdn.cboe.com/api/global/delayed_quotes/options/SPY.json,0.0049,4994020.908107,0.0,4994020.908107,0.004994020908107,0.0,0.004994020908107
SPY,SPY260519P00752000,2026-05-19,1,put,752.0,58.0,141.0,0.2668,0.0035,13.32,15.13,,-0.9944,-0.0979,0.0071,https://cdn.cboe.com/api/global/delayed_quotes/options/SPY.json,0.0035,0.0,-110757.5759675,-110757.5759675,0.0,-0.0001107575759675,-0.0001107575759675
SPY,SPY260519C00753000,2026-05-19,1,call,753.0,2543.0,1497.0,0.1548,0.004,0.01,0.02,,0.0092,-0.0179,0.0111,https://cdn.cboe.com/api/global/delayed_quotes/options/SPY.json,0.004,5549882.08247,0.0,5549882.08247,0.0055498820824699995,0.0,0.0055498820824699995
SPY,SPY260519P00753000,2026-05-19,1,put,753.0,15.0,3.0,0.2625,0.0027,14.11,16.13,,-0.9956,-0.0962,0.0058,https://cdn.cboe.com/api/global/delayed_quotes/options/SPY.json,0.0027,0.0,-22096.95481125,-22096.95481125,0.0,-2.2096954811250003e-05,-2.2096954811250003e-05
SPY,SPY260519C00754000,2026-05-19,1,call,754.0,3466.0,1937.0,0.164,0.0033,0.01,0.02,,0.0078,-0.0156,0.0096,https://cdn.cboe.com/api/global/delayed_quotes/options/SPY.json,0.0033,6240507.4009905,0.0,6240507.4009905,0.0062405074009905005,0.0,0.0062405074009905005
SPY,SPY260519P00754000,2026-05-19,1,put,754.0,11.0,0.0,0.2757,0.0022,15.11,17.13,,-0.9964,-0.0953,0.0048,https://cdn.cboe.com/api/global/delayed_quotes/options/SPY.json,0.0022,0.0,-13203.612504500003,-13203.612504500003,0.0,-1.3203612504500002e-05,-1.3203612504500002e-05
SPY,SPY260519C00755000,2026-05-19,1,call,755.0,3172.0,1676.0,0.1731,0.0028,0.01,0.02,,0.0068,-0.014,0.0085,https://cdn.cboe.com/api/global/delayed_quotes/options/SPY.json,0.0028,4845834.909916,0.0,4845834.909916,0.0048458349099160004,0.0,0.0048458349099160004
SPY,SPY260519P00755000,2026-05-19,1,put,755.0,81.0,104.0,0.2624,0.0018,16.6,17.41,,-0.997,-0.0946,0.0041,https://cdn.cboe.com/api/global/delayed_quotes/options/SPY.json,0.0018,0.0,-79549.03732049999,-79549.03732049999,0.0,-7.95490373205e-05,-7.95490373205e-05
SPY,SPY260519C00756000,2026-05-19,1,call,756.0,1058.0,847.0,0.1821,0.0025,0.01,0.02,,0.0061,-0.0129,0.0077,https://cdn.cboe.com/api/global/delayed_quotes/options/SPY.json,0.0025,1443122.1105125002,0.0,1443122.1105125002,0.0014431221105125002,0.0,0.0014431221105125002
SPY,SPY260519C00757000,2026-05-19,1,call,757.0,1843.0,837.0,0.191,0.0022,0.01,0.02,,0.0056,-0.0121,0.0071,https://cdn.cboe.com/api/global/delayed_quotes/options/SPY.json,0.0022,2212205.2587085003,0.0,2212205.2587085003,0.0022122052587085004,0.0,0.0022122052587085004
SPY,SPY260519C00758000,2026-05-19,1,call,758.0,835.0,296.0,0.1786,0.002,0.0,0.01,,0.0051,-0.0115,0.0066,https://cdn.cboe.com/api/global/delayed_quotes/options/SPY.json,0.002,911158.383575,0.0,911158.383575,0.000911158383575,0.0,0.000911158383575
SPY,SPY260519C00759000,2026-05-19,1,call,759.0,1142.0,2141.0,0.1866,0.0018,0.0,0.01,,0.0048,-0.011,0.0061,https://cdn.cboe.com/api/global/delayed_quotes/options/SPY.json,0.0018,1121543.217531,0.0,1121543.217531,0.001121543217531,0.0,0.001121543217531
SPY,SPY260519P00759000,2026-05-19,1,put,759.0,1.0,0.0,0.2703,0.001,19.61,22.27,,-0.998,-0.0935,0.0028,https://cdn.cboe.com/api/global/delayed_quotes/options/SPY.json,0.001,0.0,-545.6038225,-545.6038225,0.0,-5.456038225e-07,-5.456038225e-07
SPY,SPY260519C00760000,2026-05-19,1,call,760.0,4604.0,1477.0,0.1947,0.0016,0.0,0.01,,0.0045,-0.0106,0.0057,https://cdn.cboe.com/api/global/delayed_quotes/options/SPY.json,0.0016,4019135.9980640006,0.0,4019135.9980640006,0.0040191359980640004,0.0,0.0040191359980640004
SPY,SPY260519C00761000,2026-05-19,1,call,761.0,339.0,128.0,0.2026,0.0014,0.0,0.01,,0.0042,-0.0103,0.0054,https://cdn.cboe.com/api/global/delayed_quotes/options/SPY.json,0.0014,258943.57415850004,0.0,258943.57415850004,0.0002589435741585,0.0,0.0002589435741585
SPY,SPY260519C00762000,2026-05-19,1,call,762.0,584.0,25.0,0.2106,0.0013,0.0,0.01,,0.004,-0.01,0.0051,https://cdn.cboe.com/api/global/delayed_quotes/options/SPY.json,0.0013,414222.422042,0.0,414222.422042,0.000414222422042,0.0,0.000414222422042
SPY,SPY260519C00763000,2026-05-19,1,call,763.0,870.0,1016.0,0.2185,0.0012,0.0,0.01,,0.0038,-0.0098,0.0049,https://cdn.cboe.com/api/global/delayed_quotes/options/SPY.json,0.0012,569610.3906899999,0.0,569610.3906899999,0.0005696103906899999,0.0,0.0005696103906899999
SPY,SPY260519C00764000,2026-05-19,1,call,764.0,1812.0,1713.0,0.2264,0.0011,0.0,0.01,,0.0036,-0.0095,0.0046,https://cdn.cboe.com/api/global/delayed_quotes/options/SPY.json,0.0011,1087497.5390070002,0.0,1087497.5390070002,0.0010874975390070003,0.0,0.0010874975390070003
SPY,SPY260519C00765000,2026-05-19,1,call,765.0,2166.0,494.0,0.2342,0.001,0.0,0.01,,0.0034,-0.0093,0.0044,https://cdn.cboe.com/api/global/delayed_quotes/options/SPY.json,0.001,1181777.879535,0.0,1181777.879535,0.0011817778795350001,0.0,0.0011817778795350001
SPY,SPY260519C00766000,2026-05-19,1,call,766.0,410.0,0.0,0.242,0.001,0.0,0.01,,0.0032,-0.0091,0.0042,https://cdn.cboe.com/api/global/delayed_quotes/options/SPY.json,0.001,223697.567225,0.0,223697.567225,0.000223697567225,0.0,0.000223697567225
SPY,SPY260519C00767000,2026-05-19,1,call,767.0,218.0,2.0,0.2498,0.0009,0.0,0.01,,0.0031,-0.0089,0.004,https://cdn.cboe.com/api/global/delayed_quotes/options/SPY.json,0.0009,107047.4699745,0.0,107047.4699745,0.0001070474699745,0.0,0.0001070474699745
SPY,SPY260519C00768000,2026-05-19,1,call,768.0,459.0,0.0,0.2576,0.0008,0.0,0.01,,0.003,-0.0087,0.0039,https://cdn.cboe.com/api/global/delayed_quotes/options/SPY.json,0.0008,200345.72362200005,0.0,200345.72362200005,0.00020034572362200004,0.0,0.00020034572362200004
SPY,SPY260519C00769000,2026-05-19,1,call,769.0,851.0,1.0,0.2653,0.0008,0.0,0.01,,0.0028,-0.0086,0.0037,https://cdn.cboe.com/api/global/delayed_quotes/options/SPY.json,0.0008,371447.08235800004,0.0,371447.08235800004,0.00037144708235800004,0.0,0.00037144708235800004
SPY,SPY260519C00770000,2026-05-19,1,call,770.0,2170.0,0.0,0.273,0.0008,0.0,0.01,,0.0027,-0.0084,0.0036,https://cdn.cboe.com/api/global/delayed_quotes/options/SPY.json,0.0008,947168.23586,0.0,947168.23586,0.00094716823586,0.0,0.00094716823586
SPY,SPY260519C00771000,2026-05-19,1,call,771.0,726.0,3.0,0.2806,0.0007,0.0,0.01,,0.0026,-0.0082,0.0034,https://cdn.cboe.com/api/global/delayed_quotes/options/SPY.json,0.0007,277275.8625945,0.0,277275.8625945,0.0002772758625945,0.0,0.0002772758625945
SPY,SPY260519C00772000,2026-05-19,1,call,772.0,72.0,2.0,0.2882,0.0007,0.0,0.01,,0.0025,-0.0081,0.0033,https://cdn.cboe.com/api/global/delayed_quotes/options/SPY.json,0.0007,27498.432654,0.0,27498.432654,2.7498432654000002e-05,0.0,2.7498432654000002e-05
SPY,SPY260519C00773000,2026-05-19,1,call,773.0,100.0,3.0,0.2958,0.0006,0.0,0.01,,0.0024,-0.0079,0.0032,https://cdn.cboe.com/api/global/delayed_quotes/options/SPY.json,0.0006,32736.22935,0.0,32736.22935,3.2736229350000003e-05,0.0,3.2736229350000003e-05
SPY,SPY260519C00774000,2026-05-19,1,call,774.0,63.0,0.0,0.3034,0.0006,0.0,0.01,,0.0023,-0.0078,0.0031,https://cdn.cboe.com/api/global/delayed_quotes/options/SPY.json,0.0006,20623.8244905,0.0,20623.8244905,2.0623824490499998e-05,0.0,2.0623824490499998e-05
SPY,SPY260519C00775000,2026-05-19,1,call,775.0,1022.0,0.0,0.311,0.0006,0.0,0.01,,0.0022,-0.0076,0.0029,https://cdn.cboe.com/api/global/delayed_quotes/options/SPY.json,0.0006,334564.263957,0.0,334564.263957,0.000334564263957,0.0,0.000334564263957
SPY,SPY260519C00778000,2026-05-19,1,call,778.0,1.0,0.0,0.3335,0.0005,0.0,0.01,,0.002,-0.0072,0.0026,https://cdn.cboe.com/api/global/delayed_quotes/options/SPY.json,0.0005,272.80191125,0.0,272.80191125,2.7280191125e-07,0.0,2.7280191125e-07
SPY,SPY260519C00780000,2026-05-19,1,call,780.0,798.0,0.0,0.3484,0.0004,0.0,0.01,,0.0019,-0.0069,0.0025,https://cdn.cboe.com/api/global/delayed_quotes/options/SPY.json,0.0004,174156.74014200002,0.0,174156.74014200002,0.00017415674014200003,0.0,0.00017415674014200003
SPY,SPY260519C00781000,2026-05-19,1,call,781.0,3.0,0.0,0.3558,0.0004,0.0,0.01,,0.0018,-0.0068,0.0024,https://cdn.cboe.com/api/global/delayed_quotes/options/SPY.json,0.0004,654.724587,0.0,654.724587,6.54724587e-07,0.0,6.54724587e-07
SPY,SPY260519C00782000,2026-05-19,1,call,782.0,10.0,0.0,0.3632,0.0004,0.0,0.01,,0.0017,-0.0067,0.0023,https://cdn.cboe.com/api/global/delayed_quotes/options/SPY.json,0.0004,2182.41529,0.0,2182.41529,2.18241529e-06,0.0,2.18241529e-06
SPY,SPY260519C00785000,2026-05-19,1,call,785.0,565.0,0.0,0.3852,0.0003,0.0,0.01,,0.0016,-0.0063,0.0021,https://cdn.cboe.com/api/global/delayed_quotes/options/SPY.json,0.0003,92479.84791375,0.0,92479.84791375,9.247984791375e-05,0.0,9.247984791375e-05
SPY,SPY260519C00790000,2026-05-19,1,call,790.0,1358.0,0.0,0.4215,0.0003,0.0,0.01,,0.0013,-0.0057,0.0018,https://cdn.cboe.com/api/global/delayed_quotes/options/SPY.json,0.0003,222278.99728649997,0.0,222278.99728649997,0.00022227899728649998,0.0,0.00022227899728649998
SPY,SPY260519C00795000,2026-05-19,1,call,795.0,750.0,15.0,0.4574,0.0002,0.0,0.01,,0.0011,-0.0052,0.0015,https://cdn.cboe.com/api/global/delayed_quotes/options/SPY.json,0.0002,81840.573375,0.0,81840.573375,8.1840573375e-05,0.0,8.1840573375e-05
SPY,SPY260519C00800000,2026-05-19,1,call,800.0,851.0,15.0,0.4927,0.0002,0.0,0.01,,0.001,-0.0047,0.0013,https://cdn.cboe.com/api/global/delayed_quotes/options/SPY.json,0.0002,92861.77058950001,0.0,92861.77058950001,9.286177058950001e-05,0.0,9.286177058950001e-05
SPY,SPY260519C00805000,2026-05-19,1,call,805.0,72.0,0.0,0.5277,0.0001,0.0,0.01,,0.0008,-0.0042,0.0012,https://cdn.cboe.com/api/global/delayed_quotes/options/SPY.json,0.0001,3928.3475220000005,0.0,3928.3475220000005,3.928347522e-06,0.0,3.928347522e-06
SPY,SPY260519C00810000,2026-05-19,1,call,810.0,10.0,0.0,0.5622,0.0001,0.0,0.01,,0.0007,-0.0038,0.001,https://cdn.cboe.com/api/global/delayed_quotes/options/SPY.json,0.0001,545.6038225,0.0,545.6038225,5.456038225e-07,0.0,5.456038225e-07
SPY,SPY260519C00820000,2026-05-19,1,call,820.0,659.0,0.0,0.6302,0.0001,0.0,0.01,,0.0006,-0.0031,0.0008,https://cdn.cboe.com/api/global/delayed_quotes/options/SPY.json,0.0001,35955.29190275,0.0,35955.29190275,3.595529190275e-05,0.0,3.595529190275e-05
SPY,SPY260519C00825000,2026-05-19,1,call,825.0,537.0,0.0,0.6637,0.0001,0.0,0.01,,0.0005,-0.0028,0.0007,https://cdn.cboe.com/api/global/delayed_quotes/options/SPY.json,0.0001,29298.92526825,0.0,29298.92526825,2.929892526825e-05,0.0,2.929892526825e-05
SPY,SPY260519C00845000,2026-05-19,1,call,845.0,50.0,0.0,0.7943,0.0,0.0,0.01,,0.0003,-0.0018,0.0004,https://cdn.cboe.com/api/global/delayed_quotes/options/SPY.json,0.0,0.0,0.0,0.0,0.0,0.0,0.0
SPY,SPY260519C00850000,2026-05-19,1,call,850.0,50.0,0.0,0.8262,0.0,0.0,0.01,,0.0002,-0.0016,0.0004,https://cdn.cboe.com/api/global/delayed_quotes/options/SPY.json,0.0,0.0,0.0,0.0,0.0,0.0,0.0
SPY,SPY260520P00500000,2026-05-20,2,put,500.0,32.0,1.0,1.5365,0.0,0.0,0.01,,0.0,0.0,0.0,https://cdn.cboe.com/api/global/delayed_quotes/options/SPY.json,0.0,0.0,-0.0,0.0,0.0,-0.0,0.0
SPY,SPY260520P00510000,2026-05-20,2,put,510.0,3.0,0.0,1.4626,0.0,0.0,0.01,,0.0,0.0,0.0,https://cdn.cboe.com/api/global/delayed_quotes/options/SPY.json,0.0,0.0,-0.0,0.0,0.0,-0.0,0.0
SPY,SPY260520P00520000,2026-05-20,2,put,520.0,1.0,0.0,1.39,0.0,0.0,0.01,,0.0,0.0,0.0,https://cdn.cboe.com/api/global/delayed_quotes/options/SPY.json,0.0,0.0,-0.0,0.0,0.0,-0.0,0.0
SPY,SPY260520P00535000,2026-05-20,2,put,535.0,100.0,0.0,1.2834,0.0,0.0,0.01,,0.0,-0.0001,0.0,https://cdn.cboe.com/api/global/delayed_quotes/options/SPY.json,0.0,0.0,-0.0,0.0,0.0,-0.0,0.0
SPY,SPY260520P00545000,2026-05-20,2,put,545.0,6.0,0.0,1.2138,0.0,0.0,0.01,,0.0,-0.0001,0.0,https://cdn.cboe.com/api/global/delayed_quotes/options/SPY.json,0.0,0.0,-0.0,0.0,0.0,-0.0,0.0
SPY,SPY260520P00550000,2026-05-20,2,put,550.0,258.0,5.0,1.1794,0.0,0.0,0.01,,0.0,-0.0001,0.0,https://cdn.cboe.com/api/global/delayed_quotes/options/SPY.json,0.0,0.0,-0.0,0.0,0.0,-0.0,0.0
SPY,SPY260520P00555000,2026-05-20,2,put,555.0,10.0,0.0,1.1453,0.0,0.0,0.01,,0.0,-0.0002,0.0,https://cdn.cboe.com/api/global/delayed_quotes/options/SPY.json,0.0,0.0,-0.0,0.0,0.0,-0.0,0.0
SPY,SPY260520P00560000,2026-05-20,2,put,560.0,120.0,0.0,1.1115,0.0,0.0,0.01,,0.0,-0.0003,0.0001,https://cdn.cboe.com/api/global/delayed_quotes/options/SPY.json,0.0,0.0,-0.0,0.0,0.0,-0.0,0.0
SPY,SPY260520P00565000,2026-05-20,2,put,565.0,101.0,0.0,1.0779,0.0,0.0,0.01,,0.0,-0.0004,0.0001,https://cdn.cboe.com/api/global/delayed_quotes/options/SPY.json,0.0,0.0,-0.0,0.0,0.0,-0.0,0.0
SPY,SPY260520P00570000,2026-05-20,2,put,570.0,177.0,0.0,1.0445,0.0,0.0,0.01,,0.0,-0.0005,0.0001,https://cdn.cboe.com/api/global/delayed_quotes/options/SPY.json,0.0,0.0,-0.0,0.0,0.0,-0.0,0.0
SPY,SPY260520P00580000,2026-05-20,2,put,580.0,130.0,0.0,0.9785,0.0,0.0,0.01,,-0.0001,-0.0008,0.0002,https://cdn.cboe.com/api/global/delayed_quotes/options/SPY.json,0.0,0.0,-0.0,0.0,0.0,-0.0,0.0
SPY,SPY260520P00585000,2026-05-20,2,put,585.0,25.0,0.0,0.9458,0.0,0.0,0.01,,-0.0001,-0.0009,0.0002,https://cdn.cboe.com/api/global/delayed_quotes/options/SPY.json,0.0,0.0,-0.0,0.0,0.0,-0.0,0.0
SPY,SPY260520P00590000,2026-05-20,2,put,590.0,169.0,0.0,0.9134,0.0,0.0,0.01,,-0.0001,-0.0012,0.0002,https://cdn.cboe.com/api/global/delayed_quotes/options/SPY.json,0.0,0.0,-0.0,0.0,0.0,-0.0,0.0
SPY,SPY260520P00595000,2026-05-20,2,put,595.0,6.0,0.0,0.8812,0.0,0.0,0.01,,-0.0001,-0.0015,0.0003,https://cdn.cboe.com/api/global/delayed_quotes/options/SPY.json,0.0,0.0,-0.0,0.0,0.0,-0.0,0.0
SPY,SPY260520P00600000,2026-05-20,2,put,600.0,266.0,0.0,0.8492,0.0,0.0,0.01,,-0.0002,-0.0018,0.0004,https://cdn.cboe.com/api/global/delayed_quotes/options/SPY.json,0.0,0.0,-0.0,0.0,0.0,-0.0,0.0
SPY,SPY260520P00605000,2026-05-20,2,put,605.0,709.0,0.0,0.8174,0.0,0.0,0.01,,-0.0002,-0.0022,0.0005,https://cdn.cboe.com/api/global/delayed_quotes/options/SPY.json,0.0,0.0,-0.0,0.0,0.0,-0.0,0.0
SPY,SPY260520P00610000,2026-05-20,2,put,610.0,674.0,0.0,0.7858,0.0,0.0,0.01,,-0.0003,-0.0027,0.0006,https://cdn.cboe.com/api/global/delayed_quotes/options/SPY.json,0.0,0.0,-0.0,0.0,0.0,-0.0,0.0
SPY,SPY260520P00615000,2026-05-20,2,put,615.0,118.0,1.0,0.7544,0.0,0.0,0.01,,-0.0003,-0.0033,0.0007,https://cdn.cboe.com/api/global/delayed_quotes/options/SPY.json,0.0,0.0,-0.0,0.0,0.0,-0.0,0.0
SPY,SPY260520P00620000,2026-05-20,2,put,620.0,51.0,0.0,0.7232,0.0,0.0,0.01,,-0.0004,-0.0039,0.0008,https://cdn.cboe.com/api/global/delayed_quotes/options/SPY.json,0.0,0.0,-0.0,0.0,0.0,-0.0,0.0
SPY,SPY260520P00630000,2026-05-20,2,put,630.0,223.0,120.0,0.6612,0.0001,0.0,0.01,,-0.0006,-0.0056,0.0012,https://cdn.cboe.com/api/global/delayed_quotes/options/SPY.json,0.0001,0.0,-12166.96524175,-12166.96524175,0.0,-1.216696524175e-05,-1.216696524175e-05
SPY,SPY260520P00635000,2026-05-20,2,put,635.0,107.0,14.0,0.6305,0.0001,0.0,0.01,,-0.0007,-0.0066,0.0014,https://cdn.cboe.com/api/global/delayed_quotes/options/SPY.json,0.0001,0.0,-5837.960900750001,-5837.960900750001,0.0,-5.837960900750001e-06,-5.837960900750001e-06
SPY,SPY260520P00640000,2026-05-20,2,put,640.0,446.0,751.0,0.5999,0.0001,0.0,0.01,,-0.0009,-0.0077,0.0017,https://cdn.cboe.com/api/global/delayed_quotes/options/SPY.json,0.0001,0.0,-24333.9304835,-24333.9304835,0.0,-2.43339304835e-05,-2.43339304835e-05
SPY,SPY260520C00645000,2026-05-20,2,call,645.0,1.0,0.0,0.0,0.0001,91.88,94.67,,0.999,0.0,0.002,https://cdn.cboe.com/api/global/delayed_quotes/options/SPY.json,0.0001,54.56038225,0.0,54.56038225,5.4560382250000004e-08,0.0,5.4560382250000004e-08
SPY,SPY260520P00645000,2026-05-20,2,put,645.0,422.0,19.0,0.5695,0.0001,0.0,0.01,,-0.0011,-0.009,0.002,https://cdn.cboe.com/api/global/delayed_quotes/options/SPY.json,0.0001,0.0,-23024.481309499995,-23024.481309499995,0.0,-2.3024481309499995e-05,-2.3024481309499995e-05
SPY,SPY260520P00650000,2026-05-20,2,put,650.0,323.0,1.0,0.5392,0.0001,0.0,0.01,,-0.0013,-0.0104,0.0024,https://cdn.cboe.com/api/global/delayed_quotes/options/SPY.json,0.0001,0.0,-17623.00346675,-17623.00346675,0.0,-1.762300346675e-05,-1.762300346675e-05
SPY,SPY260520P00655000,2026-05-20,2,put,655.0,128.0,6.0,0.509,0.0002,0.0,0.02,,-0.0015,-0.012,0.0028,https://cdn.cboe.com/api/global/delayed_quotes/options/SPY.json,0.0002,0.0,-13967.457856,-13967.457856,0.0,-1.3967457856000001e-05,-1.3967457856000001e-05
SPY,SPY260520C00660000,2026-05-20,2,call,660.0,8.0,1.0,0.0,0.0002,76.88,79.67,,0.9982,-0.0054,0.0032,https://cdn.cboe.com/api/global/delayed_quotes/options/SPY.json,0.0002,872.966116,0.0,872.966116,8.729661160000001e-07,0.0,8.729661160000001e-07
SPY,SPY260520P00660000,2026-05-20,2,put,660.0,132.0,1.0,0.5251,0.0002,0.01,0.02,,-0.0018,-0.0138,0.0032,https://cdn.cboe.com/api/global/delayed_quotes/options/SPY.json,0.0002,0.0,-14403.940914,-14403.940914,0.0,-1.4403940914000001e-05,-1.4403940914000001e-05
SPY,SPY260520P00665000,2026-05-20,2,put,665.0,359.0,4.0,0.4927,0.0002,0.01,0.02,,-0.0021,-0.0158,0.0038,https://cdn.cboe.com/api/global/delayed_quotes/options/SPY.json,0.0002,0.0,-39174.354455500004,-39174.354455500004,0.0,-3.917435445550001e-05,-3.917435445550001e-05
SPY,SPY260520C00670000,2026-05-20,2,call,670.0,6.0,0.0,0.0,0.0003,66.89,69.68,,0.9975,-0.0106,0.0044,https://cdn.cboe.com/api/global/delayed_quotes/options/SPY.json,0.0003,982.0868805,0.0,982.0868805,9.820868805e-07,0.0,9.820868805e-07
SPY,SPY260520P00670000,2026-05-20,2,put,670.0,980.0,33.0,0.4604,0.0003,0.01,0.02,,-0.0025,-0.018,0.0044,https://cdn.cboe.com/api/global/delayed_quotes/options/SPY.json,0.0003,0.0,-160407.523815,-160407.523815,0.0,-0.000160407523815,-0.000160407523815
SPY,SPY260520C00675000,2026-05-20,2,call,675.0,2.0,1.0,0.0,0.0004,61.89,64.68,,0.997,-0.0136,0.0052,https://cdn.cboe.com/api/global/delayed_quotes/options/SPY.json,0.0004,436.483058,0.0,436.483058,4.3648305800000003e-07,0.0,4.3648305800000003e-07
SPY,SPY260520P00675000,2026-05-20,2,put,675.0,260.0,138.0,0.4282,0.0004,0.01,0.02,,-0.003,-0.0205,0.0052,https://cdn.cboe.com/api/global/delayed_quotes/options/SPY.json,0.0004,0.0,-56742.79754000001,-56742.79754000001,0.0,-5.6742797540000004e-05,-5.6742797540000004e-05
SPY,SPY260520C00680000,2026-05-20,2,call,680.0,25.0,0.0,0.0,0.0005,56.9,59.69,,0.9964,-0.0171,0.0062,https://cdn.cboe.com/api/global/delayed_quotes/options/SPY.json,0.0005,6820.047781249999,0.0,6820.047781249999,6.82004778125e-06,0.0,6.82004778125e-06
SPY,SPY260520P00680000,2026-05-20,2,put,680.0,512.0,263.0,0.396,0.0005,0.01,0.02,,-0.0036,-0.0235,0.0062,https://cdn.cboe.com/api/global/delayed_quotes/options/SPY.json,0.0005,0.0,-139674.57856,-139674.57856,0.0,-0.00013967457856,-0.00013967457856
SPY,SPY260520C00685000,2026-05-20,2,call,685.0,35.0,12.0,0.0,0.0006,51.9,54.69,,0.9958,-0.0206,0.0072,https://cdn.cboe.com/api/global/delayed_quotes/options/SPY.json,0.0006,11457.680272499998,0.0,11457.680272499998,1.1457680272499998e-05,0.0,1.1457680272499998e-05
SPY,SPY260520P00685000,2026-05-20,2,put,685.0,144.0,31.0,0.3828,0.0006,0.02,0.03,,-0.0043,-0.0266,0.0073,https://cdn.cboe.com/api/global/delayed_quotes/options/SPY.json,0.0006,0.0,-47140.170264,-47140.170264,0.0,-4.7140170264e-05,-4.7140170264e-05
SPY,SPY260520C00686000,2026-05-20,2,call,686.0,1.0,0.0,0.0,0.0006,50.9,53.69,,0.9956,-0.0216,0.0075,https://cdn.cboe.com/api/global/delayed_quotes/options/SPY.json,0.0006,327.36229349999996,0.0,327.36229349999996,3.2736229349999994e-07,0.0,3.2736229349999994e-07
SPY,SPY260520P00686000,2026-05-20,2,put,686.0,469.0,54.0,0.3761,0.0006,0.02,0.03,,-0.0045,-0.0273,0.0075,https://cdn.cboe.com/api/global/delayed_quotes/options/SPY.json,0.0006,0.0,-153532.9156515,-153532.9156515,0.0,-0.0001535329156515,-0.0001535329156515
SPY,SPY260520P00687000,2026-05-20,2,put,687.0,52.0,64.0,0.3694,0.0006,0.02,0.03,,-0.0046,-0.028,0.0078,https://cdn.cboe.com/api/global/delayed_quotes/options/SPY.json,0.0006,0.0,-17022.839261999998,-17022.839261999998,0.0,-1.7022839262e-05,-1.7022839262e-05
SPY,SPY260520P00688000,2026-05-20,2,put,688.0,295.0,60.0,0.3626,0.0007,0.02,0.03,,-0.0048,-0.0288,0.008,https://cdn.cboe.com/api/global/delayed_quotes/options/SPY.json,0.0007,0.0,-112667.18934625,-112667.18934625,0.0,-0.00011266718934625001,-0.00011266718934625001
SPY,SPY260520P00689000,2026-05-20,2,put,689.0,19.0,2.0,0.3559,0.0007,0.02,0.03,,-0.005,-0.0296,0.0083,https://cdn.cboe.com/api/global/delayed_quotes/options/SPY.json,0.0007,0.0,-7256.530839249999,-7256.530839249999,0.0,-7.256530839249999e-06,-7.256530839249999e-06
SPY,SPY260520C00690000,2026-05-20,2,call,690.0,1.0,1.0,0.0,0.0008,46.91,48.49,,0.9948,-0.0251,0.0086,https://cdn.cboe.com/api/global/delayed_quotes/options/SPY.json,0.0008,436.483058,0.0,436.483058,4.3648305800000003e-07,0.0,4.3648305800000003e-07
SPY,SPY260520P00690000,2026-05-20,2,put,690.0,491.0,44.0,0.3492,0.0008,0.02,0.03,,-0.0052,-0.0304,0.0086,https://cdn.cboe.com/api/global/delayed_quotes/options/SPY.json,0.0008,0.0,-214313.181478,-214313.181478,0.0,-0.00021431318147800002,-0.00021431318147800002
SPY,SPY260520C00691000,2026-05-20,2,call,691.0,17.0,0.0,0.0,0.0008,45.91,48.16,,0.9946,-0.026,0.009,https://cdn.cboe.com/api/global/delayed_quotes/options/SPY.json,0.0008,7420.211986000001,0.0,7420.211986000001,7.4202119860000015e-06,0.0,7.4202119860000015e-06
SPY,SPY260520P00691000,2026-05-20,2,put,691.0,64.0,4.0,0.3553,0.0008,0.03,0.04,,-0.0054,-0.0312,0.009,https://cdn.cboe.com/api/global/delayed_quotes/options/SPY.json,0.0008,0.0,-27934.915712,-27934.915712,0.0,-2.7934915712000002e-05,-2.7934915712000002e-05
SPY,SPY260520P00692000,2026-05-20,2,put,692.0,360.0,5.0,0.3483,0.0008,0.03,0.04,,-0.0056,-0.0321,0.0093,https://cdn.cboe.com/api/global/delayed_quotes/options/SPY.json,0.0008,0.0,-157133.90088000003,-157133.90088000003,0.0,-0.00015713390088000002,-0.00015713390088000002
SPY,SPY260520C00693000,2026-05-20,2,call,693.0,5.0,1.0,0.0,0.0009,43.91,45.49,,0.9942,-0.0281,0.0097,https://cdn.cboe.com/api/global/delayed_quotes/options/SPY.json,0.0009,2455.21720125,0.0,2455.21720125,2.45521720125e-06,0.0,2.45521720125e-06
SPY,SPY260520P00693000,2026-05-20,2,put,693.0,449.0,2.0,0.3414,0.0009,0.03,0.04,,-0.0059,-0.0331,0.0097,https://cdn.cboe.com/api/global/delayed_quotes/options/SPY.json,0.0009,0.0,-220478.50467225004,-220478.50467225004,0.0,-0.00022047850467225003,-0.00022047850467225003
SPY,SPY260520C00694000,2026-05-20,2,call,694.0,2.0,0.0,0.0,0.0009,42.91,45.7,,0.9939,-0.0292,0.01,https://cdn.cboe.com/api/global/delayed_quotes/options/SPY.json,0.0009,982.0868805,0.0,982.0868805,9.820868805e-07,0.0,9.820868805e-07
SPY,SPY260520P00694000,2026-05-20,2,put,694.0,194.0,11.0,0.3345,0.0009,0.03,0.04,,-0.0062,-0.0341,0.0101,https://cdn.cboe.com/api/global/delayed_quotes/options/SPY.json,0.0009,0.0,-95262.42740849999,-95262.42740849999,0.0,-9.526242740849999e-05,-9.526242740849999e-05
SPY,SPY260520C00695000,2026-05-20,2,call,695.0,21.0,12.0,0.3238,0.001,41.92,44.7,,0.9936,-0.0305,0.0105,https://cdn.cboe.com/api/global/delayed_quotes/options/SPY.json,0.001,11457.6802725,0.0,11457.6802725,1.14576802725e-05,0.0,1.14576802725e-05
SPY,SPY260520P00695000,2026-05-20,2,put,695.0,324.0,13.0,0.3276,0.001,0.03,0.04,,-0.0064,-0.0352,0.0105,https://cdn.cboe.com/api/global/delayed_quotes/options/SPY.json,0.001,0.0,-176775.63849,-176775.63849,0.0,-0.00017677563849000002,-0.00017677563849000002
SPY,SPY260520P00696000,2026-05-20,2,put,696.0,329.0,0.0,0.3206,0.0011,0.03,0.04,,-0.0067,-0.0365,0.0109,https://cdn.cboe.com/api/global/delayed_quotes/options/SPY.json,0.0011,0.0,-197454.02336275,-197454.02336275,0.0,-0.00019745402336275,-0.00019745402336275
SPY,SPY260520P00697000,2026-05-20,2,put,697.0,147.0,29.0,0.3137,0.0011,0.03,0.04,,-0.0071,-0.0378,0.0114,https://cdn.cboe.com/api/global/delayed_quotes/options/SPY.json,0.0011,0.0,-88224.13809825001,-88224.13809825001,0.0,-8.822413809825001e-05,-8.822413809825001e-05
SPY,SPY260520C00698000,2026-05-20,2,call,698.0,1.0,0.0,0.2564,0.0012,38.92,41.71,,0.9926,-0.0348,0.0119,https://cdn.cboe.com/api/global/delayed_quotes/options/SPY.json,0.0012,654.7245869999999,0.0,654.7245869999999,6.547245869999999e-07,0.0,6.547245869999999e-07
SPY,SPY260520P00698000,2026-05-20,2,put,698.0,609.0,427.0,0.3159,0.0012,0.04,0.05,,-0.0074,-0.0392,0.012,https://cdn.cboe.com/api/global/delayed_quotes/options/SPY.json,0.0012,0.0,-398727.27348299994,-398727.27348299994,0.0,-0.00039872727348299995,-0.00039872727348299995
SPY,SPY260520C00699000,2026-05-20,2,call,699.0,9.0,12.0,0.2106,0.0013,37.92,40.71,,0.9922,-0.0365,0.0125,https://cdn.cboe.com/api/global/delayed_quotes/options/SPY.json,0.0013,6383.56472325,0.0,6383.56472325,6.3835647232499994e-06,0.0,6.3835647232499994e-06
SPY,SPY260520P00699000,2026-05-20,2,put,699.0,1318.0,666.0,0.3088,0.0013,0.04,0.05,,-0.0078,-0.0408,0.0125,https://cdn.cboe.com/api/global/delayed_quotes/options/SPY.json,0.0013,0.0,-934837.5894714999,-934837.5894714999,0.0,-0.0009348375894714999,-0.0009348375894714999
SPY,SPY260520C00700000,2026-05-20,2,call,700.0,22.0,2.0,0.2979,0.0014,36.93,39.72,,0.9917,-0.0384,0.0132,https://cdn.cboe.com/api/global/delayed_quotes/options/SPY.json,0.0014,16804.597733,0.0,16804.597733,1.6804597733e-05,0.0,1.6804597733e-05
SPY,SPY260520P00700000,2026-05-20,2,put,700.0,775.0,422.0,0.3017,0.0014,0.04,0.05,,-0.0083,-0.0426,0.0132,https://cdn.cboe.com/api/global/delayed_quotes/options/SPY.json,0.0014,0.0,-591980.1474125,-591980.1474125,0.0,-0.0005919801474125,-0.0005919801474125
SPY,SPY260520C00701000,2026-05-20,2,call,701.0,24.0,3.0,0.0,0.0015,35.93,37.5,,0.9912,-0.0405,0.0139,https://cdn.cboe.com/api/global/delayed_quotes/options/SPY.json,0.0015,19641.737610000004,0.0,19641.737610000004,1.9641737610000003e-05,0.0,1.9641737610000003e-05
SPY,SPY260520P00701000,2026-05-20,2,put,701.0,550.0,151.0,0.2946,0.0015,0.04,0.05,,-0.0088,-0.0446,0.0139,https://cdn.cboe.com/api/global/delayed_quotes/options/SPY.json,0.0015,0.0,-450123.1535625,-450123.1535625,0.0,-0.00045012315356250004,-0.00045012315356250004
SPY,SPY260520C00702000,2026-05-20,2,call,702.0,1.0,0.0,0.2442,0.0016,34.93,37.72,,0.9907,-0.0429,0.0147,https://cdn.cboe.com/api/global/delayed_quotes/options/SPY.json,0.0016,872.966116,0.0,872.966116,8.729661160000001e-07,0.0,8.729661160000001e-07
SPY,SPY260520P00702000,2026-05-20,2,put,702.0,669.0,111.0,0.2874,0.0016,0.04,0.05,,-0.0093,-0.0468,0.0146,https://cdn.cboe.com/api/global/delayed_quotes/options/SPY.json,0.0016,0.0,-584014.3316040001,-584014.3316040001,0.0,-0.0005840143316040001,-0.0005840143316040001
SPY,SPY260520C00703000,2026-05-20,2,call,703.0,5.0,0.0,0.2378,0.0017,33.93,36.72,,0.99,-0.0455,0.0155,https://cdn.cboe.com/api/global/delayed_quotes/options/SPY.json,0.0017,4637.6324912499995,0.0,4637.6324912499995,4.63763249125e-06,0.0,4.63763249125e-06
SPY,SPY260520P00703000,2026-05-20,2,put,703.0,293.0,29.0,0.2874,0.0017,0.05,0.06,,-0.01,-0.0493,0.0155,https://cdn.cboe.com/api/global/delayed_quotes/options/SPY.json,0.0017,0.0,-271765.26398725004,-271765.26398725004,0.0,-0.00027176526398725007,-0.00027176526398725007
SPY,SPY260520C00704000,2026-05-20,2,call,704.0,34.0,1.0,0.0,0.0018,32.94,34.51,,0.9893,-0.0485,0.0165,https://cdn.cboe.com/api/global/delayed_quotes/options/SPY.json,0.0018,33390.953937,0.0,33390.953937,3.3390953937e-05,0.0,3.3390953937e-05
SPY,SPY260520P00704000,2026-05-20,2,put,704.0,263.0,640.0,0.2801,0.0018,0.05,0.06,,-0.0107,-0.0522,0.0165,https://cdn.cboe.com/api/global/delayed_quotes/options/SPY.json,0.0018,0.0,-258288.84957149997,-258288.84957149997,0.0,-0.0002582888495715,-0.0002582888495715
SPY,SPY260520C00705000,2026-05-20,2,call,705.0,36.0,3.0,0.2414,0.002,31.95,34.73,,0.9885,-0.0519,0.0175,https://cdn.cboe.com/api/global/delayed_quotes/options/SPY.json,0.002,39283.47522000001,0.0,39283.47522000001,3.9283475220000005e-05,0.0,3.9283475220000005e-05
SPY,SPY260520P00705000,2026-05-20,2,put,705.0,534.0,142.0,0.2728,0.002,0.05,0.06,,-0.0115,-0.0555,0.0175,https://cdn.cboe.com/api/global/delayed_quotes/options/SPY.json,0.002,0.0,-582704.8824300001,-582704.8824300001,0.0,-0.0005827048824300001,-0.0005827048824300001
SPY,SPY260520P00706000,2026-05-20,2,put,706.0,447.0,122.0,0.2716,0.0022,0.06,0.07,,-0.0124,-0.0594,0.0187,https://cdn.cboe.com/api/global/delayed_quotes/options/SPY.json,0.0022,0.0,-536546.7990465,-536546.7990465,0.0,-0.0005365467990465,-0.0005365467990465
SPY,SPY260520C00707000,2026-05-20,2,call,707.0,1.0,0.0,0.2384,0.0024,29.95,32.74,,0.9866,-0.0603,0.0201,https://cdn.cboe.com/api/global/delayed_quotes/options/SPY.json,0.0024,1309.4491739999999,0.0,1309.4491739999999,1.3094491739999998e-06,0.0,1.3094491739999998e-06
SPY,SPY260520P00707000,2026-05-20,2,put,707.0,222.0,151.0,0.2642,0.0024,0.06,0.07,,-0.0134,-0.0637,0.0201,https://cdn.cboe.com/api/global/delayed_quotes/options/SPY.json,0.0024,0.0,-290697.71662799997,-290697.71662799997,0.0,-0.00029069771662799997,-0.00029069771662799997
SPY,SPY260520C00708000,2026-05-20,2,call,708.0,8.0,9.0,0.2584,0.0026,28.96,31.74,,0.9854,-0.0655,0.0217,https://cdn.cboe.com/api/global/delayed_quotes/options/SPY.json,0.0026,11348.559508,0.0,11348.559508,1.1348559508e-05,0.0,1.1348559508e-05
SPY,SPY260520P00708000,2026-05-20,2,put,708.0,234.0,513.0,0.262,0.0026,0.07,0.08,,-0.0146,-0.0685,0.0216,https://cdn.cboe.com/api/global/delayed_quotes/options/SPY.json,0.0026,0.0,-331945.365609,-331945.365609,0.0,-0.000331945365609,-0.000331945365609
SPY,SPY260520C00709000,2026-05-20,2,call,709.0,6.0,114.0,0.2681,0.0028,27.97,30.75,,0.984,-0.0713,0.0234,https://cdn.cboe.com/api/global/delayed_quotes/options/SPY.json,0.0028,9166.144218,0.0,9166.144218,9.166144218e-06,0.0,9.166144218e-06
SPY,SPY260520P00709000,2026-05-20,2,put,709.0,451.0,172.0,0.2544,0.0028,0.07,0.08,,-0.016,-0.0743,0.0233,https://cdn.cboe.com/api/global/delayed_quotes/options/SPY.json,0.0028,0.0,-688988.5070529999,-688988.5070529999,0.0,-0.0006889885070529999,-0.0006889885070529999
SPY,SPY260520C00710000,2026-05-20,2,call,710.0,17.0,8.0,0.0,0.0032,26.97,28.55,,0.9824,-0.0781,0.0253,https://cdn.cboe.com/api/global/delayed_quotes/options/SPY.json,0.0032,29680.847944000005,0.0,29680.847944000005,2.9680847944000006e-05,0.0,2.9680847944000006e-05
SPY,SPY260520P00710000,2026-05-20,2,put,710.0,1315.0,600.0,0.2513,0.0031,0.08,0.09,,-0.0176,-0.0809,0.0253,https://cdn.cboe.com/api/global/delayed_quotes/options/SPY.json,0.0031,0.0,-2224153.9824212505,-2224153.9824212505,0.0,-0.0022241539824212507,-0.0022241539824212507
SPY,SPY260520C00711000,2026-05-20,2,call,711.0,6.0,6.0,0.0,0.0035,25.98,27.56,,0.9805,-0.086,0.0276,https://cdn.cboe.com/api/global/delayed_quotes/options/SPY.json,0.0035,11457.6802725,0.0,11457.6802725,1.14576802725e-05,0.0,1.14576802725e-05
SPY,SPY260520P00711000,2026-05-20,2,put,711.0,650.0,464.0,0.2476,0.0035,0.09,0.1,,-0.0194,-0.0887,0.0274,https://cdn.cboe.com/api/global/delayed_quotes/options/SPY.json,0.0035,0.0,-1241248.6961875001,-1241248.6961875001,0.0,-0.0012412486961875001,-0.0012412486961875001
SPY,SPY260520C00712000,2026-05-20,2,call,712.0,5.0,4.0,0.0,0.0039,24.99,26.58,,0.9784,-0.0952,0.0301,https://cdn.cboe.com/api/global/delayed_quotes/options/SPY.json,0.0039,10639.27453875,0.0,10639.27453875,1.0639274538749999e-05,0.0,1.0639274538749999e-05
SPY,SPY260520P00712000,2026-05-20,2,put,712.0,600.0,612.0,0.2434,0.0038,0.1,0.11,,-0.0215,-0.0976,0.03,https://cdn.cboe.com/api/global/delayed_quotes/options/SPY.json,0.0038,0.0,-1243976.7152999998,-1243976.7152999998,0.0,-0.0012439767152999997,-0.0012439767152999997
SPY,SPY260520C00713000,2026-05-20,2,call,713.0,2.0,2.0,0.2201,0.0043,25.22,25.56,,0.9759,-0.1057,0.0329,https://cdn.cboe.com/api/global/delayed_quotes/options/SPY.json,0.0043,4692.1928735,0.0,4692.1928735,4.6921928735e-06,0.0,4.6921928735e-06
SPY,SPY260520P00713000,2026-05-20,2,put,713.0,378.0,948.0,0.2383,0.0043,0.11,0.12,,-0.0241,-0.1083,0.0329,https://cdn.cboe.com/api/global/delayed_quotes/options/SPY.json,0.0043,0.0,-886824.4530915,-886824.4530915,0.0,-0.0008868244530915,-0.0008868244530915
SPY,SPY260520C00714000,2026-05-20,2,call,714.0,13.0,1294.0,0.2167,0.0048,24.23,24.57,,0.973,-0.1179,0.0361,https://cdn.cboe.com/api/global/delayed_quotes/options/SPY.json,0.0048,34045.678523999995,0.0,34045.678523999995,3.4045678524e-05,0.0,3.4045678524e-05
SPY,SPY260520P00714000,2026-05-20,2,put,714.0,703.0,815.0,0.2333,0.0048,0.12,0.13,,-0.027,-0.1204,0.0361,https://cdn.cboe.com/api/global/delayed_quotes/options/SPY.json,0.0048,0.0,-1841085.5386439997,-1841085.5386439997,0.0,-0.0018410855386439997,-0.0018410855386439997
SPY,SPY260520C00715000,2026-05-20,2,call,715.0,148.0,654.0,0.218,0.0054,23.23,23.59,,0.9697,-0.132,0.0397,https://cdn.cboe.com/api/global/delayed_quotes/options/SPY.json,0.0054,436046.574942,0.0,436046.574942,0.000436046574942,0.0,0.000436046574942
SPY,SPY260520P00715000,2026-05-20,2,put,715.0,1133.0,2280.0,0.2308,0.0054,0.14,0.15,,-0.0303,-0.1343,0.0396,https://cdn.cboe.com/api/global/delayed_quotes/options/SPY.json,0.0054,0.0,-3338113.3068195004,-3338113.3068195004,0.0,-0.0033381133068195006,-0.0033381133068195006
SPY,SPY260520C00716000,2026-05-20,2,call,716.0,20.0,518.0,0.2146,0.006,22.24,22.61,,0.9658,-0.1482,0.0437,https://cdn.cboe.com/api/global/delayed_quotes/options/SPY.json,0.006,65472.4587,0.0,65472.4587,6.547245870000001e-05,0.0,6.547245870000001e-05
SPY,SPY260520P00716000,2026-05-20,2,put,716.0,546.0,1271.0,0.2275,0.006,0.16,0.17,,-0.0341,-0.1504,0.0437,https://cdn.cboe.com/api/global/delayed_quotes/options/SPY.json,0.006,0.0,-1787398.1225100001,-1787398.1225100001,0.0,-0.0017873981225100001,-0.0017873981225100001
SPY,SPY260520C00717000,2026-05-20,2,call,717.0,15.0,1547.0,0.2229,0.0068,21.27,21.63,,0.9614,-0.1668,0.0482,https://cdn.cboe.com/api/global/delayed_quotes/options/SPY.json,0.0068,55651.589895000005,0.0,55651.589895000005,5.565158989500001e-05,0.0,5.565158989500001e-05
SPY,SPY260520P00717000,2026-05-20,2,put,717.0,729.0,1887.0,0.2236,0.0068,0.18,0.19,,-0.0386,-0.1691,0.0482,https://cdn.cboe.com/api/global/delayed_quotes/options/SPY.json,0.0068,0.0,-2704667.2688969993,-2704667.2688969993,0.0,-0.0027046672688969993,-0.0027046672688969993
SPY,SPY260520C00718000,2026-05-20,2,call,718.0,5.0,4126.0,0.2183,0.0076,20.29,20.66,,0.9563,-0.1882,0.0532,https://cdn.cboe.com/api/global/delayed_quotes/options/SPY.json,0.0076,20732.945255,0.0,20732.945255,2.0732945255e-05,0.0,2.0732945255e-05
SPY,SPY260520P00718000,2026-05-20,2,put,718.0,20513.0,21061.0,0.219,0.0076,0.21,0.22,,-0.0438,-0.1903,0.0532,https://cdn.cboe.com/api/global/delayed_quotes/options/SPY.json,0.0076,0.0,-85058981.203163,-85058981.203163,0.0,-0.08505898120316299,-0.08505898120316299
SPY,SPY260520C00719000,2026-05-20,2,call,719.0,55.0,5021.0,0.2206,0.0086,19.33,19.69,,0.9504,-0.2123,0.0588,https://cdn.cboe.com/api/global/delayed_quotes/options/SPY.json,0.0086,258070.60804249998,0.0,258070.60804249998,0.0002580706080425,0.0,0.0002580706080425
SPY,SPY260520P00719000,2026-05-20,2,put,719.0,550.0,3045.0,0.2177,0.0086,0.24,0.25,,-0.0496,-0.2144,0.0588,https://cdn.cboe.com/api/global/delayed_quotes/options/SPY.json,0.0086,0.0,-2580706.0804250007,-2580706.0804250007,0.0,-0.0025807060804250007,-0.0025807060804250007
SPY,SPY260520C00720000,2026-05-20,2,call,720.0,195.0,9419.0,0.2069,0.0096,18.36,18.72,,0.9436,-0.2398,0.0649,https://cdn.cboe.com/api/global/delayed_quotes/options/SPY.json,0.0096,1021370.35572,0.0,1021370.35572,0.00102137035572,0.0,0.00102137035572
SPY,SPY260520P00720000,2026-05-20,2,put,720.0,3034.0,9767.0,0.2135,0.0096,0.27,0.29,,-0.0564,-0.2414,0.0648,https://cdn.cboe.com/api/global/delayed_quotes/options/SPY.json,0.0096,0.0,-15891475.175664,-15891475.175664,0.0,-0.015891475175664,-0.015891475175664
SPY,SPY260520C00721000,2026-05-20,2,call,721.0,75.0,9252.0,0.2036,0.0108,17.4,17.76,,0.9358,-0.2707,0.0715,https://cdn.cboe.com/api/global/delayed_quotes/options/SPY.json,0.0108,441939.09622500004,0.0,441939.09622500004,0.00044193909622500005,0.0,0.00044193909622500005
SPY,SPY260520P00721000,2026-05-20,2,put,721.0,603.0,1411.0,0.2103,0.0108,0.31,0.33,,-0.0642,-0.2727,0.0716,https://cdn.cboe.com/api/global/delayed_quotes/options/SPY.json,0.0108,0.0,-3553190.333649,-3553190.333649,0.0,-0.0035531903336490003,-0.0035531903336490003
SPY,SPY260520C00722000,2026-05-20,2,call,722.0,2.0,81.0,0.207,0.0121,16.45,16.81,,0.927,-0.3055,0.0789,https://cdn.cboe.com/api/global/delayed_quotes/options/SPY.json,0.0121,13203.612504499999,0.0,13203.612504499999,1.3203612504499999e-05,0.0,1.3203612504499999e-05
SPY,SPY260520P00722000,2026-05-20,2,put,722.0,972.0,2095.0,0.2076,0.0122,0.36,0.38,,-0.0731,-0.3073,0.0789,https://cdn.cboe.com/api/global/delayed_quotes/options/SPY.json,0.0122,0.0,-6469988.368734001,-6469988.368734001,0.0,-0.006469988368734001,-0.006469988368734001
SPY,SPY260520C00723000,2026-05-20,2,call,723.0,419.0,129.0,0.2034,0.0136,15.5,15.86,,0.9168,-0.3439,0.0868,https://cdn.cboe.com/api/global/delayed_quotes/options/SPY.json,0.0136,3109068.8221339993,0.0,3109068.8221339993,0.0031090688221339993,0.0,0.0031090688221339993
SPY,SPY260520P00723000,2026-05-20,2,put,723.0,824.0,5303.0,0.2045,0.0136,0.41,0.43,,-0.0832,-0.3456,0.0868,https://cdn.cboe.com/api/global/delayed_quotes/options/SPY.json,0.0136,0.0,-6114254.676464,-6114254.676464,0.0,-0.006114254676464,-0.006114254676464
SPY,SPY260520C00724000,2026-05-20,2,call,724.0,22.0,33.0,0.196,0.0152,14.6,14.93,,0.9053,-0.3869,0.0953,https://cdn.cboe.com/api/global/delayed_quotes/options/SPY.json,0.0152,182449.918244,0.0,182449.918244,0.000182449918244,0.0,0.000182449918244
SPY,SPY260520P00724000,2026-05-20,2,put,724.0,787.0,2845.0,0.2016,0.0152,0.48,0.5,,-0.0947,-0.3882,0.0953,https://cdn.cboe.com/api/global/delayed_quotes/options/SPY.json,0.0152,0.0,-6526731.166274001,-6526731.166274001,0.0,-0.006526731166274001,-0.006526731166274001
SPY,SPY260520C00725000,2026-05-20,2,call,725.0,446.0,976.0,0.1932,0.017,13.67,14.0,,0.8922,-0.4337,0.1045,https://cdn.cboe.com/api/global/delayed_quotes/options/SPY.json,0.017,4136768.1821950004,0.0,4136768.1821950004,0.004136768182195,0.0,0.004136768182195
SPY,SPY260520P00725000,2026-05-20,2,put,725.0,2456.0,10495.0,0.1982,0.017,0.55,0.57,,-0.1078,-0.4349,0.1045,https://cdn.cboe.com/api/global/delayed_quotes/options/SPY.json,0.017,0.0,-22780050.797020003,-22780050.797020003,0.0,-0.02278005079702,-0.02278005079702
SPY,SPY260520C00726000,2026-05-20,2,call,726.0,67.0,374.0,0.1943,0.0189,12.75,13.09,,0.8774,-0.4846,0.1141,https://cdn.cboe.com/api/global/delayed_quotes/options/SPY.json,0.0189,690898.12043175,0.0,690898.12043175,0.00069089812043175,0.0,0.00069089812043175
SPY,SPY260520P00726000,2026-05-20,2,put,726.0,1060.0,2961.0,0.1952,0.0189,0.64,0.66,,-0.1227,-0.4862,0.1142,https://cdn.cboe.com/api/global/delayed_quotes/options/SPY.json,0.0189,0.0,-10930626.979965,-10930626.979965,0.0,-0.010930626979964999,-0.010930626979964999
SPY,SPY260520C00727000,2026-05-20,2,call,727.0,60.0,49.0,0.1882,0.0209,11.85,12.19,,0.8606,-0.5393,0.1244,https://cdn.cboe.com/api/global/delayed_quotes/options/SPY.json,0.0209,684187.193415,0.0,684187.193415,0.000684187193415,0.0,0.000684187193415
SPY,SPY260520P00727000,2026-05-20,2,put,727.0,3319.0,7666.0,0.1924,0.0209,0.74,0.76,,-0.1395,-0.5408,0.1244,https://cdn.cboe.com/api/global/delayed_quotes/options/SPY.json,0.0209,0.0,-37846954.915739745,-37846954.915739745,0.0,-0.03784695491573974,-0.03784695491573974
SPY,SPY260520C00728000,2026-05-20,2,call,728.0,203.0,1225.0,0.1877,0.0231,11.02,11.3,,0.8418,-0.5973,0.1349,https://cdn.cboe.com/api/global/delayed_quotes/options/SPY.json,0.0231,2558500.00484925,0.0,2558500.00484925,0.00255850000484925,0.0,0.00255850000484925
SPY,SPY260520P00728000,2026-05-20,2,put,728.0,1234.0,3022.0,0.19,0.0231,0.85,0.87,,-0.1583,-0.5988,0.1349,https://cdn.cboe.com/api/global/delayed_quotes/options/SPY.json,0.0231,0.0,-15552655.2018915,-15552655.2018915,0.0,-0.0155526552018915,-0.0155526552018915
SPY,SPY260520C00729000,2026-05-20,2,call,729.0,178.0,3975.0,0.187,0.0254,10.1,10.44,,0.8208,-0.6579,0.1458,https://cdn.cboe.com/api/global/delayed_quotes/options/SPY.json,0.0254,2466784.002287,0.0,2466784.002287,0.002466784002287,0.0,0.002466784002287
SPY,SPY260520P00729000,2026-05-20,2,put,729.0,865.0,1994.0,0.187,0.0255,0.98,1.01,,-0.1794,-0.6594,0.1459,https://cdn.cboe.com/api/global/delayed_quotes/options/SPY.json,0.0255,0.0,-12034656.314793749,-12034656.314793749,0.0,-0.01203465631479375,-0.01203465631479375
SPY,SPY260520C00730000,2026-05-20,2,call,730.0,313.0,287.0,0.1847,0.0278,9.26,9.59,,0.7974,-0.72,0.1568,https://cdn.cboe.com/api/global/delayed_quotes/options/SPY.json,0.0278,4747517.1011015,0.0,4747517.1011015,0.0047475171011015,0.0,0.0047475171011015
SPY,SPY260520P00730000,2026-05-20,2,put,730.0,6266.0,13701.0,0.1841,0.0279,1.14,1.17,,-0.2029,-0.7215,0.1568,https://cdn.cboe.com/api/global/delayed_quotes/options/SPY.json,0.0279,0.0,-95383224.0948015,-95383224.0948015,0.0,-0.0953832240948015,-0.0953832240948015
SPY,SPY260520C00731000,2026-05-20,2,call,731.0,551.0,125.0,0.1817,0.0303,8.5,8.77,,0.7714,-0.7823,0.1677,https://cdn.cboe.com/api/global/delayed_quotes/options/SPY.json,0.0303,9109019.49778425,0.0,9109019.49778425,0.009109019497784249,0.0,0.009109019497784249
SPY,SPY260520P00731000,2026-05-20,2,put,731.0,564.0,5957.0,0.1817,0.0304,1.32,1.34,,-0.2289,-0.784,0.1678,https://cdn.cboe.com/api/global/delayed_quotes/options/SPY.json,0.0304,0.0,-9354704.899056,-9354704.899056,0.0,-0.009354704899056,-0.009354704899056
SPY,SPY260520C00732000,2026-05-20,2,call,732.0,276.0,457.0,0.1773,0.0328,7.64,8.02,,0.7428,-0.843,0.1783,https://cdn.cboe.com/api/global/delayed_quotes/options/SPY.json,0.0328,4939242.284328001,0.0,4939242.284328001,0.004939242284328,0.0,0.004939242284328
SPY,SPY260520P00732000,2026-05-20,2,put,732.0,964.0,4289.0,0.1793,0.0328,1.52,1.55,,-0.2576,-0.8448,0.1784,https://cdn.cboe.com/api/global/delayed_quotes/options/SPY.json,0.0328,0.0,-17251556.384392,-17251556.384392,0.0,-0.017251556384392002,-0.017251556384392002
SPY,SPY260520C00733000,2026-05-20,2,call,733.0,558.0,724.0,0.1759,0.0352,6.94,7.14,,0.7115,-0.9,0.1884,https://cdn.cboe.com/api/global/delayed_quotes/options/SPY.json,0.0352,10716532.040016001,0.0,10716532.040016001,0.010716532040016002,0.0,0.010716532040016002
SPY,SPY260520P00733000,2026-05-20,2,put,733.0,2797.0,7185.0,0.1767,0.0353,1.75,1.78,,-0.2891,-0.9022,0.1885,https://cdn.cboe.com/api/global/delayed_quotes/options/SPY.json,0.0353,0.0,-53869702.37109725,-53869702.37109725,0.0,-0.05386970237109725,-0.05386970237109725
SPY,SPY260520C00734000,2026-05-20,2,call,734.0,215.0,1375.0,0.1736,0.0375,6.18,6.41,,0.6775,-0.9508,0.1975,https://cdn.cboe.com/api/global/delayed_quotes/options/SPY.json,0.0375,4398930.81890625,0.0,4398930.81890625,0.004398930818906251,0.0,0.004398930818906251
SPY,SPY260520P00734000,2026-05-20,2,put,734.0,862.0,12093.0,0.1744,0.0377,2.02,2.05,,-0.3232,-0.9534,0.1976,https://cdn.cboe.com/api/global/delayed_quotes/options/SPY.json,0.0377,0.0,-17730705.6613115,-17730705.6613115,0.0,-0.0177307056613115,-0.0177307056613115
SPY,SPY260520C00735000,2026-05-20,2,call,735.0,516.0,6316.0,0.1714,0.0396,5.56,5.72,,0.6409,-0.993,0.2054,https://cdn.cboe.com/api/global/delayed_quotes/options/SPY.json,0.0396,11148650.267436001,0.0,11148650.267436001,0.011148650267436002,0.0,0.011148650267436002
SPY,SPY260520P00735000,2026-05-20,2,put,735.0,2920.0,10950.0,0.1724,0.0398,2.31,2.35,,-0.36,-0.9963,0.2055,https://cdn.cboe.com/api/global/delayed_quotes/options/SPY.json,0.0398,0.0,-63407893.83566,-63407893.83566,0.0,-0.06340789383566,-0.06340789383566
SPY,SPY260520C00736000,2026-05-20,2,call,736.0,553.0,10525.0,0.167,0.0415,4.88,4.98,,0.6018,-1.0238,0.2118,https://cdn.cboe.com/api/global/delayed_quotes/options/SPY.json,0.0415,12521334.924463749,0.0,12521334.924463749,0.012521334924463749,0.0,0.012521334924463749
SPY,SPY260520P00736000,2026-05-20,2,put,736.0,792.0,7365.0,0.1698,0.0417,2.65,2.68,,-0.3992,-1.0278,0.2118,https://cdn.cboe.com/api/global/delayed_quotes/options/SPY.json,0.0417,0.0,-18019330.083414003,-18019330.083414003,0.0,-0.018019330083414005,-0.018019330083414005
SPY,SPY260520C00737000,2026-05-20,2,call,737.0,750.0,9221.0,0.1652,0.043,4.27,4.33,,0.5606,-1.0409,0.2162,https://cdn.cboe.com/api/global/delayed_quotes/options/SPY.json,0.043,17595723.275625,0.0,17595723.275625,0.017595723275625003,0.0,0.017595723275625003
SPY,SPY260520P00737000,2026-05-20,2,put,737.0,1304.0,8837.0,0.1672,0.0433,3.02,3.06,,-0.4408,-1.046,0.2162,https://cdn.cboe.com/api/global/delayed_quotes/options/SPY.json,0.0433,0.0,-30806537.750582,-30806537.750582,0.0,-0.030806537750581998,-0.030806537750581998
SPY,SPY260520C00738000,2026-05-20,2,call,738.0,685.0,16132.0,0.1638,0.0441,3.72,3.75,,0.5176,-1.0421,0.2184,https://cdn.cboe.com/api/global/delayed_quotes/options/SPY.json,0.0441,16481873.071991252,0.0,16481873.071991252,0.01648187307199125,0.0,0.01648187307199125
SPY,SPY260520P00738000,2026-05-20,2,put,738.0,1622.0,6879.0,0.165,0.0444,3.44,3.48,,-0.4841,-1.0485,0.2182,https://cdn.cboe.com/api/global/delayed_quotes/options/SPY.json,0.0444,0.0,-39292641.364218004,-39292641.364218004,0.0,-0.039292641364218006,-0.039292641364218006
SPY,SPY260520C00739000,2026-05-20,2,call,739.0,599.0,8499.0,0.1616,0.0446,3.18,3.22,,0.4732,-1.0256,0.2182,https://cdn.cboe.com/api/global/delayed_quotes/options/SPY.json,0.0446,14576024.3596165,0.0,14576024.3596165,0.0145760243596165,0.0,0.0145760243596165
SPY,SPY260520P00739000,2026-05-20,2,put,739.0,1309.0,3010.0,0.1629,0.045,3.91,3.95,,-0.5288,-1.0333,0.218,https://cdn.cboe.com/api/global/delayed_quotes/options/SPY.json,0.045,0.0,-32138793.1643625,-32138793.1643625,0.0,-0.0321387931643625,-0.0321387931643625
SPY,SPY260520C00740000,2026-05-20,2,call,740.0,1261.0,16293.0,0.1595,0.0446,2.7,2.73,,0.4281,-0.9925,0.2152,https://cdn.cboe.com/api/global/delayed_quotes/options/SPY.json,0.0446,30685086.339693505,0.0,30685086.339693505,0.030685086339693506,0.0,0.030685086339693506
SPY,SPY260520P00740000,2026-05-20,2,put,740.0,2646.0,5342.0,0.1589,0.0449,4.33,4.55,,-0.5744,-1.002,0.2148,https://cdn.cboe.com/api/global/delayed_quotes/options/SPY.json,0.0449,0.0,-64820680.37364151,-64820680.37364151,0.0,-0.06482068037364151,-0.06482068037364151
SPY,SPY260520C00741000,2026-05-20,2,call,741.0,1068.0,9865.0,0.1578,0.0438,2.26,2.3,,0.3829,-0.9427,0.2096,https://cdn.cboe.com/api/global/delayed_quotes/options/SPY.json,0.0438,25522473.850434005,0.0,25522473.850434005,0.025522473850434005,0.0,0.025522473850434005
SPY,SPY260520P00741000,2026-05-20,2,put,741.0,1546.0,2123.0,0.1569,0.0443,4.89,5.11,,-0.62,-0.9536,0.2086,https://cdn.cboe.com/api/global/delayed_quotes/options/SPY.json,0.0443,0.0,-37367205.47461549,-37367205.47461549,0.0,-0.03736720547461549,-0.03736720547461549
SPY,SPY260520C00742000,2026-05-20,2,call,742.0,1967.0,8484.0,0.1564,0.0424,1.88,1.91,,0.3386,-0.8785,0.2013,https://cdn.cboe.com/api/global/delayed_quotes/options/SPY.json,0.0424,45503795.279558,0.0,45503795.279558,0.045503795279558,0.0,0.045503795279558
SPY,SPY260520P00742000,2026-05-20,2,put,742.0,1282.0,829.0,0.156,0.0429,5.51,5.74,,-0.6648,-0.8907,0.2006,https://cdn.cboe.com/api/global/delayed_quotes/options/SPY.json,0.0429,0.0,-30007009.9090905,-30007009.9090905,0.0,-0.030007009909090502,-0.030007009909090502
SPY,SPY260520C00743000,2026-05-20,2,call,743.0,1304.0,3966.0,0.155,0.0404,1.54,1.57,,0.2959,-0.803,0.1907,https://cdn.cboe.com/api/global/delayed_quotes/options/SPY.json,0.0404,28743282.335415997,0.0,28743282.335415997,0.028743282335415996,0.0,0.028743282335415996
SPY,SPY260520P00743000,2026-05-20,2,put,743.0,1393.0,358.0,0.1559,0.0409,6.06,6.46,,-0.7081,-0.8157,0.1893,https://cdn.cboe.com/api/global/delayed_quotes/options/SPY.json,0.0409,0.0,-31085068.50196825,-31085068.50196825,0.0,-0.03108506850196825,-0.03108506850196825
SPY,SPY260520C00744000,2026-05-20,2,call,744.0,1536.0,5040.0,0.1541,0.0379,1.26,1.29,,0.2556,-0.7204,0.1781,https://cdn.cboe.com/api/global/delayed_quotes/options/SPY.json,0.0379,31761999.164544005,0.0,31761999.164544005,0.031761999164544,0.0,0.031761999164544
SPY,SPY260520P00744000,2026-05-20,2,put,744.0,527.0,1335.0,0.1515,0.0385,6.73,7.11,,-0.749,-0.7326,0.1756,https://cdn.cboe.com/api/global/delayed_quotes/options/SPY.json,0.0385,0.0,-11070028.75661375,-11070028.75661375,0.0,-0.01107002875661375,-0.01107002875661375
SPY,SPY260520C00745000,2026-05-20,2,call,745.0,2048.0,8150.0,0.1531,0.0349,1.01,1.04,,0.2184,-0.6349,0.164,https://cdn.cboe.com/api/global/delayed_quotes/options/SPY.json,0.0349,38997142.333952,0.0,38997142.333952,0.038997142333952,0.0,0.038997142333952
SPY,SPY260520P00745000,2026-05-20,2,put,745.0,1032.0,1434.0,0.1533,0.0356,7.58,7.86,,-0.7869,-0.6464,0.1619,https://cdn.cboe.com/api/global/delayed_quotes/options/SPY.json,0.0356,0.0,-20045047.955592,-20045047.955592,0.0,-0.020045047955591998,-0.020045047955591998
SPY,SPY260520C00746000,2026-05-20,2,call,746.0,1410.0,2905.0,0.1528,0.0317,0.81,0.83,,0.1847,-0.5503,0.1492,https://cdn.cboe.com/api/global/delayed_quotes/options/SPY.json,0.0317,24386854.054282498,0.0,24386854.054282498,0.024386854054282498,0.0,0.024386854054282498
SPY,SPY260520P00746000,2026-05-20,2,put,746.0,519.0,554.0,0.1531,0.0325,8.31,8.74,,-0.8212,-0.5591,0.146,https://cdn.cboe.com/api/global/delayed_quotes/options/SPY.json,0.0325,0.0,-9202972.476018751,-9202972.476018751,0.0,-0.00920297247601875,-0.00920297247601875
SPY,SPY260520C00747000,2026-05-20,2,call,747.0,941.0,3924.0,0.1529,0.0283,0.64,0.67,,0.1548,-0.4694,0.134,https://cdn.cboe.com/api/global/delayed_quotes/options/SPY.json,0.0283,14529593.474321749,0.0,14529593.474321749,0.014529593474321749,0.0,0.014529593474321749
SPY,SPY260520P00747000,2026-05-20,2,put,747.0,630.0,212.0,0.1494,0.0293,9.22,9.58,,-0.8521,-0.4758,0.1292,https://cdn.cboe.com/api/global/delayed_quotes/options/SPY.json,0.0293,0.0,-10071300.9595275,-10071300.9595275,0.0,-0.0100713009595275,-0.0100713009595275
SPY,SPY260520C00748000,2026-05-20,2,call,748.0,1839.0,5115.0,0.1526,0.0249,0.51,0.53,,0.1284,-0.3941,0.1188,https://cdn.cboe.com/api/global/delayed_quotes/options/SPY.json,0.0249,24983799.19647975,0.0,24983799.19647975,0.02498379919647975,0.0,0.02498379919647975
SPY,SPY260520P00748000,2026-05-20,2,put,748.0,548.0,5194.0,0.1522,0.0261,10.09,10.46,,-0.8796,-0.3992,0.1136,https://cdn.cboe.com/api/global/delayed_quotes/options/SPY.json,0.0261,0.0,-7803662.352453002,-7803662.352453002,0.0,-0.007803662352453002,-0.007803662352453002
SPY,SPY260520C00749000,2026-05-20,2,call,749.0,1280.0,2529.0,0.153,0.0217,0.4,0.41,,0.1054,-0.3253,0.104,https://cdn.cboe.com/api/global/delayed_quotes/options/SPY.json,0.0217,15154691.77376,0.0,15154691.77376,0.01515469177376,0.0,0.01515469177376
SPY,SPY260520P00749000,2026-05-20,2,put,749.0,292.0,16185.0,0.1538,0.0229,10.98,11.34,,-0.9036,-0.3286,0.0977,https://cdn.cboe.com/api/global/delayed_quotes/options/SPY.json,0.0229,0.0,-3648343.640293,-3648343.640293,0.0,-0.0036483436402929997,-0.0036483436402929997
SPY,SPY260520C00750000,2026-05-20,2,call,750.0,2249.0,9028.0,0.1533,0.0186,0.31,0.32,,0.0855,-0.2638,0.0899,https://cdn.cboe.com/api/global/delayed_quotes/options/SPY.json,0.0186,22823371.740526494,0.0,22823371.740526494,0.022823371740526493,0.0,0.022823371740526493
SPY,SPY260520P00750000,2026-05-20,2,put,750.0,660.0,2470.0,0.1537,0.0198,11.9,12.23,,-0.9248,-0.2683,0.0811,https://cdn.cboe.com/api/global/delayed_quotes/options/SPY.json,0.0198,0.0,-7129950.752430001,-7129950.752430001,0.0,-0.0071299507524300015,-0.0071299507524300015
SPY,SPY260520C00751000,2026-05-20,2,call,751.0,1117.0,1539.0,0.1526,0.0157,0.23,0.25,,0.0686,-0.2101,0.0766,https://cdn.cboe.com/api/global/delayed_quotes/options/SPY.json,0.0157,9568199.674800249,0.0,9568199.674800249,0.009568199674800248,0.0,0.009568199674800248
SPY,SPY260520P00751000,2026-05-20,2,put,751.0,171.0,381.0,0.1537,0.0167,12.83,13.17,,-0.9429,-0.2181,0.0668,https://cdn.cboe.com/api/global/delayed_quotes/options/SPY.json,0.0167,0.0,-1558080.83591325,-1558080.83591325,0.0,-0.00155808083591325,-0.00155808083591325
SPY,SPY260520C00752000,2026-05-20,2,call,752.0,1354.0,2253.0,0.1524,0.0131,0.18,0.19,,0.0543,-0.1645,0.0645,https://cdn.cboe.com/api/global/delayed_quotes/options/SPY.json,0.0131,9677593.2412115,0.0,9677593.2412115,0.0096775932412115,0.0,0.0096775932412115
SPY,SPY260520P00752000,2026-05-20,2,put,752.0,45.0,3121.0,0.1545,0.0138,13.78,14.12,,-0.9578,-0.1769,0.0532,https://cdn.cboe.com/api/global/delayed_quotes/options/SPY.json,0.0138,0.0,-338819.9737725,-338819.9737725,0.0,-0.0003388199737725,-0.0003388199737725
SPY,SPY260520C00753000,2026-05-20,2,call,753.0,756.0,1441.0,0.1536,0.0108,0.13,0.14,,0.0426,-0.127,0.0536,https://cdn.cboe.com/api/global/delayed_quotes/options/SPY.json,0.0108,4454746.089948,0.0,4454746.089948,0.004454746089948,0.0,0.004454746089948
SPY,SPY260520P00753000,2026-05-20,2,put,753.0,16.0,843.0,0.225,0.0109,14.71,16.15,,-0.97,-0.1472,0.0396,https://cdn.cboe.com/api/global/delayed_quotes/options/SPY.json,0.0109,0.0,-95153.306644,-95153.306644,0.0,-9.5153306644e-05,-9.5153306644e-05
SPY,SPY260520C00754000,2026-05-20,2,call,754.0,1625.0,1731.0,0.1502,0.0088,0.09,0.1,,0.0331,-0.0969,0.0441,https://cdn.cboe.com/api/global/delayed_quotes/options/SPY.json,0.0088,7802134.661750001,0.0,7802134.661750001,0.007802134661750001,0.0,0.007802134661750001
SPY,SPY260520P00754000,2026-05-20,2,put,754.0,15.0,94.0,0.0,0.0083,14.63,17.13,,-0.9794,-0.1259,0.0301,https://cdn.cboe.com/api/global/delayed_quotes/options/SPY.json,0.0083,0.0,-67927.67590125,-67927.67590125,0.0,-6.792767590125e-05,-6.792767590125e-05
SPY,SPY260520C00755000,2026-05-20,2,call,755.0,2535.0,2845.0,0.1521,0.0071,0.07,0.08,,0.0256,-0.0735,0.036,https://cdn.cboe.com/api/global/delayed_quotes/options/SPY.json,0.0071,9820050.39926625,0.0,9820050.39926625,0.00982005039926625,0.0,0.00982005039926625
SPY,SPY260520P00755000,2026-05-20,2,put,755.0,15.0,271.0,0.1667,0.0062,15.61,18.27,,-0.9863,-0.1113,0.0217,https://cdn.cboe.com/api/global/delayed_quotes/options/SPY.json,0.0062,0.0,-50741.1554925,-50741.1554925,0.0,-5.07411554925e-05,-5.07411554925e-05
SPY,SPY260520C00756000,2026-05-20,2,call,756.0,587.0,1285.0,0.1523,0.0057,0.05,0.06,,0.0198,-0.0559,0.0293,https://cdn.cboe.com/api/global/delayed_quotes/options/SPY.json,0.0057,1825535.82970275,0.0,1825535.82970275,0.0018255358297027502,0.0,0.0018255358297027502
SPY,SPY260520P00756000,2026-05-20,2,put,756.0,16.0,2.0,0.1778,0.0044,16.61,19.27,,-0.9909,-0.1029,0.015,https://cdn.cboe.com/api/global/delayed_quotes/options/SPY.json,0.0044,0.0,-38410.509104,-38410.509104,0.0,-3.8410509104e-05,-3.8410509104e-05
SPY,SPY260520C00757000,2026-05-20,2,call,757.0,1145.0,293.0,0.1551,0.0045,0.04,0.05,,0.0154,-0.0427,0.0239,https://cdn.cboe.com/api/global/delayed_quotes/options/SPY.json,0.0045,2811223.6954312506,0.0,2811223.6954312506,0.0028112236954312506,0.0,0.0028112236954312506
SPY,SPY260520P00757000,2026-05-20,2,put,757.0,1.0,0.0,0.1858,0.0031,17.61,20.27,,-0.9942,-0.0971,0.0106,https://cdn.cboe.com/api/global/delayed_quotes/options/SPY.json,0.0031,0.0,-1691.3718497500001,-1691.3718497500001,0.0,-1.69137184975e-06,-1.69137184975e-06
SPY,SPY260520C00758000,2026-05-20,2,call,758.0,1071.0,946.0,0.1567,0.0037,0.03,0.04,,0.0122,-0.0335,0.0198,https://cdn.cboe.com/api/global/delayed_quotes/options/SPY.json,0.0037,2162064.26742075,0.0,2162064.26742075,0.00216206426742075,0.0,0.00216206426742075
SPY,SPY260520C00759000,2026-05-20,2,call,759.0,1172.0,505.0,0.1567,0.003,0.02,0.03,,0.0099,-0.027,0.0166,https://cdn.cboe.com/api/global/delayed_quotes/options/SPY.json,0.003,1918343.0399100003,0.0,1918343.0399100003,0.0019183430399100003,0.0,0.0019183430399100003
SPY,SPY260520P00759000,2026-05-20,2,put,759.0,11.0,0.0,0.2015,0.0015,19.61,22.27,,-0.9975,-0.0922,0.0052,https://cdn.cboe.com/api/global/delayed_quotes/options/SPY.json,0.0015,0.0,-9002.46307125,-9002.46307125,0.0,-9.00246307125e-06,-9.00246307125e-06
SPY,SPY260520C00760000,2026-05-20,2,call,760.0,2717.0,892.0,0.1633,0.0025,0.02,0.03,,0.0083,-0.0226,0.0142,https://cdn.cboe.com/api/global/delayed_quotes/options/SPY.json,0.0025,3706013.96433125,0.0,3706013.96433125,0.00370601396433125,0.0,0.00370601396433125
SPY,SPY260520C00761000,2026-05-20,2,call,761.0,1196.0,410.0,0.1698,0.0022,0.02,0.03,,0.0071,-0.0196,0.0125,https://cdn.cboe.com/api/global/delayed_quotes/options/SPY.json,0.0022,1435592.777762,0.0,1435592.777762,0.001435592777762,0.0,0.001435592777762
SPY,SPY260520C00762000,2026-05-20,2,call,762.0,670.0,474.0,0.1663,0.0019,0.01,0.02,,0.0063,-0.0176,0.0113,https://cdn.cboe.com/api/global/delayed_quotes/options/SPY.json,0.0019,694553.6660425001,0.0,694553.6660425001,0.0006945536660425001,0.0,0.0006945536660425001
SPY,SPY260520C00763000,2026-05-20,2,call,763.0,856.0,145.0,0.1724,0.0017,0.01,0.02,,0.0057,-0.0163,0.0103,https://cdn.cboe.com/api/global/delayed_quotes/options/SPY.json,0.0017,793962.6825019999,0.0,793962.6825019999,0.0007939626825019998,0.0,0.0007939626825019998
SPY,SPY260520C00764000,2026-05-20,2,call,764.0,541.0,207.0,0.1785,0.0015,0.01,0.02,,0.0053,-0.0154,0.0096,https://cdn.cboe.com/api/global/delayed_quotes/options/SPY.json,0.0015,442757.5019587501,0.0,442757.5019587501,0.00044275750195875007,0.0,0.00044275750195875007
SPY,SPY260520C00765000,2026-05-20,2,call,765.0,516.0,198.0,0.1846,0.0014,0.01,0.02,,0.005,-0.0147,0.009,https://cdn.cboe.com/api/global/delayed_quotes/options/SPY.json,0.0014,394144.2013740001,0.0,394144.2013740001,0.00039414420137400013,0.0,0.00039414420137400013
SPY,SPY260520C00766000,2026-05-20,2,call,766.0,1646.0,978.0,0.1906,0.0013,0.01,0.02,,0.0047,-0.0142,0.0086,https://cdn.cboe.com/api/global/delayed_quotes/options/SPY.json,0.0013,1167483.0593855,0.0,1167483.0593855,0.0011674830593855,0.0,0.0011674830593855
SPY,SPY260520C00767000,2026-05-20,2,call,767.0,219.0,4.0,0.1967,0.0012,0.01,0.02,,0.0044,-0.0138,0.0081,https://cdn.cboe.com/api/global/delayed_quotes/options/SPY.json,0.0012,143384.684553,0.0,143384.684553,0.000143384684553,0.0,0.000143384684553
SPY,SPY260520C00768000,2026-05-20,2,call,768.0,223.0,169.0,0.2026,0.0011,0.01,0.02,,0.0043,-0.0138,0.0079,https://cdn.cboe.com/api/global/delayed_quotes/options/SPY.json,0.0011,133836.61765925,0.0,133836.61765925,0.00013383661765925002,0.0,0.00013383661765925002
SPY,SPY260520C00769000,2026-05-20,2,call,769.0,1104.0,1955.0,0.2086,0.0011,0.01,0.02,,0.0041,-0.0134,0.0076,https://cdn.cboe.com/api/global/delayed_quotes/options/SPY.json,0.0011,662581.2820440001,0.0,662581.2820440001,0.0006625812820440001,0.0,0.0006625812820440001
SPY,SPY260520C00770000,2026-05-20,2,call,770.0,806.0,355.0,0.2146,0.001,0.01,0.02,,0.0039,-0.0131,0.0072,https://cdn.cboe.com/api/global/delayed_quotes/options/SPY.json,0.001,439756.68093500007,0.0,439756.68093500007,0.0004397566809350001,0.0,0.0004397566809350001
SPY,SPY260520C00771000,2026-05-20,2,call,771.0,660.0,510.0,0.1986,0.0009,0.0,0.01,,0.0038,-0.0128,0.007,https://cdn.cboe.com/api/global/delayed_quotes/options/SPY.json,0.0009,324088.670565,0.0,324088.670565,0.000324088670565,0.0,0.000324088670565
SPY,SPY260520C00772000,2026-05-20,2,call,772.0,95.0,5.0,0.204,0.0009,0.0,0.01,,0.0036,-0.0125,0.0067,https://cdn.cboe.com/api/global/delayed_quotes/options/SPY.json,0.0009,46649.12682375,0.0,46649.12682375,4.6649126823749995e-05,0.0,4.6649126823749995e-05
SPY,SPY260520C00773000,2026-05-20,2,call,773.0,131.0,0.0,0.2322,0.0008,0.01,0.02,,0.0035,-0.0122,0.0064,https://cdn.cboe.com/api/global/delayed_quotes/options/SPY.json,0.0008,57179.280598,0.0,57179.280598,5.7179280598e-05,0.0,5.7179280598e-05
SPY,SPY260520C00774000,2026-05-20,2,call,774.0,81.0,0.0,0.2381,0.0008,0.01,0.02,,0.0033,-0.012,0.0062,https://cdn.cboe.com/api/global/delayed_quotes/options/SPY.json,0.0008,35355.127698,0.0,35355.127698,3.5355127698e-05,0.0,3.5355127698e-05
SPY,SPY260520C00775000,2026-05-20,2,call,775.0,379.0,11.0,0.2202,0.0007,0.0,0.01,,0.0032,-0.0117,0.0059,https://cdn.cboe.com/api/global/delayed_quotes/options/SPY.json,0.0007,144748.69410925,0.0,144748.69410925,0.00014474869410925,0.0,0.00014474869410925
SPY,SPY260520C00776000,2026-05-20,2,call,776.0,20.0,1.0,0.2255,0.0007,0.0,0.01,,0.0031,-0.0114,0.0057,https://cdn.cboe.com/api/global/delayed_quotes/options/SPY.json,0.0007,7638.453515000001,0.0,7638.453515000001,7.638453515e-06,0.0,7.638453515e-06
SPY,SPY260520C00777000,2026-05-20,2,call,777.0,3.0,3.0,0.2308,0.0006,0.0,0.01,,0.0029,-0.0112,0.0055,https://cdn.cboe.com/api/global/delayed_quotes/options/SPY.json,0.0006,982.0868805,0.0,982.0868805,9.820868805e-07,0.0,9.820868805e-07
SPY,SPY260520C00779000,2026-05-20,2,call,779.0,300.0,0.0,0.2414,0.0006,0.0,0.01,,0.0027,-0.0107,0.0051,https://cdn.cboe.com/api/global/delayed_quotes/options/SPY.json,0.0006,98208.68805,0.0,98208.68805,9.820868805e-05,0.0,9.820868805e-05
SPY,SPY260520C00780000,2026-05-20,2,call,780.0,402.0,496.0,0.2467,0.0006,0.0,0.01,,0.0026,-0.0104,0.0049,https://cdn.cboe.com/api/global/delayed_quotes/options/SPY.json,0.0006,131599.641987,0.0,131599.641987,0.000131599641987,0.0,0.000131599641987
SPY,SPY260520C00781000,2026-05-20,2,call,781.0,60.0,365.0,0.2519,0.0005,0.0,0.01,,0.0025,-0.0102,0.0047,https://cdn.cboe.com/api/global/delayed_quotes/options/SPY.json,0.0005,16368.114675,0.0,16368.114675,1.6368114675000002e-05,0.0,1.6368114675000002e-05
SPY,SPY260520C00785000,2026-05-20,2,call,785.0,2780.0,9.0,0.2728,0.0004,0.0,0.01,,0.0022,-0.0093,0.0041,https://cdn.cboe.com/api/global/delayed_quotes/options/SPY.json,0.0004,606711.4506200001,0.0,606711.4506200001,0.0006067114506200001,0.0,0.0006067114506200001
SPY,SPY260520C00790000,2026-05-20,2,call,790.0,535.0,1.0,0.2985,0.0003,0.0,0.01,,0.0018,-0.0082,0.0034,https://cdn.cboe.com/api/global/delayed_quotes/options/SPY.json,0.0003,87569.41351124998,0.0,87569.41351124998,8.756941351124998e-05,0.0,8.756941351124998e-05
SPY,SPY260520C00795000,2026-05-20,2,call,795.0,171.0,0.0,0.3239,0.0003,0.0,0.01,,0.0015,-0.0073,0.0029,https://cdn.cboe.com/api/global/delayed_quotes/options/SPY.json,0.0003,27989.47609425,0.0,27989.47609425,2.798947609425e-05,0.0,2.798947609425e-05
SPY,SPY260520C00800000,2026-05-20,2,call,800.0,13.0,2.0,0.349,0.0002,0.0,0.01,,0.0013,-0.0064,0.0025,https://cdn.cboe.com/api/global/delayed_quotes/options/SPY.json,0.0002,1418.5699385,0.0,1418.5699385,1.4185699385e-06,0.0,1.4185699385e-06
SPY,SPY260520C00805000,2026-05-20,2,call,805.0,937.0,2.0,0.3738,0.0002,0.0,0.01,,0.0011,-0.0057,0.0021,https://cdn.cboe.com/api/global/delayed_quotes/options/SPY.json,0.0002,102246.15633650002,0.0,102246.15633650002,0.00010224615633650002,0.0,0.00010224615633650002
SPY,SPY260520C00810000,2026-05-20,2,call,810.0,145.0,0.0,0.3983,0.0001,0.0,0.01,,0.0009,-0.005,0.0018,https://cdn.cboe.com/api/global/delayed_quotes/options/SPY.json,0.0001,7911.255426250002,0.0,7911.255426250002,7.911255426250002e-06,0.0,7.911255426250002e-06
SPY,SPY260520C00815000,2026-05-20,2,call,815.0,393.0,0.0,0.4225,0.0001,0.0,0.01,,0.0008,-0.0044,0.0015,https://cdn.cboe.com/api/global/delayed_quotes/options/SPY.json,0.0001,21442.23022425,0.0,21442.23022425,2.1442230224250002e-05,0.0,2.1442230224250002e-05
SPY,SPY260520C00825000,2026-05-20,2,call,825.0,2.0,0.0,0.4702,0.0001,0.0,0.01,,0.0006,-0.0033,0.0011,https://cdn.cboe.com/api/global/delayed_quotes/options/SPY.json,0.0001,109.1207645,0.0,109.1207645,1.0912076450000001e-07,0.0,1.0912076450000001e-07
SPY,SPY260520C00830000,2026-05-20,2,call,830.0,481.0,20.0,0.4937,0.0001,0.0,0.01,,0.0005,-0.0029,0.001,https://cdn.cboe.com/api/global/delayed_quotes/options/SPY.json,0.0001,26243.543862250004,0.0,26243.543862250004,2.6243543862250004e-05,0.0,2.6243543862250004e-05
SPY,SPY260520C00835000,2026-05-20,2,call,835.0,481.0,0.0,0.517,0.0,0.0,0.01,,0.0004,-0.0025,0.0008,https://cdn.cboe.com/api/global/delayed_quotes/options/SPY.json,0.0,0.0,0.0,0.0,0.0,0.0,0.0
SPY,SPY260520C00840000,2026-05-20,2,call,840.0,30.0,0.0,0.54,0.0,0.0,0.01,,0.0003,-0.0022,0.0007,https://cdn.cboe.com/api/global/delayed_quotes/options/SPY.json,0.0,0.0,0.0,0.0,0.0,0.0,0.0
SPY,SPY260520C00850000,2026-05-20,2,call,850.0,93.0,0.0,0.5855,0.0,0.0,0.01,,0.0002,-0.0016,0.0005,https://cdn.cboe.com/api/global/delayed_quotes/options/SPY.json,0.0,0.0,0.0,0.0,0.0,0.0,0.0
SPY,SPY260520C00855000,2026-05-20,2,call,855.0,278.0,0.0,0.6079,0.0,0.0,0.01,,0.0002,-0.0014,0.0004,https://cdn.cboe.com/api/global/delayed_quotes/options/SPY.json,0.0,0.0,0.0,0.0,0.0,0.0,0.0
SPY,SPY260520C00865000,2026-05-20,2,call,865.0,1.0,0.0,0.6521,0.0,0.0,0.01,,0.0001,-0.001,0.0003,https://cdn.cboe.com/api/global/delayed_quotes/options/SPY.json,0.0,0.0,0.0,0.0,0.0,0.0,0.0
SPY,SPY260521P00500000,2026-05-21,3,put,500.0,10.0,0.0,1.256,0.0,0.0,0.01,,0.0,-0.0002,0.0,https://cdn.cboe.com/api/global/delayed_quotes/options/SPY.json,0.0,0.0,-0.0,0.0,0.0,-0.0,0.0
SPY,SPY260521P00515000,2026-05-21,3,put,515.0,2.0,0.0,1.1658,0.0,0.0,0.01,,0.0,-0.0003,0.0001,https://cdn.cboe.com/api/global/delayed_quotes/options/SPY.json,0.0,0.0,-0.0,0.0,0.0,-0.0,0.0
SPY,SPY260521P00545000,2026-05-21,3,put,545.0,104.0,0.0,0.9925,0.0,0.0,0.01,,-0.0001,-0.0008,0.0002,https://cdn.cboe.com/api/global/delayed_quotes/options/SPY.json,0.0,0.0,-0.0,0.0,0.0,-0.0,0.0
SPY,SPY260521P00550000,2026-05-21,3,put,550.0,800.0,0.0,0.9644,0.0,0.0,0.01,,-0.0001,-0.0009,0.0002,https://cdn.cboe.com/api/global/delayed_quotes/options/SPY.json,0.0,0.0,-0.0,0.0,0.0,-0.0,0.0
SPY,SPY260521P00555000,2026-05-21,3,put,555.0,600.0,0.0,0.9365,0.0,0.0,0.01,,-0.0001,-0.0011,0.0002,https://cdn.cboe.com/api/global/delayed_quotes/options/SPY.json,0.0,0.0,-0.0,0.0,0.0,-0.0,0.0
SPY,SPY260521P00560000,2026-05-21,3,put,560.0,1.0,0.0,0.9088,0.0,0.0,0.01,,-0.0001,-0.0013,0.0003,https://cdn.cboe.com/api/global/delayed_quotes/options/SPY.json,0.0,0.0,-0.0,0.0,0.0,-0.0,0.0
SPY,SPY260521P00565000,2026-05-21,3,put,565.0,4.0,0.0,0.8814,0.0,0.0,0.01,,-0.0001,-0.0016,0.0004,https://cdn.cboe.com/api/global/delayed_quotes/options/SPY.json,0.0,0.0,-0.0,0.0,0.0,-0.0,0.0
SPY,SPY260521P00570000,2026-05-21,3,put,570.0,46.0,3.0,0.8541,0.0,0.0,0.01,,-0.0002,-0.0019,0.0004,https://cdn.cboe.com/api/global/delayed_quotes/options/SPY.json,0.0,0.0,-0.0,0.0,0.0,-0.0,0.0
SPY,SPY260521P00575000,2026-05-21,3,put,575.0,96.0,0.0,0.8271,0.0,0.0,0.01,,-0.0002,-0.0022,0.0005,https://cdn.cboe.com/api/global/delayed_quotes/options/SPY.json,0.0,0.0,-0.0,0.0,0.0,-0.0,0.0
SPY,SPY260521P00580000,2026-05-21,3,put,580.0,22.0,0.0,0.7998,0.0,0.0,0.01,,-0.0002,-0.0026,0.0006,https://cdn.cboe.com/api/global/delayed_quotes/options/SPY.json,0.0,0.0,-0.0,0.0,0.0,-0.0,0.0
SPY,SPY260521P00585000,2026-05-21,3,put,585.0,10.0,1.0,0.7732,0.0,0.0,0.01,,-0.0003,-0.003,0.0007,https://cdn.cboe.com/api/global/delayed_quotes/options/SPY.json,0.0,0.0,-0.0,0.0,0.0,-0.0,0.0
SPY,SPY260521P00590000,2026-05-21,3,put,590.0,15.0,0.0,0.7466,0.0,0.0,0.01,,-0.0003,-0.0036,0.0008,https://cdn.cboe.com/api/global/delayed_quotes/options/SPY.json,0.0,0.0,-0.0,0.0,0.0,-0.0,0.0
SPY,SPY260521P00605000,2026-05-21,3,put,605.0,224.0,0.0,0.6682,0.0,0.0,0.01,,-0.0005,-0.0056,0.0013,https://cdn.cboe.com/api/global/delayed_quotes/options/SPY.json,0.0,0.0,-0.0,0.0,0.0,-0.0,0.0
SPY,SPY260521P00610000,2026-05-21,3,put,610.0,2.0,1.0,0.6424,0.0,0.0,0.01,,-0.0006,-0.0064,0.0015,https://cdn.cboe.com/api/global/delayed_quotes/options/SPY.json,0.0,0.0,-0.0,0.0,0.0,-0.0,0.0
SPY,SPY260521C00615000,2026-05-21,3,call,615.0,1.0,0.0,0.0,0.0001,121.94,124.73,,0.9993,0.0,0.0017,https://cdn.cboe.com/api/global/delayed_quotes/options/SPY.json,0.0001,54.56038225,0.0,54.56038225,5.4560382250000004e-08,0.0,5.4560382250000004e-08
SPY,SPY260521P00615000,2026-05-21,3,put,615.0,120.0,0.0,0.6167,0.0001,0.0,0.01,,-0.0007,-0.0074,0.0017,https://cdn.cboe.com/api/global/delayed_quotes/options/SPY.json,0.0001,0.0,-6547.24587,-6547.24587,0.0,-6.5472458699999995e-06,-6.5472458699999995e-06
SPY,SPY260521P00620000,2026-05-21,3,put,620.0,104.0,0.0,0.5912,0.0001,0.0,0.01,,-0.0008,-0.0084,0.002,https://cdn.cboe.com/api/global/delayed_quotes/options/SPY.json,0.0001,0.0,-5674.279754,-5674.279754,0.0,-5.674279754e-06,-5.674279754e-06
SPY,SPY260521P00625000,2026-05-21,3,put,625.0,571.0,6.0,0.5658,0.0001,0.0,0.02,,-0.001,-0.0096,0.0023,https://cdn.cboe.com/api/global/delayed_quotes/options/SPY.json,0.0001,0.0,-31153.978264750007,-31153.978264750007,0.0,-3.115397826475001e-05,-3.115397826475001e-05
SPY,SPY260521P00630000,2026-05-21,3,put,630.0,572.0,0.0,0.5903,0.0001,0.01,0.02,,-0.0012,-0.0109,0.0026,https://cdn.cboe.com/api/global/delayed_quotes/options/SPY.json,0.0001,0.0,-31208.538646999998,-31208.538646999998,0.0,-3.1208538647e-05,-3.1208538647e-05
SPY,SPY260521P00635000,2026-05-21,3,put,635.0,19.0,0.0,0.5632,0.0001,0.01,0.02,,-0.0013,-0.0124,0.003,https://cdn.cboe.com/api/global/delayed_quotes/options/SPY.json,0.0001,0.0,-1036.6472627500002,-1036.6472627500002,0.0,-1.0366472627500001e-06,-1.0366472627500001e-06
SPY,SPY260521P00640000,2026-05-21,3,put,640.0,727.0,0.0,0.5362,0.0001,0.01,0.02,,-0.0016,-0.014,0.0035,https://cdn.cboe.com/api/global/delayed_quotes/options/SPY.json,0.0001,0.0,-39665.39789575,-39665.39789575,0.0,-3.966539789575e-05,-3.966539789575e-05
SPY,SPY260521P00645000,2026-05-21,3,put,645.0,30.0,44.0,0.5095,0.0002,0.01,0.02,,-0.0018,-0.0156,0.004,https://cdn.cboe.com/api/global/delayed_quotes/options/SPY.json,0.0002,0.0,-3273.622935,-3273.622935,0.0,-3.2736229349999997e-06,-3.2736229349999997e-06
SPY,SPY260521P00650000,2026-05-21,3,put,650.0,103.0,8.0,0.4827,0.0002,0.01,0.02,,-0.0021,-0.0176,0.0046,https://cdn.cboe.com/api/global/delayed_quotes/options/SPY.json,0.0002,0.0,-11239.438743499999,-11239.438743499999,0.0,-1.1239438743499998e-05,-1.1239438743499998e-05
SPY,SPY260521P00655000,2026-05-21,3,put,655.0,30.0,6.0,0.4564,0.0002,0.01,0.02,,-0.0024,-0.0198,0.0053,https://cdn.cboe.com/api/global/delayed_quotes/options/SPY.json,0.0002,0.0,-3273.622935,-3273.622935,0.0,-3.2736229349999997e-06,-3.2736229349999997e-06
SPY,SPY260521C00660000,2026-05-21,3,call,660.0,6.0,0.0,0.0,0.0003,76.97,79.75,,0.9972,-0.0138,0.0061,https://cdn.cboe.com/api/global/delayed_quotes/options/SPY.json,0.0003,982.0868805,0.0,982.0868805,9.820868805e-07,0.0,9.820868805e-07
SPY,SPY260521P00660000,2026-05-21,3,put,660.0,248.0,31.0,0.451,0.0003,0.02,0.03,,-0.0028,-0.0222,0.0061,https://cdn.cboe.com/api/global/delayed_quotes/options/SPY.json,0.0003,0.0,-40592.924393999994,-40592.924393999994,0.0,-4.059292439399999e-05,-4.059292439399999e-05
SPY,SPY260521C00665000,2026-05-21,3,call,665.0,8.0,0.0,0.0,0.0004,71.97,74.76,,0.9967,-0.017,0.007,https://cdn.cboe.com/api/global/delayed_quotes/options/SPY.json,0.0004,1745.932232,0.0,1745.932232,1.7459322320000001e-06,0.0,1.7459322320000001e-06
SPY,SPY260521P00665000,2026-05-21,3,put,665.0,613.0,0.0,0.4234,0.0004,0.02,0.03,,-0.0033,-0.0248,0.007,https://cdn.cboe.com/api/global/delayed_quotes/options/SPY.json,0.0004,0.0,-133782.057277,-133782.057277,0.0,-0.00013378205727700002,-0.00013378205727700002
SPY,SPY260521C00670000,2026-05-21,3,call,670.0,7.0,0.0,0.0,0.0004,66.98,69.77,,0.9961,-0.0207,0.0081,https://cdn.cboe.com/api/global/delayed_quotes/options/SPY.json,0.0004,1527.690703,0.0,1527.690703,1.527690703e-06,0.0,1.527690703e-06
SPY,SPY260521P00670000,2026-05-21,3,put,670.0,163.0,270.0,0.3959,0.0004,0.02,0.03,,-0.0039,-0.0279,0.0081,https://cdn.cboe.com/api/global/delayed_quotes/options/SPY.json,0.0004,0.0,-35573.369227,-35573.369227,0.0,-3.5573369227e-05,-3.5573369227e-05
SPY,SPY260521C00675000,2026-05-21,3,call,675.0,2.0,0.0,0.0,0.0005,61.99,63.56,,0.9954,-0.0249,0.0095,https://cdn.cboe.com/api/global/delayed_quotes/options/SPY.json,0.0005,545.6038225,0.0,545.6038225,5.456038225e-07,0.0,5.456038225e-07
SPY,SPY260521P00675000,2026-05-21,3,put,675.0,559.0,102.0,0.3815,0.0005,0.03,0.04,,-0.0046,-0.0315,0.0095,https://cdn.cboe.com/api/global/delayed_quotes/options/SPY.json,0.0005,0.0,-152496.26838875,-152496.26838875,0.0,-0.00015249626838875,-0.00015249626838875
SPY,SPY260521C00680000,2026-05-21,3,call,680.0,4.0,0.0,0.261,0.0007,56.99,59.78,,0.9944,-0.03,0.0113,https://cdn.cboe.com/api/global/delayed_quotes/options/SPY.json,0.0007,1527.690703,0.0,1527.690703,1.527690703e-06,0.0,1.527690703e-06
SPY,SPY260521P00680000,2026-05-21,3,put,680.0,226.0,6.0,0.3632,0.0006,0.04,0.05,,-0.0056,-0.0359,0.0112,https://cdn.cboe.com/api/global/delayed_quotes/options/SPY.json,0.0006,0.0,-73983.878331,-73983.878331,0.0,-7.3983878331e-05,-7.3983878331e-05
SPY,SPY260521C00685000,2026-05-21,3,call,685.0,22.0,3.0,0.2671,0.0008,52.0,54.79,,0.9932,-0.0363,0.0136,https://cdn.cboe.com/api/global/delayed_quotes/options/SPY.json,0.0008,9602.627276,0.0,9602.627276,9.602627276e-06,0.0,9.602627276e-06
SPY,SPY260521P00685000,2026-05-21,3,put,685.0,132.0,16.0,0.3344,0.0008,0.04,0.05,,-0.0068,-0.0416,0.0134,https://cdn.cboe.com/api/global/delayed_quotes/options/SPY.json,0.0008,0.0,-57615.763656,-57615.763656,0.0,-5.7615763656000004e-05,-5.7615763656000004e-05
SPY,SPY260521P00686000,2026-05-21,3,put,686.0,95.0,241.0,0.3286,0.0009,0.04,0.05,,-0.0071,-0.0429,0.014,https://cdn.cboe.com/api/global/delayed_quotes/options/SPY.json,0.0009,0.0,-46649.12682375,-46649.12682375,0.0,-4.6649126823749995e-05,-4.6649126823749995e-05
SPY,SPY260521P00687000,2026-05-21,3,put,687.0,277.0,1.0,0.33,0.0009,0.05,0.06,,-0.0075,-0.0449,0.0147,https://cdn.cboe.com/api/global/delayed_quotes/options/SPY.json,0.0009,0.0,-136019.03294925002,-136019.03294925002,0.0,-0.00013601903294925002,-0.00013601903294925002
SPY,SPY260521P00688000,2026-05-21,3,put,688.0,193.0,2.0,0.3241,0.001,0.05,0.06,,-0.0079,-0.0464,0.0153,https://cdn.cboe.com/api/global/delayed_quotes/options/SPY.json,0.001,0.0,-105301.5377425,-105301.5377425,0.0,-0.00010530153774250001,-0.00010530153774250001
SPY,SPY260521P00689000,2026-05-21,3,put,689.0,99.0,17.0,0.3182,0.001,0.05,0.06,,-0.0082,-0.0482,0.0159,https://cdn.cboe.com/api/global/delayed_quotes/options/SPY.json,0.001,0.0,-54014.7784275,-54014.7784275,0.0,-5.40147784275e-05,-5.40147784275e-05
SPY,SPY260521C00690000,2026-05-21,3,call,690.0,16.0,0.0,0.2834,0.0011,47.02,49.8,,0.9914,-0.0449,0.0167,https://cdn.cboe.com/api/global/delayed_quotes/options/SPY.json,0.0011,9602.627276,0.0,9602.627276,9.602627276e-06,0.0,9.602627276e-06
SPY,SPY260521P00690000,2026-05-21,3,put,690.0,655.0,55.0,0.3125,0.0011,0.05,0.06,,-0.0086,-0.0499,0.0166,https://cdn.cboe.com/api/global/delayed_quotes/options/SPY.json,0.0011,0.0,-393107.55411125,-393107.55411125,0.0,-0.00039310755411124996,-0.00039310755411124996
SPY,SPY260521C00691000,2026-05-21,3,call,691.0,1.0,0.0,0.2776,0.0012,46.02,48.81,,0.9909,-0.047,0.0174,https://cdn.cboe.com/api/global/delayed_quotes/options/SPY.json,0.0012,654.7245869999999,0.0,654.7245869999999,6.547245869999999e-07,0.0,6.547245869999999e-07
SPY,SPY260521P00691000,2026-05-21,3,put,691.0,155.0,82.0,0.3132,0.0012,0.06,0.07,,-0.0091,-0.0519,0.0174,https://cdn.cboe.com/api/global/delayed_quotes/options/SPY.json,0.0012,0.0,-101482.31098499999,-101482.31098499999,0.0,-0.00010148231098499999,-0.00010148231098499999
SPY,SPY260521C00692000,2026-05-21,3,call,692.0,1.0,3.0,0.2772,0.0012,45.02,47.8,,0.9904,-0.0493,0.0183,https://cdn.cboe.com/api/global/delayed_quotes/options/SPY.json,0.0012,654.7245869999999,0.0,654.7245869999999,6.547245869999999e-07,0.0,6.547245869999999e-07
SPY,SPY260521P00692000,2026-05-21,3,put,692.0,331.0,3.0,0.3072,0.0012,0.06,0.07,,-0.0096,-0.054,0.0182,https://cdn.cboe.com/api/global/delayed_quotes/options/SPY.json,0.0012,0.0,-216713.83829699998,-216713.83829699998,0.0,-0.00021671383829699998,-0.00021671383829699998
SPY,SPY260521P00693000,2026-05-21,3,put,693.0,301.0,26.0,0.3011,0.0013,0.06,0.07,,-0.0101,-0.0563,0.0191,https://cdn.cboe.com/api/global/delayed_quotes/options/SPY.json,0.0013,0.0,-213494.77574425,-213494.77574425,0.0,-0.00021349477574424998,-0.00021349477574424998
SPY,SPY260521C00694000,2026-05-21,3,call,694.0,1.0,0.0,0.3904,0.0014,43.78,45.82,,0.9893,-0.0545,0.0201,https://cdn.cboe.com/api/global/delayed_quotes/options/SPY.json,0.0014,763.8453515,0.0,763.8453515,7.638453515e-07,0.0,7.638453515e-07
SPY,SPY260521P00694000,2026-05-21,3,put,694.0,5.0,1.0,0.3006,0.0014,0.07,0.08,,-0.0107,-0.0589,0.02,https://cdn.cboe.com/api/global/delayed_quotes/options/SPY.json,0.0014,0.0,-3819.2267575000005,-3819.2267575000005,0.0,-3.8192267575e-06,-3.8192267575e-06
SPY,SPY260521C00695000,2026-05-21,3,call,695.0,8.0,3.0,0.2731,0.0015,42.03,44.82,,0.9886,-0.0574,0.0212,https://cdn.cboe.com/api/global/delayed_quotes/options/SPY.json,0.0015,6547.24587,0.0,6547.24587,6.5472458699999995e-06,0.0,6.5472458699999995e-06
SPY,SPY260521P00695000,2026-05-21,3,put,695.0,331.0,36.0,0.2945,0.0015,0.07,0.08,,-0.0113,-0.0617,0.0211,https://cdn.cboe.com/api/global/delayed_quotes/options/SPY.json,0.0015,0.0,-270892.29787125,-270892.29787125,0.0,-0.00027089229787125,-0.00027089229787125
SPY,SPY260521P00696000,2026-05-21,3,put,696.0,59.0,85.0,0.2884,0.0016,0.07,0.08,,-0.012,-0.0647,0.0222,https://cdn.cboe.com/api/global/delayed_quotes/options/SPY.json,0.0016,0.0,-51505.000844,-51505.000844,0.0,-5.1505000844e-05,-5.1505000844e-05
SPY,SPY260521C00697000,2026-05-21,3,call,697.0,2.0,2.0,0.2421,0.0017,40.04,42.81,,0.9871,-0.0641,0.0236,https://cdn.cboe.com/api/global/delayed_quotes/options/SPY.json,0.0017,1855.0529964999998,0.0,1855.0529964999998,1.8550529964999997e-06,0.0,1.8550529964999997e-06
SPY,SPY260521P00697000,2026-05-21,3,put,697.0,142.0,2.0,0.287,0.0017,0.08,0.09,,-0.0128,-0.0681,0.0234,https://cdn.cboe.com/api/global/delayed_quotes/options/SPY.json,0.0017,0.0,-131708.7627515,-131708.7627515,0.0,-0.0001317087627515,-0.0001317087627515
SPY,SPY260521C00698000,2026-05-21,3,call,698.0,10.0,0.0,0.0,0.0018,39.05,40.62,,0.9863,-0.0679,0.0249,https://cdn.cboe.com/api/global/delayed_quotes/options/SPY.json,0.0018,9820.868805,0.0,9820.868805,9.820868805e-06,0.0,9.820868805e-06
SPY,SPY260521P00698000,2026-05-21,3,put,698.0,142.0,34.0,0.2805,0.0018,0.08,0.09,,-0.0138,-0.0722,0.0249,https://cdn.cboe.com/api/global/delayed_quotes/options/SPY.json,0.0018,0.0,-139456.337031,-139456.337031,0.0,-0.000139456337031,-0.000139456337031
SPY,SPY260521C00699000,2026-05-21,3,call,699.0,1.0,0.0,0.0,0.002,38.05,40.03,,0.9853,-0.0721,0.0264,https://cdn.cboe.com/api/global/delayed_quotes/options/SPY.json,0.002,1091.207645,0.0,1091.207645,1.091207645e-06,0.0,1.091207645e-06
SPY,SPY260521P00699000,2026-05-21,3,put,699.0,221.0,10.0,0.2785,0.002,0.09,0.1,,-0.0147,-0.0764,0.0264,https://cdn.cboe.com/api/global/delayed_quotes/options/SPY.json,0.002,0.0,-241156.889545,-241156.889545,0.0,-0.00024115688954500002,-0.00024115688954500002
SPY,SPY260521C00700000,2026-05-21,3,call,700.0,30.0,3.0,0.2559,0.0021,37.06,39.85,,0.9843,-0.0768,0.028,https://cdn.cboe.com/api/global/delayed_quotes/options/SPY.json,0.0021,34373.0408175,0.0,34373.0408175,3.43730408175e-05,0.0,3.43730408175e-05
SPY,SPY260521P00700000,2026-05-21,3,put,700.0,458.0,222.0,0.2722,0.0021,0.09,0.1,,-0.0158,-0.0809,0.028,https://cdn.cboe.com/api/global/delayed_quotes/options/SPY.json,0.0021,0.0,-524761.7564805,-524761.7564805,0.0,-0.0005247617564805,-0.0005247617564805
SPY,SPY260521P00701000,2026-05-21,3,put,701.0,524.0,143.0,0.2698,0.0023,0.1,0.11,,-0.0169,-0.0859,0.0298,https://cdn.cboe.com/api/global/delayed_quotes/options/SPY.json,0.0023,0.0,-657561.7268770001,-657561.7268770001,0.0,-0.0006575617268770001,-0.0006575617268770001
SPY,SPY260521C00702000,2026-05-21,3,call,702.0,6.0,3.0,0.253,0.0025,35.07,37.86,,0.9818,-0.0875,0.0317,https://cdn.cboe.com/api/global/delayed_quotes/options/SPY.json,0.0025,8184.0573375,0.0,8184.0573375,8.184057337500001e-06,0.0,8.184057337500001e-06
SPY,SPY260521P00702000,2026-05-21,3,put,702.0,755.0,44.0,0.2669,0.0025,0.11,0.12,,-0.0183,-0.0914,0.0317,https://cdn.cboe.com/api/global/delayed_quotes/options/SPY.json,0.0025,0.0,-1029827.21496875,-1029827.21496875,0.0,-0.00102982721496875,-0.00102982721496875
SPY,SPY260521P00703000,2026-05-21,3,put,703.0,624.0,173.0,0.2637,0.0027,0.12,0.13,,-0.0197,-0.0976,0.0338,https://cdn.cboe.com/api/global/delayed_quotes/options/SPY.json,0.0027,0.0,-919233.3201480001,-919233.3201480001,0.0,-0.0009192333201480001,-0.0009192333201480001
SPY,SPY260521P00704000,2026-05-21,3,put,704.0,200.0,18.0,0.2602,0.0029,0.13,0.14,,-0.0213,-0.1043,0.0362,https://cdn.cboe.com/api/global/delayed_quotes/options/SPY.json,0.0029,0.0,-316450.21705,-316450.21705,0.0,-0.00031645021704999996,-0.00031645021704999996
SPY,SPY260521C00705000,2026-05-21,3,call,705.0,2.0,0.0,0.2452,0.0032,32.11,34.89,,0.9769,-0.1082,0.0387,https://cdn.cboe.com/api/global/delayed_quotes/options/SPY.json,0.0032,3491.864464,0.0,3491.864464,3.4918644640000002e-06,0.0,3.4918644640000002e-06
SPY,SPY260521P00705000,2026-05-21,3,put,705.0,1164.0,253.0,0.2565,0.0032,0.14,0.15,,-0.0232,-0.1118,0.0387,https://cdn.cboe.com/api/global/delayed_quotes/options/SPY.json,0.0032,0.0,-2032265.1180480001,-2032265.1180480001,0.0,-0.0020322651180480003,-0.0020322651180480003
SPY,SPY260521P00706000,2026-05-21,3,put,706.0,427.0,67.0,0.2525,0.0034,0.15,0.16,,-0.0252,-0.1201,0.0415,https://cdn.cboe.com/api/global/delayed_quotes/options/SPY.json,0.0034,0.0,-792107.6295055001,-792107.6295055001,0.0,-0.0007921076295055,-0.0007921076295055
SPY,SPY260521C00707000,2026-05-21,3,call,707.0,4.0,4.0,0.0,0.0038,30.13,32.44,,0.9726,-0.1259,0.0445,https://cdn.cboe.com/api/global/delayed_quotes/options/SPY.json,0.0038,8293.178102000002,0.0,8293.178102000002,8.293178102000001e-06,0.0,8.293178102000001e-06
SPY,SPY260521P00707000,2026-05-21,3,put,707.0,168.0,120.0,0.2507,0.0038,0.17,0.18,,-0.0274,-0.1293,0.0445,https://cdn.cboe.com/api/global/delayed_quotes/options/SPY.json,0.0038,0.0,-348313.480284,-348313.480284,0.0,-0.000348313480284,-0.000348313480284
SPY,SPY260521P00708000,2026-05-21,3,put,708.0,199.0,196.0,0.2462,0.0041,0.18,0.19,,-0.03,-0.1394,0.0478,https://cdn.cboe.com/api/global/delayed_quotes/options/SPY.json,0.0041,0.0,-445158.1587777501,-445158.1587777501,0.0,-0.0004451581587777501,-0.0004451581587777501
SPY,SPY260521C00709000,2026-05-21,3,call,709.0,8.0,7.0,0.0,0.0045,28.17,29.77,,0.9672,-0.1474,0.0515,https://cdn.cboe.com/api/global/delayed_quotes/options/SPY.json,0.0045,19641.73761,0.0,19641.73761,1.964173761e-05,0.0,1.964173761e-05
SPY,SPY260521P00709000,2026-05-21,3,put,709.0,115.0,350.0,0.2435,0.0045,0.2,0.21,,-0.0328,-0.1506,0.0515,https://cdn.cboe.com/api/global/delayed_quotes/options/SPY.json,0.0045,0.0,-282349.97814375,-282349.97814375,0.0,-0.00028234997814375,-0.00028234997814375
SPY,SPY260521C00710000,2026-05-21,3,call,710.0,27.0,9.0,0.2326,0.0049,27.19,29.98,,0.9641,-0.1598,0.0555,https://cdn.cboe.com/api/global/delayed_quotes/options/SPY.json,0.0049,72183.38571675001,0.0,72183.38571675001,7.218338571675001e-05,0.0,7.218338571675001e-05
SPY,SPY260521P00710000,2026-05-21,3,put,710.0,1278.0,363.0,0.2405,0.0049,0.22,0.23,,-0.036,-0.1629,0.0555,https://cdn.cboe.com/api/global/delayed_quotes/options/SPY.json,0.0049,0.0,-3416680.2572595,-3416680.2572595,0.0,-0.0034166802572595002,-0.0034166802572595002
SPY,SPY260521P00711000,2026-05-21,3,put,711.0,1511.0,108.0,0.237,0.0053,0.24,0.25,,-0.0395,-0.1765,0.0598,https://cdn.cboe.com/api/global/delayed_quotes/options/SPY.json,0.0053,0.0,-4369359.09172675,-4369359.09172675,0.0,-0.00436935909172675,-0.00436935909172675
SPY,SPY260521P00712000,2026-05-21,3,put,712.0,411.0,99.0,0.2349,0.0058,0.27,0.28,,-0.0434,-0.1913,0.0644,https://cdn.cboe.com/api/global/delayed_quotes/options/SPY.json,0.0058,0.0,-1300610.3920755,-1300610.3920755,0.0,-0.0013006103920755,-0.0013006103920755
SPY,SPY260521P00713000,2026-05-21,3,put,713.0,1078.0,137.0,0.2322,0.0064,0.3,0.31,,-0.0478,-0.2076,0.0696,https://cdn.cboe.com/api/global/delayed_quotes/options/SPY.json,0.0064,0.0,-3764229.892192001,-3764229.892192001,0.0,-0.003764229892192001,-0.003764229892192001
SPY,SPY260521C00714000,2026-05-21,3,call,714.0,15.0,3.0,0.224,0.007,23.3,26.09,,0.9474,-0.2226,0.0751,https://cdn.cboe.com/api/global/delayed_quotes/options/SPY.json,0.007,57288.40136250001,0.0,57288.40136250001,5.728840136250001e-05,0.0,5.728840136250001e-05
SPY,SPY260521P00714000,2026-05-21,3,put,714.0,349.0,331.0,0.229,0.007,0.33,0.34,,-0.0527,-0.2254,0.0751,https://cdn.cboe.com/api/global/delayed_quotes/options/SPY.json,0.007,0.0,-1332910.1383675002,-1332910.1383675002,0.0,-0.0013329101383675,-0.0013329101383675
SPY,SPY260521C00715000,2026-05-21,3,call,715.0,50.0,0.0,0.2186,0.0076,23.52,23.91,,0.9419,-0.242,0.0809,https://cdn.cboe.com/api/global/delayed_quotes/options/SPY.json,0.0076,207329.45255,0.0,207329.45255,0.00020732945255,0.0,0.00020732945255
SPY,SPY260521P00715000,2026-05-21,3,put,715.0,937.0,541.0,0.2261,0.0076,0.36,0.38,,-0.0582,-0.2447,0.081,https://cdn.cboe.com/api/global/delayed_quotes/options/SPY.json,0.0076,0.0,-3885353.940787,-3885353.940787,0.0,-0.003885353940787,-0.003885353940787
SPY,SPY260521C00716000,2026-05-21,3,call,716.0,5.0,0.0,0.2163,0.0083,22.52,22.95,,0.9359,-0.2631,0.0872,https://cdn.cboe.com/api/global/delayed_quotes/options/SPY.json,0.0083,22642.558633750003,0.0,22642.558633750003,2.264255863375e-05,0.0,2.264255863375e-05
SPY,SPY260521P00716000,2026-05-21,3,put,716.0,319.0,322.0,0.2233,0.0083,0.4,0.42,,-0.0642,-0.2657,0.0873,https://cdn.cboe.com/api/global/delayed_quotes/options/SPY.json,0.0083,0.0,-1444595.24083325,-1444595.24083325,0.0,-0.0014445952408332502,-0.0014445952408332502
SPY,SPY260521C00717000,2026-05-21,3,call,717.0,9.0,8.0,0.2182,0.0091,21.57,22.0,,0.9291,-0.2859,0.0941,https://cdn.cboe.com/api/global/delayed_quotes/options/SPY.json,0.0091,44684.95306275,0.0,44684.95306275,4.468495306275e-05,0.0,4.468495306275e-05
SPY,SPY260521P00717000,2026-05-21,3,put,717.0,280.0,222.0,0.2205,0.0091,0.45,0.47,,-0.071,-0.2884,0.0942,https://cdn.cboe.com/api/global/delayed_quotes/options/SPY.json,0.0091,0.0,-1390198.5397300003,-1390198.5397300003,0.0,-0.0013901985397300003,-0.0013901985397300003
SPY,SPY260521C00718000,2026-05-21,3,call,718.0,10.0,1.0,0.2123,0.0099,20.66,21.05,,0.9217,-0.3104,0.1014,https://cdn.cboe.com/api/global/delayed_quotes/options/SPY.json,0.0099,54014.7784275,0.0,54014.7784275,5.40147784275e-05,0.0,5.40147784275e-05
SPY,SPY260521P00718000,2026-05-21,3,put,718.0,533.0,305.0,0.2182,0.01,0.5,0.52,,-0.0784,-0.3128,0.1015,https://cdn.cboe.com/api/global/delayed_quotes/options/SPY.json,0.01,0.0,-2908068.373925,-2908068.373925,0.0,-0.002908068373925,-0.002908068373925
SPY,SPY260521C00719000,2026-05-21,3,call,719.0,41.0,6.0,0.2094,0.0108,19.71,20.11,,0.9134,-0.3366,0.1091,https://cdn.cboe.com/api/global/delayed_quotes/options/SPY.json,0.0108,241593.372603,0.0,241593.372603,0.00024159337260299998,0.0,0.00024159337260299998
SPY,SPY260521P00719000,2026-05-21,3,put,719.0,917.0,445.0,0.2158,0.0109,0.56,0.58,,-0.0867,-0.339,0.1091,https://cdn.cboe.com/api/global/delayed_quotes/options/SPY.json,0.0109,0.0,-5453473.88703425,-5453473.88703425,0.0,-0.00545347388703425,-0.00545347388703425
SPY,SPY260521C00720000,2026-05-21,3,call,720.0,58.0,68.0,0.2077,0.0118,18.78,19.17,,0.9043,-0.3646,0.1173,https://cdn.cboe.com/api/global/delayed_quotes/options/SPY.json,0.0118,373411.256119,0.0,373411.256119,0.000373411256119,0.0,0.000373411256119
SPY,SPY260521P00720000,2026-05-21,3,put,720.0,1184.0,1030.0,0.2128,0.0118,0.63,0.65,,-0.0959,-0.3669,0.1174,https://cdn.cboe.com/api/global/delayed_quotes/options/SPY.json,0.0118,0.0,-7622740.124912,-7622740.124912,0.0,-0.007622740124912,-0.007622740124912
SPY,SPY260521C00721000,2026-05-21,3,call,721.0,40.0,1.0,0.2082,0.0129,17.88,18.25,,0.8942,-0.3943,0.126,https://cdn.cboe.com/api/global/delayed_quotes/options/SPY.json,0.0129,281531.57241,0.0,281531.57241,0.00028153157241,0.0,0.00028153157241
SPY,SPY260521P00721000,2026-05-21,3,put,721.0,382.0,425.0,0.2109,0.0129,0.7,0.72,,-0.106,-0.3966,0.1261,https://cdn.cboe.com/api/global/delayed_quotes/options/SPY.json,0.0129,0.0,-2688626.5165155,-2688626.5165155,0.0,-0.0026886265165155,-0.0026886265165155
SPY,SPY260521C00722000,2026-05-21,3,call,722.0,16.0,3.0,0.2057,0.014,16.91,17.32,,0.883,-0.4256,0.135,https://cdn.cboe.com/api/global/delayed_quotes/options/SPY.json,0.014,122215.25624000002,0.0,122215.25624000002,0.00012221525624,0.0,0.00012221525624
SPY,SPY260521P00722000,2026-05-21,3,put,722.0,614.0,469.0,0.2082,0.014,0.78,0.8,,-0.1171,-0.428,0.135,https://cdn.cboe.com/api/global/delayed_quotes/options/SPY.json,0.014,0.0,-4690010.458210001,-4690010.458210001,0.0,-0.004690010458210001,-0.004690010458210001
SPY,SPY260521C00723000,2026-05-21,3,call,723.0,23.0,5.0,0.2054,0.0152,16.06,16.43,,0.8708,-0.4585,0.1444,https://cdn.cboe.com/api/global/delayed_quotes/options/SPY.json,0.0152,190743.09634600003,0.0,190743.09634600003,0.00019074309634600003,0.0,0.00019074309634600003
SPY,SPY260521P00723000,2026-05-21,3,put,723.0,622.0,716.0,0.2063,0.0152,0.88,0.9,,-0.1294,-0.4608,0.1446,https://cdn.cboe.com/api/global/delayed_quotes/options/SPY.json,0.0152,0.0,-5158356.779444,-5158356.779444,0.0,-0.005158356779444,-0.005158356779444
SPY,SPY260521C00724000,2026-05-21,3,call,724.0,7.0,641.0,0.2035,0.0164,15.11,15.53,,0.8574,-0.4927,0.1543,https://cdn.cboe.com/api/global/delayed_quotes/options/SPY.json,0.0164,62635.31882300001,0.0,62635.31882300001,6.263531882300001e-05,0.0,6.263531882300001e-05
SPY,SPY260521P00724000,2026-05-21,3,put,724.0,523.0,1460.0,0.2036,0.0165,0.98,1.01,,-0.1428,-0.495,0.1544,https://cdn.cboe.com/api/global/delayed_quotes/options/SPY.json,0.0165,0.0,-4708288.18626375,-4708288.18626375,0.0,-0.004708288186263751,-0.004708288186263751
SPY,SPY260521C00725000,2026-05-21,3,call,725.0,56.0,50.0,0.2001,0.0177,14.33,14.65,,0.8427,-0.5279,0.1643,https://cdn.cboe.com/api/global/delayed_quotes/options/SPY.json,0.0177,540802.5088620001,0.0,540802.5088620001,0.0005408025088620001,0.0,0.0005408025088620001
SPY,SPY260521P00725000,2026-05-21,3,put,725.0,2334.0,2399.0,0.2015,0.0178,1.1,1.13,,-0.1576,-0.5303,0.1644,https://cdn.cboe.com/api/global/delayed_quotes/options/SPY.json,0.0178,0.0,-22667219.926527005,-22667219.926527005,0.0,-0.022667219926527003,-0.022667219926527003
SPY,SPY260521C00726000,2026-05-21,3,call,726.0,17.0,122.0,0.1996,0.0191,13.37,13.79,,0.8267,-0.564,0.1746,https://cdn.cboe.com/api/global/delayed_quotes/options/SPY.json,0.0191,177157.56116575,0.0,177157.56116575,0.00017715756116575,0.0,0.00017715756116575
SPY,SPY260521P00726000,2026-05-21,3,put,726.0,583.0,595.0,0.1992,0.0192,1.24,1.26,,-0.1736,-0.5664,0.1748,https://cdn.cboe.com/api/global/delayed_quotes/options/SPY.json,0.0192,0.0,-6107270.947536,-6107270.947536,0.0,-0.006107270947536,-0.006107270947536
SPY,SPY260521C00727000,2026-05-21,3,call,727.0,54.0,58.0,0.1965,0.0205,12.58,12.93,,0.8092,-0.6004,0.1851,https://cdn.cboe.com/api/global/delayed_quotes/options/SPY.json,0.0205,603983.4315075,0.0,603983.4315075,0.0006039834315075,0.0,0.0006039834315075
SPY,SPY260521P00727000,2026-05-21,3,put,727.0,420.0,1685.0,0.1971,0.0206,1.38,1.41,,-0.1911,-0.603,0.1852,https://cdn.cboe.com/api/global/delayed_quotes/options/SPY.json,0.0206,0.0,-4720564.272270001,-4720564.272270001,0.0,-0.004720564272270001,-0.004720564272270001
SPY,SPY260521C00728000,2026-05-21,3,call,728.0,99.0,103.0,0.1933,0.022,11.8,12.08,,0.7903,-0.6368,0.1954,https://cdn.cboe.com/api/global/delayed_quotes/options/SPY.json,0.022,1188325.125405,0.0,1188325.125405,0.001188325125405,0.0,0.001188325125405
SPY,SPY260521P00728000,2026-05-21,3,put,728.0,527.0,809.0,0.195,0.022,1.55,1.57,,-0.2101,-0.6395,0.1956,https://cdn.cboe.com/api/global/delayed_quotes/options/SPY.json,0.022,0.0,-6325730.718065,-6325730.718065,0.0,-0.006325730718065,-0.006325730718065
SPY,SPY260521C00729000,2026-05-21,3,call,729.0,44.0,40.0,0.1912,0.0234,10.89,11.29,,0.7698,-0.6727,0.2058,https://cdn.cboe.com/api/global/delayed_quotes/options/SPY.json,0.0234,561753.6956460001,0.0,561753.6956460001,0.0005617536956460001,0.0,0.0005617536956460001
SPY,SPY260521P00729000,2026-05-21,3,put,729.0,449.0,896.0,0.1928,0.0235,1.73,1.76,,-0.2307,-0.6756,0.206,https://cdn.cboe.com/api/global/delayed_quotes/options/SPY.json,0.0235,0.0,-5756938.733108751,-5756938.733108751,0.0,-0.00575693873310875,-0.00575693873310875
SPY,SPY260521C00730000,2026-05-21,3,call,730.0,134.0,160.0,0.1884,0.0249,10.11,10.49,,0.7478,-0.7073,0.216,https://cdn.cboe.com/api/global/delayed_quotes/options/SPY.json,0.0249,1820461.7141535,0.0,1820461.7141535,0.0018204617141535,0.0,0.0018204617141535
SPY,SPY260521P00730000,2026-05-21,3,put,730.0,2110.0,3206.0,0.1908,0.025,1.93,1.96,,-0.2528,-0.7104,0.2161,https://cdn.cboe.com/api/global/delayed_quotes/options/SPY.json,0.025,0.0,-28780601.636875,-28780601.636875,0.0,-0.028780601636875,-0.028780601636875
SPY,SPY260521C00731000,2026-05-21,3,call,731.0,716.0,44.0,0.1882,0.0263,9.42,9.71,,0.7242,-0.74,0.2256,https://cdn.cboe.com/api/global/delayed_quotes/options/SPY.json,0.0263,10274156.460733,0.0,10274156.460733,0.010274156460733,0.0,0.010274156460733
SPY,SPY260521P00731000,2026-05-21,3,put,731.0,973.0,2123.0,0.1888,0.0264,2.16,2.19,,-0.2765,-0.7433,0.2258,https://cdn.cboe.com/api/global/delayed_quotes/options/SPY.json,0.0264,0.0,-14015034.509322003,-14015034.509322003,0.0,-0.014015034509322002,-0.014015034509322002
SPY,SPY260521C00732000,2026-05-21,3,call,732.0,171.0,73.0,0.1859,0.0278,8.63,8.89,,0.699,-0.77,0.2348,https://cdn.cboe.com/api/global/delayed_quotes/options/SPY.json,0.0278,2593691.4514005,0.0,2593691.4514005,0.0025936914514005,0.0,0.0025936914514005
SPY,SPY260521P00732000,2026-05-21,3,put,732.0,539.0,1201.0,0.1868,0.0279,2.41,2.44,,-0.3018,-0.7737,0.235,https://cdn.cboe.com/api/global/delayed_quotes/options/SPY.json,0.0279,0.0,-8204844.84313725,-8204844.84313725,0.0,-0.00820484484313725,-0.00820484484313725
SPY,SPY260521C00733000,2026-05-21,3,call,733.0,94.0,156.0,0.1838,0.0291,7.98,8.16,,0.6722,-0.7966,0.2431,https://cdn.cboe.com/api/global/delayed_quotes/options/SPY.json,0.0291,1492444.6960665004,0.0,1492444.6960665004,0.0014924446960665003,0.0,0.0014924446960665003
SPY,SPY260521P00733000,2026-05-21,3,put,733.0,621.0,2000.0,0.1847,0.0293,2.68,2.71,,-0.3287,-0.8005,0.2433,https://cdn.cboe.com/api/global/delayed_quotes/options/SPY.json,0.0293,0.0,-9927425.23153425,-9927425.23153425,0.0,-0.00992742523153425,-0.00992742523153425
SPY,SPY260521C00734000,2026-05-21,3,call,734.0,544.0,343.0,0.1815,0.0304,7.26,7.46,,0.6439,-0.819,0.2506,https://cdn.cboe.com/api/global/delayed_quotes/options/SPY.json,0.0304,9022977.774976,0.0,9022977.774976,0.009022977774976,0.0,0.009022977774976
SPY,SPY260521P00734000,2026-05-21,3,put,734.0,589.0,3554.0,0.1827,0.0306,2.98,3.01,,-0.3572,-0.8233,0.2508,https://cdn.cboe.com/api/global/delayed_quotes/options/SPY.json,0.0306,0.0,-9833635.934446499,-9833635.934446499,0.0,-0.009833635934446498,-0.009833635934446498
SPY,SPY260521C00735000,2026-05-21,3,call,735.0,546.0,2375.0,0.1795,0.0315,6.61,6.78,,0.6142,-0.8362,0.2569,https://cdn.cboe.com/api/global/delayed_quotes/options/SPY.json,0.0315,9383840.143177502,0.0,9383840.143177502,0.009383840143177502,0.0,0.009383840143177502
SPY,SPY260521P00735000,2026-05-21,3,put,735.0,998.0,3754.0,0.1808,0.0317,3.3,3.34,,-0.3871,-0.8409,0.257,https://cdn.cboe.com/api/global/delayed_quotes/options/SPY.json,0.0317,0.0,-17261049.8909035,-17261049.8909035,0.0,-0.017261049890903497,-0.017261049890903497
SPY,SPY260521C00736000,2026-05-21,3,call,736.0,177.0,2360.0,0.1783,0.0325,5.96,6.14,,0.5831,-0.8478,0.2619,https://cdn.cboe.com/api/global/delayed_quotes/options/SPY.json,0.0325,3138585.98893125,0.0,3138585.98893125,0.00313858598893125,0.0,0.00313858598893125
SPY,SPY260521P00736000,2026-05-21,3,put,736.0,715.0,3801.0,0.1786,0.0327,3.66,3.7,,-0.4184,-0.8529,0.262,https://cdn.cboe.com/api/global/delayed_quotes/options/SPY.json,0.0327,0.0,-12756490.17196125,-12756490.17196125,0.0,-0.01275649017196125,-0.01275649017196125
SPY,SPY260521C00737000,2026-05-21,3,call,737.0,390.0,4549.0,0.1749,0.0334,5.37,5.45,,0.5508,-0.8528,0.2655,https://cdn.cboe.com/api/global/delayed_quotes/options/SPY.json,0.0334,7107035.391884999,0.0,7107035.391884999,0.0071070353918849995,0.0,0.0071070353918849995
SPY,SPY260521P00737000,2026-05-21,3,put,737.0,768.0,2753.0,0.1767,0.0336,4.05,4.09,,-0.4509,-0.8584,0.2654,https://cdn.cboe.com/api/global/delayed_quotes/options/SPY.json,0.0336,0.0,-14079197.518848,-14079197.518848,0.0,-0.014079197518848001,-0.014079197518848001
SPY,SPY260521C00738000,2026-05-21,3,call,738.0,238.0,3011.0,0.1735,0.034,4.82,4.87,,0.5176,-0.851,0.2673,https://cdn.cboe.com/api/global/delayed_quotes/options/SPY.json,0.034,4415026.131670001,0.0,4415026.131670001,0.004415026131670001,0.0,0.004415026131670001
SPY,SPY260521P00738000,2026-05-21,3,put,738.0,563.0,2585.0,0.1748,0.0342,4.47,4.51,,-0.4845,-0.857,0.267,https://cdn.cboe.com/api/global/delayed_quotes/options/SPY.json,0.0342,0.0,-10505383.360708501,-10505383.360708501,0.0,-0.010505383360708501,-0.010505383360708501
SPY,SPY260521C00739000,2026-05-21,3,call,739.0,631.0,2900.0,0.172,0.0343,4.28,4.32,,0.4834,-0.8418,0.2673,https://cdn.cboe.com/api/global/delayed_quotes/options/SPY.json,0.0343,11808667.211514248,0.0,11808667.211514248,0.011808667211514247,0.0,0.011808667211514247
SPY,SPY260521P00739000,2026-05-21,3,put,739.0,675.0,2613.0,0.1727,0.0346,4.93,4.97,,-0.519,-0.8483,0.2671,https://cdn.cboe.com/api/global/delayed_quotes/options/SPY.json,0.0346,0.0,-12742577.274487501,-12742577.274487501,0.0,-0.0127425772744875,-0.0127425772744875
SPY,SPY260521C00740000,2026-05-21,3,call,740.0,1038.0,5100.0,0.1701,0.0344,3.78,3.82,,0.4487,-0.8252,0.2654,https://cdn.cboe.com/api/global/delayed_quotes/options/SPY.json,0.0344,19481984.810772,0.0,19481984.810772,0.019481984810772002,0.0,0.019481984810772002
SPY,SPY260521P00740000,2026-05-21,3,put,740.0,1096.0,1378.0,0.1707,0.0348,5.32,5.52,,-0.554,-0.832,0.2647,https://cdn.cboe.com/api/global/delayed_quotes/options/SPY.json,0.0348,0.0,-20809766.273208,-20809766.273208,0.0,-0.020809766273208,-0.020809766273208
SPY,SPY260521C00741000,2026-05-21,3,call,741.0,953.0,2318.0,0.1685,0.0343,3.31,3.35,,0.4138,-0.8012,0.2615,https://cdn.cboe.com/api/global/delayed_quotes/options/SPY.json,0.0343,17834643.18949775,0.0,17834643.18949775,0.01783464318949775,0.0,0.01783464318949775
SPY,SPY260521P00741000,2026-05-21,3,put,741.0,746.0,1084.0,0.1693,0.0346,5.93,6.03,,-0.5893,-0.8087,0.2609,https://cdn.cboe.com/api/global/delayed_quotes/options/SPY.json,0.0346,0.0,-14082907.624840999,-14082907.624840999,0.0,-0.014082907624840999,-0.014082907624840999
SPY,SPY260521C00742000,2026-05-21,3,call,742.0,592.0,1186.0,0.167,0.0338,2.89,2.92,,0.3789,-0.7704,0.2557,https://cdn.cboe.com/api/global/delayed_quotes/options/SPY.json,0.0338,10917314.246696,0.0,10917314.246696,0.010917314246696001,0.0,0.010917314246696001
SPY,SPY260521P00742000,2026-05-21,3,put,742.0,580.0,363.0,0.1658,0.0342,6.41,6.6,,-0.6246,-0.7782,0.2542,https://cdn.cboe.com/api/global/delayed_quotes/options/SPY.json,0.0342,0.0,-10822597.42311,-10822597.42311,0.0,-0.01082259742311,-0.01082259742311
SPY,SPY260521C00743000,2026-05-21,3,call,743.0,547.0,5285.0,0.1656,0.033,2.5,2.53,,0.3445,-0.7333,0.2478,https://cdn.cboe.com/api/global/delayed_quotes/options/SPY.json,0.033,9848694.599947501,0.0,9848694.599947501,0.009848694599947501,0.0,0.009848694599947501
SPY,SPY260521P00743000,2026-05-21,3,put,743.0,275.0,632.0,0.1646,0.0334,7.03,7.22,,-0.6594,-0.7418,0.2467,https://cdn.cboe.com/api/global/delayed_quotes/options/SPY.json,0.0334,0.0,-5011371.1096625,-5011371.1096625,0.0,-0.0050113711096625,-0.0050113711096625
SPY,SPY260521C00744000,2026-05-21,3,call,744.0,250.0,1601.0,0.1644,0.0319,2.15,2.18,,0.311,-0.6908,0.2383,https://cdn.cboe.com/api/global/delayed_quotes/options/SPY.json,0.0319,4351190.4844375,0.0,4351190.4844375,0.0043511904844375,0.0,0.0043511904844375
SPY,SPY260521P00744000,2026-05-21,3,put,744.0,579.0,248.0,0.1624,0.0323,7.55,8.04,,-0.6935,-0.6999,0.2358,https://cdn.cboe.com/api/global/delayed_quotes/options/SPY.json,0.0323,0.0,-10203719.00724825,-10203719.00724825,0.0,-0.01020371900724825,-0.01020371900724825
SPY,SPY260521C00745000,2026-05-21,3,call,745.0,1565.0,2319.0,0.163,0.0306,1.83,1.86,,0.2787,-0.6442,0.227,https://cdn.cboe.com/api/global/delayed_quotes/options/SPY.json,0.0306,26128421.455702502,0.0,26128421.455702502,0.026128421455702502,0.0,0.026128421455702502
SPY,SPY260521P00745000,2026-05-21,3,put,745.0,297.0,68.0,0.162,0.031,8.27,8.64,,-0.7263,-0.654,0.2251,https://cdn.cboe.com/api/global/delayed_quotes/options/SPY.json,0.031,0.0,-5023374.3937575,-5023374.3937575,0.0,-0.005023374393757499,-0.005023374393757499
SPY,SPY260521C00746000,2026-05-21,3,call,746.0,972.0,1067.0,0.162,0.029,1.55,1.58,,0.2478,-0.5943,0.2146,https://cdn.cboe.com/api/global/delayed_quotes/options/SPY.json,0.029,15379480.548630001,0.0,15379480.548630001,0.015379480548630002,0.0,0.015379480548630002
SPY,SPY260521P00746000,2026-05-21,3,put,746.0,243.0,74.0,0.1584,0.0294,8.94,9.3,,-0.7577,-0.6046,0.2107,https://cdn.cboe.com/api/global/delayed_quotes/options/SPY.json,0.0294,0.0,-3897902.8287044996,-3897902.8287044996,0.0,-0.0038979028287044995,-0.0038979028287044995
SPY,SPY260521C00747000,2026-05-21,3,call,747.0,576.0,686.0,0.1611,0.0272,1.31,1.34,,0.2188,-0.5424,0.2008,https://cdn.cboe.com/api/global/delayed_quotes/options/SPY.json,0.0272,8548084.207872,0.0,8548084.207872,0.008548084207872,0.0,0.008548084207872
SPY,SPY260521P00747000,2026-05-21,3,put,747.0,388.0,14.0,0.1594,0.0277,9.72,10.18,,-0.7873,-0.5535,0.1979,https://cdn.cboe.com/api/global/delayed_quotes/options/SPY.json,0.0277,0.0,-5863931.642701,-5863931.642701,0.0,-0.005863931642701,-0.005863931642701
SPY,SPY260521C00748000,2026-05-21,3,call,748.0,800.0,4584.0,0.16,0.0253,1.09,1.12,,0.1916,-0.4896,0.1864,https://cdn.cboe.com/api/global/delayed_quotes/options/SPY.json,0.0253,11043021.3674,0.0,11043021.3674,0.0110430213674,0.0,0.0110430213674
SPY,SPY260521P00748000,2026-05-21,3,put,748.0,485.0,6.0,0.1577,0.0258,10.55,10.92,,-0.8151,-0.5006,0.1811,https://cdn.cboe.com/api/global/delayed_quotes/options/SPY.json,0.0258,0.0,-6827140.6309425,-6827140.6309425,0.0,-0.0068271406309425,-0.0068271406309425
SPY,SPY260521C00749000,2026-05-21,3,call,749.0,633.0,1192.0,0.1593,0.0232,0.91,0.93,,0.1664,-0.4367,0.1712,https://cdn.cboe.com/api/global/delayed_quotes/options/SPY.json,0.0232,8012519.495706,0.0,8012519.495706,0.008012519495706,0.0,0.008012519495706
SPY,SPY260521P00749000,2026-05-21,3,put,749.0,218.0,19.0,0.1541,0.0239,11.28,11.68,,-0.841,-0.4481,0.1668,https://cdn.cboe.com/api/global/delayed_quotes/options/SPY.json,0.0239,0.0,-2842705.0359894997,-2842705.0359894997,0.0,-0.0028427050359894996,-0.0028427050359894996
SPY,SPY260521C00750000,2026-05-21,3,call,750.0,2023.0,2252.0,0.1584,0.0212,0.75,0.77,,0.1433,-0.3847,0.156,https://cdn.cboe.com/api/global/delayed_quotes/options/SPY.json,0.0212,23399638.497851,0.0,23399638.497851,0.023399638497851,0.0,0.023399638497851
SPY,SPY260521P00750000,2026-05-21,3,put,750.0,285.0,60.0,0.1559,0.0219,12.18,12.58,,-0.8648,-0.395,0.149,https://cdn.cboe.com/api/global/delayed_quotes/options/SPY.json,0.0219,0.0,-3405386.25813375,-3405386.25813375,0.0,-0.00340538625813375,-0.00340538625813375
SPY,SPY260521C00751000,2026-05-21,3,call,751.0,995.0,1222.0,0.1575,0.019,0.61,0.63,,0.1222,-0.3345,0.1405,https://cdn.cboe.com/api/global/delayed_quotes/options/SPY.json,0.019,10314640.2643625,0.0,10314640.2643625,0.010314640264362499,0.0,0.010314640264362499
SPY,SPY260521P00751000,2026-05-21,3,put,751.0,198.0,2.0,0.154,0.02,13.07,13.53,,-0.8869,-0.3444,0.1332,https://cdn.cboe.com/api/global/delayed_quotes/options/SPY.json,0.02,0.0,-2160591.1371,-2160591.1371,0.0,-0.0021605911371,-0.0021605911371
SPY,SPY260521C00752000,2026-05-21,3,call,752.0,767.0,1684.0,0.1566,0.017,0.49,0.51,,0.1032,-0.2868,0.1253,https://cdn.cboe.com/api/global/delayed_quotes/options/SPY.json,0.017,7114128.2415775005,0.0,7114128.2415775005,0.0071141282415775,0.0,0.0071141282415775
SPY,SPY260521P00752000,2026-05-21,3,put,752.0,90.0,18.0,0.1515,0.018,13.94,14.43,,-0.9069,-0.2953,0.1158,https://cdn.cboe.com/api/global/delayed_quotes/options/SPY.json,0.018,0.0,-883878.1924500001,-883878.1924500001,0.0,-0.0008838781924500001,-0.0008838781924500001
SPY,SPY260521C00753000,2026-05-21,3,call,753.0,630.0,861.0,0.1562,0.015,0.39,0.41,,0.0862,-0.2426,0.1105,https://cdn.cboe.com/api/global/delayed_quotes/options/SPY.json,0.015,5155956.122625,0.0,5155956.122625,0.005155956122625,0.0,0.005155956122625
SPY,SPY260521P00753000,2026-05-21,3,put,753.0,108.0,2.0,0.1486,0.0161,14.85,15.34,,-0.925,-0.25,0.0994,https://cdn.cboe.com/api/global/delayed_quotes/options/SPY.json,0.0161,0.0,-948695.926563,-948695.926563,0.0,-0.000948695926563,-0.000948695926563
SPY,SPY260521C00754000,2026-05-21,3,call,754.0,513.0,1011.0,0.1552,0.013,0.31,0.33,,0.0713,-0.2022,0.0964,https://cdn.cboe.com/api/global/delayed_quotes/options/SPY.json,0.013,3638631.8922525,0.0,3638631.8922525,0.0036386318922525,0.0,0.0036386318922525
SPY,SPY260521P00754000,2026-05-21,3,put,754.0,9.0,3.0,0.1433,0.0141,15.78,16.26,,-0.9413,-0.21,0.0831,https://cdn.cboe.com/api/global/delayed_quotes/options/SPY.json,0.0141,0.0,-69237.12507524999,-69237.12507524999,0.0,-6.923712507524999e-05,-6.923712507524999e-05
SPY,SPY260521C00755000,2026-05-21,3,call,755.0,1220.0,924.0,0.1549,0.0112,0.24,0.26,,0.0583,-0.1662,0.0831,https://cdn.cboe.com/api/global/delayed_quotes/options/SPY.json,0.0112,7455130.630639999,0.0,7455130.630639999,0.007455130630639999,0.0,0.007455130630639999
SPY,SPY260521P00755000,2026-05-21,3,put,755.0,27.0,8.0,0.1573,0.0121,15.69,18.34,,-0.9553,-0.1739,0.0681,https://cdn.cboe.com/api/global/delayed_quotes/options/SPY.json,0.0121,0.0,-178248.76881075,-178248.76881075,0.0,-0.00017824876881075003,-0.00017824876881075003
SPY,SPY260521C00756000,2026-05-21,3,call,756.0,627.0,450.0,0.1535,0.0095,0.19,0.2,,0.0472,-0.1348,0.0709,https://cdn.cboe.com/api/global/delayed_quotes/options/SPY.json,0.0095,3249889.16872125,0.0,3249889.16872125,0.00324988916872125,0.0,0.00324988916872125
SPY,SPY260521P00756000,2026-05-21,3,put,756.0,13.0,7.0,0.2018,0.01,17.26,19.3,,-0.9674,-0.1472,0.0529,https://cdn.cboe.com/api/global/delayed_quotes/options/SPY.json,0.01,0.0,-70928.496925,-70928.496925,0.0,-7.0928496925e-05,-7.0928496925e-05
SPY,SPY260521C00757000,2026-05-21,3,call,757.0,515.0,785.0,0.1537,0.008,0.15,0.16,,0.0378,-0.108,0.0599,https://cdn.cboe.com/api/global/delayed_quotes/options/SPY.json,0.008,2247887.7487,0.0,2247887.7487,0.0022478877487,0.0,0.0022478877487
SPY,SPY260521P00757000,2026-05-21,3,put,757.0,51.0,6.0,0.16,0.008,17.62,20.28,,-0.977,-0.1246,0.0402,https://cdn.cboe.com/api/global/delayed_quotes/options/SPY.json,0.008,0.0,-222606.35958000005,-222606.35958000005,0.0,-0.00022260635958000006,-0.00022260635958000006
SPY,SPY260521C00758000,2026-05-21,3,call,758.0,1140.0,8918.0,0.1522,0.0066,0.11,0.12,,0.0301,-0.0856,0.0501,https://cdn.cboe.com/api/global/delayed_quotes/options/SPY.json,0.0066,4105123.1604899997,0.0,4105123.1604899997,0.004105123160489999,0.0,0.004105123160489999
SPY,SPY260521P00758000,2026-05-21,3,put,758.0,21.0,2.0,0.2343,0.0061,19.7,21.27,,-0.9846,-0.1097,0.0284,https://cdn.cboe.com/api/global/delayed_quotes/options/SPY.json,0.0061,0.0,-69891.84966225001,-69891.84966225001,0.0,-6.989184966225001e-05,-6.989184966225001e-05
SPY,SPY260521C00759000,2026-05-21,3,call,759.0,989.0,311.0,0.151,0.0055,0.08,0.09,,0.0238,-0.0675,0.0417,https://cdn.cboe.com/api/global/delayed_quotes/options/SPY.json,0.0055,2967811.99248875,0.0,2967811.99248875,0.00296781199248875,0.0,0.00296781199248875
SPY,SPY260521P00759000,2026-05-21,3,put,759.0,68.0,12.0,0.1649,0.0044,20.7,21.12,,-0.99,-0.0993,0.0201,https://cdn.cboe.com/api/global/delayed_quotes/options/SPY.json,0.0044,0.0,-163244.663692,-163244.663692,0.0,-0.000163244663692,-0.000163244663692
SPY,SPY260521C00760000,2026-05-21,3,call,760.0,2051.0,714.0,0.1509,0.0045,0.06,0.07,,0.0188,-0.0531,0.0345,https://cdn.cboe.com/api/global/delayed_quotes/options/SPY.json,0.0045,5035650.47976375,0.0,5035650.47976375,0.00503565047976375,0.0,0.00503565047976375
SPY,SPY260521P00760000,2026-05-21,3,put,760.0,15.0,2.0,0.2479,0.003,21.7,23.27,,-0.9939,-0.0928,0.0129,https://cdn.cboe.com/api/global/delayed_quotes/options/SPY.json,0.003,0.0,-24552.1720125,-24552.1720125,0.0,-2.45521720125e-05,-2.45521720125e-05
SPY,SPY260521C00761000,2026-05-21,3,call,761.0,2028.0,663.0,0.1531,0.0037,0.05,0.06,,0.0149,-0.0419,0.0286,https://cdn.cboe.com/api/global/delayed_quotes/options/SPY.json,0.0037,4093992.842511,0.0,4093992.842511,0.0040939928425110005,0.0,0.0040939928425110005
SPY,SPY260521P00761000,2026-05-21,3,put,761.0,3.0,0.0,0.1692,0.002,21.48,24.27,,-0.9962,-0.0894,0.0088,https://cdn.cboe.com/api/global/delayed_quotes/options/SPY.json,0.002,0.0,-3273.622935,-3273.622935,0.0,-3.2736229349999997e-06,-3.2736229349999997e-06
SPY,SPY260521C00762000,2026-05-21,3,call,762.0,938.0,149.0,0.1494,0.003,0.03,0.04,,0.0119,-0.0332,0.0238,https://cdn.cboe.com/api/global/delayed_quotes/options/SPY.json,0.003,1535329.156515,0.0,1535329.156515,0.001535329156515,0.0,0.001535329156515
SPY,SPY260521C00763000,2026-05-21,3,call,763.0,558.0,549.0,0.155,0.0025,0.03,0.04,,0.0098,-0.0273,0.0202,https://cdn.cboe.com/api/global/delayed_quotes/options/SPY.json,0.0025,761117.3323875,0.0,761117.3323875,0.0007611173323875,0.0,0.0007611173323875
SPY,SPY260521C00764000,2026-05-21,3,call,764.0,1147.0,185.0,0.154,0.0021,0.02,0.03,,0.0081,-0.0228,0.0173,https://cdn.cboe.com/api/global/delayed_quotes/options/SPY.json,0.0021,1314195.92725575,0.0,1314195.92725575,0.00131419592725575,0.0,0.00131419592725575
SPY,SPY260521C00765000,2026-05-21,3,call,765.0,992.0,317.0,0.1593,0.0018,0.02,0.03,,0.0068,-0.0193,0.015,https://cdn.cboe.com/api/global/delayed_quotes/options/SPY.json,0.0018,974230.1854559998,0.0,974230.1854559998,0.0009742301854559998,0.0,0.0009742301854559998
SPY,SPY260521C00766000,2026-05-21,3,call,766.0,574.0,123.0,0.1554,0.0016,0.01,0.02,,0.006,-0.0172,0.0134,https://cdn.cboe.com/api/global/delayed_quotes/options/SPY.json,0.0016,501082.55058400007,0.0,501082.55058400007,0.0005010825505840001,0.0,0.0005010825505840001
SPY,SPY260521C00767000,2026-05-21,3,call,767.0,476.0,20.0,0.1603,0.0014,0.01,0.02,,0.0054,-0.0156,0.0122,https://cdn.cboe.com/api/global/delayed_quotes/options/SPY.json,0.0014,363590.387314,0.0,363590.387314,0.000363590387314,0.0,0.000363590387314
SPY,SPY260521C00768000,2026-05-21,3,call,768.0,830.0,118.0,0.1652,0.0013,0.01,0.02,,0.005,-0.0146,0.0113,https://cdn.cboe.com/api/global/delayed_quotes/options/SPY.json,0.0013,588706.5244775,0.0,588706.5244775,0.0005887065244775,0.0,0.0005887065244775
SPY,SPY260521C00769000,2026-05-21,3,call,769.0,591.0,148.0,0.1701,0.0012,0.01,0.02,,0.0046,-0.0139,0.0106,https://cdn.cboe.com/api/global/delayed_quotes/options/SPY.json,0.0012,386942.230917,0.0,386942.230917,0.00038694223091699997,0.0,0.00038694223091699997
SPY,SPY260521C00770000,2026-05-21,3,call,770.0,3330.0,12.0,0.175,0.0011,0.01,0.02,,0.0044,-0.0133,0.01,https://cdn.cboe.com/api/global/delayed_quotes/options/SPY.json,0.0011,1998546.8018175,0.0,1998546.8018175,0.0019985468018175,0.0,0.0019985468018175
SPY,SPY260521C00771000,2026-05-21,3,call,771.0,1303.0,5.0,0.1798,0.001,0.01,0.02,,0.0041,-0.0129,0.0095,https://cdn.cboe.com/api/global/delayed_quotes/options/SPY.json,0.001,710921.7807174999,0.0,710921.7807174999,0.0007109217807174999,0.0,0.0007109217807174999
SPY,SPY260521C00772000,2026-05-21,3,call,772.0,233.0,12.0,0.1844,0.0009,0.01,0.02,,0.004,-0.0126,0.0091,https://cdn.cboe.com/api/global/delayed_quotes/options/SPY.json,0.0009,114413.12157825,0.0,114413.12157825,0.00011441312157825,0.0,0.00011441312157825
SPY,SPY260521C00773000,2026-05-21,3,call,773.0,471.0,304.0,0.1892,0.0009,0.01,0.02,,0.0038,-0.0124,0.0088,https://cdn.cboe.com/api/global/delayed_quotes/options/SPY.json,0.0009,231281.46035775004,0.0,231281.46035775004,0.00023128146035775003,0.0,0.00023128146035775003
SPY,SPY260521C00774000,2026-05-21,3,call,774.0,131.0,103.0,0.194,0.0008,0.01,0.02,,0.0036,-0.0121,0.0084,https://cdn.cboe.com/api/global/delayed_quotes/options/SPY.json,0.0008,57179.280598,0.0,57179.280598,5.7179280598e-05,0.0,5.7179280598e-05
SPY,SPY260521C00775000,2026-05-21,3,call,775.0,644.0,40.0,0.1988,0.0008,0.01,0.02,,0.0035,-0.0119,0.0081,https://cdn.cboe.com/api/global/delayed_quotes/options/SPY.json,0.0008,281095.089352,0.0,281095.089352,0.000281095089352,0.0,0.000281095089352
SPY,SPY260521C00780000,2026-05-21,3,call,780.0,1468.0,416.0,0.2009,0.0006,0.0,0.01,,0.0029,-0.0108,0.0068,https://cdn.cboe.com/api/global/delayed_quotes/options/SPY.json,0.0006,480567.84685800003,0.0,480567.84685800003,0.000480567846858,0.0,0.000480567846858
SPY,SPY260521C00785000,2026-05-21,3,call,785.0,829.0,3.0,0.2227,0.0005,0.0,0.01,,0.0024,-0.0097,0.0057,https://cdn.cboe.com/api/global/delayed_quotes/options/SPY.json,0.0005,226152.78442625003,0.0,226152.78442625003,0.00022615278442625003,0.0,0.00022615278442625003
SPY,SPY260521C00790000,2026-05-21,3,call,790.0,546.0,1738.0,0.2436,0.0004,0.0,0.01,,0.0021,-0.0091,0.005,https://cdn.cboe.com/api/global/delayed_quotes/options/SPY.json,0.0004,119159.874834,0.0,119159.874834,0.000119159874834,0.0,0.000119159874834
SPY,SPY260521C00795000,2026-05-21,3,call,795.0,400.0,358.0,0.2644,0.0003,0.0,0.01,,0.0018,-0.0083,0.0043,https://cdn.cboe.com/api/global/delayed_quotes/options/SPY.json,0.0003,65472.4587,0.0,65472.4587,6.547245870000001e-05,0.0,6.547245870000001e-05
SPY,SPY260521C00800000,2026-05-21,3,call,800.0,286.0,0.0,0.2849,0.0002,0.0,0.01,,0.0015,-0.0075,0.0037,https://cdn.cboe.com/api/global/delayed_quotes/options/SPY.json,0.0002,31208.538646999998,0.0,31208.538646999998,3.1208538647e-05,0.0,3.1208538647e-05
SPY,SPY260521C00805000,2026-05-21,3,call,805.0,30.0,278.0,0.3051,0.0002,0.0,0.01,,0.0013,-0.0068,0.0032,https://cdn.cboe.com/api/global/delayed_quotes/options/SPY.json,0.0002,3273.622935,0.0,3273.622935,3.2736229349999997e-06,0.0,3.2736229349999997e-06
SPY,SPY260521C00810000,2026-05-21,3,call,810.0,70.0,50.0,0.3252,0.0002,0.0,0.01,,0.0011,-0.0061,0.0028,https://cdn.cboe.com/api/global/delayed_quotes/options/SPY.json,0.0002,7638.453515000001,0.0,7638.453515000001,7.638453515e-06,0.0,7.638453515e-06
SPY,SPY260521C00815000,2026-05-21,3,call,815.0,64.0,2.0,0.345,0.0001,0.0,0.01,,0.001,-0.0055,0.0024,https://cdn.cboe.com/api/global/delayed_quotes/options/SPY.json,0.0001,3491.864464,0.0,3491.864464,3.4918644640000002e-06,0.0,3.4918644640000002e-06
SPY,SPY260521C00820000,2026-05-21,3,call,820.0,283.0,0.0,0.3646,0.0001,0.0,0.01,,0.0009,-0.005,0.0021,https://cdn.cboe.com/api/global/delayed_quotes/options/SPY.json,0.0001,15440.588176750001,0.0,15440.588176750001,1.5440588176750002e-05,0.0,1.5440588176750002e-05
SPY,SPY260521C00830000,2026-05-21,3,call,830.0,12.0,0.0,0.4031,0.0001,0.0,0.01,,0.0006,-0.004,0.0016,https://cdn.cboe.com/api/global/delayed_quotes/options/SPY.json,0.0001,654.724587,0.0,654.724587,6.54724587e-07,0.0,6.54724587e-07
SPY,SPY260521C00855000,2026-05-21,3,call,855.0,147.0,0.0,0.4964,0.0,0.0,0.01,,0.0003,-0.0023,0.0008,https://cdn.cboe.com/api/global/delayed_quotes/options/SPY.json,0.0,0.0,0.0,0.0,0.0,0.0,0.0
SPY,SPY260521C00890000,2026-05-21,3,call,890.0,5.0,0.0,0.6204,0.0,0.0,0.01,,0.0001,-0.001,0.0003,https://cdn.cboe.com/api/global/delayed_quotes/options/SPY.json,0.0,0.0,0.0,0.0,0.0,0.0,0.0
SPY,SPY260522C00400000,2026-05-22,4,call,400.0,3028.0,6.0,0.0,0.0,338.21,338.65,,1.0,0.0,0.0001,https://cdn.cboe.com/api/global/delayed_quotes/options/SPY.json,0.0,0.0,0.0,0.0,0.0,0.0,0.0
SPY,SPY260522P00400000,2026-05-22,4,put,400.0,7351.0,5.0,1.6738,0.0,0.0,0.01,,0.0,-0.0006,0.0001,https://cdn.cboe.com/api/global/delayed_quotes/options/SPY.json,0.0,0.0,-0.0,0.0,0.0,-0.0,0.0
SPY,SPY260522P00405000,2026-05-22,4,put,405.0,850.0,0.0,1.6415,0.0,0.0,0.01,,0.0,-0.0007,0.0001,https://cdn.cboe.com/api/global/delayed_quotes/options/SPY.json,0.0,0.0,-0.0,0.0,0.0,-0.0,0.0
SPY,SPY260522P00410000,2026-05-22,4,put,410.0,397.0,0.0,1.6095,0.0,0.0,0.01,,0.0,-0.0007,0.0001,https://cdn.cboe.com/api/global/delayed_quotes/options/SPY.json,0.0,0.0,-0.0,0.0,0.0,-0.0,0.0
SPY,SPY260522P00415000,2026-05-22,4,put,415.0,23.0,0.0,1.5778,0.0,0.0,0.01,,0.0,-0.0008,0.0001,https://cdn.cboe.com/api/global/delayed_quotes/options/SPY.json,0.0,0.0,-0.0,0.0,0.0,-0.0,0.0
SPY,SPY260522P00420000,2026-05-22,4,put,420.0,34.0,0.0,1.5466,0.0,0.0,0.01,,0.0,-0.0008,0.0001,https://cdn.cboe.com/api/global/delayed_quotes/options/SPY.json,0.0,0.0,-0.0,0.0,0.0,-0.0,0.0
SPY,SPY260522C00425000,2026-05-22,4,call,425.0,2.0,1.0,0.0,0.0,312.06,313.64,,1.0,0.0,0.0001,https://cdn.cboe.com/api/global/delayed_quotes/options/SPY.json,0.0,0.0,0.0,0.0,0.0,0.0,0.0
SPY,SPY260522P00425000,2026-05-22,4,put,425.0,1143.0,0.0,1.5157,0.0,0.0,0.01,,0.0,-0.0009,0.0001,https://cdn.cboe.com/api/global/delayed_quotes/options/SPY.json,0.0,0.0,-0.0,0.0,0.0,-0.0,0.0
SPY,SPY260522P00430000,2026-05-22,4,put,430.0,966.0,0.0,1.4851,0.0,0.0,0.01,,0.0,-0.0009,0.0001,https://cdn.cboe.com/api/global/delayed_quotes/options/SPY.json,0.0,0.0,-0.0,0.0,0.0,-0.0,0.0
SPY,SPY260522P00435000,2026-05-22,4,put,435.0,1963.0,2.0,1.4549,0.0,0.0,0.01,,0.0,-0.001,0.0001,https://cdn.cboe.com/api/global/delayed_quotes/options/SPY.json,0.0,0.0,-0.0,0.0,0.0,-0.0,0.0
SPY,SPY260522C00440000,2026-05-22,4,call,440.0,32.0,0.0,0.0,0.0,297.08,299.86,,1.0,0.0,0.0002,https://cdn.cboe.com/api/global/delayed_quotes/options/SPY.json,0.0,0.0,0.0,0.0,0.0,0.0,0.0
SPY,SPY260522P00440000,2026-05-22,4,put,440.0,3046.0,0.0,1.425,0.0,0.0,0.01,,0.0,-0.0011,0.0002,https://cdn.cboe.com/api/global/delayed_quotes/options/SPY.json,0.0,0.0,-0.0,0.0,0.0,-0.0,0.0
SPY,SPY260522C00445000,2026-05-22,4,call,445.0,2.0,0.0,0.0,0.0,292.08,294.87,,1.0,0.0,0.0002,https://cdn.cboe.com/api/global/delayed_quotes/options/SPY.json,0.0,0.0,0.0,0.0,0.0,0.0,0.0
SPY,SPY260522P00445000,2026-05-22,4,put,445.0,2047.0,0.0,1.3954,0.0,0.0,0.01,,-0.0001,-0.0011,0.0002,https://cdn.cboe.com/api/global/delayed_quotes/options/SPY.json,0.0,0.0,-0.0,0.0,0.0,-0.0,0.0
SPY,SPY260522C00450000,2026-05-22,4,call,450.0,1.0,0.0,0.0,0.0,287.08,289.87,,1.0,0.0,0.0002,https://cdn.cboe.com/api/global/delayed_quotes/options/SPY.json,0.0,0.0,0.0,0.0,0.0,0.0,0.0
SPY,SPY260522P00450000,2026-05-22,4,put,450.0,1902.0,0.0,1.3662,0.0,0.0,0.01,,-0.0001,-0.0012,0.0002,https://cdn.cboe.com/api/global/delayed_quotes/options/SPY.json,0.0,0.0,-0.0,0.0,0.0,-0.0,0.0
SPY,SPY260522P00455000,2026-05-22,4,put,455.0,460.0,0.0,1.3372,0.0,0.0,0.01,,-0.0001,-0.0013,0.0002,https://cdn.cboe.com/api/global/delayed_quotes/options/SPY.json,0.0,0.0,-0.0,0.0,0.0,-0.0,0.0
SPY,SPY260522P00460000,2026-05-22,4,put,460.0,794.0,0.0,1.3086,0.0,0.0,0.01,,-0.0001,-0.0014,0.0002,https://cdn.cboe.com/api/global/delayed_quotes/options/SPY.json,0.0,0.0,-0.0,0.0,0.0,-0.0,0.0
SPY,SPY260522P00465000,2026-05-22,4,put,465.0,3296.0,0.0,1.2802,0.0,0.0,0.01,,-0.0001,-0.0015,0.0002,https://cdn.cboe.com/api/global/delayed_quotes/options/SPY.json,0.0,0.0,-0.0,0.0,0.0,-0.0,0.0
SPY,SPY260522P00470000,2026-05-22,4,put,470.0,2524.0,0.0,1.2521,0.0,0.0,0.01,,-0.0001,-0.0016,0.0003,https://cdn.cboe.com/api/global/delayed_quotes/options/SPY.json,0.0,0.0,-0.0,0.0,0.0,-0.0,0.0
SPY,SPY260522C00475000,2026-05-22,4,call,475.0,1.0,0.0,0.0,0.0,262.1,264.89,,1.0,0.0,0.0003,https://cdn.cboe.com/api/global/delayed_quotes/options/SPY.json,0.0,0.0,0.0,0.0,0.0,0.0,0.0
SPY,SPY260522P00475000,2026-05-22,4,put,475.0,634.0,0.0,1.2243,0.0,0.0,0.01,,-0.0001,-0.0017,0.0003,https://cdn.cboe.com/api/global/delayed_quotes/options/SPY.json,0.0,0.0,-0.0,0.0,0.0,-0.0,0.0
SPY,SPY260522C00480000,2026-05-22,4,call,480.0,1.0,0.0,0.0,0.0,257.1,259.89,,0.9999,0.0,0.0003,https://cdn.cboe.com/api/global/delayed_quotes/options/SPY.json,0.0,0.0,0.0,0.0,0.0,0.0,0.0
SPY,SPY260522P00480000,2026-05-22,4,put,480.0,604.0,0.0,1.1968,0.0,0.0,0.01,,-0.0001,-0.0018,0.0003,https://cdn.cboe.com/api/global/delayed_quotes/options/SPY.json,0.0,0.0,-0.0,0.0,0.0,-0.0,0.0
SPY,SPY260522P00485000,2026-05-22,4,put,485.0,75642.0,48.0,1.1695,0.0,0.0,0.01,,-0.0001,-0.0019,0.0003,https://cdn.cboe.com/api/global/delayed_quotes/options/SPY.json,0.0,0.0,-0.0,0.0,0.0,-0.0,0.0
SPY,SPY260522P00490000,2026-05-22,4,put,490.0,2900.0,0.0,1.1425,0.0,0.0,0.01,,-0.0001,-0.002,0.0004,https://cdn.cboe.com/api/global/delayed_quotes/options/SPY.json,0.0,0.0,-0.0,0.0,0.0,-0.0,0.0
SPY,SPY260522P00495000,2026-05-22,4,put,495.0,4577.0,120.0,1.1158,0.0,0.0,0.01,,-0.0001,-0.0022,0.0004,https://cdn.cboe.com/api/global/delayed_quotes/options/SPY.json,0.0,0.0,-0.0,0.0,0.0,-0.0,0.0
SPY,SPY260522C00500000,2026-05-22,4,call,500.0,107.0,0.0,0.0,0.0,237.12,239.91,,0.9999,0.0,0.0004,https://cdn.cboe.com/api/global/delayed_quotes/options/SPY.json,0.0,0.0,0.0,0.0,0.0,0.0,0.0
SPY,SPY260522P00500000,2026-05-22,4,put,500.0,5228.0,0.0,1.0892,0.0,0.0,0.01,,-0.0001,-0.0023,0.0004,https://cdn.cboe.com/api/global/delayed_quotes/options/SPY.json,0.0,0.0,-0.0,0.0,0.0,-0.0,0.0
SPY,SPY260522P00505000,2026-05-22,4,put,505.0,2874.0,0.0,1.063,0.0,0.0,0.01,,-0.0001,-0.0025,0.0004,https://cdn.cboe.com/api/global/delayed_quotes/options/SPY.json,0.0,0.0,-0.0,0.0,0.0,-0.0,0.0
SPY,SPY260522P00510000,2026-05-22,4,put,510.0,928.0,0.0,1.0369,0.0,0.0,0.01,,-0.0002,-0.0027,0.0005,https://cdn.cboe.com/api/global/delayed_quotes/options/SPY.json,0.0,0.0,-0.0,0.0,0.0,-0.0,0.0
SPY,SPY260522C00515000,2026-05-22,4,call,515.0,1.0,1.0,0.0,0.0,222.13,223.7,,0.9999,0.0,0.0005,https://cdn.cboe.com/api/global/delayed_quotes/options/SPY.json,0.0,0.0,0.0,0.0,0.0,0.0,0.0
SPY,SPY260522P00515000,2026-05-22,4,put,515.0,1188.0,0.0,1.0111,0.0,0.0,0.01,,-0.0002,-0.0028,0.0005,https://cdn.cboe.com/api/global/delayed_quotes/options/SPY.json,0.0,0.0,-0.0,0.0,0.0,-0.0,0.0
SPY,SPY260522C00520000,2026-05-22,4,call,520.0,8.0,8.0,0.0,0.0,217.13,219.93,,0.9998,0.0,0.0006,https://cdn.cboe.com/api/global/delayed_quotes/options/SPY.json,0.0,0.0,0.0,0.0,0.0,0.0,0.0
SPY,SPY260522P00520000,2026-05-22,4,put,520.0,1808.0,0.0,0.9855,0.0,0.0,0.01,,-0.0002,-0.0031,0.0006,https://cdn.cboe.com/api/global/delayed_quotes/options/SPY.json,0.0,0.0,-0.0,0.0,0.0,-0.0,0.0
SPY,SPY260522C00525000,2026-05-22,4,call,525.0,2.0,2.0,1.0096,0.0,212.14,214.93,,0.9998,0.0,0.0006,https://cdn.cboe.com/api/global/delayed_quotes/options/SPY.json,0.0,0.0,0.0,0.0,0.0,0.0,0.0
SPY,SPY260522P00525000,2026-05-22,4,put,525.0,2122.0,1.0,0.9602,0.0,0.0,0.01,,-0.0002,-0.0033,0.0006,https://cdn.cboe.com/api/global/delayed_quotes/options/SPY.json,0.0,0.0,-0.0,0.0,0.0,-0.0,0.0
SPY,SPY260522C00530000,2026-05-22,4,call,530.0,2.0,0.0,0.0,0.0,207.15,209.94,,0.9998,0.0,0.0007,https://cdn.cboe.com/api/global/delayed_quotes/options/SPY.json,0.0,0.0,0.0,0.0,0.0,0.0,0.0
SPY,SPY260522P00530000,2026-05-22,4,put,530.0,866.0,0.0,0.935,0.0,0.0,0.01,,-0.0002,-0.0035,0.0007,https://cdn.cboe.com/api/global/delayed_quotes/options/SPY.json,0.0,0.0,-0.0,0.0,0.0,-0.0,0.0
SPY,SPY260522P00535000,2026-05-22,4,put,535.0,150905.0,4.0,0.9101,0.0,0.0,0.01,,-0.0003,-0.0038,0.0007,https://cdn.cboe.com/api/global/delayed_quotes/options/SPY.json,0.0,0.0,-0.0,0.0,0.0,-0.0,0.0
SPY,SPY260522C00540000,2026-05-22,4,call,540.0,1.0,0.0,0.0,0.0,197.15,199.2,,0.9998,0.0,0.0008,https://cdn.cboe.com/api/global/delayed_quotes/options/SPY.json,0.0,0.0,0.0,0.0,0.0,0.0,0.0
SPY,SPY260522P00540000,2026-05-22,4,put,540.0,835.0,0.0,0.8853,0.0,0.0,0.01,,-0.0003,-0.004,0.0008,https://cdn.cboe.com/api/global/delayed_quotes/options/SPY.json,0.0,0.0,-0.0,0.0,0.0,-0.0,0.0
SPY,SPY260522P00545000,2026-05-22,4,put,545.0,1229.0,11.0,0.8608,0.0,0.0,0.01,,-0.0003,-0.0043,0.0009,https://cdn.cboe.com/api/global/delayed_quotes/options/SPY.json,0.0,0.0,-0.0,0.0,0.0,-0.0,0.0
SPY,SPY260522C00550000,2026-05-22,4,call,550.0,2.0,0.0,0.0,0.0,187.16,189.95,,0.9997,0.0,0.001,https://cdn.cboe.com/api/global/delayed_quotes/options/SPY.json,0.0,0.0,0.0,0.0,0.0,0.0,0.0
SPY,SPY260522P00550000,2026-05-22,4,put,550.0,35640.0,0.0,0.8364,0.0,0.0,0.01,,-0.0003,-0.0047,0.001,https://cdn.cboe.com/api/global/delayed_quotes/options/SPY.json,0.0,0.0,-0.0,0.0,0.0,-0.0,0.0
SPY,SPY260522C00555000,2026-05-22,4,call,555.0,6.0,0.0,0.0,0.0,182.17,184.96,,0.9997,0.0,0.001,https://cdn.cboe.com/api/global/delayed_quotes/options/SPY.json,0.0,0.0,0.0,0.0,0.0,0.0,0.0
SPY,SPY260522P00555000,2026-05-22,4,put,555.0,314.0,0.0,0.8123,0.0,0.0,0.01,,-0.0004,-0.005,0.001,https://cdn.cboe.com/api/global/delayed_quotes/options/SPY.json,0.0,0.0,-0.0,0.0,0.0,-0.0,0.0
SPY,SPY260522C00560000,2026-05-22,4,call,560.0,6.0,0.0,0.0,0.0,177.17,178.73,,0.9996,0.0,0.0011,https://cdn.cboe.com/api/global/delayed_quotes/options/SPY.json,0.0,0.0,0.0,0.0,0.0,0.0,0.0
SPY,SPY260522P00560000,2026-05-22,4,put,560.0,37613.0,5.0,0.7883,0.0,0.0,0.01,,-0.0004,-0.0054,0.0011,https://cdn.cboe.com/api/global/delayed_quotes/options/SPY.json,0.0,0.0,-0.0,0.0,0.0,-0.0,0.0
SPY,SPY260522C00565000,2026-05-22,4,call,565.0,3.0,0.0,0.0,0.0,172.18,173.74,,0.9996,0.0,0.0012,https://cdn.cboe.com/api/global/delayed_quotes/options/SPY.json,0.0,0.0,0.0,0.0,0.0,0.0,0.0
SPY,SPY260522P00565000,2026-05-22,4,put,565.0,10509.0,0.0,0.7645,0.0,0.0,0.01,,-0.0004,-0.0058,0.0012,https://cdn.cboe.com/api/global/delayed_quotes/options/SPY.json,0.0,0.0,-0.0,0.0,0.0,-0.0,0.0
SPY,SPY260522C00570000,2026-05-22,4,call,570.0,1.0,0.0,0.0,0.0,167.18,169.97,,0.9996,0.0,0.0014,https://cdn.cboe.com/api/global/delayed_quotes/options/SPY.json,0.0,0.0,0.0,0.0,0.0,0.0,0.0
SPY,SPY260522P00570000,2026-05-22,4,put,570.0,2184.0,14.0,0.7411,0.0,0.0,0.01,,-0.0005,-0.0063,0.0014,https://cdn.cboe.com/api/global/delayed_quotes/options/SPY.json,0.0,0.0,-0.0,0.0,0.0,-0.0,0.0
SPY,SPY260522C00575000,2026-05-22,4,call,575.0,3.0,1.0,0.0,0.0,162.18,164.98,,0.9995,0.0,0.0015,https://cdn.cboe.com/api/global/delayed_quotes/options/SPY.json,0.0,0.0,0.0,0.0,0.0,0.0,0.0
SPY,SPY260522P00575000,2026-05-22,4,put,575.0,374.0,5.0,0.7177,0.0,0.0,0.01,,-0.0005,-0.0068,0.0015,https://cdn.cboe.com/api/global/delayed_quotes/options/SPY.json,0.0,0.0,-0.0,0.0,0.0,-0.0,0.0
SPY,SPY260522C00580000,2026-05-22,4,call,580.0,5.0,0.0,0.0,0.0,157.19,159.98,,0.9994,0.0,0.0016,https://cdn.cboe.com/api/global/delayed_quotes/options/SPY.json,0.0,0.0,0.0,0.0,0.0,0.0,0.0
SPY,SPY260522P00580000,2026-05-22,4,put,580.0,1408.0,45.0,0.6944,0.0,0.0,0.01,,-0.0006,-0.0073,0.0016,https://cdn.cboe.com/api/global/delayed_quotes/options/SPY.json,0.0,0.0,-0.0,0.0,0.0,-0.0,0.0
SPY,SPY260522C00585000,2026-05-22,4,call,585.0,4.0,0.0,0.0,0.0,152.19,154.99,,0.9994,0.0,0.0018,https://cdn.cboe.com/api/global/delayed_quotes/options/SPY.json,0.0,0.0,0.0,0.0,0.0,0.0,0.0
SPY,SPY260522P00585000,2026-05-22,4,put,585.0,75232.0,144.0,0.6713,0.0,0.0,0.01,,-0.0007,-0.0079,0.0018,https://cdn.cboe.com/api/global/delayed_quotes/options/SPY.json,0.0,0.0,-0.0,0.0,0.0,-0.0,0.0
SPY,SPY260522C00590000,2026-05-22,4,call,590.0,4.0,0.0,0.0,0.0,147.2,149.99,,0.9993,0.0,0.002,https://cdn.cboe.com/api/global/delayed_quotes/options/SPY.json,0.0,0.0,0.0,0.0,0.0,0.0,0.0
SPY,SPY260522P00590000,2026-05-22,4,put,590.0,927.0,61.0,0.6483,0.0,0.0,0.01,,-0.0007,-0.0086,0.002,https://cdn.cboe.com/api/global/delayed_quotes/options/SPY.json,0.0,0.0,-0.0,0.0,0.0,-0.0,0.0
SPY,SPY260522C00595000,2026-05-22,4,call,595.0,23.0,0.0,0.0,0.0,142.2,144.99,,0.9992,0.0,0.0022,https://cdn.cboe.com/api/global/delayed_quotes/options/SPY.json,0.0,0.0,0.0,0.0,0.0,0.0,0.0
SPY,SPY260522P00595000,2026-05-22,4,put,595.0,710.0,76.0,0.6253,0.0,0.0,0.01,,-0.0008,-0.0093,0.0022,https://cdn.cboe.com/api/global/delayed_quotes/options/SPY.json,0.0,0.0,-0.0,0.0,0.0,-0.0,0.0
SPY,SPY260522C00600000,2026-05-22,4,call,600.0,50.0,0.0,0.0,0.0001,137.21,140.0,,0.9991,0.0,0.0024,https://cdn.cboe.com/api/global/delayed_quotes/options/SPY.json,0.0001,2728.0191125,0.0,2728.0191125,2.7280191125e-06,0.0,2.7280191125e-06
SPY,SPY260522P00600000,2026-05-22,4,put,600.0,42635.0,174.0,0.6562,0.0001,0.01,0.02,,-0.0009,-0.0101,0.0024,https://cdn.cboe.com/api/global/delayed_quotes/options/SPY.json,0.0001,0.0,-2326181.8972287504,-2326181.8972287504,0.0,-0.0023261818972287506,-0.0023261818972287506
SPY,SPY260522P00601000,2026-05-22,4,put,601.0,1195.0,0.0,0.6514,0.0001,0.01,0.02,,-0.0009,-0.0103,0.0025,https://cdn.cboe.com/api/global/delayed_quotes/options/SPY.json,0.0001,0.0,-65199.65678875001,-65199.65678875001,0.0,-6.519965678875001e-05,-6.519965678875001e-05
SPY,SPY260522C00602000,2026-05-22,4,call,602.0,3.0,0.0,0.0,0.0001,135.21,138.0,,0.9991,0.0,0.0026,https://cdn.cboe.com/api/global/delayed_quotes/options/SPY.json,0.0001,163.68114675,0.0,163.68114675,1.6368114675e-07,0.0,1.6368114675e-07
SPY,SPY260522P00602000,2026-05-22,4,put,602.0,1202.0,74.0,0.6465,0.0001,0.01,0.02,,-0.001,-0.0104,0.0026,https://cdn.cboe.com/api/global/delayed_quotes/options/SPY.json,0.0001,0.0,-65581.5794645,-65581.5794645,0.0,-6.55815794645e-05,-6.55815794645e-05
SPY,SPY260522P00603000,2026-05-22,4,put,603.0,2336.0,0.0,0.6417,0.0001,0.01,0.02,,-0.001,-0.0106,0.0026,https://cdn.cboe.com/api/global/delayed_quotes/options/SPY.json,0.0001,0.0,-127453.05293600001,-127453.05293600001,0.0,-0.000127453052936,-0.000127453052936
SPY,SPY260522P00604000,2026-05-22,4,put,604.0,2493.0,0.0,0.6368,0.0001,0.01,0.02,,-0.001,-0.0108,0.0027,https://cdn.cboe.com/api/global/delayed_quotes/options/SPY.json,0.0001,0.0,-136019.03294925002,-136019.03294925002,0.0,-0.00013601903294925002,-0.00013601903294925002
SPY,SPY260522C00605000,2026-05-22,4,call,605.0,6.0,0.0,0.0,0.0001,132.21,135.0,,0.999,0.0,0.0027,https://cdn.cboe.com/api/global/delayed_quotes/options/SPY.json,0.0001,327.3622935,0.0,327.3622935,3.273622935e-07,0.0,3.273622935e-07
SPY,SPY260522P00605000,2026-05-22,4,put,605.0,6109.0,0.0,0.632,0.0001,0.01,0.02,,-0.001,-0.011,0.0027,https://cdn.cboe.com/api/global/delayed_quotes/options/SPY.json,0.0001,0.0,-333309.37516525004,-333309.37516525004,0.0,-0.00033330937516525005,-0.00033330937516525005
SPY,SPY260522C00606000,2026-05-22,4,call,606.0,1.0,1.0,0.0,0.0001,131.23,134.01,,0.999,0.0,0.0028,https://cdn.cboe.com/api/global/delayed_quotes/options/SPY.json,0.0001,54.56038225,0.0,54.56038225,5.4560382250000004e-08,0.0,5.4560382250000004e-08
SPY,SPY260522P00606000,2026-05-22,4,put,606.0,491.0,0.0,0.6272,0.0001,0.01,0.02,,-0.001,-0.0112,0.0028,https://cdn.cboe.com/api/global/delayed_quotes/options/SPY.json,0.0001,0.0,-26789.14768475,-26789.14768475,0.0,-2.6789147684750002e-05,-2.6789147684750002e-05
SPY,SPY260522P00607000,2026-05-22,4,put,607.0,530.0,10.0,0.6223,0.0001,0.01,0.02,,-0.0011,-0.0114,0.0028,https://cdn.cboe.com/api/global/delayed_quotes/options/SPY.json,0.0001,0.0,-28917.002592500008,-28917.002592500008,0.0,-2.8917002592500007e-05,-2.8917002592500007e-05
SPY,SPY260522C00608000,2026-05-22,4,call,608.0,1.0,1.0,0.0,0.0001,129.22,132.01,,0.999,0.0,0.0029,https://cdn.cboe.com/api/global/delayed_quotes/options/SPY.json,0.0001,54.56038225,0.0,54.56038225,5.4560382250000004e-08,0.0,5.4560382250000004e-08
SPY,SPY260522P00608000,2026-05-22,4,put,608.0,136.0,0.0,0.6175,0.0001,0.01,0.02,,-0.0011,-0.0115,0.0029,https://cdn.cboe.com/api/global/delayed_quotes/options/SPY.json,0.0001,0.0,-7420.211986000001,-7420.211986000001,0.0,-7.4202119860000015e-06,-7.4202119860000015e-06
SPY,SPY260522C00609000,2026-05-22,4,call,609.0,3.0,0.0,0.0,0.0001,128.22,130.41,,0.9989,0.0,0.003,https://cdn.cboe.com/api/global/delayed_quotes/options/SPY.json,0.0001,163.68114675,0.0,163.68114675,1.6368114675e-07,0.0,1.6368114675e-07
SPY,SPY260522P00609000,2026-05-22,4,put,609.0,2203.0,1077.0,0.6127,0.0001,0.01,0.02,,-0.0011,-0.0117,0.003,https://cdn.cboe.com/api/global/delayed_quotes/options/SPY.json,0.0001,0.0,-120196.52209675,-120196.52209675,0.0,-0.00012019652209675,-0.00012019652209675
SPY,SPY260522C00610000,2026-05-22,4,call,610.0,50.0,1.0,0.0,0.0001,127.22,130.01,,0.9989,0.0,0.003,https://cdn.cboe.com/api/global/delayed_quotes/options/SPY.json,0.0001,2728.0191125,0.0,2728.0191125,2.7280191125e-06,0.0,2.7280191125e-06
SPY,SPY260522P00610000,2026-05-22,4,put,610.0,2631.0,149.0,0.6079,0.0001,0.01,0.02,,-0.0011,-0.0119,0.003,https://cdn.cboe.com/api/global/delayed_quotes/options/SPY.json,0.0001,0.0,-143548.36569975,-143548.36569975,0.0,-0.00014354836569974998,-0.00014354836569974998
SPY,SPY260522P00611000,2026-05-22,4,put,611.0,1853.0,0.0,0.6031,0.0001,0.01,0.02,,-0.0012,-0.0122,0.0031,https://cdn.cboe.com/api/global/delayed_quotes/options/SPY.json,0.0001,0.0,-101100.38830925,-101100.38830925,0.0,-0.00010110038830925001,-0.00010110038830925001
SPY,SPY260522P00612000,2026-05-22,4,put,612.0,1801.0,0.0,0.5982,0.0001,0.01,0.02,,-0.0012,-0.0124,0.0031,https://cdn.cboe.com/api/global/delayed_quotes/options/SPY.json,0.0001,0.0,-98263.24843225001,-98263.24843225001,0.0,-9.826324843225001e-05,-9.826324843225001e-05
SPY,SPY260522P00613000,2026-05-22,4,put,613.0,130.0,0.0,0.5935,0.0001,0.01,0.02,,-0.0012,-0.0126,0.0032,https://cdn.cboe.com/api/global/delayed_quotes/options/SPY.json,0.0001,0.0,-7092.849692500001,-7092.849692500001,0.0,-7.0928496925000005e-06,-7.0928496925000005e-06
SPY,SPY260522P00614000,2026-05-22,4,put,614.0,489.0,0.0,0.5887,0.0001,0.01,0.02,,-0.0012,-0.0128,0.0033,https://cdn.cboe.com/api/global/delayed_quotes/options/SPY.json,0.0001,0.0,-26680.02692025,-26680.02692025,0.0,-2.6680026920249997e-05,-2.6680026920249997e-05
SPY,SPY260522C00615000,2026-05-22,4,call,615.0,12.0,0.0,0.0,0.0001,122.22,125.01,,0.9988,0.0,0.0034,https://cdn.cboe.com/api/global/delayed_quotes/options/SPY.json,0.0001,654.724587,0.0,654.724587,6.54724587e-07,0.0,6.54724587e-07
SPY,SPY260522P00615000,2026-05-22,4,put,615.0,814.0,12.0,0.5839,0.0001,0.01,0.02,,-0.0013,-0.013,0.0034,https://cdn.cboe.com/api/global/delayed_quotes/options/SPY.json,0.0001,0.0,-44412.1511515,-44412.1511515,0.0,-4.44121511515e-05,-4.44121511515e-05
SPY,SPY260522P00616000,2026-05-22,4,put,616.0,985.0,0.0,0.5791,0.0001,0.01,0.02,,-0.0013,-0.0132,0.0034,https://cdn.cboe.com/api/global/delayed_quotes/options/SPY.json,0.0001,0.0,-53741.97651625,-53741.97651625,0.0,-5.3741976516249996e-05,-5.3741976516249996e-05
SPY,SPY260522P00617000,2026-05-22,4,put,617.0,945.0,0.0,0.5743,0.0001,0.01,0.02,,-0.0013,-0.0135,0.0035,https://cdn.cboe.com/api/global/delayed_quotes/options/SPY.json,0.0001,0.0,-51559.56122625,-51559.56122625,0.0,-5.155956122625e-05,-5.155956122625e-05
SPY,SPY260522C00618000,2026-05-22,4,call,618.0,1.0,0.0,0.0,0.0001,119.22,122.02,,0.9987,-0.001,0.0036,https://cdn.cboe.com/api/global/delayed_quotes/options/SPY.json,0.0001,54.56038225,0.0,54.56038225,5.4560382250000004e-08,0.0,5.4560382250000004e-08
SPY,SPY260522P00618000,2026-05-22,4,put,618.0,1809.0,0.0,0.5696,0.0001,0.01,0.02,,-0.0014,-0.0137,0.0036,https://cdn.cboe.com/api/global/delayed_quotes/options/SPY.json,0.0001,0.0,-98699.73149025001,-98699.73149025001,0.0,-9.869973149025e-05,-9.869973149025e-05
SPY,SPY260522P00619000,2026-05-22,4,put,619.0,1182.0,45.0,0.5648,0.0001,0.01,0.02,,-0.0014,-0.014,0.0036,https://cdn.cboe.com/api/global/delayed_quotes/options/SPY.json,0.0001,0.0,-64490.371819500004,-64490.371819500004,0.0,-6.449037181950001e-05,-6.449037181950001e-05
SPY,SPY260522C00620000,2026-05-22,4,call,620.0,11.0,1.0,0.0,0.0001,117.23,120.02,,0.9986,-0.0017,0.0037,https://cdn.cboe.com/api/global/delayed_quotes/options/SPY.json,0.0001,600.16420475,0.0,600.16420475,6.0016420475e-07,0.0,6.0016420475e-07
SPY,SPY260522P00620000,2026-05-22,4,put,620.0,4912.0,1063.0,0.56,0.0001,0.01,0.02,,-0.0014,-0.0142,0.0037,https://cdn.cboe.com/api/global/delayed_quotes/options/SPY.json,0.0001,0.0,-268000.597612,-268000.597612,0.0,-0.000268000597612,-0.000268000597612
SPY,SPY260522P00621000,2026-05-22,4,put,621.0,1236.0,993.0,0.5553,0.0001,0.01,0.02,,-0.0015,-0.0145,0.0038,https://cdn.cboe.com/api/global/delayed_quotes/options/SPY.json,0.0001,0.0,-67436.632461,-67436.632461,0.0,-6.7436632461e-05,-6.7436632461e-05
SPY,SPY260522C00622000,2026-05-22,4,call,622.0,31.0,0.0,0.0,0.0001,115.23,118.02,,0.9985,-0.0024,0.0039,https://cdn.cboe.com/api/global/delayed_quotes/options/SPY.json,0.0001,1691.3718497500004,0.0,1691.3718497500004,1.6913718497500003e-06,0.0,1.6913718497500003e-06
SPY,SPY260522P00622000,2026-05-22,4,put,622.0,897.0,2118.0,0.5505,0.0001,0.01,0.02,,-0.0015,-0.0147,0.0039,https://cdn.cboe.com/api/global/delayed_quotes/options/SPY.json,0.0001,0.0,-48940.662878250005,-48940.662878250005,0.0,-4.894066287825001e-05,-4.894066287825001e-05
SPY,SPY260522P00623000,2026-05-22,4,put,623.0,233.0,1110.0,0.5458,0.0001,0.01,0.02,,-0.0016,-0.015,0.004,https://cdn.cboe.com/api/global/delayed_quotes/options/SPY.json,0.0001,0.0,-12712.569064250001,-12712.569064250001,0.0,-1.2712569064250001e-05,-1.2712569064250001e-05
SPY,SPY260522C00624000,2026-05-22,4,call,624.0,3.0,3.0,0.0,0.0001,113.23,116.02,,0.9985,-0.0032,0.0041,https://cdn.cboe.com/api/global/delayed_quotes/options/SPY.json,0.0001,163.68114675,0.0,163.68114675,1.6368114675e-07,0.0,1.6368114675e-07
SPY,SPY260522P00624000,2026-05-22,4,put,624.0,1091.0,103.0,0.5411,0.0001,0.01,0.02,,-0.0016,-0.0153,0.0041,https://cdn.cboe.com/api/global/delayed_quotes/options/SPY.json,0.0001,0.0,-59525.37703475,-59525.37703475,0.0,-5.952537703475e-05,-5.952537703475e-05
SPY,SPY260522C00625000,2026-05-22,4,call,625.0,5.0,1.0,0.0,0.0001,112.25,114.26,,0.9984,-0.0036,0.0042,https://cdn.cboe.com/api/global/delayed_quotes/options/SPY.json,0.0001,272.80191125,0.0,272.80191125,2.7280191125e-07,0.0,2.7280191125e-07
SPY,SPY260522P00625000,2026-05-22,4,put,625.0,5842.0,429.0,0.5363,0.0001,0.01,0.02,,-0.0016,-0.0156,0.0042,https://cdn.cboe.com/api/global/delayed_quotes/options/SPY.json,0.0001,0.0,-318741.7531045,-318741.7531045,0.0,-0.00031874175310450003,-0.00031874175310450003
SPY,SPY260522C00626000,2026-05-22,4,call,626.0,7.0,0.0,0.0,0.0001,111.23,114.03,,0.9984,-0.004,0.0043,https://cdn.cboe.com/api/global/delayed_quotes/options/SPY.json,0.0001,381.92267575,0.0,381.92267575,3.8192267575e-07,0.0,3.8192267575e-07
SPY,SPY260522P00626000,2026-05-22,4,put,626.0,935.0,951.0,0.5316,0.0001,0.01,0.02,,-0.0017,-0.0158,0.0043,https://cdn.cboe.com/api/global/delayed_quotes/options/SPY.json,0.0001,0.0,-51013.95740375,-51013.95740375,0.0,-5.1013957403749996e-05,-5.1013957403749996e-05
SPY,SPY260522P00627000,2026-05-22,4,put,627.0,365.0,2493.0,0.5269,0.0001,0.01,0.02,,-0.0017,-0.0161,0.0044,https://cdn.cboe.com/api/global/delayed_quotes/options/SPY.json,0.0001,0.0,-19914.539521250004,-19914.539521250004,0.0,-1.9914539521250005e-05,-1.9914539521250005e-05
SPY,SPY260522C00628000,2026-05-22,4,call,628.0,2.0,0.0,0.0,0.0001,109.24,111.4,,0.9983,-0.0048,0.0045,https://cdn.cboe.com/api/global/delayed_quotes/options/SPY.json,0.0001,109.1207645,0.0,109.1207645,1.0912076450000001e-07,0.0,1.0912076450000001e-07
SPY,SPY260522P00628000,2026-05-22,4,put,628.0,528.0,2387.0,0.5222,0.0001,0.01,0.02,,-0.0018,-0.0164,0.0045,https://cdn.cboe.com/api/global/delayed_quotes/options/SPY.json,0.0001,0.0,-28807.881828,-28807.881828,0.0,-2.8807881828000002e-05,-2.8807881828000002e-05
SPY,SPY260522C00629000,2026-05-22,4,call,629.0,1.0,0.0,0.0,0.0001,108.24,110.4,,0.9982,-0.0052,0.0046,https://cdn.cboe.com/api/global/delayed_quotes/options/SPY.json,0.0001,54.56038225,0.0,54.56038225,5.4560382250000004e-08,0.0,5.4560382250000004e-08
SPY,SPY260522P00629000,2026-05-22,4,put,629.0,373.0,169.0,0.5174,0.0001,0.01,0.02,,-0.0018,-0.0167,0.0046,https://cdn.cboe.com/api/global/delayed_quotes/options/SPY.json,0.0001,0.0,-20351.022579250002,-20351.022579250002,0.0,-2.0351022579250002e-05,-2.0351022579250002e-05
SPY,SPY260522C00630000,2026-05-22,4,call,630.0,10.0,0.0,0.0,0.0001,107.24,109.46,,0.9982,-0.0056,0.0047,https://cdn.cboe.com/api/global/delayed_quotes/options/SPY.json,0.0001,545.6038225,0.0,545.6038225,5.456038225e-07,0.0,5.456038225e-07
SPY,SPY260522P00630000,2026-05-22,4,put,630.0,6889.0,235.0,0.5127,0.0001,0.01,0.02,,-0.0018,-0.017,0.0047,https://cdn.cboe.com/api/global/delayed_quotes/options/SPY.json,0.0001,0.0,-375866.47332025,-375866.47332025,0.0,-0.00037586647332025,-0.00037586647332025
SPY,SPY260522C00631000,2026-05-22,4,call,631.0,2.0,0.0,0.0,0.0001,106.24,108.3,,0.9982,-0.006,0.0048,https://cdn.cboe.com/api/global/delayed_quotes/options/SPY.json,0.0001,109.1207645,0.0,109.1207645,1.0912076450000001e-07,0.0,1.0912076450000001e-07
SPY,SPY260522P00631000,2026-05-22,4,put,631.0,1169.0,0.0,0.508,0.0001,0.01,0.02,,-0.0019,-0.0174,0.0048,https://cdn.cboe.com/api/global/delayed_quotes/options/SPY.json,0.0001,0.0,-63781.08685025001,-63781.08685025001,0.0,-6.378108685025e-05,-6.378108685025e-05
SPY,SPY260522P00632000,2026-05-22,4,put,632.0,1331.0,2.0,0.5033,0.0001,0.01,0.02,,-0.0019,-0.0177,0.0049,https://cdn.cboe.com/api/global/delayed_quotes/options/SPY.json,0.0001,0.0,-72619.86877475,-72619.86877475,0.0,-7.261986877474999e-05,-7.261986877474999e-05
SPY,SPY260522C00633000,2026-05-22,4,call,633.0,20.0,0.0,0.0,0.0002,104.24,106.08,,0.9981,-0.0069,0.005,https://cdn.cboe.com/api/global/delayed_quotes/options/SPY.json,0.0002,2182.41529,0.0,2182.41529,2.18241529e-06,0.0,2.18241529e-06
SPY,SPY260522P00633000,2026-05-22,4,put,633.0,774.0,0.0,0.522,0.0002,0.02,0.03,,-0.002,-0.018,0.005,https://cdn.cboe.com/api/global/delayed_quotes/options/SPY.json,0.0002,0.0,-84459.47172300002,-84459.47172300002,0.0,-8.445947172300003e-05,-8.445947172300003e-05
SPY,SPY260522C00634000,2026-05-22,4,call,634.0,1.0,0.0,0.0,0.0002,103.24,105.47,,0.998,-0.0073,0.0052,https://cdn.cboe.com/api/global/delayed_quotes/options/SPY.json,0.0002,109.1207645,0.0,109.1207645,1.0912076450000001e-07,0.0,1.0912076450000001e-07
SPY,SPY260522P00634000,2026-05-22,4,put,634.0,1036.0,24.0,0.5172,0.0002,0.02,0.03,,-0.002,-0.0184,0.0052,https://cdn.cboe.com/api/global/delayed_quotes/options/SPY.json,0.0002,0.0,-113049.11202200002,-113049.11202200002,0.0,-0.00011304911202200001,-0.00011304911202200001
SPY,SPY260522C00635000,2026-05-22,4,call,635.0,303.0,3.0,0.0,0.0002,103.39,103.84,,0.998,-0.0078,0.0053,https://cdn.cboe.com/api/global/delayed_quotes/options/SPY.json,0.0002,33063.5916435,0.0,33063.5916435,3.3063591643500005e-05,0.0,3.3063591643500005e-05
SPY,SPY260522P00635000,2026-05-22,4,put,635.0,987.0,144.0,0.5123,0.0002,0.02,0.03,,-0.0021,-0.0187,0.0053,https://cdn.cboe.com/api/global/delayed_quotes/options/SPY.json,0.0002,0.0,-107702.19456150001,-107702.19456150001,0.0,-0.00010770219456150001,-0.00010770219456150001
SPY,SPY260522P00636000,2026-05-22,4,put,636.0,374.0,18.0,0.5074,0.0002,0.02,0.03,,-0.0022,-0.0191,0.0054,https://cdn.cboe.com/api/global/delayed_quotes/options/SPY.json,0.0002,0.0,-40811.165923,-40811.165923,0.0,-4.0811165923e-05,-4.0811165923e-05
SPY,SPY260522C00637000,2026-05-22,4,call,637.0,1.0,0.0,0.0,0.0002,100.25,101.81,,0.9978,-0.0087,0.0055,https://cdn.cboe.com/api/global/delayed_quotes/options/SPY.json,0.0002,109.1207645,0.0,109.1207645,1.0912076450000001e-07,0.0,1.0912076450000001e-07
SPY,SPY260522P00637000,2026-05-22,4,put,637.0,274.0,3073.0,0.5026,0.0002,0.02,0.03,,-0.0022,-0.0194,0.0055,https://cdn.cboe.com/api/global/delayed_quotes/options/SPY.json,0.0002,0.0,-29899.089473,-29899.089473,0.0,-2.9899089473e-05,-2.9899089473e-05
SPY,SPY260522C00638000,2026-05-22,4,call,638.0,1.0,1.0,0.0,0.0002,99.25,101.09,,0.9978,-0.0092,0.0057,https://cdn.cboe.com/api/global/delayed_quotes/options/SPY.json,0.0002,109.1207645,0.0,109.1207645,1.0912076450000001e-07,0.0,1.0912076450000001e-07
SPY,SPY260522P00638000,2026-05-22,4,put,638.0,548.0,1730.0,0.4977,0.0002,0.02,0.03,,-0.0023,-0.0198,0.0057,https://cdn.cboe.com/api/global/delayed_quotes/options/SPY.json,0.0002,0.0,-59798.178946,-59798.178946,0.0,-5.9798178946e-05,-5.9798178946e-05
SPY,SPY260522P00639000,2026-05-22,4,put,639.0,865.0,1123.0,0.4928,0.0002,0.02,0.03,,-0.0023,-0.0202,0.0058,https://cdn.cboe.com/api/global/delayed_quotes/options/SPY.json,0.0002,0.0,-94389.46129250001,-94389.46129250001,0.0,-9.438946129250001e-05,-9.438946129250001e-05
SPY,SPY260522C00640000,2026-05-22,4,call,640.0,585.0,9.0,0.0,0.0002,98.4,98.84,,0.9977,-0.0102,0.006,https://cdn.cboe.com/api/global/delayed_quotes/options/SPY.json,0.0002,63835.64723250001,0.0,63835.64723250001,6.38356472325e-05,0.0,6.38356472325e-05
SPY,SPY260522P00640000,2026-05-22,4,put,640.0,3557.0,164.0,0.488,0.0002,0.02,0.03,,-0.0024,-0.0206,0.006,https://cdn.cboe.com/api/global/delayed_quotes/options/SPY.json,0.0002,0.0,-388142.5593265,-388142.5593265,0.0,-0.0003881425593265,-0.0003881425593265
SPY,SPY260522C00641000,2026-05-22,4,call,641.0,2.0,6.0,0.0,0.0002,96.25,99.05,,0.9976,-0.0107,0.0061,https://cdn.cboe.com/api/global/delayed_quotes/options/SPY.json,0.0002,218.241529,0.0,218.241529,2.1824152900000002e-07,0.0,2.1824152900000002e-07
SPY,SPY260522P00641000,2026-05-22,4,put,641.0,978.0,10.0,0.4831,0.0002,0.02,0.03,,-0.0024,-0.021,0.0061,https://cdn.cboe.com/api/global/delayed_quotes/options/SPY.json,0.0002,0.0,-106720.107681,-106720.107681,0.0,-0.00010672010768099999,-0.00010672010768099999
SPY,SPY260522C00642000,2026-05-22,4,call,642.0,21.0,0.0,0.0,0.0002,95.25,97.48,,0.9975,-0.0112,0.0062,https://cdn.cboe.com/api/global/delayed_quotes/options/SPY.json,0.0002,2291.5360545000003,0.0,2291.5360545000003,2.2915360545000003e-06,0.0,2.2915360545000003e-06
SPY,SPY260522P00642000,2026-05-22,4,put,642.0,1162.0,0.0,0.4783,0.0002,0.02,0.03,,-0.0025,-0.0214,0.0062,https://cdn.cboe.com/api/global/delayed_quotes/options/SPY.json,0.0002,0.0,-126798.32834900002,-126798.32834900002,0.0,-0.00012679832834900002,-0.00012679832834900002
SPY,SPY260522C00643000,2026-05-22,4,call,643.0,42.0,1.0,0.0,0.0002,94.26,95.82,,0.9975,-0.0118,0.0064,https://cdn.cboe.com/api/global/delayed_quotes/options/SPY.json,0.0002,4583.072109000001,0.0,4583.072109000001,4.583072109000001e-06,0.0,4.583072109000001e-06
SPY,SPY260522P00643000,2026-05-22,4,put,643.0,1219.0,15.0,0.4734,0.0002,0.02,0.03,,-0.0026,-0.0218,0.0064,https://cdn.cboe.com/api/global/delayed_quotes/options/SPY.json,0.0002,0.0,-133018.2119255,-133018.2119255,0.0,-0.0001330182119255,-0.0001330182119255
SPY,SPY260522C00644000,2026-05-22,4,call,644.0,2.0,1.0,0.0,0.0002,93.26,95.39,,0.9974,-0.0123,0.0066,https://cdn.cboe.com/api/global/delayed_quotes/options/SPY.json,0.0002,218.241529,0.0,218.241529,2.1824152900000002e-07,0.0,2.1824152900000002e-07
SPY,SPY260522P00644000,2026-05-22,4,put,644.0,7596.0,0.0,0.4686,0.0002,0.02,0.03,,-0.0027,-0.0223,0.0066,https://cdn.cboe.com/api/global/delayed_quotes/options/SPY.json,0.0002,0.0,-828881.3271420001,-828881.3271420001,0.0,-0.0008288813271420001,-0.0008288813271420001
SPY,SPY260522C00645000,2026-05-22,4,call,645.0,27.0,0.0,0.0,0.0002,92.26,93.82,,0.9973,-0.0128,0.0067,https://cdn.cboe.com/api/global/delayed_quotes/options/SPY.json,0.0002,2946.2606415000005,0.0,2946.2606415000005,2.9462606415000005e-06,0.0,2.9462606415000005e-06
SPY,SPY260522P00645000,2026-05-22,4,put,645.0,3969.0,10.0,0.4638,0.0002,0.02,0.03,,-0.0027,-0.0227,0.0068,https://cdn.cboe.com/api/global/delayed_quotes/options/SPY.json,0.0002,0.0,-433100.3143005001,-433100.3143005001,0.0,-0.0004331003143005001,-0.0004331003143005001
SPY,SPY260522C00646000,2026-05-22,4,call,646.0,3.0,0.0,0.0,0.0002,91.26,92.83,,0.9972,-0.0134,0.0069,https://cdn.cboe.com/api/global/delayed_quotes/options/SPY.json,0.0002,327.3622935,0.0,327.3622935,3.273622935e-07,0.0,3.273622935e-07
SPY,SPY260522P00646000,2026-05-22,4,put,646.0,499.0,24.0,0.4589,0.0002,0.02,0.03,,-0.0028,-0.0232,0.0069,https://cdn.cboe.com/api/global/delayed_quotes/options/SPY.json,0.0002,0.0,-54451.2614855,-54451.2614855,0.0,-5.44512614855e-05,-5.44512614855e-05
SPY,SPY260522C00647000,2026-05-22,4,call,647.0,6.0,0.0,0.0,0.0002,90.28,92.49,,0.9972,-0.014,0.0071,https://cdn.cboe.com/api/global/delayed_quotes/options/SPY.json,0.0002,654.724587,0.0,654.724587,6.54724587e-07,0.0,6.54724587e-07
SPY,SPY260522P00647000,2026-05-22,4,put,647.0,590.0,3.0,0.4541,0.0002,0.02,0.03,,-0.0029,-0.0237,0.0071,https://cdn.cboe.com/api/global/delayed_quotes/options/SPY.json,0.0002,0.0,-64381.25105500001,-64381.25105500001,0.0,-6.438125105500001e-05,-6.438125105500001e-05
SPY,SPY260522C00648000,2026-05-22,4,call,648.0,25.0,0.0,0.0,0.0002,89.26,90.83,,0.9971,-0.0146,0.0073,https://cdn.cboe.com/api/global/delayed_quotes/options/SPY.json,0.0002,2728.0191125,0.0,2728.0191125,2.7280191125e-06,0.0,2.7280191125e-06
SPY,SPY260522P00648000,2026-05-22,4,put,648.0,542.0,41.0,0.4493,0.0002,0.02,0.03,,-0.003,-0.0242,0.0073,https://cdn.cboe.com/api/global/delayed_quotes/options/SPY.json,0.0002,0.0,-59143.45435900001,-59143.45435900001,0.0,-5.914345435900001e-05,-5.914345435900001e-05
SPY,SPY260522C00649000,2026-05-22,4,call,649.0,24.0,0.0,0.0,0.0003,88.27,91.06,,0.997,-0.0152,0.0075,https://cdn.cboe.com/api/global/delayed_quotes/options/SPY.json,0.0003,3928.347522,0.0,3928.347522,3.928347522e-06,0.0,3.928347522e-06
SPY,SPY260522P00649000,2026-05-22,4,put,649.0,1428.0,4164.0,0.4445,0.0003,0.02,0.03,,-0.0031,-0.0246,0.0075,https://cdn.cboe.com/api/global/delayed_quotes/options/SPY.json,0.0003,0.0,-233736.677559,-233736.677559,0.0,-0.000233736677559,-0.000233736677559
SPY,SPY260522C00650000,2026-05-22,4,call,650.0,158.0,4.0,0.0,0.0003,88.42,88.86,,0.9969,-0.0158,0.0077,https://cdn.cboe.com/api/global/delayed_quotes/options/SPY.json,0.0003,25861.6211865,0.0,25861.6211865,2.58616211865e-05,0.0,2.58616211865e-05
SPY,SPY260522P00650000,2026-05-22,4,put,650.0,6579.0,4945.0,0.4544,0.0003,0.03,0.04,,-0.0032,-0.0252,0.0077,https://cdn.cboe.com/api/global/delayed_quotes/options/SPY.json,0.0003,0.0,-1076858.2644682499,-1076858.2644682499,0.0,-0.0010768582644682498,-0.0010768582644682498
SPY,SPY260522C00651000,2026-05-22,4,call,651.0,15.0,2.0,0.0,0.0003,86.27,89.06,,0.9968,-0.0164,0.0079,https://cdn.cboe.com/api/global/delayed_quotes/options/SPY.json,0.0003,2455.21720125,0.0,2455.21720125,2.45521720125e-06,0.0,2.45521720125e-06
SPY,SPY260522P00651000,2026-05-22,4,put,651.0,1030.0,147.0,0.4495,0.0003,0.03,0.04,,-0.0032,-0.0257,0.0079,https://cdn.cboe.com/api/global/delayed_quotes/options/SPY.json,0.0003,0.0,-168591.5811525,-168591.5811525,0.0,-0.0001685915811525,-0.0001685915811525
SPY,SPY260522C00652000,2026-05-22,4,call,652.0,11.0,2.0,0.0,0.0003,85.27,88.06,,0.9967,-0.0171,0.0081,https://cdn.cboe.com/api/global/delayed_quotes/options/SPY.json,0.0003,1800.4926142499999,0.0,1800.4926142499999,1.80049261425e-06,0.0,1.80049261425e-06
SPY,SPY260522P00652000,2026-05-22,4,put,652.0,376.0,100.0,0.4446,0.0003,0.03,0.04,,-0.0033,-0.0262,0.0081,https://cdn.cboe.com/api/global/delayed_quotes/options/SPY.json,0.0003,0.0,-61544.11117799999,-61544.11117799999,0.0,-6.154411117799999e-05,-6.154411117799999e-05
SPY,SPY260522C00653000,2026-05-22,4,call,653.0,80.0,0.0,0.0,0.0003,84.27,86.5,,0.9966,-0.0177,0.0083,https://cdn.cboe.com/api/global/delayed_quotes/options/SPY.json,0.0003,13094.49174,0.0,13094.49174,1.3094491739999999e-05,0.0,1.3094491739999999e-05
SPY,SPY260522P00653000,2026-05-22,4,put,653.0,528.0,259.0,0.4396,0.0003,0.03,0.04,,-0.0034,-0.0268,0.0083,https://cdn.cboe.com/api/global/delayed_quotes/options/SPY.json,0.0003,0.0,-86423.645484,-86423.645484,0.0,-8.6423645484e-05,-8.6423645484e-05
SPY,SPY260522C00654000,2026-05-22,4,call,654.0,10.0,3.0,0.0,0.0003,83.27,85.34,,0.9965,-0.0184,0.0085,https://cdn.cboe.com/api/global/delayed_quotes/options/SPY.json,0.0003,1636.8114675,0.0,1636.8114675,1.6368114674999999e-06,0.0,1.6368114674999999e-06
SPY,SPY260522P00654000,2026-05-22,4,put,654.0,590.0,294.0,0.4347,0.0003,0.03,0.04,,-0.0035,-0.0274,0.0086,https://cdn.cboe.com/api/global/delayed_quotes/options/SPY.json,0.0003,0.0,-96571.8765825,-96571.8765825,0.0,-9.65718765825e-05,-9.65718765825e-05
SPY,SPY260522C00655000,2026-05-22,4,call,655.0,112.0,5.0,0.0,0.0003,83.46,83.87,,0.9964,-0.0191,0.0088,https://cdn.cboe.com/api/global/delayed_quotes/options/SPY.json,0.0003,18332.288436,0.0,18332.288436,1.8332288436e-05,0.0,1.8332288436e-05
SPY,SPY260522P00655000,2026-05-22,4,put,655.0,1653.0,4.0,0.4297,0.0003,0.03,0.04,,-0.0036,-0.028,0.0088,https://cdn.cboe.com/api/global/delayed_quotes/options/SPY.json,0.0003,0.0,-270564.93557775,-270564.93557775,0.0,-0.00027056493557775,-0.00027056493557775
SPY,SPY260522C00656000,2026-05-22,4,call,656.0,12.0,0.0,0.0,0.0003,81.28,83.5,,0.9963,-0.0198,0.009,https://cdn.cboe.com/api/global/delayed_quotes/options/SPY.json,0.0003,1964.173761,0.0,1964.173761,1.964173761e-06,0.0,1.964173761e-06
SPY,SPY260522P00656000,2026-05-22,4,put,656.0,366.0,9.0,0.4248,0.0003,0.03,0.04,,-0.0038,-0.0286,0.009,https://cdn.cboe.com/api/global/delayed_quotes/options/SPY.json,0.0003,0.0,-59907.299710499996,-59907.299710499996,0.0,-5.99072997105e-05,-5.99072997105e-05
SPY,SPY260522C00657000,2026-05-22,4,call,657.0,34.0,1.0,0.0,0.0004,80.28,81.84,,0.9962,-0.0206,0.0093,https://cdn.cboe.com/api/global/delayed_quotes/options/SPY.json,0.0004,7420.211986000001,0.0,7420.211986000001,7.4202119860000015e-06,0.0,7.4202119860000015e-06
SPY,SPY260522P00657000,2026-05-22,4,put,657.0,706.0,9.0,0.4199,0.0004,0.03,0.04,,-0.0039,-0.0292,0.0093,https://cdn.cboe.com/api/global/delayed_quotes/options/SPY.json,0.0004,0.0,-154078.51947400003,-154078.51947400003,0.0,-0.00015407851947400004,-0.00015407851947400004
SPY,SPY260522C00658000,2026-05-22,4,call,658.0,38.0,1.0,0.3428,0.0004,79.28,82.07,,0.9961,-0.0213,0.0095,https://cdn.cboe.com/api/global/delayed_quotes/options/SPY.json,0.0004,8293.178102000002,0.0,8293.178102000002,8.293178102000001e-06,0.0,8.293178102000001e-06
SPY,SPY260522P00658000,2026-05-22,4,put,658.0,436.0,238.0,0.4149,0.0004,0.03,0.04,,-0.004,-0.0298,0.0095,https://cdn.cboe.com/api/global/delayed_quotes/options/SPY.json,0.0004,0.0,-95153.306644,-95153.306644,0.0,-9.5153306644e-05,-9.5153306644e-05
SPY,SPY260522C00659000,2026-05-22,4,call,659.0,51.0,8.0,0.0,0.0004,78.28,80.51,,0.9959,-0.0221,0.0098,https://cdn.cboe.com/api/global/delayed_quotes/options/SPY.json,0.0004,11130.317979000001,0.0,11130.317979000001,1.1130317979000002e-05,0.0,1.1130317979000002e-05
SPY,SPY260522P00659000,2026-05-22,4,put,659.0,602.0,103.0,0.41,0.0004,0.03,0.04,,-0.0041,-0.0305,0.0098,https://cdn.cboe.com/api/global/delayed_quotes/options/SPY.json,0.0004,0.0,-131381.40045800002,-131381.40045800002,0.0,-0.000131381400458,-0.000131381400458
SPY,SPY260522C00660000,2026-05-22,4,call,660.0,277.0,13.0,0.0,0.0004,78.44,78.88,,0.9958,-0.0229,0.0101,https://cdn.cboe.com/api/global/delayed_quotes/options/SPY.json,0.0004,60452.90353300002,0.0,60452.90353300002,6.0452903533000015e-05,0.0,6.0452903533000015e-05
SPY,SPY260522P00660000,2026-05-22,4,put,660.0,2111.0,407.0,0.4159,0.0004,0.04,0.05,,-0.0042,-0.0312,0.0101,https://cdn.cboe.com/api/global/delayed_quotes/options/SPY.json,0.0004,0.0,-460707.867719,-460707.867719,0.0,-0.000460707867719,-0.000460707867719
SPY,SPY260522C00661000,2026-05-22,4,call,661.0,33.0,1.0,0.3441,0.0004,76.29,79.08,,0.9957,-0.0237,0.0104,https://cdn.cboe.com/api/global/delayed_quotes/options/SPY.json,0.0004,7201.970457,0.0,7201.970457,7.2019704570000005e-06,0.0,7.2019704570000005e-06
SPY,SPY260522P00661000,2026-05-22,4,put,661.0,311.0,27.0,0.4109,0.0004,0.04,0.05,,-0.0044,-0.0319,0.0104,https://cdn.cboe.com/api/global/delayed_quotes/options/SPY.json,0.0004,0.0,-67873.11551900001,-67873.11551900001,0.0,-6.787311551900001e-05,-6.787311551900001e-05
SPY,SPY260522C00662000,2026-05-22,4,call,662.0,50.0,4.0,0.3541,0.0004,75.29,78.08,,0.9955,-0.0245,0.0107,https://cdn.cboe.com/api/global/delayed_quotes/options/SPY.json,0.0004,10912.07645,0.0,10912.07645,1.091207645e-05,0.0,1.091207645e-05
SPY,SPY260522P00662000,2026-05-22,4,put,662.0,788.0,9.0,0.4059,0.0004,0.04,0.05,,-0.0045,-0.0327,0.0107,https://cdn.cboe.com/api/global/delayed_quotes/options/SPY.json,0.0004,0.0,-171974.32485200002,-171974.32485200002,0.0,-0.000171974324852,-0.000171974324852
SPY,SPY260522C00663000,2026-05-22,4,call,663.0,21.0,7.0,0.3474,0.0004,74.3,77.08,,0.9954,-0.0254,0.011,https://cdn.cboe.com/api/global/delayed_quotes/options/SPY.json,0.0004,4583.072109000001,0.0,4583.072109000001,4.583072109000001e-06,0.0,4.583072109000001e-06
SPY,SPY260522P00663000,2026-05-22,4,put,663.0,522.0,64.0,0.4008,0.0004,0.04,0.05,,-0.0047,-0.0334,0.011,https://cdn.cboe.com/api/global/delayed_quotes/options/SPY.json,0.0004,0.0,-113922.07813800001,-113922.07813800001,0.0,-0.00011392207813800002,-0.00011392207813800002
SPY,SPY260522C00664000,2026-05-22,4,call,664.0,23.0,0.0,0.0,0.0004,73.29,75.52,,0.9952,-0.0263,0.0113,https://cdn.cboe.com/api/global/delayed_quotes/options/SPY.json,0.0004,5019.5551669999995,0.0,5019.5551669999995,5.019555167e-06,0.0,5.019555167e-06
SPY,SPY260522P00664000,2026-05-22,4,put,664.0,1008.0,1.0,0.3958,0.0004,0.04,0.05,,-0.0048,-0.0342,0.0113,https://cdn.cboe.com/api/global/delayed_quotes/options/SPY.json,0.0004,0.0,-219987.461232,-219987.461232,0.0,-0.00021998746123200001,-0.00021998746123200001
SPY,SPY260522C00665000,2026-05-22,4,call,665.0,116.0,13.0,0.0,0.0005,73.44,73.89,,0.9951,-0.0272,0.0116,https://cdn.cboe.com/api/global/delayed_quotes/options/SPY.json,0.0005,31645.021705000006,0.0,31645.021705000006,3.1645021705000006e-05,0.0,3.1645021705000006e-05
SPY,SPY260522P00665000,2026-05-22,4,put,665.0,1914.0,352.0,0.3908,0.0005,0.04,0.05,,-0.005,-0.035,0.0117,https://cdn.cboe.com/api/global/delayed_quotes/options/SPY.json,0.0005,0.0,-522142.8581325001,-522142.8581325001,0.0,-0.0005221428581325001,-0.0005221428581325001
SPY,SPY260522C00666000,2026-05-22,4,call,666.0,31.0,4.0,0.0,0.0005,71.3,73.52,,0.9949,-0.0282,0.012,https://cdn.cboe.com/api/global/delayed_quotes/options/SPY.json,0.0005,8456.859248750001,0.0,8456.859248750001,8.45685924875e-06,0.0,8.45685924875e-06
SPY,SPY260522P00666000,2026-05-22,4,put,666.0,860.0,25.0,0.3858,0.0005,0.04,0.05,,-0.0052,-0.0359,0.012,https://cdn.cboe.com/api/global/delayed_quotes/options/SPY.json,0.0005,0.0,-234609.643675,-234609.643675,0.0,-0.000234609643675,-0.000234609643675
SPY,SPY260522C00667000,2026-05-22,4,call,667.0,28.0,1.0,0.0,0.0005,70.31,72.52,,0.9947,-0.0291,0.0124,https://cdn.cboe.com/api/global/delayed_quotes/options/SPY.json,0.0005,7638.453515000001,0.0,7638.453515000001,7.638453515e-06,0.0,7.638453515e-06
SPY,SPY260522P00667000,2026-05-22,4,put,667.0,521.0,33.0,0.3808,0.0005,0.04,0.05,,-0.0053,-0.0368,0.0124,https://cdn.cboe.com/api/global/delayed_quotes/options/SPY.json,0.0005,0.0,-142129.79576125002,-142129.79576125002,0.0,-0.00014212979576125,-0.00014212979576125
SPY,SPY260522C00668000,2026-05-22,4,call,668.0,59.0,0.0,0.0,0.0005,69.31,71.36,,0.9945,-0.0302,0.0128,https://cdn.cboe.com/api/global/delayed_quotes/options/SPY.json,0.0005,16095.312763750002,0.0,16095.312763750002,1.6095312763750002e-05,0.0,1.6095312763750002e-05
SPY,SPY260522P00668000,2026-05-22,4,put,668.0,440.0,7.0,0.3842,0.0005,0.05,0.06,,-0.0055,-0.0377,0.0128,https://cdn.cboe.com/api/global/delayed_quotes/options/SPY.json,0.0005,0.0,-120032.84095000001,-120032.84095000001,0.0,-0.00012003284095000002,-0.00012003284095000002
SPY,SPY260522C00669000,2026-05-22,4,call,669.0,19.0,0.0,0.3334,0.0006,68.3,71.09,,0.9943,-0.0312,0.0132,https://cdn.cboe.com/api/global/delayed_quotes/options/SPY.json,0.0006,6219.883576499999,0.0,6219.883576499999,6.219883576499999e-06,0.0,6.219883576499999e-06
SPY,SPY260522P00669000,2026-05-22,4,put,669.0,741.0,12.0,0.3791,0.0006,0.05,0.06,,-0.0057,-0.0386,0.0132,https://cdn.cboe.com/api/global/delayed_quotes/options/SPY.json,0.0006,0.0,-242575.4594835,-242575.4594835,0.0,-0.0002425754594835,-0.0002425754594835
SPY,SPY260522C00670000,2026-05-22,4,call,670.0,1276.0,12.0,0.2974,0.0006,68.45,68.9,,0.9941,-0.0323,0.0136,https://cdn.cboe.com/api/global/delayed_quotes/options/SPY.json,0.0006,417714.286506,0.0,417714.286506,0.000417714286506,0.0,0.000417714286506
SPY,SPY260522P00670000,2026-05-22,4,put,670.0,7615.0,234.0,0.374,0.0006,0.05,0.06,,-0.0059,-0.0396,0.0136,https://cdn.cboe.com/api/global/delayed_quotes/options/SPY.json,0.0006,0.0,-2492863.8650025,-2492863.8650025,0.0,-0.0024928638650025,-0.0024928638650025
SPY,SPY260522C00671000,2026-05-22,4,call,671.0,140.0,3.0,0.2893,0.0006,67.49,67.9,,0.9939,-0.0334,0.014,https://cdn.cboe.com/api/global/delayed_quotes/options/SPY.json,0.0006,45830.72108999999,0.0,45830.72108999999,4.5830721089999994e-05,0.0,4.5830721089999994e-05
SPY,SPY260522P00671000,2026-05-22,4,put,671.0,655.0,6.0,0.3689,0.0006,0.05,0.06,,-0.0061,-0.0406,0.0141,https://cdn.cboe.com/api/global/delayed_quotes/options/SPY.json,0.0006,0.0,-214422.3022425,-214422.3022425,0.0,-0.00021442230224250002,-0.00021442230224250002
SPY,SPY260522C00672000,2026-05-22,4,call,672.0,66.0,7.0,0.0,0.0006,65.31,67.46,,0.9937,-0.0346,0.0145,https://cdn.cboe.com/api/global/delayed_quotes/options/SPY.json,0.0006,21605.911371,0.0,21605.911371,2.1605911371e-05,0.0,2.1605911371e-05
SPY,SPY260522P00672000,2026-05-22,4,put,672.0,843.0,13.0,0.3638,0.0006,0.05,0.06,,-0.0064,-0.0417,0.0145,https://cdn.cboe.com/api/global/delayed_quotes/options/SPY.json,0.0006,0.0,-275966.4134205,-275966.4134205,0.0,-0.0002759664134205,-0.0002759664134205
SPY,SPY260522C00673000,2026-05-22,4,call,673.0,104.0,0.0,0.3269,0.0007,64.32,67.1,,0.9935,-0.0358,0.015,https://cdn.cboe.com/api/global/delayed_quotes/options/SPY.json,0.0007,39719.958278,0.0,39719.958278,3.9719958278e-05,0.0,3.9719958278e-05
SPY,SPY260522P00673000,2026-05-22,4,put,673.0,502.0,4.0,0.3587,0.0007,0.05,0.06,,-0.0066,-0.0428,0.015,https://cdn.cboe.com/api/global/delayed_quotes/options/SPY.json,0.0007,0.0,-191725.1832265,-191725.1832265,0.0,-0.0001917251832265,-0.0001917251832265
SPY,SPY260522C00674000,2026-05-22,4,call,674.0,14.0,1.0,0.0,0.0007,63.32,65.51,,0.9932,-0.0371,0.0155,https://cdn.cboe.com/api/global/delayed_quotes/options/SPY.json,0.0007,5346.9174605,0.0,5346.9174605,5.3469174605e-06,0.0,5.3469174605e-06
SPY,SPY260522P00674000,2026-05-22,4,put,674.0,791.0,31.0,0.3606,0.0007,0.06,0.07,,-0.0068,-0.044,0.0155,https://cdn.cboe.com/api/global/delayed_quotes/options/SPY.json,0.0007,0.0,-302100.83651825,-302100.83651825,0.0,-0.00030210083651825,-0.00030210083651825
SPY,SPY260522C00675000,2026-05-22,4,call,675.0,248.0,2.0,0.2964,0.0007,63.46,63.91,,0.993,-0.0384,0.016,https://cdn.cboe.com/api/global/delayed_quotes/options/SPY.json,0.0007,94716.823586,0.0,94716.823586,9.4716823586e-05,0.0,9.4716823586e-05
SPY,SPY260522P00675000,2026-05-22,4,put,675.0,8025.0,99.0,0.3554,0.0007,0.06,0.07,,-0.0071,-0.0452,0.0161,https://cdn.cboe.com/api/global/delayed_quotes/options/SPY.json,0.0007,0.0,-3064929.4728937503,-3064929.4728937503,0.0,-0.0030649294728937503,-0.0030649294728937503
SPY,SPY260522C00676000,2026-05-22,4,call,676.0,181.0,0.0,0.2901,0.0008,62.47,62.91,,0.9927,-0.0398,0.0166,https://cdn.cboe.com/api/global/delayed_quotes/options/SPY.json,0.0008,79003.433498,0.0,79003.433498,7.9003433498e-05,0.0,7.9003433498e-05
SPY,SPY260522P00676000,2026-05-22,4,put,676.0,478.0,112.0,0.3502,0.0008,0.06,0.07,,-0.0074,-0.0465,0.0166,https://cdn.cboe.com/api/global/delayed_quotes/options/SPY.json,0.0008,0.0,-208638.90172400002,-208638.90172400002,0.0,-0.00020863890172400002,-0.00020863890172400002
SPY,SPY260522C00677000,2026-05-22,4,call,677.0,154.0,1.0,0.2837,0.0008,61.47,61.91,,0.9924,-0.0412,0.0172,https://cdn.cboe.com/api/global/delayed_quotes/options/SPY.json,0.0008,67218.390932,0.0,67218.390932,6.7218390932e-05,0.0,6.7218390932e-05
SPY,SPY260522P00677000,2026-05-22,4,put,677.0,1955.0,40.0,0.345,0.0008,0.06,0.07,,-0.0077,-0.0478,0.0172,https://cdn.cboe.com/api/global/delayed_quotes/options/SPY.json,0.0008,0.0,-853324.3783900001,-853324.3783900001,0.0,-0.0008533243783900001,-0.0008533243783900001
SPY,SPY260522C00678000,2026-05-22,4,call,678.0,313.0,1.0,0.2773,0.0008,60.47,60.92,,0.9921,-0.0427,0.0178,https://cdn.cboe.com/api/global/delayed_quotes/options/SPY.json,0.0008,136619.19715400002,0.0,136619.19715400002,0.00013661919715400004,0.0,0.00013661919715400004
SPY,SPY260522P00678000,2026-05-22,4,put,678.0,748.0,65.0,0.3398,0.0008,0.06,0.07,,-0.008,-0.0492,0.0178,https://cdn.cboe.com/api/global/delayed_quotes/options/SPY.json,0.0008,0.0,-326489.327384,-326489.327384,0.0,-0.000326489327384,-0.000326489327384
SPY,SPY260522C00679000,2026-05-22,4,call,679.0,87.0,1.0,0.0,0.0009,58.33,60.31,,0.9917,-0.0443,0.0184,https://cdn.cboe.com/api/global/delayed_quotes/options/SPY.json,0.0009,42720.77930175,0.0,42720.77930175,4.272077930175e-05,0.0,4.272077930175e-05
SPY,SPY260522P00679000,2026-05-22,4,put,679.0,726.0,8.0,0.341,0.0009,0.07,0.08,,-0.0083,-0.0506,0.0184,https://cdn.cboe.com/api/global/delayed_quotes/options/SPY.json,0.0009,0.0,-356497.5376215,-356497.5376215,0.0,-0.00035649753762150005,-0.00035649753762150005
SPY,SPY260522C00680000,2026-05-22,4,call,680.0,2636.0,7.0,0.2858,0.0009,58.48,58.92,,0.9914,-0.0459,0.0191,https://cdn.cboe.com/api/global/delayed_quotes/options/SPY.json,0.0009,1294390.508499,0.0,1294390.508499,0.001294390508499,0.0,0.001294390508499
SPY,SPY260522P00680000,2026-05-22,4,put,680.0,2911.0,487.0,0.3358,0.0009,0.07,0.08,,-0.0086,-0.0521,0.0191,https://cdn.cboe.com/api/global/delayed_quotes/options/SPY.json,0.0009,0.0,-1429427.4545677502,-1429427.4545677502,0.0,-0.0014294274545677502,-0.0014294274545677502
SPY,SPY260522C00681000,2026-05-22,4,call,681.0,200.0,0.0,0.28,0.001,57.48,57.92,,0.991,-0.0477,0.0198,https://cdn.cboe.com/api/global/delayed_quotes/options/SPY.json,0.001,109120.76449999999,0.0,109120.76449999999,0.0001091207645,0.0,0.0001091207645
SPY,SPY260522P00681000,2026-05-22,4,put,681.0,1034.0,315.0,0.3305,0.001,0.07,0.08,,-0.009,-0.0537,0.0198,https://cdn.cboe.com/api/global/delayed_quotes/options/SPY.json,0.001,0.0,-564154.352465,-564154.352465,0.0,-0.000564154352465,-0.000564154352465
SPY,SPY260522C00682000,2026-05-22,4,call,682.0,222.0,4.0,0.2883,0.001,56.48,56.93,,0.9906,-0.0495,0.0206,https://cdn.cboe.com/api/global/delayed_quotes/options/SPY.json,0.001,121124.048595,0.0,121124.048595,0.000121124048595,0.0,0.000121124048595
SPY,SPY260522P00682000,2026-05-22,4,put,682.0,660.0,21.0,0.3253,0.001,0.07,0.08,,-0.0094,-0.0554,0.0206,https://cdn.cboe.com/api/global/delayed_quotes/options/SPY.json,0.001,0.0,-360098.52285000007,-360098.52285000007,0.0,-0.00036009852285000005,-0.00036009852285000005
SPY,SPY260522C00683000,2026-05-22,4,call,683.0,121.0,0.0,0.2826,0.001,55.49,55.93,,0.9902,-0.0514,0.0214,https://cdn.cboe.com/api/global/delayed_quotes/options/SPY.json,0.001,66018.0625225,0.0,66018.0625225,6.60180625225e-05,0.0,6.60180625225e-05
SPY,SPY260522P00683000,2026-05-22,4,put,683.0,649.0,414.0,0.3251,0.001,0.08,0.09,,-0.0098,-0.0573,0.0214,https://cdn.cboe.com/api/global/delayed_quotes/options/SPY.json,0.001,0.0,-354096.8808025,-354096.8808025,0.0,-0.0003540968808025,-0.0003540968808025
SPY,SPY260522C00684000,2026-05-22,4,call,684.0,115.0,2.0,0.277,0.0011,54.49,54.93,,0.9898,-0.0534,0.0223,https://cdn.cboe.com/api/global/delayed_quotes/options/SPY.json,0.0011,69018.88354625001,0.0,69018.88354625001,6.901888354625001e-05,0.0,6.901888354625001e-05
SPY,SPY260522P00684000,2026-05-22,4,put,684.0,431.0,35.0,0.3198,0.0011,0.08,0.09,,-0.0103,-0.0592,0.0223,https://cdn.cboe.com/api/global/delayed_quotes/options/SPY.json,0.0011,0.0,-258670.77224725005,-258670.77224725005,0.0,-0.00025867077224725005,-0.00025867077224725005
SPY,SPY260522C00685000,2026-05-22,4,call,685.0,2469.0,9.0,0.2817,0.0012,53.53,53.94,,0.9893,-0.0556,0.0232,https://cdn.cboe.com/api/global/delayed_quotes/options/SPY.json,0.0012,1616515.0053029999,0.0,1616515.0053029999,0.0016165150053029998,0.0,0.0016165150053029998
SPY,SPY260522P00685000,2026-05-22,4,put,685.0,2041.0,244.0,0.3145,0.0012,0.08,0.09,,-0.0108,-0.0612,0.0232,https://cdn.cboe.com/api/global/delayed_quotes/options/SPY.json,0.0012,0.0,-1336292.882067,-1336292.882067,0.0,-0.001336292882067,-0.001336292882067
SPY,SPY260522C00686000,2026-05-22,4,call,686.0,102.0,1.0,0.0,0.0012,51.36,53.59,,0.9888,-0.0578,0.0241,https://cdn.cboe.com/api/global/delayed_quotes/options/SPY.json,0.0012,66781.907874,0.0,66781.907874,6.6781907874e-05,0.0,6.6781907874e-05
SPY,SPY260522P00686000,2026-05-22,4,put,686.0,1874.0,270.0,0.3136,0.0012,0.09,0.1,,-0.0113,-0.0634,0.0241,https://cdn.cboe.com/api/global/delayed_quotes/options/SPY.json,0.0012,0.0,-1226953.8760379998,-1226953.8760379998,0.0,-0.0012269538760379998,-0.0012269538760379998
SPY,SPY260522C00687000,2026-05-22,4,call,687.0,266.0,1.0,0.2706,0.0013,51.5,51.94,,0.9882,-0.0602,0.0251,https://cdn.cboe.com/api/global/delayed_quotes/options/SPY.json,0.0013,188669.80182050003,0.0,188669.80182050003,0.00018866980182050003,0.0,0.00018866980182050003
SPY,SPY260522P00687000,2026-05-22,4,put,687.0,614.0,54.0,0.3082,0.0013,0.09,0.1,,-0.0118,-0.0657,0.0251,https://cdn.cboe.com/api/global/delayed_quotes/options/SPY.json,0.0013,0.0,-435500.97111949994,-435500.97111949994,0.0,-0.00043550097111949993,-0.00043550097111949993
SPY,SPY260522C00688000,2026-05-22,4,call,688.0,342.0,2.0,0.2733,0.0014,50.51,50.95,,0.9876,-0.0628,0.0262,https://cdn.cboe.com/api/global/delayed_quotes/options/SPY.json,0.0014,261235.11021300004,0.0,261235.11021300004,0.00026123511021300004,0.0,0.00026123511021300004
SPY,SPY260522P00688000,2026-05-22,4,put,688.0,838.0,181.0,0.3028,0.0014,0.09,0.1,,-0.0124,-0.0681,0.0262,https://cdn.cboe.com/api/global/delayed_quotes/options/SPY.json,0.0014,0.0,-640102.404557,-640102.404557,0.0,-0.000640102404557,-0.000640102404557
SPY,SPY260522C00689000,2026-05-22,4,call,689.0,233.0,2.0,0.2677,0.0014,49.51,49.95,,0.987,-0.0655,0.0274,https://cdn.cboe.com/api/global/delayed_quotes/options/SPY.json,0.0014,177975.9668995,0.0,177975.9668995,0.0001779759668995,0.0,0.0001779759668995
SPY,SPY260522P00689000,2026-05-22,4,put,689.0,1167.0,40.0,0.3015,0.0014,0.1,0.11,,-0.0131,-0.0707,0.0274,https://cdn.cboe.com/api/global/delayed_quotes/options/SPY.json,0.0014,0.0,-891407.5252005,-891407.5252005,0.0,-0.0008914075252005,-0.0008914075252005
SPY,SPY260522C00690000,2026-05-22,4,call,690.0,908.0,45.0,0.2691,0.0015,48.52,48.96,,0.9863,-0.0684,0.0286,https://cdn.cboe.com/api/global/delayed_quotes/options/SPY.json,0.0015,743112.4062450001,0.0,743112.4062450001,0.0007431124062450001,0.0,0.0007431124062450001
SPY,SPY260522P00690000,2026-05-22,4,put,690.0,7267.0,1453.0,0.296,0.0015,0.1,0.11,,-0.0137,-0.0735,0.0286,https://cdn.cboe.com/api/global/delayed_quotes/options/SPY.json,0.0015,0.0,-5947354.467161251,-5947354.467161251,0.0,-0.005947354467161251,-0.005947354467161251
SPY,SPY260522C00691000,2026-05-22,4,call,691.0,222.0,1.0,0.2636,0.0016,47.52,47.96,,0.9856,-0.0715,0.03,https://cdn.cboe.com/api/global/delayed_quotes/options/SPY.json,0.0016,193798.47775200004,0.0,193798.47775200004,0.00019379847775200003,0.0,0.00019379847775200003
SPY,SPY260522P00691000,2026-05-22,4,put,691.0,2256.0,522.0,0.2942,0.0016,0.11,0.12,,-0.0145,-0.0765,0.0299,https://cdn.cboe.com/api/global/delayed_quotes/options/SPY.json,0.0016,0.0,-1969411.5576960004,-1969411.5576960004,0.0,-0.0019694115576960004,-0.0019694115576960004
SPY,SPY260522C00692000,2026-05-22,4,call,692.0,241.0,6.0,0.2639,0.0017,46.53,46.97,,0.9848,-0.0748,0.0314,https://cdn.cboe.com/api/global/delayed_quotes/options/SPY.json,0.0017,223533.88607825,0.0,223533.88607825,0.00022353388607825001,0.0,0.00022353388607825001
SPY,SPY260522P00692000,2026-05-22,4,put,692.0,506.0,251.0,0.2887,0.0017,0.11,0.12,,-0.0153,-0.0797,0.0314,https://cdn.cboe.com/api/global/delayed_quotes/options/SPY.json,0.0017,0.0,-469328.4081145,-469328.4081145,0.0,-0.0004693284081145,-0.0004693284081145
SPY,SPY260522C00693000,2026-05-22,4,call,693.0,322.0,21.0,0.2636,0.0018,45.57,45.98,,0.9839,-0.0783,0.0329,https://cdn.cboe.com/api/global/delayed_quotes/options/SPY.json,0.0018,316231.97552100004,0.0,316231.97552100004,0.00031623197552100007,0.0,0.00031623197552100007
SPY,SPY260522P00693000,2026-05-22,4,put,693.0,1103.0,139.0,0.2866,0.0018,0.12,0.13,,-0.0161,-0.0831,0.0329,https://cdn.cboe.com/api/global/delayed_quotes/options/SPY.json,0.0018,0.0,-1083241.8291914999,-1083241.8291914999,0.0,-0.0010832418291915,-0.0010832418291915
SPY,SPY260522C00694000,2026-05-22,4,call,694.0,262.0,0.0,0.258,0.0019,44.54,44.98,,0.983,-0.082,0.0345,https://cdn.cboe.com/api/global/delayed_quotes/options/SPY.json,0.0019,271601.58284050005,0.0,271601.58284050005,0.00027160158284050004,0.0,0.00027160158284050004
SPY,SPY260522P00694000,2026-05-22,4,put,694.0,1211.0,22.0,0.281,0.0019,0.12,0.14,,-0.0171,-0.0867,0.0345,https://cdn.cboe.com/api/global/delayed_quotes/options/SPY.json,0.0019,0.0,-1255379.83519025,-1255379.83519025,0.0,-0.0012553798351902501,-0.0012553798351902501
SPY,SPY260522C00695000,2026-05-22,4,call,695.0,2744.0,30.0,0.257,0.002,43.58,43.99,,0.9819,-0.0861,0.0362,https://cdn.cboe.com/api/global/delayed_quotes/options/SPY.json,0.002,2994273.7778800004,0.0,2994273.7778800004,0.0029942737778800004,0.0,0.0029942737778800004
SPY,SPY260522P00695000,2026-05-22,4,put,695.0,3972.0,944.0,0.2785,0.002,0.13,0.14,,-0.0181,-0.0907,0.0362,https://cdn.cboe.com/api/global/delayed_quotes/options/SPY.json,0.002,0.0,-4334276.76594,-4334276.76594,0.0,-0.00433427676594,-0.00433427676594
SPY,SPY260522C00696000,2026-05-22,4,call,696.0,341.0,2.0,0.2556,0.0022,42.56,43.0,,0.9808,-0.0904,0.0381,https://cdn.cboe.com/api/global/delayed_quotes/options/SPY.json,0.0022,409311.98763950006,0.0,409311.98763950006,0.00040931198763950006,0.0,0.00040931198763950006
SPY,SPY260522P00696000,2026-05-22,4,put,696.0,600.0,101.0,0.2758,0.0022,0.14,0.15,,-0.0192,-0.095,0.038,https://cdn.cboe.com/api/global/delayed_quotes/options/SPY.json,0.0022,0.0,-720197.0457000001,-720197.0457000001,0.0,-0.0007201970457000001,-0.0007201970457000001
SPY,SPY260522C00697000,2026-05-22,4,call,697.0,701.0,21.0,0.2538,0.0023,41.57,42.01,,0.9796,-0.0951,0.0401,https://cdn.cboe.com/api/global/delayed_quotes/options/SPY.json,0.0023,879677.0430167501,0.0,879677.0430167501,0.0008796770430167501,0.0,0.0008796770430167501
SPY,SPY260522P00697000,2026-05-22,4,put,697.0,1270.0,201.0,0.2728,0.0023,0.15,0.16,,-0.0204,-0.0995,0.04,https://cdn.cboe.com/api/global/delayed_quotes/options/SPY.json,0.0023,0.0,-1593708.7655225,-1593708.7655225,0.0,-0.0015937087655225,-0.0015937087655225
SPY,SPY260522C00698000,2026-05-22,4,call,698.0,343.0,10.0,0.2516,0.0025,40.58,41.02,,0.9783,-0.1001,0.0422,https://cdn.cboe.com/api/global/delayed_quotes/options/SPY.json,0.0025,467855.27779375005,0.0,467855.27779375005,0.00046785527779375007,0.0,0.00046785527779375007
SPY,SPY260522P00698000,2026-05-22,4,put,698.0,859.0,519.0,0.2697,0.0025,0.16,0.17,,-0.0217,-0.1044,0.0422,https://cdn.cboe.com/api/global/delayed_quotes/options/SPY.json,0.0025,0.0,-1171684.2088187502,-1171684.2088187502,0.0,-0.0011716842088187501,-0.0011716842088187501
SPY,SPY260522C00699000,2026-05-22,4,call,699.0,635.0,9.0,0.2491,0.0026,39.59,40.03,,0.9769,-0.1055,0.0446,https://cdn.cboe.com/api/global/delayed_quotes/options/SPY.json,0.0026,900791.9109475,0.0,900791.9109475,0.0009007919109475,0.0,0.0009007919109475
SPY,SPY260522P00699000,2026-05-22,4,put,699.0,1301.0,846.0,0.2663,0.0026,0.17,0.18,,-0.0231,-0.1097,0.0446,https://cdn.cboe.com/api/global/delayed_quotes/options/SPY.json,0.0026,0.0,-1845559.4899885,-1845559.4899885,0.0,-0.0018455594899885,-0.0018455594899885
SPY,SPY260522C00700000,2026-05-22,4,call,700.0,1363.0,137.0,0.2464,0.0028,38.6,39.04,,0.9754,-0.1113,0.0471,https://cdn.cboe.com/api/global/delayed_quotes/options/SPY.json,0.0028,2082242.4281889999,0.0,2082242.4281889999,0.002082242428189,0.0,0.002082242428189
SPY,SPY260522P00700000,2026-05-22,4,put,700.0,52049.0,8291.0,0.2628,0.0028,0.18,0.19,,-0.0247,-0.1154,0.0471,https://cdn.cboe.com/api/global/delayed_quotes/options/SPY.json,0.0028,0.0,-79514773.400447,-79514773.400447,0.0,-0.07951477340044699,-0.07951477340044699
SPY,SPY260522C00701000,2026-05-22,4,call,701.0,412.0,3.0,0.2434,0.003,37.61,38.06,,0.9736,-0.1176,0.0497,https://cdn.cboe.com/api/global/delayed_quotes/options/SPY.json,0.003,674366.32461,0.0,674366.32461,0.00067436632461,0.0,0.00067436632461
SPY,SPY260522P00701000,2026-05-22,4,put,701.0,1734.0,525.0,0.2587,0.0031,0.19,0.2,,-0.0265,-0.1221,0.0499,https://cdn.cboe.com/api/global/delayed_quotes/options/SPY.json,0.0031,0.0,-2932838.7874665,-2932838.7874665,0.0,-0.0029328387874665,-0.0029328387874665
SPY,SPY260522C00702000,2026-05-22,4,call,702.0,356.0,4.0,0.2552,0.0032,36.63,37.07,,0.9718,-0.1243,0.0525,https://cdn.cboe.com/api/global/delayed_quotes/options/SPY.json,0.0032,621551.874592,0.0,621551.874592,0.0006215518745920001,0.0,0.0006215518745920001
SPY,SPY260522P00702000,2026-05-22,4,put,702.0,1805.0,624.0,0.2569,0.0033,0.21,0.22,,-0.0284,-0.1288,0.0527,https://cdn.cboe.com/api/global/delayed_quotes/options/SPY.json,0.0033,0.0,-3249889.16872125,-3249889.16872125,0.0,-0.00324988916872125,-0.00324988916872125
SPY,SPY260522C00703000,2026-05-22,4,call,703.0,277.0,0.0,0.2415,0.0035,35.68,36.09,,0.9698,-0.1316,0.0556,https://cdn.cboe.com/api/global/delayed_quotes/options/SPY.json,0.0035,528962.9059137501,0.0,528962.9059137501,0.0005289629059137501,0.0,0.0005289629059137501
SPY,SPY260522P00703000,2026-05-22,4,put,703.0,1439.0,1740.0,0.2528,0.0035,0.22,0.23,,-0.0305,-0.1361,0.0558,https://cdn.cboe.com/api/global/delayed_quotes/options/SPY.json,0.0035,0.0,-2747933.65202125,-2747933.65202125,0.0,-0.00274793365202125,-0.00274793365202125
SPY,SPY260522C00704000,2026-05-22,4,call,704.0,386.0,4.0,0.2354,0.0037,34.66,35.1,,0.9675,-0.1395,0.059,https://cdn.cboe.com/api/global/delayed_quotes/options/SPY.json,0.0037,779231.3792945002,0.0,779231.3792945002,0.0007792313792945002,0.0,0.0007792313792945002
SPY,SPY260522P00704000,2026-05-22,4,put,704.0,5798.0,711.0,0.2504,0.0038,0.24,0.25,,-0.0327,-0.144,0.0592,https://cdn.cboe.com/api/global/delayed_quotes/options/SPY.json,0.0038,0.0,-12020961.658848999,-12020961.658848999,0.0,-0.012020961658849,-0.012020961658849
SPY,SPY260522C00705000,2026-05-22,4,call,705.0,1861.0,85.0,0.2337,0.004,33.69,34.12,,0.9651,-0.1479,0.0626,https://cdn.cboe.com/api/global/delayed_quotes/options/SPY.json,0.004,4061474.85469,0.0,4061474.85469,0.00406147485469,0.0,0.00406147485469
SPY,SPY260522P00705000,2026-05-22,4,put,705.0,4415.0,2624.0,0.2469,0.004,0.26,0.27,,-0.0352,-0.1524,0.0629,https://cdn.cboe.com/api/global/delayed_quotes/options/SPY.json,0.004,0.0,-9635363.50535,-9635363.50535,0.0,-0.009635363505349999,-0.009635363505349999
SPY,SPY260522C00706000,2026-05-22,4,call,706.0,265.0,19.0,0.2352,0.0043,32.7,33.14,,0.9624,-0.1571,0.0664,https://cdn.cboe.com/api/global/delayed_quotes/options/SPY.json,0.0043,621715.5557387499,0.0,621715.5557387499,0.00062171555573875,0.0,0.00062171555573875
SPY,SPY260522P00706000,2026-05-22,4,put,706.0,1165.0,1123.0,0.2434,0.0043,0.27,0.29,,-0.0378,-0.1611,0.0666,https://cdn.cboe.com/api/global/delayed_quotes/options/SPY.json,0.0043,0.0,-2733202.3488137503,-2733202.3488137503,0.0,-0.00273320234881375,-0.00273320234881375
SPY,SPY260522C00707000,2026-05-22,4,call,707.0,484.0,1.0,0.2308,0.0046,31.73,32.17,,0.9594,-0.1669,0.0705,https://cdn.cboe.com/api/global/delayed_quotes/options/SPY.json,0.0046,1214732.350414,0.0,1214732.350414,0.001214732350414,0.0,0.001214732350414
SPY,SPY260522P00707000,2026-05-22,4,put,707.0,2305.0,321.0,0.2415,0.0047,0.3,0.31,,-0.0408,-0.1714,0.0708,https://cdn.cboe.com/api/global/delayed_quotes/options/SPY.json,0.0047,0.0,-5910799.01105375,-5910799.01105375,0.0,-0.00591079901105375,-0.00591079901105375
SPY,SPY260522C00708000,2026-05-22,4,call,708.0,389.0,3.0,0.2294,0.005,30.75,31.19,,0.9562,-0.1775,0.0749,https://cdn.cboe.com/api/global/delayed_quotes/options/SPY.json,0.005,1061199.4347625,0.0,1061199.4347625,0.0010611994347625,0.0,0.0010611994347625
SPY,SPY260522P00708000,2026-05-22,4,put,708.0,1631.0,933.0,0.238,0.005,0.32,0.33,,-0.0441,-0.182,0.0752,https://cdn.cboe.com/api/global/delayed_quotes/options/SPY.json,0.005,0.0,-4449399.1724875,-4449399.1724875,0.0,-0.0044493991724875,-0.0044493991724875
SPY,SPY260522C00709000,2026-05-22,4,call,709.0,804.0,14.0,0.2276,0.0054,29.81,30.22,,0.9527,-0.1889,0.0797,https://cdn.cboe.com/api/global/delayed_quotes/options/SPY.json,0.0054,2368793.5557660004,0.0,2368793.5557660004,0.0023687935557660006,0.0,0.0023687935557660006
SPY,SPY260522P00709000,2026-05-22,4,put,709.0,13722.0,15019.0,0.2356,0.0054,0.35,0.36,,-0.0477,-0.1934,0.08,https://cdn.cboe.com/api/global/delayed_quotes/options/SPY.json,0.0054,0.0,-40428588.522663005,-40428588.522663005,0.0,-0.040428588522663005,-0.040428588522663005
SPY,SPY260522C00710000,2026-05-22,4,call,710.0,4213.0,113.0,0.2253,0.0058,28.81,29.25,,0.9488,-0.2011,0.0848,https://cdn.cboe.com/api/global/delayed_quotes/options/SPY.json,0.0058,13332047.6443165,0.0,13332047.6443165,0.0133320476443165,0.0,0.0133320476443165
SPY,SPY260522P00710000,2026-05-22,4,put,710.0,12147.0,5014.0,0.2331,0.0058,0.38,0.39,,-0.0515,-0.2052,0.0852,https://cdn.cboe.com/api/global/delayed_quotes/options/SPY.json,0.0058,0.0,-38439207.865063496,-38439207.865063496,0.0,-0.038439207865063496,-0.038439207865063496
SPY,SPY260522C00711000,2026-05-22,4,call,711.0,1107.0,70.0,0.2239,0.0063,27.84,28.29,,0.9445,-0.2142,0.0902,https://cdn.cboe.com/api/global/delayed_quotes/options/SPY.json,0.0063,3805095.61849725,0.0,3805095.61849725,0.00380509561849725,0.0,0.00380509561849725
SPY,SPY260522P00711000,2026-05-22,4,put,711.0,1761.0,894.0,0.2298,0.0063,0.41,0.42,,-0.0559,-0.2188,0.0907,https://cdn.cboe.com/api/global/delayed_quotes/options/SPY.json,0.0063,0.0,-6053092.4879617505,-6053092.4879617505,0.0,-0.00605309248796175,-0.00605309248796175
SPY,SPY260522C00712000,2026-05-22,4,call,712.0,1561.0,78.0,0.2208,0.0068,26.91,27.32,,0.9398,-0.2283,0.096,https://cdn.cboe.com/api/global/delayed_quotes/options/SPY.json,0.0068,5791475.455072999,0.0,5791475.455072999,0.005791475455072999,0.0,0.005791475455072999
SPY,SPY260522P00712000,2026-05-22,4,put,712.0,2566.0,757.0,0.2275,0.0068,0.45,0.46,,-0.0607,-0.2331,0.0964,https://cdn.cboe.com/api/global/delayed_quotes/options/SPY.json,0.0068,0.0,-9520131.978038,-9520131.978038,0.0,-0.009520131978038,-0.009520131978038
SPY,SPY260522C00713000,2026-05-22,4,call,713.0,1305.0,41.0,0.2186,0.0073,25.92,26.36,,0.9346,-0.2433,0.1021,https://cdn.cboe.com/api/global/delayed_quotes/options/SPY.json,0.0073,5197694.815046251,0.0,5197694.815046251,0.005197694815046251,0.0,0.005197694815046251
SPY,SPY260522P00713000,2026-05-22,4,put,713.0,2675.0,1365.0,0.2249,0.0074,0.49,0.51,,-0.0659,-0.2482,0.1025,https://cdn.cboe.com/api/global/delayed_quotes/options/SPY.json,0.0074,0.0,-10800227.6663875,-10800227.6663875,0.0,-0.0108002276663875,-0.0108002276663875
SPY,SPY260522C00714000,2026-05-22,4,call,714.0,1066.0,13.0,0.2169,0.0079,24.97,25.41,,0.929,-0.2594,0.1088,https://cdn.cboe.com/api/global/delayed_quotes/options/SPY.json,0.0079,4594748.0308015,0.0,4594748.0308015,0.0045947480308015,0.0,0.0045947480308015
SPY,SPY260522P00714000,2026-05-22,4,put,714.0,2221.0,2455.0,0.2223,0.008,0.53,0.55,,-0.0716,-0.2644,0.1096,https://cdn.cboe.com/api/global/delayed_quotes/options/SPY.json,0.008,0.0,-9694288.71818,-9694288.71818,0.0,-0.00969428871818,-0.00969428871818
SPY,SPY260522C00715000,2026-05-22,4,call,715.0,1396.0,328.0,0.2147,0.0085,24.05,24.46,,0.9228,-0.2764,0.1158,https://cdn.cboe.com/api/global/delayed_quotes/options/SPY.json,0.0085,6474134.957785001,0.0,6474134.957785001,0.006474134957785001,0.0,0.006474134957785001
SPY,SPY260522P00715000,2026-05-22,4,put,715.0,6057.0,5782.0,0.2198,0.0086,0.58,0.6,,-0.0779,-0.2817,0.1166,https://cdn.cboe.com/api/global/delayed_quotes/options/SPY.json,0.0086,0.0,-28420612.234789506,-28420612.234789506,0.0,-0.028420612234789505,-0.028420612234789505
SPY,SPY260522C00716000,2026-05-22,4,call,716.0,1542.0,1540.0,0.2129,0.0091,23.08,23.52,,0.916,-0.2945,0.1231,https://cdn.cboe.com/api/global/delayed_quotes/options/SPY.json,0.0091,7656021.9580845,0.0,7656021.9580845,0.0076560219580845005,0.0,0.0076560219580845005
SPY,SPY260522P00716000,2026-05-22,4,put,716.0,3539.0,2503.0,0.2177,0.0092,0.64,0.66,,-0.0848,-0.3,0.1237,https://cdn.cboe.com/api/global/delayed_quotes/options/SPY.json,0.0092,0.0,-17764205.736013,-17764205.736013,0.0,-0.017764205736013,-0.017764205736013
SPY,SPY260522C00717000,2026-05-22,4,call,717.0,398.0,823.0,0.2111,0.0098,22.14,22.58,,0.9086,-0.3137,0.1309,https://cdn.cboe.com/api/global/delayed_quotes/options/SPY.json,0.0098,2128073.149279,0.0,2128073.149279,0.0021280731492789996,0.0,0.0021280731492789996
SPY,SPY260522P00717000,2026-05-22,4,put,717.0,3558.0,988.0,0.2151,0.01,0.7,0.72,,-0.0924,-0.3195,0.1314,https://cdn.cboe.com/api/global/delayed_quotes/options/SPY.json,0.01,0.0,-19412584.00455,-19412584.00455,0.0,-0.01941258400455,-0.01941258400455
SPY,SPY260522C00718000,2026-05-22,4,call,718.0,615.0,1225.0,0.2087,0.0106,21.21,21.65,,0.9005,-0.3339,0.1392,https://cdn.cboe.com/api/global/delayed_quotes/options/SPY.json,0.0106,3556791.3188774996,0.0,3556791.3188774996,0.0035567913188774996,0.0,0.0035567913188774996
SPY,SPY260522P00718000,2026-05-22,4,put,718.0,2722.0,1550.0,0.2129,0.0107,0.77,0.79,,-0.1006,-0.3399,0.1405,https://cdn.cboe.com/api/global/delayed_quotes/options/SPY.json,0.0107,0.0,-15890929.5718415,-15890929.5718415,0.0,-0.0158909295718415,-0.0158909295718415
SPY,SPY260522C00719000,2026-05-22,4,call,719.0,541.0,4933.0,0.2102,0.0114,20.29,20.73,,0.8916,-0.3552,0.1479,https://cdn.cboe.com/api/global/delayed_quotes/options/SPY.json,0.0114,3364957.0148865003,0.0,3364957.0148865003,0.0033649570148865005,0.0,0.0033649570148865005
SPY,SPY260522P00719000,2026-05-22,4,put,719.0,4195.0,2231.0,0.2109,0.0115,0.85,0.87,,-0.1096,-0.3615,0.1488,https://cdn.cboe.com/api/global/delayed_quotes/options/SPY.json,0.0115,0.0,-26321292.406956248,-26321292.406956248,0.0,-0.02632129240695625,-0.02632129240695625
SPY,SPY260522C00720000,2026-05-22,4,call,720.0,3148.0,7305.0,0.2076,0.0122,19.38,19.81,,0.8819,-0.3774,0.1568,https://cdn.cboe.com/api/global/delayed_quotes/options/SPY.json,0.0122,20954242.165406,0.0,20954242.165406,0.020954242165406,0.0,0.020954242165406
SPY,SPY260522P00720000,2026-05-22,4,put,720.0,12910.0,11571.0,0.2083,0.0124,0.93,0.95,,-0.1194,-0.3843,0.1576,https://cdn.cboe.com/api/global/delayed_quotes/options/SPY.json,0.0124,0.0,-87342442.32109,-87342442.32109,0.0,-0.08734244232109,-0.08734244232109
SPY,SPY260522C00721000,2026-05-22,4,call,721.0,540.0,1417.0,0.2059,0.0131,18.5,18.91,,0.8714,-0.4006,0.1662,https://cdn.cboe.com/api/global/delayed_quotes/options/SPY.json,0.0131,3859601.4403649997,0.0,3859601.4403649997,0.0038596014403649995,0.0,0.0038596014403649995
SPY,SPY260522P00721000,2026-05-22,4,put,721.0,1512.0,1624.0,0.2062,0.0133,1.03,1.05,,-0.1301,-0.4076,0.1673,https://cdn.cboe.com/api/global/delayed_quotes/options/SPY.json,0.0133,0.0,-10971874.628946003,-10971874.628946003,0.0,-0.010971874628946002,-0.010971874628946002
SPY,SPY260522C00722000,2026-05-22,4,call,722.0,516.0,837.0,0.203,0.0141,17.68,18.01,,0.8599,-0.4245,0.176,https://cdn.cboe.com/api/global/delayed_quotes/options/SPY.json,0.0141,3969595.170981,0.0,3969595.170981,0.003969595170981,0.0,0.003969595170981
SPY,SPY260522P00722000,2026-05-22,4,put,722.0,3441.0,7022.0,0.2041,0.0143,1.13,1.16,,-0.1418,-0.4322,0.1774,https://cdn.cboe.com/api/global/delayed_quotes/options/SPY.json,0.0143,0.0,-26847145.371081755,-26847145.371081755,0.0,-0.026847145371081755,-0.026847145371081755
SPY,SPY260522C00723000,2026-05-22,4,call,723.0,494.0,292.0,0.2021,0.0151,16.7,17.13,,0.8475,-0.4491,0.186,https://cdn.cboe.com/api/global/delayed_quotes/options/SPY.json,0.0151,4069877.1535565,0.0,4069877.1535565,0.0040698771535565,0.0,0.0040698771535565
SPY,SPY260522P00723000,2026-05-22,4,put,723.0,1770.0,1577.0,0.2023,0.0153,1.25,1.27,,-0.1544,-0.4574,0.187,https://cdn.cboe.com/api/global/delayed_quotes/options/SPY.json,0.0153,0.0,-14775497.117122501,-14775497.117122501,0.0,-0.014775497117122501,-0.014775497117122501
SPY,SPY260522C00724000,2026-05-22,4,call,724.0,860.0,30.0,0.1997,0.0161,15.9,16.25,,0.834,-0.4743,0.1961,https://cdn.cboe.com/api/global/delayed_quotes/options/SPY.json,0.0161,7554430.526335,0.0,7554430.526335,0.007554430526335,0.0,0.007554430526335
SPY,SPY260522P00724000,2026-05-22,4,put,724.0,1876.0,1459.0,0.2001,0.0163,1.38,1.4,,-0.168,-0.483,0.1969,https://cdn.cboe.com/api/global/delayed_quotes/options/SPY.json,0.0163,0.0,-16683910.167462997,-16683910.167462997,0.0,-0.016683910167462998,-0.016683910167462998
SPY,SPY260522C00725000,2026-05-22,4,call,725.0,1918.0,1518.0,0.198,0.0171,15.1,15.39,,0.8195,-0.4998,0.2066,https://cdn.cboe.com/api/global/delayed_quotes/options/SPY.json,0.0171,17894605.049590502,0.0,17894605.049590502,0.017894605049590503,0.0,0.017894605049590503
SPY,SPY260522P00725000,2026-05-22,4,put,725.0,7031.0,8904.0,0.1981,0.0174,1.52,1.54,,-0.1828,-0.5091,0.2083,https://cdn.cboe.com/api/global/delayed_quotes/options/SPY.json,0.0174,0.0,-66748844.2823565,-66748844.2823565,0.0,-0.0667488442823565,-0.0667488442823565
SPY,SPY260522C00726000,2026-05-22,4,call,726.0,1027.0,590.0,0.1964,0.0182,14.2,14.56,,0.8039,-0.5254,0.2171,https://cdn.cboe.com/api/global/delayed_quotes/options/SPY.json,0.0182,10198099.287876502,0.0,10198099.287876502,0.0101980992878765,0.0,0.0101980992878765
SPY,SPY260522P00726000,2026-05-22,4,put,726.0,3368.0,2911.0,0.1961,0.0185,1.67,1.7,,-0.1988,-0.5355,0.2183,https://cdn.cboe.com/api/global/delayed_quotes/options/SPY.json,0.0185,0.0,-33995482.972330004,-33995482.972330004,0.0,-0.03399548297233,-0.03399548297233
SPY,SPY260522C00727000,2026-05-22,4,call,727.0,652.0,104.0,0.1945,0.0193,13.3,13.72,,0.7871,-0.5507,0.2275,https://cdn.cboe.com/api/global/delayed_quotes/options/SPY.json,0.0193,6865660.260811001,0.0,6865660.260811001,0.006865660260811001,0.0,0.006865660260811001
SPY,SPY260522P00727000,2026-05-22,4,put,727.0,3027.0,3819.0,0.1945,0.0197,1.84,1.87,,-0.2158,-0.5615,0.2283,https://cdn.cboe.com/api/global/delayed_quotes/options/SPY.json,0.0197,0.0,-32535392.582937747,-32535392.582937747,0.0,-0.03253539258293775,-0.03253539258293775
SPY,SPY260522C00728000,2026-05-22,4,call,728.0,1198.0,313.0,0.1914,0.0204,12.6,12.88,,0.7692,-0.5756,0.2379,https://cdn.cboe.com/api/global/delayed_quotes/options/SPY.json,0.0204,13334120.938842004,0.0,13334120.938842004,0.013334120938842004,0.0,0.013334120938842004
SPY,SPY260522P00728000,2026-05-22,4,put,728.0,3881.0,4796.0,0.1925,0.0208,2.03,2.06,,-0.2341,-0.5871,0.2397,https://cdn.cboe.com/api/global/delayed_quotes/options/SPY.json,0.0208,0.0,-44043759.450548,-44043759.450548,0.0,-0.044043759450548,-0.044043759450548
SPY,SPY260522C00729000,2026-05-22,4,call,729.0,1085.0,179.0,0.1903,0.0216,11.81,12.11,,0.7501,-0.5996,0.2481,https://cdn.cboe.com/api/global/delayed_quotes/options/SPY.json,0.0216,12786771.18411,0.0,12786771.18411,0.01278677118411,0.0,0.01278677118411
SPY,SPY260522P00729000,2026-05-22,4,put,729.0,2036.0,2624.0,0.1906,0.022,2.24,2.27,,-0.2537,-0.6119,0.2493,https://cdn.cboe.com/api/global/delayed_quotes/options/SPY.json,0.022,0.0,-24438686.41742,-24438686.41742,0.0,-0.02443868641742,-0.02443868641742
SPY,SPY260522C00730000,2026-05-22,4,call,730.0,3093.0,2333.0,0.1866,0.0227,11.02,11.25,,0.7297,-0.6224,0.2579,https://cdn.cboe.com/api/global/delayed_quotes/options/SPY.json,0.0227,38307444.54192976,0.0,38307444.54192976,0.03830744454192976,0.0,0.03830744454192976
SPY,SPY260522P00730000,2026-05-22,4,put,730.0,11932.0,21285.0,0.1886,0.0231,2.46,2.49,,-0.2744,-0.6353,0.2587,https://cdn.cboe.com/api/global/delayed_quotes/options/SPY.json,0.0231,0.0,-150384345.112617,-150384345.112617,0.0,-0.15038434511261697,-0.15038434511261697
SPY,SPY260522C00731000,2026-05-22,4,call,731.0,6160.0,1004.0,0.1852,0.0238,10.3,10.45,,0.7082,-0.6435,0.2673,https://cdn.cboe.com/api/global/delayed_quotes/options/SPY.json,0.0238,79989885.20908001,0.0,79989885.20908001,0.07998988520908001,0.0,0.07998988520908001
SPY,SPY260522P00731000,2026-05-22,4,put,731.0,1799.0,3387.0,0.1868,0.0242,2.7,2.74,,-0.2965,-0.6573,0.2688,https://cdn.cboe.com/api/global/delayed_quotes/options/SPY.json,0.0242,0.0,-23753298.8955955,-23753298.8955955,0.0,-0.0237532988955955,-0.0237532988955955
SPY,SPY260522C00732000,2026-05-22,4,call,732.0,1244.0,343.0,0.1843,0.0248,9.57,9.75,,0.6854,-0.6626,0.2761,https://cdn.cboe.com/api/global/delayed_quotes/options/SPY.json,0.0248,16832532.648712,0.0,16832532.648712,0.016832532648712,0.0,0.016832532648712
SPY,SPY260522P00732000,2026-05-22,4,put,732.0,2367.0,4414.0,0.185,0.0253,2.97,3.0,,-0.3198,-0.6771,0.277,https://cdn.cboe.com/api/global/delayed_quotes/options/SPY.json,0.0253,0.0,-32673539.470794756,-32673539.470794756,0.0,-0.03267353947079476,-0.03267353947079476
SPY,SPY260522C00733000,2026-05-22,4,call,733.0,935.0,429.0,0.1831,0.0258,8.87,9.05,,0.6615,-0.6792,0.2841,https://cdn.cboe.com/api/global/delayed_quotes/options/SPY.json,0.0258,13161601.010167502,0.0,13161601.010167502,0.013161601010167502,0.0,0.013161601010167502
SPY,SPY260522P00733000,2026-05-22,4,put,733.0,3448.0,4663.0,0.1831,0.0264,3.25,3.29,,-0.3441,-0.6942,0.2855,https://cdn.cboe.com/api/global/delayed_quotes/options/SPY.json,0.0264,0.0,-49664788.271472,-49664788.271472,0.0,-0.049664788271472,-0.049664788271472
SPY,SPY260522C00734000,2026-05-22,4,call,734.0,1258.0,1686.0,0.1801,0.0268,8.12,8.36,,0.6365,-0.6929,0.2913,https://cdn.cboe.com/api/global/delayed_quotes/options/SPY.json,0.0268,18394705.513294,0.0,18394705.513294,0.018394705513294002,0.0,0.018394705513294002
SPY,SPY260522P00734000,2026-05-22,4,put,734.0,3415.0,4360.0,0.1812,0.0274,3.56,3.6,,-0.3699,-0.7086,0.2921,https://cdn.cboe.com/api/global/delayed_quotes/options/SPY.json,0.0274,0.0,-51052695.275147505,-51052695.275147505,0.0,-0.051052695275147504,-0.051052695275147504
SPY,SPY260522C00735000,2026-05-22,4,call,735.0,2162.0,3463.0,0.1785,0.0277,7.5,7.65,,0.6102,-0.7033,0.2974,https://cdn.cboe.com/api/global/delayed_quotes/options/SPY.json,0.0277,32674794.359586503,0.0,32674794.359586503,0.032674794359586506,0.0,0.032674794359586506
SPY,SPY260522P00735000,2026-05-22,4,put,735.0,17377.0,33548.0,0.1795,0.0282,3.9,3.94,,-0.3966,-0.7195,0.2977,https://cdn.cboe.com/api/global/delayed_quotes/options/SPY.json,0.0282,0.0,-267363004.9850265,-267363004.9850265,0.0,-0.2673630049850265,-0.2673630049850265
SPY,SPY260522C00736000,2026-05-22,4,call,736.0,1785.0,4732.0,0.1776,0.0284,6.85,7.04,,0.5831,-0.7101,0.3023,https://cdn.cboe.com/api/global/delayed_quotes/options/SPY.json,0.0284,27658840.177815005,0.0,27658840.177815005,0.027658840177815006,0.0,0.027658840177815006
SPY,SPY260522P00736000,2026-05-22,4,put,736.0,2499.0,4809.0,0.1776,0.029,4.26,4.3,,-0.4244,-0.7266,0.3024,https://cdn.cboe.com/api/global/delayed_quotes/options/SPY.json,0.029,0.0,-39540454.6203975,-39540454.6203975,0.0,-0.0395404546203975,-0.0395404546203975
SPY,SPY260522C00737000,2026-05-22,4,call,737.0,1828.0,4301.0,0.1751,0.0291,6.23,6.34,,0.5549,-0.7129,0.306,https://cdn.cboe.com/api/global/delayed_quotes/options/SPY.json,0.0291,29023286.217123,0.0,29023286.217123,0.029023286217123002,0.0,0.029023286217123002
SPY,SPY260522P00737000,2026-05-22,4,put,737.0,7212.0,10253.0,0.1756,0.0297,4.65,4.69,,-0.4533,-0.7296,0.3058,https://cdn.cboe.com/api/global/delayed_quotes/options/SPY.json,0.0297,0.0,-116866374.605739,-116866374.605739,0.0,-0.116866374605739,-0.116866374605739
SPY,SPY260522C00738000,2026-05-22,4,call,738.0,3976.0,4105.0,0.1731,0.0296,5.7,5.74,,0.5261,-0.7115,0.3082,https://cdn.cboe.com/api/global/delayed_quotes/options/SPY.json,0.0296,64211895.628496,0.0,64211895.628496,0.064211895628496,0.0,0.064211895628496
SPY,SPY260522P00738000,2026-05-22,4,put,738.0,12862.0,6988.0,0.174,0.0303,5.07,5.12,,-0.4829,-0.7283,0.3069,https://cdn.cboe.com/api/global/delayed_quotes/options/SPY.json,0.0303,0.0,-212631957.8593485,-212631957.8593485,0.0,-0.21263195785934852,-0.21263195785934852
SPY,SPY260522C00739000,2026-05-22,4,call,739.0,3540.0,4607.0,0.1716,0.03,5.14,5.19,,0.4964,-0.7058,0.3088,https://cdn.cboe.com/api/global/delayed_quotes/options/SPY.json,0.03,57943125.9495,0.0,57943125.9495,0.057943125949500005,0.0,0.057943125949500005
SPY,SPY260522P00739000,2026-05-22,4,put,739.0,2449.0,4085.0,0.172,0.0307,5.52,5.57,,-0.5135,-0.7221,0.3073,https://cdn.cboe.com/api/global/delayed_quotes/options/SPY.json,0.0307,0.0,-41020841.471986756,-41020841.471986756,0.0,-0.04102084147198676,-0.04102084147198676
SPY,SPY260522C00740000,2026-05-22,4,call,740.0,11793.0,25131.0,0.1696,0.0302,4.62,4.66,,0.4662,-0.6956,0.3078,https://cdn.cboe.com/api/global/delayed_quotes/options/SPY.json,0.0302,194316037.5380235,0.0,194316037.5380235,0.1943160375380235,0.0,0.1943160375380235
SPY,SPY260522P00740000,2026-05-22,4,put,740.0,7882.0,12049.0,0.1706,0.0309,6.0,6.05,,-0.5445,-0.7119,0.3064,https://cdn.cboe.com/api/global/delayed_quotes/options/SPY.json,0.0309,0.0,-132883884.2644005,-132883884.2644005,0.0,-0.1328838842644005,-0.1328838842644005
SPY,SPY260522C00741000,2026-05-22,4,call,741.0,4341.0,6667.0,0.1683,0.0302,4.13,4.17,,0.4355,-0.6811,0.305,https://cdn.cboe.com/api/global/delayed_quotes/options/SPY.json,0.0302,71527679.04286951,0.0,71527679.04286951,0.07152767904286951,0.0,0.07152767904286951
SPY,SPY260522P00741000,2026-05-22,4,put,741.0,2746.0,1309.0,0.1673,0.0309,6.4,6.66,,-0.5759,-0.6963,0.3015,https://cdn.cboe.com/api/global/delayed_quotes/options/SPY.json,0.0309,0.0,-46295248.1844765,-46295248.1844765,0.0,-0.0462952481844765,-0.0462952481844765
SPY,SPY260522C00742000,2026-05-22,4,call,742.0,4839.0,5421.0,0.1667,0.03,3.67,3.71,,0.4048,-0.6623,0.3004,https://cdn.cboe.com/api/global/delayed_quotes/options/SPY.json,0.03,79205306.912325,0.0,79205306.912325,0.079205306912325,0.0,0.079205306912325
SPY,SPY260522P00742000,2026-05-22,4,put,742.0,3087.0,954.0,0.1655,0.0307,6.95,7.22,,-0.6074,-0.677,0.2974,https://cdn.cboe.com/api/global/delayed_quotes/options/SPY.json,0.0307,0.0,-51707365.30176526,-51707365.30176526,0.0,-0.051707365301765264,-0.051707365301765264
SPY,SPY260522C00743000,2026-05-22,4,call,743.0,3128.0,3619.0,0.1653,0.0296,3.25,3.28,,0.3742,-0.6396,0.2941,https://cdn.cboe.com/api/global/delayed_quotes/options/SPY.json,0.0296,50516803.20068801,0.0,50516803.20068801,0.050516803200688014,0.0,0.050516803200688014
SPY,SPY260522P00743000,2026-05-22,4,put,743.0,1111.0,402.0,0.164,0.0302,7.54,7.72,,-0.6388,-0.653,0.2878,https://cdn.cboe.com/api/global/delayed_quotes/options/SPY.json,0.0302,0.0,-18306208.5732845,-18306208.5732845,0.0,-0.0183062085732845,-0.0183062085732845
SPY,SPY260522C00744000,2026-05-22,4,call,744.0,1818.0,2927.0,0.164,0.029,2.86,2.89,,0.3441,-0.6132,0.286,https://cdn.cboe.com/api/global/delayed_quotes/options/SPY.json,0.029,28765324.729845,0.0,28765324.729845,0.028765324729845,0.0,0.028765324729845
SPY,SPY260522P00744000,2026-05-22,4,put,744.0,464.0,583.0,0.1636,0.0296,8.15,8.4,,-0.6697,-0.6255,0.2806,https://cdn.cboe.com/api/global/delayed_quotes/options/SPY.json,0.0296,0.0,-7493541.1397440005,-7493541.1397440005,0.0,-0.0074935411397440005,-0.0074935411397440005
SPY,SPY260522C00745000,2026-05-22,4,call,745.0,36909.0,12522.0,0.1626,0.0282,2.5,2.53,,0.3145,-0.5834,0.2764,https://cdn.cboe.com/api/global/delayed_quotes/options/SPY.json,0.0282,567882899.8672005,0.0,567882899.8672005,0.5678828998672005,0.0,0.5678828998672005
SPY,SPY260522P00745000,2026-05-22,4,put,745.0,2018.0,1397.0,0.1624,0.0287,8.79,9.08,,-0.6999,-0.5944,0.2672,https://cdn.cboe.com/api/global/delayed_quotes/options/SPY.json,0.0287,0.0,-31599518.3462035,-31599518.3462035,0.0,-0.031599518346203496,-0.031599518346203496
SPY,SPY260522C00746000,2026-05-22,4,call,746.0,2727.0,3202.0,0.1613,0.0272,2.17,2.2,,0.2859,-0.5508,0.2652,https://cdn.cboe.com/api/global/delayed_quotes/options/SPY.json,0.0272,40469836.171643995,0.0,40469836.171643995,0.04046983617164399,0.0,0.04046983617164399
SPY,SPY260522P00746000,2026-05-22,4,put,746.0,1112.0,2101.0,0.1592,0.0277,9.39,9.86,,-0.7293,-0.5604,0.2569,https://cdn.cboe.com/api/global/delayed_quotes/options/SPY.json,0.0277,0.0,-16805907.182173997,-16805907.182173997,0.0,-0.016805907182173997,-0.016805907182173997
SPY,SPY260522C00747000,2026-05-22,4,call,747.0,3928.0,3860.0,0.1603,0.026,1.88,1.91,,0.2582,-0.5158,0.2528,https://cdn.cboe.com/api/global/delayed_quotes/options/SPY.json,0.026,55721427.18427999,0.0,55721427.18427999,0.05572142718427999,0.0,0.05572142718427999
SPY,SPY260522P00747000,2026-05-22,4,put,747.0,822.0,145.0,0.1579,0.0264,10.11,10.58,,-0.7575,-0.524,0.2426,https://cdn.cboe.com/api/global/delayed_quotes/options/SPY.json,0.0264,0.0,-11840039.431308,-11840039.431308,0.0,-0.011840039431308,-0.011840039431308
SPY,SPY260522C00748000,2026-05-22,4,call,748.0,4209.0,4659.0,0.159,0.0247,1.61,1.64,,0.2318,-0.4788,0.2392,https://cdn.cboe.com/api/global/delayed_quotes/options/SPY.json,0.0247,56722228.27589175,0.0,56722228.27589175,0.05672222827589175,0.0,0.05672222827589175
SPY,SPY260522P00748000,2026-05-22,4,put,748.0,1255.0,2828.0,0.1584,0.0251,10.85,11.3,,-0.7845,-0.4856,0.2277,https://cdn.cboe.com/api/global/delayed_quotes/options/SPY.json,0.0251,0.0,-17186793.21066125,-17186793.21066125,0.0,-0.01718679321066125,-0.01718679321066125
SPY,SPY260522C00749000,2026-05-22,4,call,749.0,4546.0,4522.0,0.1578,0.0232,1.38,1.4,,0.2067,-0.4403,0.2246,https://cdn.cboe.com/api/global/delayed_quotes/options/SPY.json,0.0232,57543307.468372,0.0,57543307.468372,0.057543307468372,0.0,0.057543307468372
SPY,SPY260522P00749000,2026-05-22,4,put,749.0,520.0,162.0,0.1543,0.0236,11.63,12.11,,-0.8102,-0.4462,0.2127,https://cdn.cboe.com/api/global/delayed_quotes/options/SPY.json,0.0236,0.0,-6695650.10972,-6695650.10972,0.0,-0.0066956501097200005,-0.0066956501097200005
SPY,SPY260522C00750000,2026-05-22,4,call,750.0,12926.0,14753.0,0.157,0.0217,1.18,1.19,,0.1829,-0.4012,0.2094,https://cdn.cboe.com/api/global/delayed_quotes/options/SPY.json,0.0217,153038707.7090795,0.0,153038707.7090795,0.1530387077090795,0.0,0.1530387077090795
SPY,SPY260522P00750000,2026-05-22,4,put,750.0,1546.0,5130.0,0.1515,0.022,12.38,12.77,,-0.8344,-0.4056,0.1944,https://cdn.cboe.com/api/global/delayed_quotes/options/SPY.json,0.022,0.0,-18557077.210869998,-18557077.210869998,0.0,-0.018557077210869997,-0.018557077210869997
SPY,SPY260522C00751000,2026-05-22,4,call,751.0,2165.0,2366.0,0.1556,0.0201,0.98,1.0,,0.1607,-0.3619,0.1936,https://cdn.cboe.com/api/global/delayed_quotes/options/SPY.json,0.0201,23742768.741821248,0.0,23742768.741821248,0.023742768741821248,0.0,0.023742768741821248
SPY,SPY260522P00751000,2026-05-22,4,put,751.0,191.0,139.0,0.1515,0.0204,13.29,13.76,,-0.8571,-0.3654,0.179,https://cdn.cboe.com/api/global/delayed_quotes/options/SPY.json,0.0204,0.0,-2125890.7339890003,-2125890.7339890003,0.0,-0.0021258907339890003,-0.0021258907339890003
SPY,SPY260522C00752000,2026-05-22,4,call,752.0,1267.0,1645.0,0.155,0.0185,0.82,0.85,,0.1401,-0.3231,0.1776,https://cdn.cboe.com/api/global/delayed_quotes/options/SPY.json,0.0185,12788680.797488749,0.0,12788680.797488749,0.012788680797488749,0.0,0.012788680797488749
SPY,SPY260522P00752000,2026-05-22,4,put,752.0,126.0,333.0,0.1502,0.0189,14.14,14.62,,-0.8782,-0.325,0.1589,https://cdn.cboe.com/api/global/delayed_quotes/options/SPY.json,0.0189,0.0,-1299300.9429015003,-1299300.9429015003,0.0,-0.0012993009429015003,-0.0012993009429015003
SPY,SPY260522C00753000,2026-05-22,4,call,753.0,1059.0,1947.0,0.1538,0.0168,0.68,0.7,,0.1211,-0.2854,0.1613,https://cdn.cboe.com/api/global/delayed_quotes/options/SPY.json,0.0168,9706946.726861998,0.0,9706946.726861998,0.009706946726861999,0.0,0.009706946726861999
SPY,SPY260522P00753000,2026-05-22,4,put,753.0,37.0,123.0,0.1483,0.0173,15.02,15.5,,-0.8978,-0.286,0.1435,https://cdn.cboe.com/api/global/delayed_quotes/options/SPY.json,0.0173,0.0,-349241.00678225,-349241.00678225,0.0,-0.00034924100678225,-0.00034924100678225
SPY,SPY260522C00754000,2026-05-22,4,call,754.0,972.0,2111.0,0.153,0.0152,0.57,0.58,,0.1039,-0.2495,0.1455,https://cdn.cboe.com/api/global/delayed_quotes/options/SPY.json,0.0152,8060969.115144,0.0,8060969.115144,0.008060969115144,0.0,0.008060969115144
SPY,SPY260522P00754000,2026-05-22,4,put,754.0,27.0,287.0,0.148,0.0158,15.92,16.4,,-0.9158,-0.2486,0.1227,https://cdn.cboe.com/api/global/delayed_quotes/options/SPY.json,0.0158,0.0,-232754.5906785,-232754.5906785,0.0,-0.0002327545906785,-0.0002327545906785
SPY,SPY260522C00755000,2026-05-22,4,call,755.0,8713.0,16094.0,0.1521,0.0136,0.46,0.48,,0.0883,-0.2156,0.1298,https://cdn.cboe.com/api/global/delayed_quotes/options/SPY.json,0.0136,64652307.034017995,0.0,64652307.034017995,0.06465230703401799,0.0,0.06465230703401799
SPY,SPY260522P00755000,2026-05-22,4,put,755.0,205.0,2710.0,0.1503,0.0142,16.83,17.32,,-0.932,-0.2132,0.1079,https://cdn.cboe.com/api/global/delayed_quotes/options/SPY.json,0.0142,0.0,-1588252.7272975,-1588252.7272975,0.0,-0.0015882527272975,-0.0015882527272975
SPY,SPY260522C00756000,2026-05-22,4,call,756.0,3333.0,2084.0,0.151,0.012,0.37,0.39,,0.0745,-0.1847,0.1151,https://cdn.cboe.com/api/global/delayed_quotes/options/SPY.json,0.012,21821970.484710004,0.0,21821970.484710004,0.021821970484710004,0.0,0.021821970484710004
SPY,SPY260522P00756000,2026-05-22,4,put,756.0,75.0,1284.0,0.1546,0.0126,16.73,19.39,,-0.9467,-0.1821,0.0873,https://cdn.cboe.com/api/global/delayed_quotes/options/SPY.json,0.0126,0.0,-515595.61226250004,-515595.61226250004,0.0,-0.0005155956122625,-0.0005155956122625
SPY,SPY260522C00757000,2026-05-22,4,call,757.0,957.0,1359.0,0.1506,0.0105,0.3,0.31,,0.0624,-0.1565,0.101,https://cdn.cboe.com/api/global/delayed_quotes/options/SPY.json,0.0105,5482500.010391249,0.0,5482500.010391249,0.005482500010391249,0.0,0.005482500010391249
SPY,SPY260522P00757000,2026-05-22,4,put,757.0,60.0,8.0,0.1939,0.011,17.68,20.34,,-0.9595,-0.1539,0.0739,https://cdn.cboe.com/api/global/delayed_quotes/options/SPY.json,0.011,0.0,-360098.52284999995,-360098.52284999995,0.0,-0.00036009852284999994,-0.00036009852284999994
SPY,SPY260522C00758000,2026-05-22,4,call,758.0,1361.0,1614.0,0.1495,0.0091,0.24,0.25,,0.0518,-0.1314,0.088,https://cdn.cboe.com/api/global/delayed_quotes/options/SPY.json,0.0091,6757357.902044752,0.0,6757357.902044752,0.006757357902044752,0.0,0.006757357902044752
SPY,SPY260522P00758000,2026-05-22,4,put,758.0,54.0,7.0,0.2094,0.0091,19.7,21.31,,-0.9703,-0.1324,0.0552,https://cdn.cboe.com/api/global/delayed_quotes/options/SPY.json,0.0091,0.0,-268109.7183765,-268109.7183765,0.0,-0.0002681097183765,-0.0002681097183765
SPY,SPY260522C00759000,2026-05-22,4,call,759.0,612.0,1192.0,0.1488,0.0079,0.19,0.2,,0.0427,-0.1095,0.0761,https://cdn.cboe.com/api/global/delayed_quotes/options/SPY.json,0.0079,2637885.3610230004,0.0,2637885.3610230004,0.0026378853610230005,0.0,0.0026378853610230005
SPY,SPY260522P00759000,2026-05-22,4,put,759.0,9.0,7.0,0.0,0.0074,19.62,22.28,,-0.9792,-0.1143,0.044,https://cdn.cboe.com/api/global/delayed_quotes/options/SPY.json,0.0074,0.0,-36337.21457850001,-36337.21457850001,0.0,-3.633721457850001e-05,-3.633721457850001e-05
SPY,SPY260522C00760000,2026-05-22,4,call,760.0,17831.0,12499.0,0.1484,0.0067,0.15,0.16,,0.0351,-0.0907,0.0655,https://cdn.cboe.com/api/global/delayed_quotes/options/SPY.json,0.0067,65182033.78528325,0.0,65182033.78528325,0.06518203378528326,0.0,0.06518203378528326
SPY,SPY260522P00760000,2026-05-22,4,put,760.0,784.0,279.0,0.1351,0.0056,21.68,22.12,,-0.9859,-0.1025,0.03,https://cdn.cboe.com/api/global/delayed_quotes/options/SPY.json,0.0056,0.0,-2395419.022304,-2395419.022304,0.0,-0.002395419022304,-0.002395419022304
SPY,SPY260522C00761000,2026-05-22,4,call,761.0,2067.0,620.0,0.1484,0.0057,0.11,0.12,,0.0288,-0.0749,0.0561,https://cdn.cboe.com/api/global/delayed_quotes/options/SPY.json,0.0057,6428249.676312751,0.0,6428249.676312751,0.006428249676312751,0.0,0.006428249676312751
SPY,SPY260522P00761000,2026-05-22,4,put,761.0,8.0,0.0,0.1538,0.0041,21.48,24.27,,-0.9911,-0.0935,0.022,https://cdn.cboe.com/api/global/delayed_quotes/options/SPY.json,0.0041,0.0,-17895.805378000005,-17895.805378000005,0.0,-1.7895805378000006e-05,-1.7895805378000006e-05
SPY,SPY260522C00762000,2026-05-22,4,call,762.0,1859.0,1319.0,0.1471,0.0049,0.09,0.1,,0.0237,-0.062,0.0482,https://cdn.cboe.com/api/global/delayed_quotes/options/SPY.json,0.0049,4969959.77953475,0.0,4969959.77953475,0.00496995977953475,0.0,0.00496995977953475
SPY,SPY260522P00762000,2026-05-22,4,put,762.0,10.0,0.0,0.1592,0.0028,22.48,25.27,,-0.9943,-0.089,0.014,https://cdn.cboe.com/api/global/delayed_quotes/options/SPY.json,0.0028,0.0,-15276.907030000002,-15276.907030000002,0.0,-1.527690703e-05,-1.527690703e-05
SPY,SPY260522C00763000,2026-05-22,4,call,763.0,876.0,1029.0,0.147,0.0041,0.07,0.08,,0.0195,-0.0512,0.0411,https://cdn.cboe.com/api/global/delayed_quotes/options/SPY.json,0.0041,1959590.688891,0.0,1959590.688891,0.001959590688891,0.0,0.001959590688891
SPY,SPY260522P00763000,2026-05-22,4,put,763.0,22.0,0.0,0.2445,0.0018,24.7,26.27,,-0.9968,-0.0854,0.0091,https://cdn.cboe.com/api/global/delayed_quotes/options/SPY.json,0.0018,0.0,-21605.911371,-21605.911371,0.0,-2.1605911371e-05,-2.1605911371e-05
SPY,SPY260522C00764000,2026-05-22,4,call,764.0,1399.0,796.0,0.1492,0.0034,0.06,0.07,,0.0159,-0.0422,0.035,https://cdn.cboe.com/api/global/delayed_quotes/options/SPY.json,0.0034,2595219.1421034997,0.0,2595219.1421034997,0.0025952191421034997,0.0,0.0025952191421034997
SPY,SPY260522C00765000,2026-05-22,4,call,765.0,3774.0,2189.0,0.1467,0.0029,0.04,0.05,,0.0132,-0.0352,0.03,https://cdn.cboe.com/api/global/delayed_quotes/options/SPY.json,0.0029,5971415.595733501,0.0,5971415.595733501,0.005971415595733501,0.0,0.005971415595733501
SPY,SPY260522C00766000,2026-05-22,4,call,766.0,1000.0,513.0,0.151,0.0025,0.04,0.05,,0.0113,-0.0302,0.0263,https://cdn.cboe.com/api/global/delayed_quotes/options/SPY.json,0.0025,1364009.5562500001,0.0,1364009.5562500001,0.00136400955625,0.0,0.00136400955625
SPY,SPY260522C00767000,2026-05-22,4,call,767.0,792.0,470.0,0.1509,0.0022,0.03,0.04,,0.0096,-0.0259,0.023,https://cdn.cboe.com/api/global/delayed_quotes/options/SPY.json,0.0022,950660.1003240001,0.0,950660.1003240001,0.0009506601003240001,0.0,0.0009506601003240001
SPY,SPY260522C00768000,2026-05-22,4,call,768.0,1272.0,370.0,0.1499,0.0019,0.02,0.03,,0.0081,-0.0222,0.02,https://cdn.cboe.com/api/global/delayed_quotes/options/SPY.json,0.0019,1318615.318218,0.0,1318615.318218,0.001318615318218,0.0,0.001318615318218
SPY,SPY260522C00769000,2026-05-22,4,call,769.0,1018.0,221.0,0.1543,0.0016,0.02,0.03,,0.0071,-0.0196,0.0178,https://cdn.cboe.com/api/global/delayed_quotes/options/SPY.json,0.0016,888679.5060879999,0.0,888679.5060879999,0.0008886795060879999,0.0,0.0008886795060879999
SPY,SPY260522C00770000,2026-05-22,4,call,770.0,4619.0,980.0,0.1588,0.0014,0.02,0.03,,0.0063,-0.0176,0.016,https://cdn.cboe.com/api/global/delayed_quotes/options/SPY.json,0.0014,3528201.6785785,0.0,3528201.6785785,0.0035282016785785,0.0,0.0035282016785785
SPY,SPY260522P00770000,2026-05-22,4,put,770.0,5.0,16.0,0.2011,0.0001,30.49,33.27,,-0.9999,-0.0824,0.0003,https://cdn.cboe.com/api/global/delayed_quotes/options/SPY.json,0.0001,0.0,-272.80191125,-272.80191125,0.0,-2.7280191125e-07,-2.7280191125e-07
SPY,SPY260522C00771000,2026-05-22,4,call,771.0,1345.0,1321.0,0.1632,0.0013,0.02,0.03,,0.0056,-0.016,0.0146,https://cdn.cboe.com/api/global/delayed_quotes/options/SPY.json,0.0013,953988.28364125,0.0,953988.28364125,0.00095398828364125,0.0,0.00095398828364125
SPY,SPY260522C00772000,2026-05-22,4,call,772.0,1050.0,686.0,0.1582,0.0012,0.01,0.02,,0.0051,-0.0148,0.0135,https://cdn.cboe.com/api/global/delayed_quotes/options/SPY.json,0.0012,687460.8163499999,0.0,687460.8163499999,0.0006874608163499998,0.0,0.0006874608163499998
SPY,SPY260522C00773000,2026-05-22,4,call,773.0,227.0,226.0,0.1627,0.001,0.01,0.02,,0.0046,-0.0136,0.0123,https://cdn.cboe.com/api/global/delayed_quotes/options/SPY.json,0.001,123852.0677075,0.0,123852.0677075,0.00012385206770749999,0.0,0.00012385206770749999
SPY,SPY260522C00774000,2026-05-22,4,call,774.0,580.0,179.0,0.1669,0.001,0.01,0.02,,0.0043,-0.0127,0.0114,https://cdn.cboe.com/api/global/delayed_quotes/options/SPY.json,0.001,316450.21705,0.0,316450.21705,0.00031645021704999996,0.0,0.00031645021704999996
SPY,SPY260522C00775000,2026-05-22,4,call,775.0,2212.0,124.0,0.171,0.0009,0.01,0.02,,0.0039,-0.0119,0.0106,https://cdn.cboe.com/api/global/delayed_quotes/options/SPY.json,0.0009,1086188.089833,0.0,1086188.089833,0.001086188089833,0.0,0.001086188089833
SPY,SPY260522P00775000,2026-05-22,4,put,775.0,5.0,0.0,0.0,0.0,35.49,38.21,,-1.0,-0.0824,0.0,https://cdn.cboe.com/api/global/delayed_quotes/options/SPY.json,0.0,0.0,-0.0,0.0,0.0,-0.0,0.0
SPY,SPY260522C00780000,2026-05-22,4,call,780.0,6869.0,1679.0,0.1915,0.0006,0.01,0.02,,0.0028,-0.0091,0.0078,https://cdn.cboe.com/api/global/delayed_quotes/options/SPY.json,0.0006,2248651.5940515,0.0,2248651.5940515,0.0022486515940514998,0.0,0.0022486515940514998
SPY,SPY260522P00780000,2026-05-22,4,put,780.0,90.0,85.0,0.2623,0.0,41.69,42.13,,-1.0,-0.0824,0.0,https://cdn.cboe.com/api/global/delayed_quotes/options/SPY.json,0.0,0.0,-0.0,0.0,0.0,-0.0,0.0
SPY,SPY260522C00785000,2026-05-22,4,call,785.0,3676.0,318.0,0.2116,0.0004,0.01,0.02,,0.0021,-0.0072,0.0059,https://cdn.cboe.com/api/global/delayed_quotes/options/SPY.json,0.0004,802255.8606040002,0.0,802255.8606040002,0.0008022558606040002,0.0,0.0008022558606040002
SPY,SPY260522C00790000,2026-05-22,4,call,790.0,2667.0,443.0,0.2098,0.0003,0.0,0.01,,0.0016,-0.0058,0.0046,https://cdn.cboe.com/api/global/delayed_quotes/options/SPY.json,0.0003,436537.61838224996,0.0,436537.61838224996,0.00043653761838224995,0.0,0.00043653761838224995
SPY,SPY260522C00795000,2026-05-22,4,call,795.0,2230.0,196.0,0.2275,0.0002,0.0,0.01,,0.0012,-0.0048,0.0037,https://cdn.cboe.com/api/global/delayed_quotes/options/SPY.json,0.0002,243339.30483500002,0.0,243339.30483500002,0.000243339304835,0.0,0.000243339304835
SPY,SPY260522C00800000,2026-05-22,4,call,800.0,1241.0,1116.0,0.2453,0.0002,0.0,0.01,,0.001,-0.004,0.003,https://cdn.cboe.com/api/global/delayed_quotes/options/SPY.json,0.0002,135418.8687445,0.0,135418.8687445,0.0001354188687445,0.0,0.0001354188687445
SPY,SPY260522P00800000,2026-05-22,4,put,800.0,1.0,0.0,0.4791,0.0,61.7,63.27,,-1.0,-0.0824,0.0,https://cdn.cboe.com/api/global/delayed_quotes/options/SPY.json,0.0,0.0,-0.0,0.0,0.0,-0.0,0.0
SPY,SPY260522C00805000,2026-05-22,4,call,805.0,286.0,6024.0,0.2629,0.0001,0.0,0.01,,0.0008,-0.0034,0.0024,https://cdn.cboe.com/api/global/delayed_quotes/options/SPY.json,0.0001,15604.269323499999,0.0,15604.269323499999,1.56042693235e-05,0.0,1.56042693235e-05
SPY,SPY260522C00810000,2026-05-22,4,call,810.0,124.0,0.0,0.2805,0.0001,0.0,0.01,,0.0006,-0.0029,0.002,https://cdn.cboe.com/api/global/delayed_quotes/options/SPY.json,0.0001,6765.4873990000015,0.0,6765.4873990000015,6.765487399000001e-06,0.0,6.765487399000001e-06
SPY,SPY260522C00815000,2026-05-22,4,call,815.0,598.0,0.0,0.2977,0.0001,0.0,0.01,,0.0005,-0.0025,0.0016,https://cdn.cboe.com/api/global/delayed_quotes/options/SPY.json,0.0001,32627.108585500006,0.0,32627.108585500006,3.2627108585500005e-05,0.0,3.2627108585500005e-05
SPY,SPY260522C00820000,2026-05-22,4,call,820.0,505.0,2.0,0.3147,0.0001,0.0,0.01,,0.0004,-0.0022,0.0014,https://cdn.cboe.com/api/global/delayed_quotes/options/SPY.json,0.0001,27552.993036250005,0.0,27552.993036250005,2.7552993036250004e-05,0.0,2.7552993036250004e-05
SPY,SPY260522C00825000,2026-05-22,4,call,825.0,2869.0,0.0,0.3315,0.0001,0.0,0.01,,0.0004,-0.0019,0.0012,https://cdn.cboe.com/api/global/delayed_quotes/options/SPY.json,0.0001,156533.73667525,0.0,156533.73667525,0.00015653373667525,0.0,0.00015653373667525
SPY,SPY260522C00830000,2026-05-22,4,call,830.0,4217.0,3.0,0.3481,0.0,0.0,0.01,,0.0003,-0.0016,0.001,https://cdn.cboe.com/api/global/delayed_quotes/options/SPY.json,0.0,0.0,0.0,0.0,0.0,0.0,0.0
SPY,SPY260522C00835000,2026-05-22,4,call,835.0,1676.0,0.0,0.3646,0.0,0.0,0.01,,0.0003,-0.0015,0.0009,https://cdn.cboe.com/api/global/delayed_quotes/options/SPY.json,0.0,0.0,0.0,0.0,0.0,0.0,0.0
SPY,SPY260522C00840000,2026-05-22,4,call,840.0,1379.0,0.0,0.3809,0.0,0.0,0.01,,0.0002,-0.0013,0.0008,https://cdn.cboe.com/api/global/delayed_quotes/options/SPY.json,0.0,0.0,0.0,0.0,0.0,0.0,0.0
SPY,SPY260522C00845000,2026-05-22,4,call,845.0,188.0,0.0,0.3971,0.0,0.0,0.01,,0.0002,-0.0012,0.0007,https://cdn.cboe.com/api/global/delayed_quotes/options/SPY.json,0.0,0.0,0.0,0.0,0.0,0.0,0.0
SPY,SPY260522C00850000,2026-05-22,4,call,850.0,135.0,1.0,0.4131,0.0,0.0,0.01,,0.0002,-0.001,0.0006,https://cdn.cboe.com/api/global/delayed_quotes/options/SPY.json,0.0,0.0,0.0,0.0,0.0,0.0,0.0
SPY,SPY260522C00855000,2026-05-22,4,call,855.0,88.0,0.0,0.429,0.0,0.0,0.01,,0.0002,-0.0009,0.0005,https://cdn.cboe.com/api/global/delayed_quotes/options/SPY.json,0.0,0.0,0.0,0.0,0.0,0.0,0.0
SPY,SPY260522C00860000,2026-05-22,4,call,860.0,3006.0,0.0,0.4447,0.0,0.0,0.01,,0.0001,-0.0008,0.0004,https://cdn.cboe.com/api/global/delayed_quotes/options/SPY.json,0.0,0.0,0.0,0.0,0.0,0.0,0.0
SPY,SPY260522C00865000,2026-05-22,4,call,865.0,30.0,0.0,0.4603,0.0,0.0,0.01,,0.0001,-0.0008,0.0004,https://cdn.cboe.com/api/global/delayed_quotes/options/SPY.json,0.0,0.0,0.0,0.0,0.0,0.0,0.0
SPY,SPY260522C00870000,2026-05-22,4,call,870.0,844.0,0.0,0.4758,0.0,0.0,0.01,,0.0001,-0.0007,0.0004,https://cdn.cboe.com/api/global/delayed_quotes/options/SPY.json,0.0,0.0,0.0,0.0,0.0,0.0,0.0
SPY,SPY260522C00875000,2026-05-22,4,call,875.0,273.0,0.0,0.4911,0.0,0.0,0.01,,0.0001,-0.0006,0.0003,https://cdn.cboe.com/api/global/delayed_quotes/options/SPY.json,0.0,0.0,0.0,0.0,0.0,0.0,0.0
SPY,SPY260522C00880000,2026-05-22,4,call,880.0,3.0,0.0,0.5063,0.0,0.0,0.01,,0.0001,-0.0006,0.0003,https://cdn.cboe.com/api/global/delayed_quotes/options/SPY.json,0.0,0.0,0.0,0.0,0.0,0.0,0.0
SPY,SPY260522C00885000,2026-05-22,4,call,885.0,103.0,0.0,0.5214,0.0,0.0,0.01,,0.0001,-0.0005,0.0003,https://cdn.cboe.com/api/global/delayed_quotes/options/SPY.json,0.0,0.0,0.0,0.0,0.0,0.0,0.0
SPY,SPY260522C00890000,2026-05-22,4,call,890.0,1020.0,0.0,0.5364,0.0,0.0,0.01,,0.0001,-0.0005,0.0002,https://cdn.cboe.com/api/global/delayed_quotes/options/SPY.json,0.0,0.0,0.0,0.0,0.0,0.0,0.0
SPY,SPY260522C00895000,2026-05-22,4,call,895.0,258.0,0.0,0.5512,0.0,0.0,0.01,,0.0001,-0.0004,0.0002,https://cdn.cboe.com/api/global/delayed_quotes/options/SPY.json,0.0,0.0,0.0,0.0,0.0,0.0,0.0
SPY,SPY260526P00500000,2026-05-26,8,put,500.0,38.0,0.0,0.7712,0.0,0.0,0.01,,-0.0001,-0.0011,0.0004,https://cdn.cboe.com/api/global/delayed_quotes/options/SPY.json,0.0,0.0,-0.0,0.0,0.0,-0.0,0.0
SPY,SPY260526P00510000,2026-05-26,8,put,510.0,275.0,0.0,0.7339,0.0,0.0,0.01,,-0.0001,-0.0014,0.0005,https://cdn.cboe.com/api/global/delayed_quotes/options/SPY.json,0.0,0.0,-0.0,0.0,0.0,-0.0,0.0
SPY,SPY260526P00515000,2026-05-26,8,put,515.0,275.0,0.0,0.7156,0.0,0.0,0.01,,-0.0001,-0.0016,0.0006,https://cdn.cboe.com/api/global/delayed_quotes/options/SPY.json,0.0,0.0,-0.0,0.0,0.0,-0.0,0.0
SPY,SPY260526C00525000,2026-05-26,8,call,525.0,7.0,0.0,0.0,0.0,212.21,215.0,,0.9998,0.0,0.0008,https://cdn.cboe.com/api/global/delayed_quotes/options/SPY.json,0.0,0.0,0.0,0.0,0.0,0.0,0.0
SPY,SPY260526P00535000,2026-05-26,8,put,535.0,77.0,0.0,0.6441,0.0,0.0,0.01,,-0.0002,-0.0027,0.001,https://cdn.cboe.com/api/global/delayed_quotes/options/SPY.json,0.0,0.0,-0.0,0.0,0.0,-0.0,0.0
SPY,SPY260526P00550000,2026-05-26,8,put,550.0,104.0,0.0,0.592,0.0,0.0,0.01,,-0.0004,-0.0038,0.0016,https://cdn.cboe.com/api/global/delayed_quotes/options/SPY.json,0.0,0.0,-0.0,0.0,0.0,-0.0,0.0
SPY,SPY260526P00560000,2026-05-26,8,put,560.0,246.0,0.0,0.558,0.0,0.0,0.01,,-0.0005,-0.0048,0.002,https://cdn.cboe.com/api/global/delayed_quotes/options/SPY.json,0.0,0.0,-0.0,0.0,0.0,-0.0,0.0
SPY,SPY260526P00565000,2026-05-26,8,put,565.0,27.0,0.0,0.5411,0.0,0.0,0.02,,-0.0006,-0.0054,0.0023,https://cdn.cboe.com/api/global/delayed_quotes/options/SPY.json,0.0,0.0,-0.0,0.0,0.0,-0.0,0.0
SPY,SPY260526P00570000,2026-05-26,8,put,570.0,14.0,165.0,0.5699,0.0,0.01,0.02,,-0.0006,-0.0059,0.0026,https://cdn.cboe.com/api/global/delayed_quotes/options/SPY.json,0.0,0.0,-0.0,0.0,0.0,-0.0,0.0
SPY,SPY260526P00575000,2026-05-26,8,put,575.0,9.0,0.0,0.552,0.0,0.01,0.02,,-0.0007,-0.0066,0.0029,https://cdn.cboe.com/api/global/delayed_quotes/options/SPY.json,0.0,0.0,-0.0,0.0,0.0,-0.0,0.0
SPY,SPY260526C00580000,2026-05-26,8,call,580.0,2.0,0.0,0.0,0.0,157.27,160.05,,0.9992,0.0,0.0032,https://cdn.cboe.com/api/global/delayed_quotes/options/SPY.json,0.0,0.0,0.0,0.0,0.0,0.0,0.0
SPY,SPY260526P00580000,2026-05-26,8,put,580.0,28.0,0.0,0.5343,0.0,0.01,0.02,,-0.0008,-0.0073,0.0033,https://cdn.cboe.com/api/global/delayed_quotes/options/SPY.json,0.0,0.0,-0.0,0.0,0.0,-0.0,0.0
SPY,SPY260526P00585000,2026-05-26,8,put,585.0,85.0,100.0,0.5167,0.0001,0.01,0.02,,-0.001,-0.0081,0.0037,https://cdn.cboe.com/api/global/delayed_quotes/options/SPY.json,0.0001,0.0,-4637.63249125,-4637.63249125,0.0,-4.637632491250001e-06,-4.637632491250001e-06
SPY,SPY260526P00595000,2026-05-26,8,put,595.0,171.0,115.0,0.4818,0.0001,0.01,0.02,,-0.0012,-0.0099,0.0046,https://cdn.cboe.com/api/global/delayed_quotes/options/SPY.json,0.0001,0.0,-9329.82536475,-9329.82536475,0.0,-9.32982536475e-06,-9.32982536475e-06
SPY,SPY260526C00600000,2026-05-26,8,call,600.0,1.0,0.0,0.0,0.0001,137.29,140.08,,0.9986,0.0,0.0052,https://cdn.cboe.com/api/global/delayed_quotes/options/SPY.json,0.0001,54.56038225,0.0,54.56038225,5.4560382250000004e-08,0.0,5.4560382250000004e-08
SPY,SPY260526P00600000,2026-05-26,8,put,600.0,345.0,51.0,0.4645,0.0001,0.01,0.02,,-0.0014,-0.0108,0.0052,https://cdn.cboe.com/api/global/delayed_quotes/options/SPY.json,0.0001,0.0,-18823.331876250002,-18823.331876250002,0.0,-1.882333187625e-05,-1.882333187625e-05
SPY,SPY260526P00605000,2026-05-26,8,put,605.0,338.0,51.0,0.4677,0.0001,0.02,0.03,,-0.0016,-0.0119,0.0058,https://cdn.cboe.com/api/global/delayed_quotes/options/SPY.json,0.0001,0.0,-18441.409200500002,-18441.409200500002,0.0,-1.84414092005e-05,-1.84414092005e-05
SPY,SPY260526P00610000,2026-05-26,8,put,610.0,286.0,82.0,0.4499,0.0001,0.02,0.03,,-0.0018,-0.0131,0.0065,https://cdn.cboe.com/api/global/delayed_quotes/options/SPY.json,0.0001,0.0,-15604.269323499999,-15604.269323499999,0.0,-1.56042693235e-05,-1.56042693235e-05
SPY,SPY260526P00615000,2026-05-26,8,put,615.0,139.0,115.0,0.4323,0.0001,0.02,0.03,,-0.002,-0.0143,0.0073,https://cdn.cboe.com/api/global/delayed_quotes/options/SPY.json,0.0001,0.0,-7583.893132750001,-7583.893132750001,0.0,-7.5838931327500015e-06,-7.5838931327500015e-06
SPY,SPY260526P00620000,2026-05-26,8,put,620.0,182.0,120.0,0.4148,0.0001,0.02,0.03,,-0.0023,-0.0156,0.0082,https://cdn.cboe.com/api/global/delayed_quotes/options/SPY.json,0.0001,0.0,-9929.9895695,-9929.9895695,0.0,-9.9299895695e-06,-9.9299895695e-06
SPY,SPY260526P00625000,2026-05-26,8,put,625.0,326.0,30.0,0.3973,0.0002,0.02,0.03,,-0.0026,-0.0171,0.0092,https://cdn.cboe.com/api/global/delayed_quotes/options/SPY.json,0.0002,0.0,-35573.369227,-35573.369227,0.0,-3.5573369227e-05,-3.5573369227e-05
SPY,SPY260526P00630000,2026-05-26,8,put,630.0,91.0,40.0,0.3923,0.0002,0.03,0.04,,-0.0029,-0.0186,0.0104,https://cdn.cboe.com/api/global/delayed_quotes/options/SPY.json,0.0002,0.0,-9929.9895695,-9929.9895695,0.0,-9.9299895695e-06,-9.9299895695e-06
SPY,SPY260526P00635000,2026-05-26,8,put,635.0,186.0,147.0,0.3746,0.0002,0.03,0.04,,-0.0033,-0.0204,0.0116,https://cdn.cboe.com/api/global/delayed_quotes/options/SPY.json,0.0002,0.0,-20296.462197000004,-20296.462197000004,0.0,-2.0296462197000003e-05,-2.0296462197000003e-05
SPY,SPY260526P00640000,2026-05-26,8,put,640.0,251.0,13.0,0.3661,0.0003,0.04,0.05,,-0.0038,-0.0222,0.0131,https://cdn.cboe.com/api/global/delayed_quotes/options/SPY.json,0.0003,0.0,-41083.96783425,-41083.96783425,0.0,-4.108396783425e-05,-4.108396783425e-05
SPY,SPY260526P00645000,2026-05-26,8,put,645.0,74.0,39.0,0.3481,0.0003,0.04,0.05,,-0.0044,-0.0243,0.0148,https://cdn.cboe.com/api/global/delayed_quotes/options/SPY.json,0.0003,0.0,-12112.404859499999,-12112.404859499999,0.0,-1.2112404859499999e-05,-1.2112404859499999e-05
SPY,SPY260526P00650000,2026-05-26,8,put,650.0,534.0,80.0,0.3373,0.0004,0.05,0.06,,-0.005,-0.0266,0.0168,https://cdn.cboe.com/api/global/delayed_quotes/options/SPY.json,0.0004,0.0,-116540.976486,-116540.976486,0.0,-0.000116540976486,-0.000116540976486
SPY,SPY260526P00655000,2026-05-26,8,put,655.0,217.0,98.0,0.3252,0.0005,0.06,0.07,,-0.0058,-0.0293,0.0191,https://cdn.cboe.com/api/global/delayed_quotes/options/SPY.json,0.0005,0.0,-59198.01474125,-59198.01474125,0.0,-5.919801474125e-05,-5.919801474125e-05
SPY,SPY260526P00660000,2026-05-26,8,put,660.0,22.0,312.0,0.3067,0.0006,0.06,0.07,,-0.0067,-0.0324,0.0218,https://cdn.cboe.com/api/global/delayed_quotes/options/SPY.json,0.0006,0.0,-7201.970456999999,-7201.970456999999,0.0,-7.201970457e-06,-7.201970457e-06
SPY,SPY260526P00665000,2026-05-26,8,put,665.0,108.0,911.0,0.2976,0.0007,0.08,0.09,,-0.0079,-0.0361,0.0252,https://cdn.cboe.com/api/global/delayed_quotes/options/SPY.json,0.0007,0.0,-41247.648981000006,-41247.648981000006,0.0,-4.1247648981e-05,-4.1247648981e-05
SPY,SPY260526C00670000,2026-05-26,8,call,670.0,6.0,7.0,0.2765,0.0008,67.43,70.22,,0.9906,-0.0334,0.0295,https://cdn.cboe.com/api/global/delayed_quotes/options/SPY.json,0.0008,2618.898348,0.0,2618.898348,2.618898348e-06,0.0,2.618898348e-06
SPY,SPY260526P00670000,2026-05-26,8,put,670.0,442.0,655.0,0.2827,0.0008,0.09,0.1,,-0.0094,-0.0406,0.0295,https://cdn.cboe.com/api/global/delayed_quotes/options/SPY.json,0.0008,0.0,-192925.511636,-192925.511636,0.0,-0.00019292551163600002,-0.00019292551163600002
SPY,SPY260526C00675000,2026-05-26,8,call,675.0,1.0,0.0,0.0,0.001,62.45,64.01,,0.9886,-0.0396,0.0348,https://cdn.cboe.com/api/global/delayed_quotes/options/SPY.json,0.001,545.6038225,0.0,545.6038225,5.456038225e-07,0.0,5.456038225e-07
SPY,SPY260526P00675000,2026-05-26,8,put,675.0,123.0,390.0,0.2702,0.001,0.11,0.12,,-0.0114,-0.0462,0.0347,https://cdn.cboe.com/api/global/delayed_quotes/options/SPY.json,0.001,0.0,-67109.2701675,-67109.2701675,0.0,-6.71092701675e-05,-6.71092701675e-05
SPY,SPY260526C00680000,2026-05-26,8,call,680.0,1.0,0.0,0.2511,0.0013,57.48,60.27,,0.986,-0.0473,0.0417,https://cdn.cboe.com/api/global/delayed_quotes/options/SPY.json,0.0013,709.28496925,0.0,709.28496925,7.0928496925e-07,0.0,7.0928496925e-07
SPY,SPY260526P00680000,2026-05-26,8,put,680.0,150.0,63.0,0.2564,0.0013,0.13,0.14,,-0.014,-0.0534,0.0416,https://cdn.cboe.com/api/global/delayed_quotes/options/SPY.json,0.0013,0.0,-106392.74538749999,-106392.74538749999,0.0,-0.0001063927453875,-0.0001063927453875
SPY,SPY260526C00685000,2026-05-26,8,call,685.0,2.0,0.0,0.2394,0.0016,52.51,55.31,,0.9824,-0.0574,0.0507,https://cdn.cboe.com/api/global/delayed_quotes/options/SPY.json,0.0016,1745.932232,0.0,1745.932232,1.7459322320000001e-06,0.0,1.7459322320000001e-06
SPY,SPY260526P00685000,2026-05-26,8,put,685.0,152.0,430.0,0.2435,0.0016,0.16,0.17,,-0.0176,-0.0629,0.0507,https://cdn.cboe.com/api/global/delayed_quotes/options/SPY.json,0.0016,0.0,-132690.84963200003,-132690.84963200003,0.0,-0.00013269084963200001,-0.00013269084963200001
SPY,SPY260526C00690000,2026-05-26,8,call,690.0,1.0,1.0,0.2295,0.0021,47.56,50.36,,0.9772,-0.0705,0.0629,https://cdn.cboe.com/api/global/delayed_quotes/options/SPY.json,0.0021,1145.76802725,0.0,1145.76802725,1.14576802725e-06,0.0,1.14576802725e-06
SPY,SPY260526P00690000,2026-05-26,8,put,690.0,144.0,1004.0,0.2325,0.0021,0.21,0.22,,-0.0228,-0.0755,0.0628,https://cdn.cboe.com/api/global/delayed_quotes/options/SPY.json,0.0021,0.0,-164990.59592400002,-164990.59592400002,0.0,-0.000164990595924,-0.000164990595924
SPY,SPY260526P00691000,2026-05-26,8,put,691.0,98.0,109.0,0.23,0.0022,0.22,0.23,,-0.024,-0.0785,0.0657,https://cdn.cboe.com/api/global/delayed_quotes/options/SPY.json,0.0022,0.0,-117632.18413100003,-117632.18413100003,0.0,-0.00011763218413100003,-0.00011763218413100003
SPY,SPY260526P00692000,2026-05-26,8,put,692.0,128.0,512.0,0.2274,0.0024,0.23,0.24,,-0.0254,-0.0816,0.0687,https://cdn.cboe.com/api/global/delayed_quotes/options/SPY.json,0.0024,0.0,-167609.49427199998,-167609.49427199998,0.0,-0.00016760949427199997,-0.00016760949427199997
SPY,SPY260526C00693000,2026-05-26,8,call,693.0,2.0,0.0,0.2232,0.0025,44.61,47.39,,0.9732,-0.0804,0.072,https://cdn.cboe.com/api/global/delayed_quotes/options/SPY.json,0.0025,2728.0191125,0.0,2728.0191125,2.7280191125e-06,0.0,2.7280191125e-06
SPY,SPY260526P00693000,2026-05-26,8,put,693.0,100.0,771.0,0.2247,0.0025,0.24,0.25,,-0.0268,-0.085,0.0719,https://cdn.cboe.com/api/global/delayed_quotes/options/SPY.json,0.0025,0.0,-136400.955625,-136400.955625,0.0,-0.000136400955625,-0.000136400955625
SPY,SPY260526C00694000,2026-05-26,8,call,694.0,3.0,3.0,0.2203,0.0026,43.62,46.41,,0.9716,-0.084,0.0754,https://cdn.cboe.com/api/global/delayed_quotes/options/SPY.json,0.0026,4255.709815499999,0.0,4255.709815499999,4.2557098155e-06,0.0,4.2557098155e-06
SPY,SPY260526P00694000,2026-05-26,8,put,694.0,24.0,205.0,0.2236,0.0026,0.26,0.27,,-0.0284,-0.0888,0.0753,https://cdn.cboe.com/api/global/delayed_quotes/options/SPY.json,0.0026,0.0,-34045.678523999995,-34045.678523999995,0.0,-3.4045678524e-05,-3.4045678524e-05
SPY,SPY260526C00695000,2026-05-26,8,call,695.0,5.0,5.0,0.2181,0.0028,42.63,45.42,,0.9699,-0.0879,0.079,https://cdn.cboe.com/api/global/delayed_quotes/options/SPY.json,0.0028,7638.453515000001,0.0,7638.453515000001,7.638453515e-06,0.0,7.638453515e-06
SPY,SPY260526P00695000,2026-05-26,8,put,695.0,104.0,831.0,0.2204,0.0028,0.27,0.28,,-0.0301,-0.0924,0.0789,https://cdn.cboe.com/api/global/delayed_quotes/options/SPY.json,0.0028,0.0,-158879.833112,-158879.833112,0.0,-0.000158879833112,-0.000158879833112
SPY,SPY260526P00696000,2026-05-26,8,put,696.0,7.0,234.0,0.2187,0.003,0.29,0.3,,-0.0319,-0.0963,0.0828,https://cdn.cboe.com/api/global/delayed_quotes/options/SPY.json,0.003,0.0,-11457.6802725,-11457.6802725,0.0,-1.14576802725e-05,-1.14576802725e-05
SPY,SPY260526P00697000,2026-05-26,8,put,697.0,12.0,267.0,0.216,0.0032,0.31,0.32,,-0.0338,-0.1006,0.0869,https://cdn.cboe.com/api/global/delayed_quotes/options/SPY.json,0.0032,0.0,-20951.186784,-20951.186784,0.0,-2.0951186784e-05,-2.0951186784e-05
SPY,SPY260526C00698000,2026-05-26,8,call,698.0,3.0,4.0,0.2143,0.0034,39.69,42.48,,0.964,-0.101,0.0914,https://cdn.cboe.com/api/global/delayed_quotes/options/SPY.json,0.0034,5565.1589895,0.0,5565.1589895,5.5651589895e-06,0.0,5.5651589895e-06
SPY,SPY260526P00698000,2026-05-26,8,put,698.0,26.0,287.0,0.214,0.0034,0.32,0.33,,-0.0359,-0.1051,0.0912,https://cdn.cboe.com/api/global/delayed_quotes/options/SPY.json,0.0034,0.0,-48231.377909,-48231.377909,0.0,-4.8231377909000005e-05,-4.8231377909000005e-05
SPY,SPY260526P00699000,2026-05-26,8,put,699.0,14.0,221.0,0.2119,0.0036,0.35,0.36,,-0.0382,-0.1098,0.0957,https://cdn.cboe.com/api/global/delayed_quotes/options/SPY.json,0.0036,0.0,-27498.432654,-27498.432654,0.0,-2.7498432654000002e-05,-2.7498432654000002e-05
SPY,SPY260526C00700000,2026-05-26,8,call,700.0,14.0,3.0,0.208,0.0038,37.73,40.52,,0.9593,-0.1109,0.1007,https://cdn.cboe.com/api/global/delayed_quotes/options/SPY.json,0.0038,29026.123356999997,0.0,29026.123356999997,2.9026123356999995e-05,0.0,2.9026123356999995e-05
SPY,SPY260526P00700000,2026-05-26,8,put,700.0,2658.0,815.0,0.2103,0.0038,0.37,0.38,,-0.0408,-0.1152,0.1009,https://cdn.cboe.com/api/global/delayed_quotes/options/SPY.json,0.0038,0.0,-5510816.848779,-5510816.848779,0.0,-0.005510816848779,-0.005510816848779
SPY,SPY260526C00701000,2026-05-26,8,call,701.0,1.0,0.0,0.2061,0.004,36.76,39.55,,0.9566,-0.1163,0.1058,https://cdn.cboe.com/api/global/delayed_quotes/options/SPY.json,0.004,2182.41529,0.0,2182.41529,2.18241529e-06,0.0,2.18241529e-06
SPY,SPY260526P00701000,2026-05-26,8,put,701.0,72.0,343.0,0.2078,0.004,0.39,0.4,,-0.0435,-0.1206,0.1059,https://cdn.cboe.com/api/global/delayed_quotes/options/SPY.json,0.004,0.0,-157133.90088000003,-157133.90088000003,0.0,-0.00015713390088000002,-0.00015713390088000002
SPY,SPY260526C00702000,2026-05-26,8,call,702.0,1.0,0.0,0.2039,0.0043,35.78,38.58,,0.9538,-0.122,0.1113,https://cdn.cboe.com/api/global/delayed_quotes/options/SPY.json,0.0043,2346.09643675,0.0,2346.09643675,2.34609643675e-06,0.0,2.34609643675e-06
SPY,SPY260526P00702000,2026-05-26,8,put,702.0,38.0,230.0,0.2061,0.0043,0.42,0.43,,-0.0463,-0.1262,0.1114,https://cdn.cboe.com/api/global/delayed_quotes/options/SPY.json,0.0043,0.0,-89151.6645965,-89151.6645965,0.0,-8.915166459650001e-05,-8.915166459650001e-05
SPY,SPY260526P00703000,2026-05-26,8,put,703.0,8.0,1295.0,0.2041,0.0045,0.45,0.46,,-0.0492,-0.1316,0.1168,https://cdn.cboe.com/api/global/delayed_quotes/options/SPY.json,0.0045,0.0,-19641.73761,-19641.73761,0.0,-1.964173761e-05,-1.964173761e-05
SPY,SPY260526P00704000,2026-05-26,8,put,704.0,6.0,290.0,0.2017,0.0048,0.48,0.49,,-0.0527,-0.1382,0.1234,https://cdn.cboe.com/api/global/delayed_quotes/options/SPY.json,0.0048,0.0,-15713.390088,-15713.390088,0.0,-1.5713390088e-05,-1.5713390088e-05
SPY,SPY260526P00705000,2026-05-26,8,put,705.0,118.0,375.0,0.1999,0.0052,0.51,0.53,,-0.0562,-0.1448,0.1297,https://cdn.cboe.com/api/global/delayed_quotes/options/SPY.json,0.0052,0.0,-334782.505486,-334782.505486,0.0,-0.000334782505486,-0.000334782505486
SPY,SPY260526P00706000,2026-05-26,8,put,706.0,288.0,92.0,0.1979,0.0055,0.54,0.56,,-0.0601,-0.1516,0.1362,https://cdn.cboe.com/api/global/delayed_quotes/options/SPY.json,0.0055,0.0,-864236.4548399998,-864236.4548399998,0.0,-0.0008642364548399998,-0.0008642364548399998
SPY,SPY260526C00707000,2026-05-26,8,call,707.0,1.0,0.0,0.0,0.0058,30.96,32.59,,0.936,-0.155,0.1431,https://cdn.cboe.com/api/global/delayed_quotes/options/SPY.json,0.0058,3164.5021705,0.0,3164.5021705,3.1645021704999997e-06,0.0,3.1645021704999997e-06
SPY,SPY260526P00707000,2026-05-26,8,put,707.0,13.0,140.0,0.196,0.0058,0.58,0.6,,-0.0642,-0.1588,0.1432,https://cdn.cboe.com/api/global/delayed_quotes/options/SPY.json,0.0058,0.0,-41138.5282165,-41138.5282165,0.0,-4.1138528216500004e-05,-4.1138528216500004e-05
SPY,SPY260526C00708000,2026-05-26,8,call,708.0,6.0,2.0,0.1927,0.0062,30.0,32.79,,0.9316,-0.1626,0.1505,https://cdn.cboe.com/api/global/delayed_quotes/options/SPY.json,0.0062,20296.462196999997,0.0,20296.462196999997,2.0296462196999996e-05,0.0,2.0296462196999996e-05
SPY,SPY260526P00708000,2026-05-26,8,put,708.0,34.0,271.0,0.1939,0.0062,0.63,0.64,,-0.0686,-0.1662,0.1508,https://cdn.cboe.com/api/global/delayed_quotes/options/SPY.json,0.0062,0.0,-115013.285783,-115013.285783,0.0,-0.000115013285783,-0.000115013285783
SPY,SPY260526C00709000,2026-05-26,8,call,709.0,1.0,0.0,0.1529,0.0066,29.04,30.97,,0.9268,-0.1704,0.1583,https://cdn.cboe.com/api/global/delayed_quotes/options/SPY.json,0.0066,3600.9852285,0.0,3600.9852285,3.6009852285000003e-06,0.0,3.6009852285000003e-06
SPY,SPY260526P00709000,2026-05-26,8,put,709.0,125.0,112.0,0.1923,0.0066,0.67,0.69,,-0.0734,-0.174,0.1587,https://cdn.cboe.com/api/global/delayed_quotes/options/SPY.json,0.0066,0.0,-450123.1535625,-450123.1535625,0.0,-0.00045012315356250004,-0.00045012315356250004
SPY,SPY260526C00710000,2026-05-26,8,call,710.0,8.0,2.0,0.1358,0.007,28.1,29.76,,0.9217,-0.1787,0.1664,https://cdn.cboe.com/api/global/delayed_quotes/options/SPY.json,0.007,30553.814060000004,0.0,30553.814060000004,3.055381406e-05,0.0,3.055381406e-05
SPY,SPY260526P00710000,2026-05-26,8,put,710.0,1070.0,1323.0,0.1904,0.007,0.72,0.74,,-0.0785,-0.1822,0.1668,https://cdn.cboe.com/api/global/delayed_quotes/options/SPY.json,0.007,0.0,-4086572.6305250004,-4086572.6305250004,0.0,-0.004086572630525,-0.004086572630525
SPY,SPY260526P00711000,2026-05-26,8,put,711.0,68.0,293.0,0.189,0.0074,0.78,0.8,,-0.084,-0.1907,0.175,https://cdn.cboe.com/api/global/delayed_quotes/options/SPY.json,0.0074,0.0,-274547.843482,-274547.843482,0.0,-0.000274547843482,-0.000274547843482
SPY,SPY260526C00712000,2026-05-26,8,call,712.0,3.0,2.0,0.1434,0.0079,26.23,27.9,,0.9103,-0.1961,0.1836,https://cdn.cboe.com/api/global/delayed_quotes/options/SPY.json,0.0079,12930.81059325,0.0,12930.81059325,1.293081059325e-05,0.0,1.293081059325e-05
SPY,SPY260526P00712000,2026-05-26,8,put,712.0,210.0,544.0,0.1866,0.0079,0.84,0.86,,-0.09,-0.1995,0.1838,https://cdn.cboe.com/api/global/delayed_quotes/options/SPY.json,0.0079,0.0,-905156.7415275002,-905156.7415275002,0.0,-0.0009051567415275002,-0.0009051567415275002
SPY,SPY260526C00713000,2026-05-26,8,call,713.0,1.0,1.0,0.1496,0.0084,25.28,26.98,,0.9039,-0.2053,0.1928,https://cdn.cboe.com/api/global/delayed_quotes/options/SPY.json,0.0084,4583.072109,0.0,4583.072109,4.583072109e-06,0.0,4.583072109e-06
SPY,SPY260526P00713000,2026-05-26,8,put,713.0,79.0,396.0,0.1851,0.0084,0.9,0.92,,-0.0963,-0.2086,0.1932,https://cdn.cboe.com/api/global/delayed_quotes/options/SPY.json,0.0084,0.0,-362062.696611,-362062.696611,0.0,-0.00036206269661099997,-0.00036206269661099997
SPY,SPY260526P00714000,2026-05-26,8,put,714.0,350.0,376.0,0.1834,0.0089,0.97,0.99,,-0.1031,-0.218,0.203,https://cdn.cboe.com/api/global/delayed_quotes/options/SPY.json,0.0089,0.0,-1699555.9070875002,-1699555.9070875002,0.0,-0.0016995559070875001,-0.0016995559070875001
SPY,SPY260526C00715000,2026-05-26,8,call,715.0,7.0,345.0,0.1807,0.0094,24.6,25.05,,0.8898,-0.2246,0.2124,https://cdn.cboe.com/api/global/delayed_quotes/options/SPY.json,0.0094,35900.731520500005,0.0,35900.731520500005,3.59007315205e-05,0.0,3.59007315205e-05
SPY,SPY260526P00715000,2026-05-26,8,put,715.0,529.0,1693.0,0.1816,0.0095,1.05,1.07,,-0.1105,-0.2278,0.2127,https://cdn.cboe.com/api/global/delayed_quotes/options/SPY.json,0.0095,0.0,-2741932.00997375,-2741932.00997375,0.0,-0.00274193200997375,-0.00274193200997375
SPY,SPY260526C00716000,2026-05-26,8,call,716.0,1.0,606.0,0.181,0.01,23.61,24.13,,0.882,-0.2347,0.2225,https://cdn.cboe.com/api/global/delayed_quotes/options/SPY.json,0.01,5456.038225,0.0,5456.038225,5.456038225e-06,0.0,5.456038225e-06
SPY,SPY260526P00716000,2026-05-26,8,put,716.0,58.0,440.0,0.18,0.01,1.13,1.15,,-0.1183,-0.2378,0.2227,https://cdn.cboe.com/api/global/delayed_quotes/options/SPY.json,0.01,0.0,-316450.21705,-316450.21705,0.0,-0.00031645021704999996,-0.00031645021704999996
SPY,SPY260526P00717000,2026-05-26,8,put,717.0,136.0,359.0,0.1781,0.0106,1.22,1.24,,-0.1267,-0.248,0.2333,https://cdn.cboe.com/api/global/delayed_quotes/options/SPY.json,0.0106,0.0,-786542.470516,-786542.470516,0.0,-0.000786542470516,-0.000786542470516
SPY,SPY260526C00718000,2026-05-26,8,call,718.0,3.0,1.0,0.1772,0.0112,21.92,22.32,,0.8647,-0.2555,0.2441,https://cdn.cboe.com/api/global/delayed_quotes/options/SPY.json,0.0112,18332.288436,0.0,18332.288436,1.8332288436e-05,0.0,1.8332288436e-05
SPY,SPY260526P00718000,2026-05-26,8,put,718.0,66.0,788.0,0.1763,0.0113,1.31,1.34,,-0.1357,-0.2585,0.2448,https://cdn.cboe.com/api/global/delayed_quotes/options/SPY.json,0.0113,0.0,-406911.3308205,-406911.3308205,0.0,-0.0004069113308205,-0.0004069113308205
SPY,SPY260526C00719000,2026-05-26,8,call,719.0,1.0,4.0,0.1761,0.0119,20.9,21.42,,0.8551,-0.2662,0.2553,https://cdn.cboe.com/api/global/delayed_quotes/options/SPY.json,0.0119,6492.685487750002,0.0,6492.685487750002,6.492685487750002e-06,0.0,6.492685487750002e-06
SPY,SPY260526P00719000,2026-05-26,8,put,719.0,248.0,414.0,0.1749,0.0119,1.42,1.44,,-0.1453,-0.2692,0.2558,https://cdn.cboe.com/api/global/delayed_quotes/options/SPY.json,0.0119,0.0,-1610186.0009620003,-1610186.0009620003,0.0,-0.0016101860009620004,-0.0016101860009620004
SPY,SPY260526C00720000,2026-05-26,8,call,720.0,12.0,6.0,0.1717,0.0126,20.02,20.54,,0.8449,-0.277,0.2666,https://cdn.cboe.com/api/global/delayed_quotes/options/SPY.json,0.0126,82495.29796200001,0.0,82495.29796200001,8.2495297962e-05,0.0,8.2495297962e-05
SPY,SPY260526P00720000,2026-05-26,8,put,720.0,2893.0,5432.0,0.1731,0.0126,1.53,1.56,,-0.1556,-0.28,0.2669,https://cdn.cboe.com/api/global/delayed_quotes/options/SPY.json,0.0126,0.0,-19888241.417005498,-19888241.417005498,0.0,-0.019888241417005497,-0.019888241417005497
SPY,SPY260526C00721000,2026-05-26,8,call,721.0,16.0,0.0,0.1726,0.0132,19.14,19.67,,0.834,-0.288,0.2782,https://cdn.cboe.com/api/global/delayed_quotes/options/SPY.json,0.0132,115231.527312,0.0,115231.527312,0.00011523152731200001,0.0,0.00011523152731200001
SPY,SPY260526P00721000,2026-05-26,8,put,721.0,147.0,373.0,0.1716,0.0133,1.66,1.68,,-0.1665,-0.2909,0.2784,https://cdn.cboe.com/api/global/delayed_quotes/options/SPY.json,0.0133,0.0,-1066710.03336975,-1066710.03336975,0.0,-0.0010667100333697501,-0.0010667100333697501
SPY,SPY260526C00722000,2026-05-26,8,call,722.0,4.0,1.0,0.1714,0.014,18.28,18.8,,0.8224,-0.299,0.2901,https://cdn.cboe.com/api/global/delayed_quotes/options/SPY.json,0.014,30553.814060000004,0.0,30553.814060000004,3.055381406e-05,0.0,3.055381406e-05
SPY,SPY260526P00722000,2026-05-26,8,put,722.0,138.0,709.0,0.1698,0.014,1.79,1.81,,-0.1782,-0.3018,0.2908,https://cdn.cboe.com/api/global/delayed_quotes/options/SPY.json,0.014,0.0,-1054106.58507,-1054106.58507,0.0,-0.00105410658507,-0.00105410658507
SPY,SPY260526C00723000,2026-05-26,8,call,723.0,6.0,3.0,0.1692,0.0147,17.52,17.93,,0.81,-0.3099,0.302,https://cdn.cboe.com/api/global/delayed_quotes/options/SPY.json,0.0147,48122.2571445,0.0,48122.2571445,4.81222571445e-05,0.0,4.81222571445e-05
SPY,SPY260526P00723000,2026-05-26,8,put,723.0,116.0,1806.0,0.1683,0.0148,1.93,1.96,,-0.1906,-0.3127,0.3026,https://cdn.cboe.com/api/global/delayed_quotes/options/SPY.json,0.0148,0.0,-936692.6424680001,-936692.6424680001,0.0,-0.0009366926424680001,-0.0009366926424680001
SPY,SPY260526P00724000,2026-05-26,8,put,724.0,203.0,358.0,0.1667,0.0155,2.08,2.11,,-0.2038,-0.3235,0.3142,https://cdn.cboe.com/api/global/delayed_quotes/options/SPY.json,0.0155,0.0,-1716742.4274962503,-1716742.4274962503,0.0,-0.0017167424274962503,-0.0017167424274962503
SPY,SPY260526C00725000,2026-05-26,8,call,725.0,65.0,74.0,0.1657,0.0162,15.74,16.22,,0.7829,-0.3314,0.3258,https://cdn.cboe.com/api/global/delayed_quotes/options/SPY.json,0.0162,574520.8250925,0.0,574520.8250925,0.0005745208250925,0.0,0.0005745208250925
SPY,SPY260526P00725000,2026-05-26,8,put,725.0,820.0,3335.0,0.1648,0.0163,2.25,2.28,,-0.2179,-0.3342,0.3261,https://cdn.cboe.com/api/global/delayed_quotes/options/SPY.json,0.0163,0.0,-7292540.691535,-7292540.691535,0.0,-0.0072925406915349995,-0.0072925406915349995
SPY,SPY260526C00726000,2026-05-26,8,call,726.0,5.0,405.0,0.1644,0.017,14.92,15.42,,0.7681,-0.3418,0.3378,https://cdn.cboe.com/api/global/delayed_quotes/options/SPY.json,0.017,46376.3249125,0.0,46376.3249125,4.63763249125e-05,0.0,4.63763249125e-05
SPY,SPY260526P00726000,2026-05-26,8,put,726.0,243.0,496.0,0.1633,0.0171,2.43,2.46,,-0.2327,-0.3446,0.3387,https://cdn.cboe.com/api/global/delayed_quotes/options/SPY.json,0.0171,0.0,-2267147.5636342503,-2267147.5636342503,0.0,-0.00226714756363425,-0.00226714756363425
SPY,SPY260526C00727000,2026-05-26,8,call,727.0,1.0,12.0,0.1622,0.0178,14.22,14.58,,0.7525,-0.3518,0.3496,https://cdn.cboe.com/api/global/delayed_quotes/options/SPY.json,0.0178,9711.7480405,0.0,9711.7480405,9.711748040500001e-06,0.0,9.711748040500001e-06
SPY,SPY260526P00727000,2026-05-26,8,put,727.0,415.0,700.0,0.1618,0.0179,2.62,2.65,,-0.2483,-0.3545,0.35,https://cdn.cboe.com/api/global/delayed_quotes/options/SPY.json,0.0179,0.0,-4053017.9954412496,-4053017.9954412496,0.0,-0.004053017995441249,-0.004053017995441249
SPY,SPY260526C00728000,2026-05-26,8,call,728.0,46.0,20.0,0.1615,0.0186,13.42,13.83,,0.736,-0.3614,0.3608,https://cdn.cboe.com/api/global/delayed_quotes/options/SPY.json,0.0186,466818.630531,0.0,466818.630531,0.000466818630531,0.0,0.000466818630531
SPY,SPY260526P00728000,2026-05-26,8,put,728.0,133.0,552.0,0.1602,0.0187,2.83,2.86,,-0.2649,-0.364,0.3611,https://cdn.cboe.com/api/global/delayed_quotes/options/SPY.json,0.0187,0.0,-1356971.2669397504,-1356971.2669397504,0.0,-0.0013569712669397505,-0.0013569712669397505
SPY,SPY260526C00729000,2026-05-26,8,call,729.0,23.0,109.0,0.1597,0.0194,12.64,13.05,,0.7187,-0.3703,0.3719,https://cdn.cboe.com/api/global/delayed_quotes/options/SPY.json,0.0194,243448.4255995,0.0,243448.4255995,0.0002434484255995,0.0,0.0002434484255995
SPY,SPY260526P00729000,2026-05-26,8,put,729.0,180.0,229.0,0.1587,0.0195,3.05,3.09,,-0.2823,-0.373,0.3726,https://cdn.cboe.com/api/global/delayed_quotes/options/SPY.json,0.0195,0.0,-1915069.416975,-1915069.416975,0.0,-0.001915069416975,-0.001915069416975
SPY,SPY260526C00730000,2026-05-26,8,call,730.0,724.0,193.0,0.1577,0.0202,12.0,12.26,,0.7005,-0.3785,0.3826,https://cdn.cboe.com/api/global/delayed_quotes/options/SPY.json,0.0202,7979346.783297999,0.0,7979346.783297999,0.007979346783298,0.0,0.007979346783298
SPY,SPY260526P00730000,2026-05-26,8,put,730.0,870.0,1550.0,0.1568,0.0203,3.29,3.33,,-0.3007,-0.3814,0.3832,https://cdn.cboe.com/api/global/delayed_quotes/options/SPY.json,0.0203,0.0,-9635909.109172499,-9635909.109172499,0.0,-0.009635909109172499,-0.009635909109172499
SPY,SPY260526C00731000,2026-05-26,8,call,731.0,23.0,146.0,0.1557,0.021,11.03,11.49,,0.6814,-0.3859,0.3925,https://cdn.cboe.com/api/global/delayed_quotes/options/SPY.json,0.021,263526.64626750007,0.0,263526.64626750007,0.00026352664626750006,0.0,0.00026352664626750006
SPY,SPY260526P00731000,2026-05-26,8,put,731.0,196.0,482.0,0.1552,0.0211,3.55,3.58,,-0.3199,-0.3888,0.3928,https://cdn.cboe.com/api/global/delayed_quotes/options/SPY.json,0.0211,0.0,-2256399.168331,-2256399.168331,0.0,-0.002256399168331,-0.002256399168331
SPY,SPY260526C00732000,2026-05-26,8,call,732.0,77.0,435.0,0.1543,0.0217,10.53,10.78,,0.6615,-0.3924,0.4017,https://cdn.cboe.com/api/global/delayed_quotes/options/SPY.json,0.0217,911649.4270152501,0.0,911649.4270152501,0.00091164942701525,0.0,0.00091164942701525
SPY,SPY260526P00732000,2026-05-26,8,put,732.0,333.0,727.0,0.1538,0.0218,3.82,3.86,,-0.3399,-0.3954,0.4019,https://cdn.cboe.com/api/global/delayed_quotes/options/SPY.json,0.0218,0.0,-3960756.3890565,-3960756.3890565,0.0,-0.0039607563890565,-0.0039607563890565
SPY,SPY260526C00733000,2026-05-26,8,call,733.0,26.0,250.0,0.1524,0.0224,9.72,10.04,,0.6407,-0.3977,0.4103,https://cdn.cboe.com/api/global/delayed_quotes/options/SPY.json,0.0224,317759.666224,0.0,317759.666224,0.000317759666224,0.0,0.000317759666224
SPY,SPY260526P00733000,2026-05-26,8,put,733.0,1224.0,887.0,0.1522,0.0226,4.12,4.15,,-0.3608,-0.4009,0.4107,https://cdn.cboe.com/api/global/delayed_quotes/options/SPY.json,0.0226,0.0,-15092711.179524,-15092711.179524,0.0,-0.015092711179524002,-0.015092711179524002
SPY,SPY260526C00734000,2026-05-26,8,call,734.0,52.0,223.0,0.151,0.0231,8.93,9.37,,0.6191,-0.4019,0.4178,https://cdn.cboe.com/api/global/delayed_quotes/options/SPY.json,0.0231,655379.311587,0.0,655379.311587,0.000655379311587,0.0,0.000655379311587
SPY,SPY260526P00734000,2026-05-26,8,put,734.0,251.0,1788.0,0.1507,0.0233,4.43,4.47,,-0.3827,-0.4051,0.418,https://cdn.cboe.com/api/global/delayed_quotes/options/SPY.json,0.0233,0.0,-3190854.8351267506,-3190854.8351267506,0.0,-0.0031908548351267507,-0.0031908548351267507
SPY,SPY260526C00735000,2026-05-26,8,call,735.0,375.0,1484.0,0.1495,0.0237,8.48,8.76,,0.5967,-0.4047,0.4241,https://cdn.cboe.com/api/global/delayed_quotes/options/SPY.json,0.0237,4849053.97246875,0.0,4849053.97246875,0.0048490539724687495,0.0,0.0048490539724687495
SPY,SPY260526P00735000,2026-05-26,8,put,735.0,1128.0,2533.0,0.1489,0.0239,4.77,4.81,,-0.4054,-0.4083,0.4242,https://cdn.cboe.com/api/global/delayed_quotes/options/SPY.json,0.0239,0.0,-14709042.571542,-14709042.571542,0.0,-0.014709042571542,-0.014709042571542
SPY,SPY260526C00736000,2026-05-26,8,call,736.0,31.0,1348.0,0.1475,0.0242,7.61,8.03,,0.5736,-0.4061,0.4293,https://cdn.cboe.com/api/global/delayed_quotes/options/SPY.json,0.0242,409311.9876395,0.0,409311.9876395,0.0004093119876395,0.0,0.0004093119876395
SPY,SPY260526P00736000,2026-05-26,8,put,736.0,261.0,1247.0,0.1474,0.0245,5.13,5.17,,-0.4289,-0.41,0.4294,https://cdn.cboe.com/api/global/delayed_quotes/options/SPY.json,0.0245,0.0,-3488863.6429762496,-3488863.6429762496,0.0,-0.0034888636429762495,-0.0034888636429762495
SPY,SPY260526C00737000,2026-05-26,8,call,737.0,225.0,1042.0,0.1447,0.0247,7.12,7.37,,0.5497,-0.4059,0.4332,https://cdn.cboe.com/api/global/delayed_quotes/options/SPY.json,0.0247,3032193.24354375,0.0,3032193.24354375,0.00303219324354375,0.0,0.00303219324354375
SPY,SPY260526P00737000,2026-05-26,8,put,737.0,549.0,1711.0,0.1461,0.025,5.51,5.56,,-0.453,-0.4101,0.4331,https://cdn.cboe.com/api/global/delayed_quotes/options/SPY.json,0.025,0.0,-7488412.463812501,-7488412.463812501,0.0,-0.007488412463812501,-0.007488412463812501
SPY,SPY260526C00738000,2026-05-26,8,call,738.0,165.0,892.0,0.1439,0.0251,6.66,6.71,,0.5249,-0.4042,0.4356,https://cdn.cboe.com/api/global/delayed_quotes/options/SPY.json,0.0251,2259618.23088375,0.0,2259618.23088375,0.00225961823088375,0.0,0.00225961823088375
SPY,SPY260526P00738000,2026-05-26,8,put,738.0,318.0,1197.0,0.1446,0.0255,5.92,5.97,,-0.478,-0.409,0.4352,https://cdn.cboe.com/api/global/delayed_quotes/options/SPY.json,0.0255,0.0,-4424301.3966525,-4424301.3966525,0.0,-0.0044243013966525,-0.0044243013966525
SPY,SPY260526C00739000,2026-05-26,8,call,739.0,288.0,894.0,0.1425,0.0255,6.1,6.14,,0.4998,-0.4008,0.4364,https://cdn.cboe.com/api/global/delayed_quotes/options/SPY.json,0.0255,4006914.47244,0.0,4006914.47244,0.00400691447244,0.0,0.00400691447244
SPY,SPY260526P00739000,2026-05-26,8,put,739.0,192.0,1407.0,0.1432,0.0259,6.36,6.4,,-0.5036,-0.4062,0.4357,https://cdn.cboe.com/api/global/delayed_quotes/options/SPY.json,0.0259,0.0,-2713178.6885280004,-2713178.6885280004,0.0,-0.0027131786885280004,-0.0027131786885280004
SPY,SPY260526C00740000,2026-05-26,8,call,740.0,475.0,2707.0,0.141,0.0257,5.56,5.6,,0.474,-0.3956,0.4356,https://cdn.cboe.com/api/global/delayed_quotes/options/SPY.json,0.0257,6660458.66316875,0.0,6660458.66316875,0.00666045866316875,0.0,0.00666045866316875
SPY,SPY260526P00740000,2026-05-26,8,put,740.0,742.0,1399.0,0.1416,0.0261,6.82,6.87,,-0.5299,-0.4016,0.4346,https://cdn.cboe.com/api/global/delayed_quotes/options/SPY.json,0.0261,0.0,-10566272.747299502,-10566272.747299502,0.0,-0.010566272747299502,-0.010566272747299502
SPY,SPY260526C00741000,2026-05-26,8,call,741.0,377.0,1800.0,0.1397,0.0258,5.04,5.09,,0.4481,-0.3888,0.433,https://cdn.cboe.com/api/global/delayed_quotes/options/SPY.json,0.0258,5306870.1399285,0.0,5306870.1399285,0.0053068701399285,0.0,0.0053068701399285
SPY,SPY260526P00741000,2026-05-26,8,put,741.0,354.0,462.0,0.1394,0.0263,7.19,7.46,,-0.5566,-0.3958,0.4314,https://cdn.cboe.com/api/global/delayed_quotes/options/SPY.json,0.0263,0.0,-5079680.7082395,-5079680.7082395,0.0,-0.0050796807082395005,-0.0050796807082395005
SPY,SPY260526C00742000,2026-05-26,8,call,742.0,539.0,1281.0,0.1381,0.0258,4.56,4.6,,0.4216,-0.3802,0.4284,https://cdn.cboe.com/api/global/delayed_quotes/options/SPY.json,0.0258,7587275.8764495,0.0,7587275.8764495,0.0075872758764495,0.0,0.0075872758764495
SPY,SPY260526P00742000,2026-05-26,8,put,742.0,276.0,262.0,0.138,0.0264,7.71,8.0,,-0.5836,-0.3881,0.4264,https://cdn.cboe.com/api/global/delayed_quotes/options/SPY.json,0.0264,0.0,-3975487.6922640004,-3975487.6922640004,0.0,-0.003975487692264,-0.003975487692264
SPY,SPY260526C00743000,2026-05-26,8,call,743.0,249.0,939.0,0.137,0.0256,4.1,4.14,,0.3952,-0.3701,0.4222,https://cdn.cboe.com/api/global/delayed_quotes/options/SPY.json,0.0256,3477897.006144,0.0,3477897.006144,0.0034778970061440004,0.0,0.0034778970061440004
SPY,SPY260526P00743000,2026-05-26,8,put,743.0,330.0,124.0,0.1386,0.0263,8.2,8.65,,-0.6108,-0.379,0.4188,https://cdn.cboe.com/api/global/delayed_quotes/options/SPY.json,0.0263,0.0,-4735295.5754775,-4735295.5754775,0.0,-0.0047352955754775,-0.0047352955754775
SPY,SPY260526C00744000,2026-05-26,8,call,744.0,600.0,661.0,0.1355,0.0253,3.68,3.72,,0.3686,-0.3582,0.414,https://cdn.cboe.com/api/global/delayed_quotes/options/SPY.json,0.0253,8282266.025550001,0.0,8282266.025550001,0.008282266025550001,0.0,0.008282266025550001
SPY,SPY260526P00744000,2026-05-26,8,put,744.0,581.0,160.0,0.1347,0.0262,8.77,9.25,,-0.6383,-0.3685,0.4093,https://cdn.cboe.com/api/global/delayed_quotes/options/SPY.json,0.0262,0.0,-8305290.506859501,-8305290.506859501,0.0,-0.0083052905068595,-0.0083052905068595
SPY,SPY260526C00745000,2026-05-26,8,call,745.0,523.0,2033.0,0.1344,0.0249,3.28,3.32,,0.3425,-0.3451,0.4039,https://cdn.cboe.com/api/global/delayed_quotes/options/SPY.json,0.0249,7105234.89927075,0.0,7105234.89927075,0.00710523489927075,0.0,0.00710523489927075
SPY,SPY260526P00745000,2026-05-26,8,put,745.0,374.0,363.0,0.1341,0.0258,9.37,9.69,,-0.6653,-0.3565,0.3993,https://cdn.cboe.com/api/global/delayed_quotes/options/SPY.json,0.0258,0.0,-5264640.404067001,-5264640.404067001,0.0,-0.005264640404067001,-0.005264640404067001
SPY,SPY260526C00746000,2026-05-26,8,call,746.0,373.0,598.0,0.1331,0.0244,2.91,2.95,,0.3167,-0.3305,0.3922,https://cdn.cboe.com/api/global/delayed_quotes/options/SPY.json,0.0244,4965649.509337001,0.0,4965649.509337001,0.0049656495093370005,0.0,0.0049656495093370005
SPY,SPY260526P00746000,2026-05-26,8,put,746.0,526.0,267.0,0.1344,0.0254,9.98,10.48,,-0.6924,-0.3432,0.386,https://cdn.cboe.com/api/global/delayed_quotes/options/SPY.json,0.0254,0.0,-7289485.310129,-7289485.310129,0.0,-0.007289485310129,-0.007289485310129
SPY,SPY260526C00747000,2026-05-26,8,call,747.0,372.0,906.0,0.1318,0.0237,2.57,2.6,,0.2912,-0.3147,0.3787,https://cdn.cboe.com/api/global/delayed_quotes/options/SPY.json,0.0237,4810261.540689,0.0,4810261.540689,0.004810261540689,0.0,0.004810261540689
SPY,SPY260526P00747000,2026-05-26,8,put,747.0,155.0,30.0,0.1308,0.0248,10.64,11.18,,-0.7189,-0.3289,0.3709,https://cdn.cboe.com/api/global/delayed_quotes/options/SPY.json,0.0248,0.0,-2097301.09369,-2097301.09369,0.0,-0.00209730109369,-0.00209730109369
SPY,SPY260526C00748000,2026-05-26,8,call,748.0,202.0,539.0,0.1308,0.0229,2.26,2.29,,0.2666,-0.2979,0.3637,https://cdn.cboe.com/api/global/delayed_quotes/options/SPY.json,0.0229,2523854.1621205,0.0,2523854.1621205,0.0025238541621205,0.0,0.0025238541621205
SPY,SPY260526P00748000,2026-05-26,8,put,748.0,111.0,544.0,0.1297,0.0241,11.33,11.7,,-0.7449,-0.313,0.3532,https://cdn.cboe.com/api/global/delayed_quotes/options/SPY.json,0.0241,0.0,-1459544.78556975,-1459544.78556975,0.0,-0.00145954478556975,-0.00145954478556975
SPY,SPY260526C00749000,2026-05-26,8,call,749.0,431.0,2384.0,0.1296,0.022,1.98,2.01,,0.2427,-0.2802,0.3474,https://cdn.cboe.com/api/global/delayed_quotes/options/SPY.json,0.022,5173415.444945,0.0,5173415.444945,0.005173415444945,0.0,0.005173415444945
SPY,SPY260526P00749000,2026-05-26,8,put,749.0,178.0,270.0,0.1302,0.0233,12.05,12.55,,-0.7704,-0.2967,0.3344,https://cdn.cboe.com/api/global/delayed_quotes/options/SPY.json,0.0233,0.0,-2262837.2934365002,-2262837.2934365002,0.0,-0.0022628372934365,-0.0022628372934365
SPY,SPY260526C00750000,2026-05-26,8,call,750.0,1673.0,3228.0,0.1285,0.0209,1.72,1.75,,0.2197,-0.2617,0.3297,https://cdn.cboe.com/api/global/delayed_quotes/options/SPY.json,0.0209,19077419.57638825,0.0,19077419.57638825,0.01907741957638825,0.0,0.01907741957638825
SPY,SPY260526P00750000,2026-05-26,8,put,750.0,307.0,94.0,0.1291,0.0223,12.88,13.22,,-0.7949,-0.2791,0.3149,https://cdn.cboe.com/api/global/delayed_quotes/options/SPY.json,0.0223,0.0,-3735258.3292172505,-3735258.3292172505,0.0,-0.0037352583292172507,-0.0037352583292172507
SPY,SPY260526C00751000,2026-05-26,8,call,751.0,440.0,560.0,0.1276,0.0198,1.48,1.51,,0.1979,-0.2429,0.3114,https://cdn.cboe.com/api/global/delayed_quotes/options/SPY.json,0.0198,4753300.501620001,0.0,4753300.501620001,0.004753300501620001,0.0,0.004753300501620001
SPY,SPY260526P00751000,2026-05-26,8,put,751.0,78.0,7.0,0.1275,0.0213,13.65,14.15,,-0.8185,-0.2609,0.2927,https://cdn.cboe.com/api/global/delayed_quotes/options/SPY.json,0.0213,0.0,-906466.1907014999,-906466.1907014999,0.0,-0.0009064661907014999,-0.0009064661907014999
SPY,SPY260526C00752000,2026-05-26,8,call,752.0,491.0,1029.0,0.1266,0.0187,1.28,1.3,,0.177,-0.2237,0.2919,https://cdn.cboe.com/api/global/delayed_quotes/options/SPY.json,0.0187,5009570.6170482505,0.0,5009570.6170482505,0.005009570617048251,0.0,0.005009570617048251
SPY,SPY260526P00752000,2026-05-26,8,put,752.0,31.0,1.0,0.1254,0.0201,14.41,14.96,,-0.8412,-0.2427,0.2703,https://cdn.cboe.com/api/global/delayed_quotes/options/SPY.json,0.0201,0.0,-339965.74179975,-339965.74179975,0.0,-0.00033996574179975,-0.00033996574179975
SPY,SPY260526C00753000,2026-05-26,8,call,753.0,396.0,323.0,0.1255,0.0174,1.09,1.12,,0.1573,-0.2044,0.2719,https://cdn.cboe.com/api/global/delayed_quotes/options/SPY.json,0.0174,3759428.578554,0.0,3759428.578554,0.003759428578554,0.0,0.003759428578554
SPY,SPY260526P00753000,2026-05-26,8,put,753.0,4.0,82.0,0.1262,0.019,15.25,15.77,,-0.8627,-0.223,0.2459,https://cdn.cboe.com/api/global/delayed_quotes/options/SPY.json,0.019,0.0,-41465.89051,-41465.89051,0.0,-4.146589051e-05,-4.146589051e-05
SPY,SPY260526C00754000,2026-05-26,8,call,754.0,483.0,259.0,0.1246,0.0162,0.93,0.95,,0.1388,-0.1852,0.2515,https://cdn.cboe.com/api/global/delayed_quotes/options/SPY.json,0.0162,4269131.6695334995,0.0,4269131.6695334995,0.0042691316695335,0.0,0.0042691316695335
SPY,SPY260526P00754000,2026-05-26,8,put,754.0,52.0,14.0,0.1257,0.0177,16.12,16.54,,-0.8831,-0.2045,0.2216,https://cdn.cboe.com/api/global/delayed_quotes/options/SPY.json,0.0177,0.0,-502173.758229,-502173.758229,0.0,-0.0005021737582290001,-0.0005021737582290001
SPY,SPY260526C00755000,2026-05-26,8,call,755.0,511.0,497.0,0.1237,0.0149,0.78,0.8,,0.1217,-0.1665,0.231,https://cdn.cboe.com/api/global/delayed_quotes/options/SPY.json,0.0149,4154172.94413275,0.0,4154172.94413275,0.00415417294413275,0.0,0.00415417294413275
SPY,SPY260526P00755000,2026-05-26,8,put,755.0,50.0,0.0,0.1281,0.0168,15.96,18.66,,-0.9025,-0.185,0.1971,https://cdn.cboe.com/api/global/delayed_quotes/options/SPY.json,0.0168,0.0,-458307.21090000006,-458307.21090000006,0.0,-0.0004583072109000001,-0.0004583072109000001
SPY,SPY260526C00756000,2026-05-26,8,call,756.0,269.0,183.0,0.123,0.0136,0.65,0.67,,0.1059,-0.1484,0.2108,https://cdn.cboe.com/api/global/delayed_quotes/options/SPY.json,0.0136,1996037.024234,0.0,1996037.024234,0.0019960370242339998,0.0,0.0019960370242339998
SPY,SPY260526P00756000,2026-05-26,8,put,756.0,12.0,8.0,0.1276,0.0156,16.86,19.55,,-0.9206,-0.1646,0.1712,https://cdn.cboe.com/api/global/delayed_quotes/options/SPY.json,0.0156,0.0,-102137.035572,-102137.035572,0.0,-0.00010213703557199999,-0.00010213703557199999
SPY,SPY260526C00757000,2026-05-26,8,call,757.0,694.0,411.0,0.1222,0.0123,0.54,0.56,,0.0915,-0.1311,0.1907,https://cdn.cboe.com/api/global/delayed_quotes/options/SPY.json,0.0123,4657383.349624501,0.0,4657383.349624501,0.0046573833496245005,0.0,0.0046573833496245005
SPY,SPY260526P00757000,2026-05-26,8,put,757.0,12.0,0.0,0.1463,0.0144,18.38,20.46,,-0.9379,-0.1475,0.1446,https://cdn.cboe.com/api/global/delayed_quotes/options/SPY.json,0.0144,0.0,-94280.34052800002,-94280.34052800002,0.0,-9.428034052800002e-05,-9.428034052800002e-05
SPY,SPY260526C00758000,2026-05-26,8,call,758.0,306.0,334.0,0.1209,0.0111,0.45,0.47,,0.0785,-0.1148,0.1715,https://cdn.cboe.com/api/global/delayed_quotes/options/SPY.json,0.0111,1853197.9435035002,0.0,1853197.9435035002,0.0018531979435035002,0.0,0.0018531979435035002
SPY,SPY260526P00758000,2026-05-26,8,put,758.0,1.0,5.0,0.158,0.013,19.72,21.39,,-0.9532,-0.1265,0.1173,https://cdn.cboe.com/api/global/delayed_quotes/options/SPY.json,0.013,0.0,-7092.849692500001,-7092.849692500001,0.0,-7.0928496925000005e-06,-7.0928496925000005e-06
SPY,SPY260526C00759000,2026-05-26,8,call,759.0,107.0,1984.0,0.1204,0.0098,0.37,0.38,,0.0667,-0.0997,0.1528,https://cdn.cboe.com/api/global/delayed_quotes/options/SPY.json,0.0098,572120.1682735,0.0,572120.1682735,0.0005721201682735,0.0,0.0005721201682735
SPY,SPY260526P00759000,2026-05-26,8,put,759.0,5.0,0.0,0.1618,0.011,20.71,22.33,,-0.967,-0.1139,0.0911,https://cdn.cboe.com/api/global/delayed_quotes/options/SPY.json,0.011,0.0,-30008.210237499996,-30008.210237499996,0.0,-3.0008210237499997e-05,-3.0008210237499997e-05
SPY,SPY260526C00760000,2026-05-26,8,call,760.0,397.0,602.0,0.119,0.0087,0.3,0.31,,0.0564,-0.0859,0.1354,https://cdn.cboe.com/api/global/delayed_quotes/options/SPY.json,0.0087,1884461.0425327502,0.0,1884461.0425327502,0.0018844610425327501,0.0,0.0018844610425327501
SPY,SPY260526P00760000,2026-05-26,8,put,760.0,10.0,4.0,0.1254,0.0088,20.6,23.29,,-0.9783,-0.0983,0.0653,https://cdn.cboe.com/api/global/delayed_quotes/options/SPY.json,0.0088,0.0,-48013.13638,-48013.13638,0.0,-4.801313638e-05,-4.801313638e-05
SPY,SPY260526C00761000,2026-05-26,8,call,761.0,268.0,534.0,0.1181,0.0076,0.24,0.25,,0.0473,-0.0734,0.119,https://cdn.cboe.com/api/global/delayed_quotes/options/SPY.json,0.0076,1111285.865668,0.0,1111285.865668,0.001111285865668,0.0,0.001111285865668
SPY,SPY260526P00761000,2026-05-26,8,put,761.0,4.0,2.0,0.1708,0.0063,22.7,24.28,,-0.9868,-0.0913,0.0445,https://cdn.cboe.com/api/global/delayed_quotes/options/SPY.json,0.0063,0.0,-13749.216327,-13749.216327,0.0,-1.3749216327000001e-05,-1.3749216327000001e-05
SPY,SPY260526C00762000,2026-05-26,8,call,762.0,165.0,402.0,0.1172,0.0066,0.19,0.2,,0.0395,-0.0623,0.1039,https://cdn.cboe.com/api/global/delayed_quotes/options/SPY.json,0.0066,594162.5627025,0.0,594162.5627025,0.0005941625627025,0.0,0.0005941625627025
SPY,SPY260526C00763000,2026-05-26,8,call,763.0,306.0,613.0,0.1164,0.0057,0.15,0.16,,0.0328,-0.0526,0.0903,https://cdn.cboe.com/api/global/delayed_quotes/options/SPY.json,0.0057,951642.1872045,0.0,951642.1872045,0.0009516421872045,0.0,0.0009516421872045
SPY,SPY260526C00764000,2026-05-26,8,call,764.0,172.0,253.0,0.116,0.0049,0.12,0.13,,0.0273,-0.0445,0.0785,https://cdn.cboe.com/api/global/delayed_quotes/options/SPY.json,0.0049,459834.901603,0.0,459834.901603,0.000459834901603,0.0,0.000459834901603
SPY,SPY260526C00765000,2026-05-26,8,call,765.0,532.0,111.0,0.1166,0.0042,0.1,0.11,,0.0225,-0.0372,0.0674,https://cdn.cboe.com/api/global/delayed_quotes/options/SPY.json,0.0042,1219097.180994,0.0,1219097.180994,0.001219097180994,0.0,0.001219097180994
SPY,SPY260526C00766000,2026-05-26,8,call,766.0,439.0,265.0,0.1164,0.0036,0.08,0.09,,0.0188,-0.0315,0.0586,https://cdn.cboe.com/api/global/delayed_quotes/options/SPY.json,0.0036,862272.281079,0.0,862272.281079,0.000862272281079,0.0,0.000862272281079
SPY,SPY260526P00766000,2026-05-26,8,put,766.0,3.0,0.0,0.1422,0.0002,26.48,29.27,,-0.9998,-0.0805,0.0012,https://cdn.cboe.com/api/global/delayed_quotes/options/SPY.json,0.0002,0.0,-327.3622935,-327.3622935,0.0,-3.273622935e-07,-3.273622935e-07
SPY,SPY260526C00767000,2026-05-26,8,call,767.0,15.0,121.0,0.1159,0.003,0.06,0.07,,0.0155,-0.0264,0.0502,https://cdn.cboe.com/api/global/delayed_quotes/options/SPY.json,0.003,24552.1720125,0.0,24552.1720125,2.45521720125e-05,0.0,2.45521720125e-05
SPY,SPY260526C00768000,2026-05-26,8,call,768.0,68.0,167.0,0.1167,0.0026,0.05,0.06,,0.013,-0.0225,0.0436,https://cdn.cboe.com/api/global/delayed_quotes/options/SPY.json,0.0026,96462.755818,0.0,96462.755818,9.646275581800001e-05,0.0,9.646275581800001e-05
SPY,SPY260526C00769000,2026-05-26,8,call,769.0,248.0,165.0,0.117,0.0022,0.04,0.05,,0.011,-0.0193,0.038,https://cdn.cboe.com/api/global/delayed_quotes/options/SPY.json,0.0022,297681.44555600005,0.0,297681.44555600005,0.000297681445556,0.0,0.000297681445556
SPY,SPY260526C00770000,2026-05-26,8,call,770.0,260.0,529.0,0.1166,0.0019,0.03,0.04,,0.0094,-0.0168,0.0335,https://cdn.cboe.com/api/global/delayed_quotes/options/SPY.json,0.0019,269528.288315,0.0,269528.288315,0.000269528288315,0.0,0.000269528288315
SPY,SPY260526C00771000,2026-05-26,8,call,771.0,65.0,132.0,0.1198,0.0017,0.03,0.04,,0.0081,-0.0148,0.0298,https://cdn.cboe.com/api/global/delayed_quotes/options/SPY.json,0.0017,60289.222386249996,0.0,60289.222386249996,6.028922238625e-05,0.0,6.028922238625e-05
SPY,SPY260526C00772000,2026-05-26,8,call,772.0,104.0,220.0,0.1183,0.0015,0.02,0.03,,0.0072,-0.0133,0.0268,https://cdn.cboe.com/api/global/delayed_quotes/options/SPY.json,0.0015,85114.19631,0.0,85114.19631,8.511419630999999e-05,0.0,8.511419630999999e-05
SPY,SPY260526C00773000,2026-05-26,8,call,773.0,94.0,396.0,0.1211,0.0013,0.02,0.03,,0.0064,-0.0121,0.0244,https://cdn.cboe.com/api/global/delayed_quotes/options/SPY.json,0.0013,66672.7871095,0.0,66672.7871095,6.66727871095e-05,0.0,6.66727871095e-05
SPY,SPY260526C00774000,2026-05-26,8,call,774.0,180.0,115.0,0.1241,0.0012,0.02,0.03,,0.0058,-0.0111,0.0224,https://cdn.cboe.com/api/global/delayed_quotes/options/SPY.json,0.0012,117850.42566,0.0,117850.42566,0.00011785042566,0.0,0.00011785042566
SPY,SPY260526C00775000,2026-05-26,8,call,775.0,672.0,261.0,0.1272,0.0011,0.02,0.03,,0.0053,-0.0104,0.0207,https://cdn.cboe.com/api/global/delayed_quotes/options/SPY.json,0.0011,403310.34559200006,0.0,403310.34559200006,0.00040331034559200004,0.0,0.00040331034559200004
SPY,SPY260526C00780000,2026-05-26,8,call,780.0,2396.0,127.0,0.1351,0.0008,0.01,0.02,,0.0039,-0.0084,0.0156,https://cdn.cboe.com/api/global/delayed_quotes/options/SPY.json,0.0008,1045813.4069680001,0.0,1045813.4069680001,0.0010458134069680001,0.0,0.0010458134069680001
SPY,SPY260526C00785000,2026-05-26,8,call,785.0,237.0,91.0,0.1495,0.0006,0.01,0.02,,0.0031,-0.0074,0.0128,https://cdn.cboe.com/api/global/delayed_quotes/options/SPY.json,0.0006,77584.8635595,0.0,77584.8635595,7.75848635595e-05,0.0,7.75848635595e-05
SPY,SPY260526C00790000,2026-05-26,8,call,790.0,258.0,387.0,0.1635,0.0004,0.01,0.02,,0.0026,-0.0067,0.0107,https://cdn.cboe.com/api/global/delayed_quotes/options/SPY.json,0.0004,56306.31448200001,0.0,56306.31448200001,5.630631448200001e-05,0.0,5.630631448200001e-05
SPY,SPY260526C00795000,2026-05-26,8,call,795.0,560.0,202.0,0.1773,0.0004,0.01,0.02,,0.0022,-0.0061,0.0092,https://cdn.cboe.com/api/global/delayed_quotes/options/SPY.json,0.0004,122215.25624000002,0.0,122215.25624000002,0.00012221525624,0.0,0.00012221525624
SPY,SPY260526C00800000,2026-05-26,8,call,800.0,295.0,91.0,0.1909,0.0003,0.01,0.02,,0.0019,-0.0057,0.008,https://cdn.cboe.com/api/global/delayed_quotes/options/SPY.json,0.0003,48285.93829125,0.0,48285.93829125,4.828593829125e-05,0.0,4.828593829125e-05
SPY,SPY260526C00805000,2026-05-26,8,call,805.0,6.0,1506.0,0.186,0.0002,0.0,0.01,,0.0017,-0.0053,0.007,https://cdn.cboe.com/api/global/delayed_quotes/options/SPY.json,0.0002,654.724587,0.0,654.724587,6.54724587e-07,0.0,6.54724587e-07
SPY,SPY260526C00810000,2026-05-26,8,call,810.0,38.0,9.0,0.1983,0.0002,0.0,0.01,,0.0015,-0.0049,0.0061,https://cdn.cboe.com/api/global/delayed_quotes/options/SPY.json,0.0002,4146.589051000001,0.0,4146.589051000001,4.1465890510000004e-06,0.0,4.1465890510000004e-06
SPY,SPY260526C00815000,2026-05-26,8,call,815.0,18.0,0.0,0.2104,0.0002,0.0,0.01,,0.0013,-0.0045,0.0054,https://cdn.cboe.com/api/global/delayed_quotes/options/SPY.json,0.0002,1964.1737610000002,0.0,1964.1737610000002,1.964173761e-06,0.0,1.964173761e-06
SPY,SPY260526C00825000,2026-05-26,8,call,825.0,22.0,0.0,0.2343,0.0001,0.0,0.01,,0.001,-0.0039,0.0042,https://cdn.cboe.com/api/global/delayed_quotes/options/SPY.json,0.0001,1200.3284095,0.0,1200.3284095,1.2003284095e-06,0.0,1.2003284095e-06
SPY,SPY260526C00830000,2026-05-26,8,call,830.0,423.0,2.0,0.2461,0.0001,0.0,0.01,,0.0009,-0.0036,0.0038,https://cdn.cboe.com/api/global/delayed_quotes/options/SPY.json,0.0001,23079.041691750004,0.0,23079.041691750004,2.3079041691750005e-05,0.0,2.3079041691750005e-05
SPY,SPY260526C00835000,2026-05-26,8,call,835.0,172.0,0.0,0.2578,0.0001,0.0,0.01,,0.0008,-0.0033,0.0034,https://cdn.cboe.com/api/global/delayed_quotes/options/SPY.json,0.0001,9384.385747,0.0,9384.385747,9.384385747e-06,0.0,9.384385747e-06
SPY,SPY260526C00840000,2026-05-26,8,call,840.0,301.0,0.0,0.2693,0.0001,0.0,0.01,,0.0007,-0.0031,0.003,https://cdn.cboe.com/api/global/delayed_quotes/options/SPY.json,0.0001,16422.675057250002,0.0,16422.675057250002,1.642267505725e-05,0.0,1.642267505725e-05
SPY,SPY260527P00505000,2026-05-27,9,put,505.0,10.0,0.0,0.7097,0.0,0.0,0.01,,-0.0002,-0.0019,0.0008,https://cdn.cboe.com/api/global/delayed_quotes/options/SPY.json,0.0,0.0,-0.0,0.0,0.0,-0.0,0.0
SPY,SPY260527P00535000,2026-05-27,9,put,535.0,1.0,0.0,0.6076,0.0,0.0,0.01,,-0.0004,-0.0043,0.0018,https://cdn.cboe.com/api/global/delayed_quotes/options/SPY.json,0.0,0.0,-0.0,0.0,0.0,-0.0,0.0
SPY,SPY260527P00545000,2026-05-27,9,put,545.0,100.0,0.0,0.6235,0.0,0.01,0.02,,-0.0006,-0.0055,0.0023,https://cdn.cboe.com/api/global/delayed_quotes/options/SPY.json,0.0,0.0,-0.0,0.0,0.0,-0.0,0.0
SPY,SPY260527P00550000,2026-05-27,9,put,550.0,100.0,0.0,0.606,0.0,0.01,0.02,,-0.0006,-0.0061,0.0026,https://cdn.cboe.com/api/global/delayed_quotes/options/SPY.json,0.0,0.0,-0.0,0.0,0.0,-0.0,0.0
SPY,SPY260527P00555000,2026-05-27,9,put,555.0,11.0,0.0,0.5889,0.0,0.01,0.02,,-0.0007,-0.0068,0.003,https://cdn.cboe.com/api/global/delayed_quotes/options/SPY.json,0.0,0.0,-0.0,0.0,0.0,-0.0,0.0
SPY,SPY260527P00565000,2026-05-27,9,put,565.0,10.0,0.0,0.5546,0.0,0.01,0.02,,-0.0009,-0.0084,0.0038,https://cdn.cboe.com/api/global/delayed_quotes/options/SPY.json,0.0,0.0,-0.0,0.0,0.0,-0.0,0.0
SPY,SPY260527P00570000,2026-05-27,9,put,570.0,2.0,206.0,0.5376,0.0001,0.01,0.02,,-0.001,-0.0092,0.0042,https://cdn.cboe.com/api/global/delayed_quotes/options/SPY.json,0.0001,0.0,-109.1207645,-109.1207645,0.0,-1.0912076450000001e-07,-1.0912076450000001e-07
SPY,SPY260527P00600000,2026-05-27,9,put,600.0,16.0,75.0,0.4581,0.0001,0.02,0.03,,-0.0021,-0.0156,0.008,https://cdn.cboe.com/api/global/delayed_quotes/options/SPY.json,0.0001,0.0,-872.966116,-872.966116,0.0,-8.729661160000001e-07,-8.729661160000001e-07
SPY,SPY260527P00620000,2026-05-27,9,put,620.0,1.0,55.0,0.4141,0.0002,0.04,0.05,,-0.0033,-0.0213,0.0121,https://cdn.cboe.com/api/global/delayed_quotes/options/SPY.json,0.0002,0.0,-109.1207645,-109.1207645,0.0,-1.0912076450000001e-07,-1.0912076450000001e-07
SPY,SPY260527P00635000,2026-05-27,9,put,635.0,683.0,0.0,0.3702,0.0003,0.05,0.06,,-0.0046,-0.0265,0.0164,https://cdn.cboe.com/api/global/delayed_quotes/options/SPY.json,0.0003,0.0,-111794.22323024999,-111794.22323024999,0.0,-0.00011179422323025,-0.00011179422323025
SPY,SPY260527P00640000,2026-05-27,9,put,640.0,876.0,67.0,0.3593,0.0004,0.06,0.07,,-0.0052,-0.0286,0.0183,https://cdn.cboe.com/api/global/delayed_quotes/options/SPY.json,0.0004,0.0,-191179.57940400002,-191179.57940400002,0.0,-0.00019117957940400002,-0.00019117957940400002
SPY,SPY260527P00645000,2026-05-27,9,put,645.0,778.0,203.0,0.3472,0.0004,0.07,0.08,,-0.0059,-0.031,0.0205,https://cdn.cboe.com/api/global/delayed_quotes/options/SPY.json,0.0004,0.0,-169791.90956200004,-169791.90956200004,0.0,-0.00016979190956200005,-0.00016979190956200005
SPY,SPY260527P00650000,2026-05-27,9,put,650.0,560.0,270.0,0.3345,0.0005,0.08,0.09,,-0.0067,-0.0336,0.023,https://cdn.cboe.com/api/global/delayed_quotes/options/SPY.json,0.0005,0.0,-152769.07030000002,-152769.07030000002,0.0,-0.00015276907030000003,-0.00015276907030000003
SPY,SPY260527P00655000,2026-05-27,9,put,655.0,171.0,37.0,0.3208,0.0006,0.09,0.1,,-0.0077,-0.0366,0.026,https://cdn.cboe.com/api/global/delayed_quotes/options/SPY.json,0.0006,0.0,-55978.9521885,-55978.9521885,0.0,-5.59789521885e-05,-5.59789521885e-05
SPY,SPY260527C00660000,2026-05-27,9,call,660.0,4.0,0.0,0.3035,0.0007,77.51,80.29,,0.9911,-0.0316,0.0296,https://cdn.cboe.com/api/global/delayed_quotes/options/SPY.json,0.0007,1527.690703,0.0,1527.690703,1.527690703e-06,0.0,1.527690703e-06
SPY,SPY260527P00660000,2026-05-27,9,put,660.0,186.0,0.0,0.3066,0.0007,0.1,0.11,,-0.0089,-0.0402,0.0296,https://cdn.cboe.com/api/global/delayed_quotes/options/SPY.json,0.0007,0.0,-71037.61768950001,-71037.61768950001,0.0,-7.10376176895e-05,-7.10376176895e-05
SPY,SPY260527C00665000,2026-05-27,9,call,665.0,1.0,0.0,0.2908,0.0008,72.53,75.32,,0.9896,-0.0366,0.034,https://cdn.cboe.com/api/global/delayed_quotes/options/SPY.json,0.0008,436.483058,0.0,436.483058,4.3648305800000003e-07,0.0,4.3648305800000003e-07
SPY,SPY260527P00665000,2026-05-27,9,put,665.0,48.0,2.0,0.2916,0.0008,0.11,0.13,,-0.0104,-0.0446,0.0341,https://cdn.cboe.com/api/global/delayed_quotes/options/SPY.json,0.0008,0.0,-20951.186784,-20951.186784,0.0,-2.0951186784e-05,-2.0951186784e-05
SPY,SPY260527P00670000,2026-05-27,9,put,670.0,81.0,15.0,0.2791,0.001,0.13,0.15,,-0.0124,-0.0501,0.0396,https://cdn.cboe.com/api/global/delayed_quotes/options/SPY.json,0.001,0.0,-44193.9096225,-44193.9096225,0.0,-4.4193909622500005e-05,-4.4193909622500005e-05
SPY,SPY260527P00675000,2026-05-27,9,put,675.0,13.0,78.0,0.2679,0.0012,0.16,0.17,,-0.015,-0.057,0.0467,https://cdn.cboe.com/api/global/delayed_quotes/options/SPY.json,0.0012,0.0,-8511.419630999999,-8511.419630999999,0.0,-8.511419631e-06,-8.511419631e-06
SPY,SPY260527C00680000,2026-05-27,9,call,680.0,2.0,0.0,0.2556,0.0015,57.62,60.41,,0.9815,-0.0596,0.0557,https://cdn.cboe.com/api/global/delayed_quotes/options/SPY.json,0.0015,1636.8114675,0.0,1636.8114675,1.6368114674999999e-06,0.0,1.6368114674999999e-06
SPY,SPY260527P00680000,2026-05-27,9,put,680.0,200.0,184.0,0.255,0.0015,0.19,0.2,,-0.0185,-0.0658,0.0556,https://cdn.cboe.com/api/global/delayed_quotes/options/SPY.json,0.0015,0.0,-163681.14675,-163681.14675,0.0,-0.00016368114675,-0.00016368114675
SPY,SPY260527P00685000,2026-05-27,9,put,685.0,32.0,238.0,0.2441,0.0019,0.24,0.25,,-0.0232,-0.0771,0.0674,https://cdn.cboe.com/api/global/delayed_quotes/options/SPY.json,0.0019,0.0,-33172.71240800001,-33172.71240800001,0.0,-3.3172712408000004e-05,-3.3172712408000004e-05
SPY,SPY260527C00690000,2026-05-27,9,call,690.0,1.0,0.0,0.2323,0.0025,47.74,50.53,,0.9703,-0.0866,0.0825,https://cdn.cboe.com/api/global/delayed_quotes/options/SPY.json,0.0025,1364.00955625,0.0,1364.00955625,1.36400955625e-06,0.0,1.36400955625e-06
SPY,SPY260527P00690000,2026-05-27,9,put,690.0,99.0,146.0,0.2324,0.0025,0.3,0.31,,-0.0296,-0.0916,0.0824,https://cdn.cboe.com/api/global/delayed_quotes/options/SPY.json,0.0025,0.0,-135036.94606875,-135036.94606875,0.0,-0.00013503694606875,-0.00013503694606875
SPY,SPY260527C00692000,2026-05-27,9,call,692.0,6.0,0.0,0.0,0.0028,45.77,47.35,,0.9671,-0.0937,0.0898,https://cdn.cboe.com/api/global/delayed_quotes/options/SPY.json,0.0028,9166.144218,0.0,9166.144218,9.166144218e-06,0.0,9.166144218e-06
SPY,SPY260527P00692000,2026-05-27,9,put,692.0,1.0,54.0,0.228,0.0028,0.33,0.34,,-0.033,-0.0989,0.09,https://cdn.cboe.com/api/global/delayed_quotes/options/SPY.json,0.0028,0.0,-1527.690703,-1527.690703,0.0,-1.527690703e-06,-1.527690703e-06
SPY,SPY260527P00693000,2026-05-27,9,put,693.0,1.0,24.0,0.2264,0.0029,0.35,0.36,,-0.0346,-0.1023,0.0936,https://cdn.cboe.com/api/global/delayed_quotes/options/SPY.json,0.0029,0.0,-1582.25108525,-1582.25108525,0.0,-1.5822510852499999e-06,-1.5822510852499999e-06
SPY,SPY260527C00694000,2026-05-27,9,call,694.0,1.0,1.0,0.2235,0.0031,43.81,46.6,,0.9634,-0.1014,0.0978,https://cdn.cboe.com/api/global/delayed_quotes/options/SPY.json,0.0031,1691.3718497500001,0.0,1691.3718497500001,1.69137184975e-06,0.0,1.69137184975e-06
SPY,SPY260527P00694000,2026-05-27,9,put,694.0,54.0,125.0,0.2241,0.0031,0.37,0.38,,-0.0367,-0.1065,0.0979,https://cdn.cboe.com/api/global/delayed_quotes/options/SPY.json,0.0031,0.0,-91334.0798865,-91334.0798865,0.0,-9.133407988649999e-05,-9.133407988649999e-05
SPY,SPY260527P00695000,2026-05-27,9,put,695.0,85.0,18.0,0.222,0.0032,0.39,0.4,,-0.0387,-0.1106,0.1022,https://cdn.cboe.com/api/global/delayed_quotes/options/SPY.json,0.0032,0.0,-148404.23972,-148404.23972,0.0,-0.00014840423972000002,-0.00014840423972000002
SPY,SPY260527P00696000,2026-05-27,9,put,696.0,9.0,25.0,0.2197,0.0034,0.41,0.42,,-0.0408,-0.1148,0.1066,https://cdn.cboe.com/api/global/delayed_quotes/options/SPY.json,0.0034,0.0,-16695.4769685,-16695.4769685,0.0,-1.66954769685e-05,-1.66954769685e-05
SPY,SPY260527P00697000,2026-05-27,9,put,697.0,7.0,97.0,0.2176,0.0036,0.43,0.44,,-0.0429,-0.1188,0.111,https://cdn.cboe.com/api/global/delayed_quotes/options/SPY.json,0.0036,0.0,-13749.216327,-13749.216327,0.0,-1.3749216327000001e-05,-1.3749216327000001e-05
SPY,SPY260527P00698000,2026-05-27,9,put,698.0,5.0,47.0,0.2153,0.0038,0.45,0.47,,-0.0456,-0.1239,0.1165,https://cdn.cboe.com/api/global/delayed_quotes/options/SPY.json,0.0038,0.0,-10366.4726275,-10366.4726275,0.0,-1.03664726275e-05,-1.03664726275e-05
SPY,SPY260527P00699000,2026-05-27,9,put,699.0,1.0,127.0,0.2132,0.004,0.48,0.49,,-0.0481,-0.1285,0.1217,https://cdn.cboe.com/api/global/delayed_quotes/options/SPY.json,0.004,0.0,-2182.41529,-2182.41529,0.0,-2.18241529e-06,-2.18241529e-06
SPY,SPY260527C00700000,2026-05-27,9,call,700.0,1.0,1.0,0.0,0.0042,37.95,39.51,,0.9491,-0.1294,0.127,https://cdn.cboe.com/api/global/delayed_quotes/options/SPY.json,0.0042,2291.5360545,0.0,2291.5360545,2.2915360545e-06,0.0,2.2915360545e-06
SPY,SPY260527P00700000,2026-05-27,9,put,700.0,447.0,546.0,0.2113,0.0042,0.51,0.52,,-0.051,-0.1339,0.1273,https://cdn.cboe.com/api/global/delayed_quotes/options/SPY.json,0.0042,0.0,-1024316.6163615,-1024316.6163615,0.0,-0.0010243166163615,-0.0010243166163615
SPY,SPY260527P00701000,2026-05-27,9,put,701.0,8.0,204.0,0.2092,0.0045,0.54,0.55,,-0.054,-0.1392,0.133,https://cdn.cboe.com/api/global/delayed_quotes/options/SPY.json,0.0045,0.0,-19641.73761,-19641.73761,0.0,-1.964173761e-05,-1.964173761e-05
SPY,SPY260527P00702000,2026-05-27,9,put,702.0,2.0,189.0,0.2074,0.0048,0.57,0.59,,-0.0572,-0.1448,0.1389,https://cdn.cboe.com/api/global/delayed_quotes/options/SPY.json,0.0048,0.0,-5237.796695999999,-5237.796695999999,0.0,-5.237796695999999e-06,-5.237796695999999e-06
SPY,SPY260527P00703000,2026-05-27,9,put,703.0,10.0,101.0,0.2051,0.005,0.6,0.62,,-0.0606,-0.1505,0.1452,https://cdn.cboe.com/api/global/delayed_quotes/options/SPY.json,0.005,0.0,-27280.191124999998,-27280.191124999998,0.0,-2.7280191125e-05,-2.7280191125e-05
SPY,SPY260527P00704000,2026-05-27,9,put,704.0,7.0,5.0,0.2032,0.0053,0.64,0.66,,-0.0642,-0.1562,0.1517,https://cdn.cboe.com/api/global/delayed_quotes/options/SPY.json,0.0053,0.0,-20241.90181475,-20241.90181475,0.0,-2.024190181475e-05,-2.024190181475e-05
SPY,SPY260527C00705000,2026-05-27,9,call,705.0,8.0,0.0,0.1403,0.0056,33.13,34.78,,0.932,-0.1586,0.1585,https://cdn.cboe.com/api/global/delayed_quotes/options/SPY.json,0.0056,24443.051248,0.0,24443.051248,2.4443051248e-05,0.0,2.4443051248e-05
SPY,SPY260527P00705000,2026-05-27,9,put,705.0,193.0,160.0,0.2013,0.0056,0.68,0.7,,-0.0681,-0.1624,0.1588,https://cdn.cboe.com/api/global/delayed_quotes/options/SPY.json,0.0056,0.0,-589688.611358,-589688.611358,0.0,-0.0005896886113579999,-0.0005896886113579999
SPY,SPY260527P00706000,2026-05-27,9,put,706.0,14.0,75.0,0.1991,0.0059,0.73,0.74,,-0.0724,-0.1693,0.1661,https://cdn.cboe.com/api/global/delayed_quotes/options/SPY.json,0.0059,0.0,-45066.875738500006,-45066.875738500006,0.0,-4.5066875738500006e-05,-4.5066875738500006e-05
SPY,SPY260527P00707000,2026-05-27,9,put,707.0,26.0,92.0,0.1974,0.0063,0.77,0.79,,-0.0767,-0.1756,0.1733,https://cdn.cboe.com/api/global/delayed_quotes/options/SPY.json,0.0063,0.0,-89369.9061255,-89369.9061255,0.0,-8.93699061255e-05,-8.93699061255e-05
SPY,SPY260527P00708000,2026-05-27,9,put,708.0,6.0,76.0,0.1955,0.0066,0.82,0.84,,-0.0814,-0.1826,0.181,https://cdn.cboe.com/api/global/delayed_quotes/options/SPY.json,0.0066,0.0,-21605.911371,-21605.911371,0.0,-2.1605911371e-05,-2.1605911371e-05
SPY,SPY260527P00709000,2026-05-27,9,put,709.0,51.0,11.0,0.1937,0.007,0.88,0.9,,-0.0866,-0.1902,0.1895,https://cdn.cboe.com/api/global/delayed_quotes/options/SPY.json,0.007,0.0,-194780.56463249997,-194780.56463249997,0.0,-0.00019478056463249996,-0.00019478056463249996
SPY,SPY260527C00710000,2026-05-27,9,call,710.0,1.0,3.0,0.1711,0.0074,28.39,30.47,,0.9082,-0.1939,0.1976,https://cdn.cboe.com/api/global/delayed_quotes/options/SPY.json,0.0074,4037.4682865,0.0,4037.4682865,4.0374682864999996e-06,0.0,4.0374682864999996e-06
SPY,SPY260527P00710000,2026-05-27,9,put,710.0,153.0,184.0,0.1919,0.0074,0.94,0.96,,-0.0921,-0.1977,0.1982,https://cdn.cboe.com/api/global/delayed_quotes/options/SPY.json,0.0074,0.0,-617732.6478345001,-617732.6478345001,0.0,-0.0006177326478345001,-0.0006177326478345001
SPY,SPY260527P00711000,2026-05-27,9,put,711.0,94.0,160.0,0.1902,0.0078,1.0,1.02,,-0.0979,-0.2055,0.207,https://cdn.cboe.com/api/global/delayed_quotes/options/SPY.json,0.0078,0.0,-400036.722657,-400036.722657,0.0,-0.000400036722657,-0.000400036722657
SPY,SPY260527C00712000,2026-05-27,9,call,712.0,1.0,0.0,0.1872,0.0082,27.63,28.14,,0.8963,-0.2097,0.2156,https://cdn.cboe.com/api/global/delayed_quotes/options/SPY.json,0.0082,4473.951344500001,0.0,4473.951344500001,4.473951344500001e-06,0.0,4.473951344500001e-06
SPY,SPY260527P00712000,2026-05-27,9,put,712.0,15.0,65.0,0.1884,0.0082,1.07,1.09,,-0.104,-0.2134,0.216,https://cdn.cboe.com/api/global/delayed_quotes/options/SPY.json,0.0082,0.0,-67109.2701675,-67109.2701675,0.0,-6.71092701675e-05,-6.71092701675e-05
SPY,SPY260527P00713000,2026-05-27,9,put,713.0,2.0,206.0,0.1864,0.0087,1.14,1.17,,-0.1105,-0.2212,0.2251,https://cdn.cboe.com/api/global/delayed_quotes/options/SPY.json,0.0087,0.0,-9493.5065115,-9493.5065115,0.0,-9.4935065115e-06,-9.4935065115e-06
SPY,SPY260527P00714000,2026-05-27,9,put,714.0,23.0,42.0,0.1847,0.0092,1.22,1.25,,-0.1177,-0.23,0.2352,https://cdn.cboe.com/api/global/delayed_quotes/options/SPY.json,0.0092,0.0,-115449.768841,-115449.768841,0.0,-0.00011544976884099999,-0.00011544976884099999
SPY,SPY260527C00715000,2026-05-27,9,call,715.0,2.0,27.0,0.1826,0.0096,24.92,25.39,,0.8753,-0.2351,0.2448,https://cdn.cboe.com/api/global/delayed_quotes/options/SPY.json,0.0096,10475.593391999999,0.0,10475.593391999999,1.0475593391999998e-05,0.0,1.0475593391999998e-05
SPY,SPY260527P00715000,2026-05-27,9,put,715.0,234.0,340.0,0.183,0.0097,1.31,1.33,,-0.125,-0.2382,0.2454,https://cdn.cboe.com/api/global/delayed_quotes/options/SPY.json,0.0097,0.0,-1238411.5563105,-1238411.5563105,0.0,-0.0012384115563105,-0.0012384115563105
SPY,SPY260527P00716000,2026-05-27,9,put,716.0,106.0,46.0,0.1811,0.0102,1.4,1.42,,-0.133,-0.247,0.2557,https://cdn.cboe.com/api/global/delayed_quotes/options/SPY.json,0.0102,0.0,-589906.8528870002,-589906.8528870002,0.0,-0.0005899068528870002,-0.0005899068528870002
SPY,SPY260527P00717000,2026-05-27,9,put,717.0,35.0,219.0,0.1794,0.0108,1.5,1.52,,-0.1415,-0.256,0.2662,https://cdn.cboe.com/api/global/delayed_quotes/options/SPY.json,0.0108,0.0,-206238.244905,-206238.244905,0.0,-0.000206238244905,-0.000206238244905
SPY,SPY260527P00718000,2026-05-27,9,put,718.0,79.0,323.0,0.1779,0.0113,1.61,1.63,,-0.1506,-0.2651,0.277,https://cdn.cboe.com/api/global/delayed_quotes/options/SPY.json,0.0113,0.0,-487060.53234574996,-487060.53234574996,0.0,-0.00048706053234574994,-0.00048706053234574994
SPY,SPY260527C00719000,2026-05-27,9,call,719.0,6.0,2.0,0.1767,0.0119,21.32,21.8,,0.8404,-0.2708,0.2876,https://cdn.cboe.com/api/global/delayed_quotes/options/SPY.json,0.0119,38956.112926500005,0.0,38956.112926500005,3.8956112926500004e-05,0.0,3.8956112926500004e-05
SPY,SPY260527P00719000,2026-05-27,9,put,719.0,51.0,79.0,0.1762,0.0119,1.72,1.75,,-0.1604,-0.2747,0.2886,https://cdn.cboe.com/api/global/delayed_quotes/options/SPY.json,0.0119,0.0,-331126.95987525,-331126.95987525,0.0,-0.00033112695987525,-0.00033112695987525
SPY,SPY260527C00720000,2026-05-27,9,call,720.0,1.0,1.0,0.1737,0.0125,20.42,20.93,,0.8301,-0.2806,0.2991,https://cdn.cboe.com/api/global/delayed_quotes/options/SPY.json,0.0125,6820.047781249999,0.0,6820.047781249999,6.82004778125e-06,0.0,6.82004778125e-06
SPY,SPY260527P00720000,2026-05-27,9,put,720.0,160.0,865.0,0.1746,0.0125,1.84,1.87,,-0.1706,-0.284,0.3001,https://cdn.cboe.com/api/global/delayed_quotes/options/SPY.json,0.0125,0.0,-1091207.645,-1091207.645,0.0,-0.001091207645,-0.001091207645
SPY,SPY260527P00721000,2026-05-27,9,put,721.0,45.0,229.0,0.1728,0.0132,1.97,2.0,,-0.1815,-0.2933,0.3114,https://cdn.cboe.com/api/global/delayed_quotes/options/SPY.json,0.0132,0.0,-324088.670565,-324088.670565,0.0,-0.000324088670565,-0.000324088670565
SPY,SPY260527C00722000,2026-05-27,9,call,722.0,9.0,4.0,0.1715,0.0137,18.69,19.17,,0.808,-0.2987,0.3222,https://cdn.cboe.com/api/global/delayed_quotes/options/SPY.json,0.0137,67272.95131424999,0.0,67272.95131424999,6.727295131424999e-05,0.0,6.727295131424999e-05
SPY,SPY260527P00722000,2026-05-27,9,put,722.0,133.0,141.0,0.1711,0.0138,2.12,2.15,,-0.1929,-0.3021,0.3226,https://cdn.cboe.com/api/global/delayed_quotes/options/SPY.json,0.0138,0.0,-1001401.2558165,-1001401.2558165,0.0,-0.0010014012558165,-0.0010014012558165
SPY,SPY260527C00723000,2026-05-27,9,call,723.0,3.0,5.0,0.1708,0.0144,17.85,18.35,,0.7957,-0.3083,0.3338,https://cdn.cboe.com/api/global/delayed_quotes/options/SPY.json,0.0144,23570.085132000004,0.0,23570.085132000004,2.3570085132000004e-05,0.0,2.3570085132000004e-05
SPY,SPY260527P00723000,2026-05-27,9,put,723.0,53.0,77.0,0.1694,0.0145,2.27,2.3,,-0.205,-0.3112,0.3345,https://cdn.cboe.com/api/global/delayed_quotes/options/SPY.json,0.0145,0.0,-419296.53759125003,-419296.53759125003,0.0,-0.00041929653759125004,-0.00041929653759125004
SPY,SPY260527C00724000,2026-05-27,9,call,724.0,1.0,0.0,0.1688,0.0151,17.01,17.52,,0.7829,-0.3173,0.3454,https://cdn.cboe.com/api/global/delayed_quotes/options/SPY.json,0.0151,8238.61771975,0.0,8238.61771975,8.23861771975e-06,0.0,8.23861771975e-06
SPY,SPY260527P00724000,2026-05-27,9,put,724.0,37.0,260.0,0.168,0.0151,2.43,2.46,,-0.2181,-0.3207,0.3465,https://cdn.cboe.com/api/global/delayed_quotes/options/SPY.json,0.0151,0.0,-304828.85563075,-304828.85563075,0.0,-0.00030482885563075,-0.00030482885563075
SPY,SPY260527C00725000,2026-05-27,9,call,725.0,7.0,3.0,0.1672,0.0157,16.19,16.65,,0.7696,-0.3257,0.357,https://cdn.cboe.com/api/global/delayed_quotes/options/SPY.json,0.0157,59961.86009275001,0.0,59961.86009275001,5.996186009275001e-05,0.0,5.996186009275001e-05
SPY,SPY260527P00725000,2026-05-27,9,put,725.0,170.0,183.0,0.166,0.0158,2.61,2.64,,-0.2316,-0.3291,0.3577,https://cdn.cboe.com/api/global/delayed_quotes/options/SPY.json,0.0158,0.0,-1465491.8672350002,-1465491.8672350002,0.0,-0.0014654918672350001,-0.0014654918672350001
SPY,SPY260527P00726000,2026-05-27,9,put,726.0,279.0,293.0,0.1645,0.0165,2.79,2.83,,-0.246,-0.3376,0.369,https://cdn.cboe.com/api/global/delayed_quotes/options/SPY.json,0.0165,0.0,-2511687.19687875,-2511687.19687875,0.0,-0.0025116871968787497,-0.0025116871968787497
SPY,SPY260527P00727000,2026-05-27,9,put,727.0,30.0,392.0,0.1628,0.0172,2.99,3.03,,-0.261,-0.3458,0.3805,https://cdn.cboe.com/api/global/delayed_quotes/options/SPY.json,0.0172,0.0,-281531.57241,-281531.57241,0.0,-0.00028153157241,-0.00028153157241
SPY,SPY260527C00728000,2026-05-27,9,call,728.0,5.0,8.0,0.1619,0.0178,13.79,14.26,,0.7245,-0.3501,0.3906,https://cdn.cboe.com/api/global/delayed_quotes/options/SPY.json,0.0178,48558.740202500005,0.0,48558.740202500005,4.855874020250001e-05,0.0,4.855874020250001e-05
SPY,SPY260527P00728000,2026-05-27,9,put,728.0,193.0,115.0,0.1612,0.0179,3.21,3.25,,-0.277,-0.3535,0.3915,https://cdn.cboe.com/api/global/delayed_quotes/options/SPY.json,0.0179,0.0,-1884897.52559075,-1884897.52559075,0.0,-0.00188489752559075,-0.00188489752559075
SPY,SPY260527P00729000,2026-05-27,9,put,729.0,113.0,59.0,0.1598,0.0186,3.44,3.48,,-0.2937,-0.3611,0.4019,https://cdn.cboe.com/api/global/delayed_quotes/options/SPY.json,0.0186,0.0,-1146750.1141305,-1146750.1141305,0.0,-0.0011467501141305,-0.0011467501141305
SPY,SPY260527C00730000,2026-05-27,9,call,730.0,63.0,65.0,0.1592,0.0192,12.44,12.77,,0.6906,-0.3638,0.4114,https://cdn.cboe.com/api/global/delayed_quotes/options/SPY.json,0.0192,659962.383696,0.0,659962.383696,0.0006599623836959999,0.0,0.0006599623836959999
SPY,SPY260527P00730000,2026-05-27,9,put,730.0,759.0,463.0,0.158,0.0193,3.68,3.72,,-0.3111,-0.3673,0.4118,https://cdn.cboe.com/api/global/delayed_quotes/options/SPY.json,0.0193,0.0,-7992386.714655751,-7992386.714655751,0.0,-0.007992386714655752,-0.007992386714655752
SPY,SPY260527C00731000,2026-05-27,9,call,731.0,1.0,5.0,0.1564,0.0198,11.7,11.94,,0.6725,-0.37,0.4208,https://cdn.cboe.com/api/global/delayed_quotes/options/SPY.json,0.0198,10802.955685500003,0.0,10802.955685500003,1.0802955685500003e-05,0.0,1.0802955685500003e-05
SPY,SPY260527P00731000,2026-05-27,9,put,731.0,101.0,56.0,0.1564,0.02,3.94,3.98,,-0.3293,-0.3732,0.4218,https://cdn.cboe.com/api/global/delayed_quotes/options/SPY.json,0.02,0.0,-1102119.72145,-1102119.72145,0.0,-0.0011021197214500001,-0.0011021197214500001
SPY,SPY260527P00732000,2026-05-27,9,put,732.0,117.0,357.0,0.1548,0.0207,4.22,4.26,,-0.3484,-0.3782,0.4302,https://cdn.cboe.com/api/global/delayed_quotes/options/SPY.json,0.0207,0.0,-1321397.8977127501,-1321397.8977127501,0.0,-0.00132139789771275,-0.00132139789771275
SPY,SPY260527C00733000,2026-05-27,9,call,733.0,10.0,253.0,0.1543,0.0211,10.26,10.58,,0.634,-0.3792,0.4377,https://cdn.cboe.com/api/global/delayed_quotes/options/SPY.json,0.0211,115122.40654750001,0.0,115122.40654750001,0.00011512240654750001,0.0,0.00011512240654750001
SPY,SPY260527P00733000,2026-05-27,9,put,733.0,192.0,257.0,0.1533,0.0213,4.52,4.56,,-0.3682,-0.3829,0.4381,https://cdn.cboe.com/api/global/delayed_quotes/options/SPY.json,0.0213,0.0,-2231301.392496,-2231301.392496,0.0,-0.002231301392496,-0.002231301392496
SPY,SPY260527C00734000,2026-05-27,9,call,734.0,6.0,128.0,0.1525,0.0217,9.62,9.87,,0.6137,-0.382,0.4448,https://cdn.cboe.com/api/global/delayed_quotes/options/SPY.json,0.0217,71037.61768950001,0.0,71037.61768950001,7.10376176895e-05,0.0,7.10376176895e-05
SPY,SPY260527P00734000,2026-05-27,9,put,734.0,41.0,586.0,0.1518,0.0218,4.84,4.88,,-0.3888,-0.3862,0.4451,https://cdn.cboe.com/api/global/delayed_quotes/options/SPY.json,0.0218,0.0,-487660.6965505001,-487660.6965505001,0.0,-0.0004876606965505001,-0.0004876606965505001
SPY,SPY260527C00735000,2026-05-27,9,call,735.0,72.0,161.0,0.1505,0.0222,8.94,9.19,,0.5926,-0.3841,0.4508,https://cdn.cboe.com/api/global/delayed_quotes/options/SPY.json,0.0222,872093.149884,0.0,872093.149884,0.000872093149884,0.0,0.000872093149884
SPY,SPY260527P00735000,2026-05-27,9,put,735.0,288.0,652.0,0.1502,0.0224,5.18,5.22,,-0.4101,-0.3883,0.4512,https://cdn.cboe.com/api/global/delayed_quotes/options/SPY.json,0.0224,0.0,-3519799.379712,-3519799.379712,0.0,-0.0035197993797120002,-0.0035197993797120002
SPY,SPY260527C00736000,2026-05-27,9,call,736.0,1.0,227.0,0.1487,0.0227,8.31,8.51,,0.5709,-0.385,0.4559,https://cdn.cboe.com/api/global/delayed_quotes/options/SPY.json,0.0227,12385.206770750001,0.0,12385.206770750001,1.2385206770750001e-05,0.0,1.2385206770750001e-05
SPY,SPY260527P00736000,2026-05-27,9,put,736.0,113.0,635.0,0.1484,0.0229,5.54,5.58,,-0.4321,-0.3891,0.4559,https://cdn.cboe.com/api/global/delayed_quotes/options/SPY.json,0.0229,0.0,-1411859.01148325,-1411859.01148325,0.0,-0.00141185901148325,-0.00141185901148325
SPY,SPY260527C00737000,2026-05-27,9,call,737.0,23.0,534.0,0.1469,0.0231,7.74,7.79,,0.5485,-0.3847,0.4596,https://cdn.cboe.com/api/global/delayed_quotes/options/SPY.json,0.0231,289879.31089425,0.0,289879.31089425,0.00028987931089425,0.0,0.00028987931089425
SPY,SPY260527P00737000,2026-05-27,9,put,737.0,222.0,967.0,0.147,0.0234,5.92,5.97,,-0.4548,-0.389,0.4594,https://cdn.cboe.com/api/global/delayed_quotes/options/SPY.json,0.0234,0.0,-2834302.737123,-2834302.737123,0.0,-0.002834302737123,-0.002834302737123
SPY,SPY260527C00738000,2026-05-27,9,call,738.0,84.0,844.0,0.1456,0.0234,7.15,7.2,,0.5256,-0.3834,0.4619,https://cdn.cboe.com/api/global/delayed_quotes/options/SPY.json,0.0234,1072438.873506,0.0,1072438.873506,0.001072438873506,0.0,0.001072438873506
SPY,SPY260527P00738000,2026-05-27,9,put,738.0,352.0,597.0,0.1456,0.0238,6.33,6.38,,-0.478,-0.3879,0.4616,https://cdn.cboe.com/api/global/delayed_quotes/options/SPY.json,0.0238,0.0,-4570850.583376001,-4570850.583376001,0.0,-0.004570850583376001,-0.004570850583376001
SPY,SPY260527C00739000,2026-05-27,9,call,739.0,117.0,718.0,0.1439,0.0238,6.58,6.62,,0.502,-0.3801,0.4628,https://cdn.cboe.com/api/global/delayed_quotes/options/SPY.json,0.0238,1519288.4041335003,0.0,1519288.4041335003,0.0015192884041335003,0.0,0.0015192884041335003
SPY,SPY260527P00739000,2026-05-27,9,put,739.0,122.0,408.0,0.144,0.0241,6.76,6.81,,-0.502,-0.385,0.4621,https://cdn.cboe.com/api/global/delayed_quotes/options/SPY.json,0.0241,0.0,-1604184.3589144999,-1604184.3589144999,0.0,-0.0016041843589145,-0.0016041843589145
SPY,SPY260527C00740000,2026-05-27,9,call,740.0,218.0,836.0,0.1428,0.0239,6.03,6.06,,0.4782,-0.376,0.4622,https://cdn.cboe.com/api/global/delayed_quotes/options/SPY.json,0.0239,2842705.0359894997,0.0,2842705.0359894997,0.0028427050359894996,0.0,0.0028427050359894996
SPY,SPY260527P00740000,2026-05-27,9,put,740.0,253.0,703.0,0.1428,0.0244,7.21,7.27,,-0.5263,-0.3814,0.461,https://cdn.cboe.com/api/global/delayed_quotes/options/SPY.json,0.0244,0.0,-3368121.5170570007,-3368121.5170570007,0.0,-0.0033681215170570005,-0.0033681215170570005
SPY,SPY260527C00741000,2026-05-27,9,call,741.0,264.0,713.0,0.141,0.0241,5.51,5.55,,0.4537,-0.3698,0.46,https://cdn.cboe.com/api/global/delayed_quotes/options/SPY.json,0.0241,3471349.7602740005,0.0,3471349.7602740005,0.0034713497602740003,0.0,0.0034713497602740003
SPY,SPY260527P00741000,2026-05-27,9,put,741.0,229.0,502.0,0.1402,0.0245,7.58,7.86,,-0.5512,-0.3756,0.4584,https://cdn.cboe.com/api/global/delayed_quotes/options/SPY.json,0.0245,0.0,-3061110.24613625,-3061110.24613625,0.0,-0.00306111024613625,-0.00306111024613625
SPY,SPY260527C00742000,2026-05-27,9,call,742.0,195.0,337.0,0.1398,0.0241,5.01,5.06,,0.4293,-0.3629,0.456,https://cdn.cboe.com/api/global/delayed_quotes/options/SPY.json,0.0241,2564065.1638387498,0.0,2564065.1638387498,0.0025640651638387498,0.0,0.0025640651638387498
SPY,SPY260527P00742000,2026-05-27,9,put,742.0,115.0,98.0,0.1388,0.0246,8.07,8.38,,-0.5763,-0.3695,0.4538,https://cdn.cboe.com/api/global/delayed_quotes/options/SPY.json,0.0246,0.0,-1543513.2138525003,-1543513.2138525003,0.0,-0.0015435132138525002,-0.0015435132138525002
SPY,SPY260527C00743000,2026-05-27,9,call,743.0,80.0,344.0,0.1382,0.024,4.54,4.59,,0.4044,-0.3539,0.4502,https://cdn.cboe.com/api/global/delayed_quotes/options/SPY.json,0.024,1047559.3392,0.0,1047559.3392,0.0010475593392000001,0.0,0.0010475593392000001
SPY,SPY260527P00743000,2026-05-27,9,put,743.0,258.0,61.0,0.1373,0.0246,8.59,8.92,,-0.6019,-0.3613,0.4475,https://cdn.cboe.com/api/global/delayed_quotes/options/SPY.json,0.0246,0.0,-3462838.340643,-3462838.340643,0.0,-0.0034628383406429997,-0.0034628383406429997
SPY,SPY260527C00744000,2026-05-27,9,call,744.0,135.0,116.0,0.1368,0.0238,4.1,4.14,,0.3795,-0.3438,0.4429,https://cdn.cboe.com/api/global/delayed_quotes/options/SPY.json,0.0238,1753025.0816925,0.0,1753025.0816925,0.0017530250816925,0.0,0.0017530250816925
SPY,SPY260527P00744000,2026-05-27,9,put,744.0,194.0,15.0,0.1378,0.0245,9.1,9.58,,-0.6272,-0.3522,0.4388,https://cdn.cboe.com/api/global/delayed_quotes/options/SPY.json,0.0245,0.0,-2593254.9683425003,-2593254.9683425003,0.0,-0.0025932549683425,-0.0025932549683425
SPY,SPY260527C00745000,2026-05-27,9,call,745.0,544.0,550.0,0.1355,0.0235,3.69,3.73,,0.3547,-0.3323,0.4336,https://cdn.cboe.com/api/global/delayed_quotes/options/SPY.json,0.0235,6974999.266840001,0.0,6974999.266840001,0.006974999266840001,0.0,0.006974999266840001
SPY,SPY260527P00745000,2026-05-27,9,put,745.0,284.0,29.0,0.1347,0.0243,9.72,9.99,,-0.6529,-0.342,0.4292,https://cdn.cboe.com/api/global/delayed_quotes/options/SPY.json,0.0243,0.0,-3765321.099836999,-3765321.099836999,0.0,-0.003765321099836999,-0.003765321099836999
SPY,SPY260527C00746000,2026-05-27,9,call,746.0,97.0,221.0,0.1344,0.0231,3.3,3.34,,0.3303,-0.32,0.4228,https://cdn.cboe.com/api/global/delayed_quotes/options/SPY.json,0.0231,1222534.4850757502,0.0,1222534.4850757502,0.0012225344850757501,0.0,0.0012225344850757501
SPY,SPY260527P00746000,2026-05-27,9,put,746.0,64.0,6.0,0.1328,0.024,10.28,10.62,,-0.6784,-0.3302,0.4171,https://cdn.cboe.com/api/global/delayed_quotes/options/SPY.json,0.024,0.0,-838047.47136,-838047.47136,0.0,-0.0008380474713599999,-0.0008380474713599999
SPY,SPY260527C00747000,2026-05-27,9,call,747.0,66.0,266.0,0.1329,0.0226,2.94,2.98,,0.3058,-0.3058,0.4102,https://cdn.cboe.com/api/global/delayed_quotes/options/SPY.json,0.0226,813822.661641,0.0,813822.661641,0.000813822661641,0.0,0.000813822661641
SPY,SPY260527P00747000,2026-05-27,9,put,747.0,109.0,1.0,0.1318,0.0235,10.92,11.47,,-0.7038,-0.3176,0.4015,https://cdn.cboe.com/api/global/delayed_quotes/options/SPY.json,0.0235,0.0,-1397564.1913337503,-1397564.1913337503,0.0,-0.0013975641913337503,-0.0013975641913337503
SPY,SPY260527C00748000,2026-05-27,9,call,748.0,217.0,132.0,0.1319,0.022,2.61,2.64,,0.2822,-0.2912,0.3959,https://cdn.cboe.com/api/global/delayed_quotes/options/SPY.json,0.022,2604712.648615,0.0,2604712.648615,0.0026047126486149997,0.0,0.0026047126486149997
SPY,SPY260527P00748000,2026-05-27,9,put,748.0,77.0,7.0,0.1304,0.023,11.6,12.15,,-0.7289,-0.304,0.3872,https://cdn.cboe.com/api/global/delayed_quotes/options/SPY.json,0.023,0.0,-966264.3696475,-966264.3696475,0.0,-0.0009662643696475,-0.0009662643696475
SPY,SPY260527C00749000,2026-05-27,9,call,749.0,321.0,249.0,0.1306,0.0213,2.3,2.34,,0.2586,-0.2751,0.3802,https://cdn.cboe.com/api/global/delayed_quotes/options/SPY.json,0.0213,3730457.0155792506,0.0,3730457.0155792506,0.0037304570155792505,0.0,0.0037304570155792505
SPY,SPY260527P00749000,2026-05-27,9,put,749.0,24.0,3.0,0.1312,0.0224,12.3,12.84,,-0.7534,-0.2893,0.3684,https://cdn.cboe.com/api/global/delayed_quotes/options/SPY.json,0.0224,0.0,-293316.614976,-293316.614976,0.0,-0.000293316614976,-0.000293316614976
SPY,SPY260527C00750000,2026-05-27,9,call,750.0,297.0,473.0,0.1296,0.0204,2.02,2.06,,0.236,-0.2587,0.3633,https://cdn.cboe.com/api/global/delayed_quotes/options/SPY.json,0.0204,3305704.4397630007,0.0,3305704.4397630007,0.0033057044397630008,0.0,0.0033057044397630008
SPY,SPY260527P00750000,2026-05-27,9,put,750.0,61.0,7.0,0.129,0.0217,13.12,13.6,,-0.7776,-0.2741,0.3489,https://cdn.cboe.com/api/global/delayed_quotes/options/SPY.json,0.0217,0.0,-722215.77984325,-722215.77984325,0.0,-0.0007222157798432501,-0.0007222157798432501
SPY,SPY260527C00751000,2026-05-27,9,call,751.0,85.0,47.0,0.1286,0.0195,1.77,1.8,,0.2145,-0.242,0.3452,https://cdn.cboe.com/api/global/delayed_quotes/options/SPY.json,0.0195,904338.33579375,0.0,904338.33579375,0.00090433833579375,0.0,0.00090433833579375
SPY,SPY260527P00751000,2026-05-27,9,put,751.0,25.0,2.0,0.1269,0.0209,13.82,14.36,,-0.8009,-0.2584,0.3299,https://cdn.cboe.com/api/global/delayed_quotes/options/SPY.json,0.0209,0.0,-285077.99725625,-285077.99725625,0.0,-0.00028507799725625,-0.00028507799725625
SPY,SPY260527C00752000,2026-05-27,9,call,752.0,144.0,162.0,0.1274,0.0185,1.54,1.57,,0.1935,-0.2245,0.3261,https://cdn.cboe.com/api/global/delayed_quotes/options/SPY.json,0.0185,1453488.5831399998,0.0,1453488.5831399998,0.0014534885831399998,0.0,0.0014534885831399998
SPY,SPY260527P00752000,2026-05-27,9,put,752.0,2.0,0.0,0.1264,0.0199,14.61,15.12,,-0.8238,-0.2414,0.3037,https://cdn.cboe.com/api/global/delayed_quotes/options/SPY.json,0.0199,0.0,-21715.032135500005,-21715.032135500005,0.0,-2.1715032135500005e-05,-2.1715032135500005e-05
SPY,SPY260527C00753000,2026-05-27,9,call,753.0,158.0,32.0,0.1264,0.0175,1.33,1.36,,0.1739,-0.2074,0.3063,https://cdn.cboe.com/api/global/delayed_quotes/options/SPY.json,0.0175,1508594.5692125002,0.0,1508594.5692125002,0.0015085945692125003,0.0,0.0015085945692125003
SPY,SPY260527P00753000,2026-05-27,9,put,753.0,7.0,8.0,0.1248,0.019,15.44,15.94,,-0.8453,-0.2247,0.2836,https://cdn.cboe.com/api/global/delayed_quotes/options/SPY.json,0.019,0.0,-72565.30839250001,-72565.30839250001,0.0,-7.256530839250001e-05,-7.256530839250001e-05
SPY,SPY260527C00754000,2026-05-27,9,call,754.0,193.0,94.0,0.1254,0.0164,1.14,1.17,,0.1552,-0.19,0.2861,https://cdn.cboe.com/api/global/delayed_quotes/options/SPY.json,0.0164,1726945.218977,0.0,1726945.218977,0.001726945218977,0.0,0.001726945218977
SPY,SPY260527C00755000,2026-05-27,9,call,755.0,956.0,704.0,0.1245,0.0152,0.98,1.0,,0.1376,-0.1727,0.2653,https://cdn.cboe.com/api/global/delayed_quotes/options/SPY.json,0.0152,7928278.265512001,0.0,7928278.265512001,0.007928278265512,0.0,0.007928278265512
SPY,SPY260527P00755000,2026-05-27,9,put,755.0,4.0,59.0,0.1244,0.0169,17.11,17.65,,-0.8851,-0.1911,0.2328,https://cdn.cboe.com/api/global/delayed_quotes/options/SPY.json,0.0169,0.0,-36882.818401000004,-36882.818401000004,0.0,-3.6882818401e-05,-3.6882818401e-05
SPY,SPY260527C00756000,2026-05-27,9,call,756.0,586.0,45.0,0.1235,0.0141,0.83,0.85,,0.1214,-0.1562,0.2446,https://cdn.cboe.com/api/global/delayed_quotes/options/SPY.json,0.0141,4508106.1437885,0.0,4508106.1437885,0.0045081061437885,0.0,0.0045081061437885
SPY,SPY260527P00756000,2026-05-27,9,put,756.0,1.0,0.0,0.1454,0.0161,17.73,19.66,,-0.9039,-0.1758,0.2072,https://cdn.cboe.com/api/global/delayed_quotes/options/SPY.json,0.0161,0.0,-8784.22154225,-8784.22154225,0.0,-8.78422154225e-06,-8.78422154225e-06
SPY,SPY260527C00757000,2026-05-27,9,call,757.0,605.0,114.0,0.1226,0.0129,0.7,0.72,,0.1065,-0.1403,0.2244,https://cdn.cboe.com/api/global/delayed_quotes/options/SPY.json,0.0129,4258165.03270125,0.0,4258165.03270125,0.00425816503270125,0.0,0.00425816503270125
SPY,SPY260527P00757000,2026-05-27,9,put,757.0,18.0,0.0,0.1504,0.015,18.82,20.55,,-0.9209,-0.1583,0.1798,https://cdn.cboe.com/api/global/delayed_quotes/options/SPY.json,0.015,0.0,-147313.032075,-147313.032075,0.0,-0.000147313032075,-0.000147313032075
SPY,SPY260527C00758000,2026-05-27,9,call,758.0,272.0,22.0,0.1216,0.0118,0.59,0.61,,0.0929,-0.1252,0.2044,https://cdn.cboe.com/api/global/delayed_quotes/options/SPY.json,0.0118,1751170.028696,0.0,1751170.028696,0.001751170028696,0.0,0.001751170028696
SPY,SPY260527P00758000,2026-05-27,9,put,758.0,10.0,0.0,0.1265,0.0139,18.78,21.46,,-0.9376,-0.1438,0.1543,https://cdn.cboe.com/api/global/delayed_quotes/options/SPY.json,0.0139,0.0,-75838.93132749999,-75838.93132749999,0.0,-7.583893132749998e-05,-7.583893132749998e-05
SPY,SPY260527C00759000,2026-05-27,9,call,759.0,622.0,35.0,0.1207,0.0106,0.49,0.51,,0.0806,-0.111,0.1853,https://cdn.cboe.com/api/global/delayed_quotes/options/SPY.json,0.0106,3597275.122507001,0.0,3597275.122507001,0.0035972751225070007,0.0,0.0035972751225070007
SPY,SPY260527C00760000,2026-05-27,9,call,760.0,672.0,335.0,0.1202,0.0096,0.41,0.43,,0.0695,-0.0979,0.1669,https://cdn.cboe.com/api/global/delayed_quotes/options/SPY.json,0.0096,3519799.3797119996,0.0,3519799.3797119996,0.0035197993797119994,0.0,0.0035197993797119994
SPY,SPY260527P00760000,2026-05-27,9,put,760.0,2.0,0.0,0.0,0.0108,20.65,22.58,,-0.9653,-0.1153,0.1008,https://cdn.cboe.com/api/global/delayed_quotes/options/SPY.json,0.0108,0.0,-11785.042566000002,-11785.042566000002,0.0,-1.1785042566000002e-05,-1.1785042566000002e-05
SPY,SPY260527C00761000,2026-05-27,9,call,761.0,157.0,71.0,0.1192,0.0085,0.33,0.35,,0.0597,-0.0858,0.1495,https://cdn.cboe.com/api/global/delayed_quotes/options/SPY.json,0.0085,728108.30112625,0.0,728108.30112625,0.0007281083011262499,0.0,0.0007281083011262499
SPY,SPY260527C00762000,2026-05-27,9,call,762.0,162.0,96.0,0.1187,0.0076,0.27,0.29,,0.051,-0.0748,0.1334,https://cdn.cboe.com/api/global/delayed_quotes/options/SPY.json,0.0076,671747.4262620001,0.0,671747.4262620001,0.0006717474262620001,0.0,0.0006717474262620001
SPY,SPY260527C00763000,2026-05-27,9,call,763.0,68.0,2.0,0.1182,0.0067,0.23,0.24,,0.0435,-0.0649,0.1184,https://cdn.cboe.com/api/global/delayed_quotes/options/SPY.json,0.0067,248577.10153100002,0.0,248577.10153100002,0.000248577101531,0.0,0.000248577101531
SPY,SPY260527C00764000,2026-05-27,9,call,764.0,25.0,3.0,0.1179,0.0059,0.18,0.2,,0.037,-0.0563,0.1048,https://cdn.cboe.com/api/global/delayed_quotes/options/SPY.json,0.0059,80476.56381875,0.0,80476.56381875,8.047656381875e-05,0.0,8.047656381875e-05
SPY,SPY260527C00765000,2026-05-27,9,call,765.0,135.0,292.0,0.1167,0.0052,0.15,0.16,,0.0315,-0.0487,0.0928,https://cdn.cboe.com/api/global/delayed_quotes/options/SPY.json,0.0052,383013.88339499995,0.0,383013.88339499995,0.000383013883395,0.0,0.000383013883395
SPY,SPY260527C00766000,2026-05-27,9,call,766.0,420.0,177.0,0.1162,0.0045,0.12,0.13,,0.0267,-0.0419,0.0816,https://cdn.cboe.com/api/global/delayed_quotes/options/SPY.json,0.0045,1031191.2245250001,0.0,1031191.2245250001,0.001031191224525,0.0,0.001031191224525
SPY,SPY260527C00767000,2026-05-27,9,call,767.0,90.0,420.0,0.1168,0.0039,0.1,0.11,,0.0224,-0.036,0.0713,https://cdn.cboe.com/api/global/delayed_quotes/options/SPY.json,0.0039,191506.94169749998,0.0,191506.94169749998,0.0001915069416975,0.0,0.0001915069416975
SPY,SPY260527C00768000,2026-05-27,9,call,768.0,4.0,56.0,0.1166,0.0034,0.08,0.09,,0.019,-0.031,0.0626,https://cdn.cboe.com/api/global/delayed_quotes/options/SPY.json,0.0034,7420.211985999999,0.0,7420.211985999999,7.420211985999999e-06,0.0,7.420211985999999e-06
SPY,SPY260527C00769000,2026-05-27,9,call,769.0,25.0,72.0,0.1178,0.0029,0.07,0.08,,0.0162,-0.0268,0.0551,https://cdn.cboe.com/api/global/delayed_quotes/options/SPY.json,0.0029,39556.27713125,0.0,39556.27713125,3.9556277131249995e-05,0.0,3.9556277131249995e-05
SPY,SPY260527C00770000,2026-05-27,9,call,770.0,270.0,403.0,0.1187,0.0026,0.06,0.07,,0.0138,-0.0233,0.0486,https://cdn.cboe.com/api/global/delayed_quotes/options/SPY.json,0.0026,383013.88339499995,0.0,383013.88339499995,0.000383013883395,0.0,0.000383013883395
SPY,SPY260527C00771000,2026-05-27,9,call,771.0,201.0,44.0,0.1193,0.0022,0.05,0.06,,0.0119,-0.0204,0.043,https://cdn.cboe.com/api/global/delayed_quotes/options/SPY.json,0.0022,241266.01030950004,0.0,241266.01030950004,0.00024126601030950004,0.0,0.00024126601030950004
SPY,SPY260527C00772000,2026-05-27,9,call,772.0,49.0,68.0,0.1191,0.002,0.04,0.05,,0.0104,-0.0182,0.0387,https://cdn.cboe.com/api/global/delayed_quotes/options/SPY.json,0.002,53469.174605,0.0,53469.174605,5.3469174605e-05,0.0,5.3469174605e-05
SPY,SPY260527C00773000,2026-05-27,9,call,773.0,62.0,91.0,0.1185,0.0018,0.03,0.04,,0.0092,-0.0162,0.0347,https://cdn.cboe.com/api/global/delayed_quotes/options/SPY.json,0.0018,60889.38659099999,0.0,60889.38659099999,6.088938659099999e-05,0.0,6.088938659099999e-05
SPY,SPY260527C00774000,2026-05-27,9,call,774.0,5.0,139.0,0.1215,0.0016,0.03,0.04,,0.0081,-0.0146,0.0313,https://cdn.cboe.com/api/global/delayed_quotes/options/SPY.json,0.0016,4364.83058,0.0,4364.83058,4.36483058e-06,0.0,4.36483058e-06
SPY,SPY260527C00775000,2026-05-27,9,call,775.0,1169.0,185.0,0.1244,0.0014,0.03,0.04,,0.0072,-0.0132,0.0285,https://cdn.cboe.com/api/global/delayed_quotes/options/SPY.json,0.0014,892935.2159035001,0.0,892935.2159035001,0.0008929352159035001,0.0,0.0008929352159035001
SPY,SPY260527C00780000,2026-05-27,9,call,780.0,112.0,20.0,0.134,0.0009,0.02,0.03,,0.0047,-0.0094,0.0196,https://cdn.cboe.com/api/global/delayed_quotes/options/SPY.json,0.0009,54996.865308,0.0,54996.865308,5.4996865308000004e-05,0.0,5.4996865308000004e-05
SPY,SPY260527C00785000,2026-05-27,9,call,785.0,218.0,55.0,0.1406,0.0006,0.01,0.02,,0.0036,-0.0078,0.0152,https://cdn.cboe.com/api/global/delayed_quotes/options/SPY.json,0.0006,71364.979983,0.0,71364.979983,7.1364979983e-05,0.0,7.1364979983e-05
SPY,SPY260527C00790000,2026-05-27,9,call,790.0,201.0,6.0,0.1537,0.0005,0.01,0.02,,0.003,-0.007,0.0128,https://cdn.cboe.com/api/global/delayed_quotes/options/SPY.json,0.0005,54833.18416125001,0.0,54833.18416125001,5.4833184161250006e-05,0.0,5.4833184161250006e-05
SPY,SPY260527C00795000,2026-05-27,9,call,795.0,305.0,19.0,0.1668,0.0004,0.01,0.02,,0.0025,-0.0065,0.0111,https://cdn.cboe.com/api/global/delayed_quotes/options/SPY.json,0.0004,66563.666345,0.0,66563.666345,6.6563666345e-05,0.0,6.6563666345e-05
SPY,SPY260527C00800000,2026-05-27,9,call,800.0,171.0,12.0,0.1796,0.0003,0.01,0.02,,0.0022,-0.0061,0.0097,https://cdn.cboe.com/api/global/delayed_quotes/options/SPY.json,0.0003,27989.47609425,0.0,27989.47609425,2.798947609425e-05,0.0,2.798947609425e-05
SPY,SPY260527C00805000,2026-05-27,9,call,805.0,3.0,4.0,0.1923,0.0003,0.01,0.02,,0.0019,-0.0057,0.0085,https://cdn.cboe.com/api/global/delayed_quotes/options/SPY.json,0.0003,491.04344025,0.0,491.04344025,4.9104344025e-07,0.0,4.9104344025e-07
SPY,SPY260527C00810000,2026-05-27,9,call,810.0,4.0,3.0,0.2048,0.0002,0.01,0.02,,0.0017,-0.0053,0.0075,https://cdn.cboe.com/api/global/delayed_quotes/options/SPY.json,0.0002,436.483058,0.0,436.483058,4.3648305800000003e-07,0.0,4.3648305800000003e-07
SPY,SPY260527C00815000,2026-05-27,9,call,815.0,7.0,308.0,0.198,0.0002,0.0,0.01,,0.0015,-0.005,0.0067,https://cdn.cboe.com/api/global/delayed_quotes/options/SPY.json,0.0002,763.8453515,0.0,763.8453515,7.638453515e-07,0.0,7.638453515e-07
SPY,SPY260527C00820000,2026-05-27,9,call,820.0,10.0,156.0,0.2094,0.0002,0.0,0.01,,0.0013,-0.0047,0.006,https://cdn.cboe.com/api/global/delayed_quotes/options/SPY.json,0.0002,1091.207645,0.0,1091.207645,1.091207645e-06,0.0,1.091207645e-06
SPY,SPY260527C00835000,2026-05-27,9,call,835.0,169.0,0.0,0.2427,0.0001,0.0,0.01,,0.001,-0.0038,0.0043,https://cdn.cboe.com/api/global/delayed_quotes/options/SPY.json,0.0001,9220.704600250001,0.0,9220.704600250001,9.22070460025e-06,0.0,9.22070460025e-06
SPY,SPY260528P00520000,2026-05-28,10,put,520.0,100.0,0.0,0.6767,0.0,0.01,0.02,,-0.0007,-0.0078,0.0031,https://cdn.cboe.com/api/global/delayed_quotes/options/SPY.json,0.0,0.0,-0.0,0.0,0.0,-0.0,0.0
SPY,SPY260528P00525000,2026-05-28,10,put,525.0,100.0,0.0,0.6594,0.0,0.01,0.02,,-0.0008,-0.0081,0.0033,https://cdn.cboe.com/api/global/delayed_quotes/options/SPY.json,0.0,0.0,-0.0,0.0,0.0,-0.0,0.0
SPY,SPY260528P00530000,2026-05-28,10,put,530.0,100.0,0.0,0.6423,0.0,0.01,0.02,,-0.0008,-0.0084,0.0035,https://cdn.cboe.com/api/global/delayed_quotes/options/SPY.json,0.0,0.0,-0.0,0.0,0.0,-0.0,0.0
SPY,SPY260528P00535000,2026-05-28,10,put,535.0,1.0,0.0,0.6254,0.0,0.01,0.02,,-0.0009,-0.0088,0.0037,https://cdn.cboe.com/api/global/delayed_quotes/options/SPY.json,0.0,0.0,-0.0,0.0,0.0,-0.0,0.0
SPY,SPY260528P00570000,2026-05-28,10,put,570.0,1.0,0.0,0.5327,0.0001,0.02,0.03,,-0.0015,-0.0122,0.006,https://cdn.cboe.com/api/global/delayed_quotes/options/SPY.json,0.0001,0.0,-54.56038225,-54.56038225,0.0,-5.4560382250000004e-08,-5.4560382250000004e-08
SPY,SPY260528P00595000,2026-05-28,10,put,595.0,5.0,76.0,0.4649,0.0001,0.03,0.04,,-0.0023,-0.0166,0.0091,https://cdn.cboe.com/api/global/delayed_quotes/options/SPY.json,0.0001,0.0,-272.80191125,-272.80191125,0.0,-2.7280191125e-07,-2.7280191125e-07
SPY,SPY260528P00600000,2026-05-28,10,put,600.0,18.0,4.0,0.4483,0.0001,0.03,0.04,,-0.0025,-0.0176,0.0099,https://cdn.cboe.com/api/global/delayed_quotes/options/SPY.json,0.0001,0.0,-982.0868805000001,-982.0868805000001,0.0,-9.820868805e-07,-9.820868805e-07
SPY,SPY260528P00615000,2026-05-28,10,put,615.0,1.0,0.0,0.418,0.0002,0.05,0.06,,-0.0034,-0.0215,0.0132,https://cdn.cboe.com/api/global/delayed_quotes/options/SPY.json,0.0002,0.0,-109.1207645,-109.1207645,0.0,-1.0912076450000001e-07,-1.0912076450000001e-07
SPY,SPY260528P00620000,2026-05-28,10,put,620.0,24.0,101.0,0.4011,0.0002,0.05,0.06,,-0.0038,-0.0233,0.0147,https://cdn.cboe.com/api/global/delayed_quotes/options/SPY.json,0.0002,0.0,-2618.898348,-2618.898348,0.0,-2.618898348e-06,-2.618898348e-06
SPY,SPY260528P00625000,2026-05-28,10,put,625.0,4.0,264.0,0.3914,0.0003,0.06,0.07,,-0.0043,-0.025,0.0162,https://cdn.cboe.com/api/global/delayed_quotes/options/SPY.json,0.0003,0.0,-654.7245869999999,-654.7245869999999,0.0,-6.547245869999999e-07,-6.547245869999999e-07
SPY,SPY260528C00630000,2026-05-28,10,call,630.0,1.0,1.0,0.3715,0.0003,107.51,110.3,,0.9952,-0.015,0.0181,https://cdn.cboe.com/api/global/delayed_quotes/options/SPY.json,0.0003,163.68114674999998,0.0,163.68114674999998,1.6368114674999997e-07,0.0,1.6368114674999997e-07
SPY,SPY260528P00635000,2026-05-28,10,put,635.0,42.0,94.0,0.3636,0.0004,0.07,0.08,,-0.0055,-0.0295,0.0202,https://cdn.cboe.com/api/global/delayed_quotes/options/SPY.json,0.0004,0.0,-9166.144218000001,-9166.144218000001,0.0,-9.166144218000001e-06,-9.166144218000001e-06
SPY,SPY260528P00640000,2026-05-28,10,put,640.0,101.0,19.0,0.3514,0.0004,0.08,0.09,,-0.0063,-0.0323,0.0228,https://cdn.cboe.com/api/global/delayed_quotes/options/SPY.json,0.0004,0.0,-22042.394429000007,-22042.394429000007,0.0,-2.2042394429000007e-05,-2.2042394429000007e-05
SPY,SPY260528P00645000,2026-05-28,10,put,645.0,2.0,1.0,0.3389,0.0005,0.09,0.1,,-0.0072,-0.0353,0.0256,https://cdn.cboe.com/api/global/delayed_quotes/options/SPY.json,0.0005,0.0,-545.6038225,-545.6038225,0.0,-5.456038225e-07,-5.456038225e-07
SPY,SPY260528P00650000,2026-05-28,10,put,650.0,203.0,81.0,0.3292,0.0006,0.11,0.12,,-0.0083,-0.0391,0.0293,https://cdn.cboe.com/api/global/delayed_quotes/options/SPY.json,0.0006,0.0,-66454.54558050001,-66454.54558050001,0.0,-6.64545455805e-05,-6.64545455805e-05
SPY,SPY260528P00655000,2026-05-28,10,put,655.0,1.0,10.0,0.3152,0.0007,0.12,0.13,,-0.0096,-0.043,0.0333,https://cdn.cboe.com/api/global/delayed_quotes/options/SPY.json,0.0007,0.0,-381.92267575,-381.92267575,0.0,-3.8192267575e-07,-3.8192267575e-07
SPY,SPY260528P00660000,2026-05-28,10,put,660.0,66.0,5.0,0.3034,0.0008,0.14,0.15,,-0.0113,-0.0479,0.0382,https://cdn.cboe.com/api/global/delayed_quotes/options/SPY.json,0.0008,0.0,-28807.881828,-28807.881828,0.0,-2.8807881828000002e-05,-2.8807881828000002e-05
SPY,SPY260528C00665000,2026-05-28,10,call,665.0,1.0,0.0,0.2861,0.001,72.65,75.43,,0.9866,-0.0457,0.0445,https://cdn.cboe.com/api/global/delayed_quotes/options/SPY.json,0.001,545.6038225,0.0,545.6038225,5.456038225e-07,0.0,5.456038225e-07
SPY,SPY260528P00665000,2026-05-28,10,put,665.0,117.0,52.0,0.2907,0.001,0.16,0.17,,-0.0134,-0.0538,0.0443,https://cdn.cboe.com/api/global/delayed_quotes/options/SPY.json,0.001,0.0,-63835.64723250001,-63835.64723250001,0.0,-6.38356472325e-05,-6.38356472325e-05
SPY,SPY260528P00670000,2026-05-28,10,put,670.0,6.0,80.0,0.279,0.0012,0.19,0.2,,-0.0161,-0.0609,0.0519,https://cdn.cboe.com/api/global/delayed_quotes/options/SPY.json,0.0012,0.0,-3928.347522,-3928.347522,0.0,-3.928347522e-06,-3.928347522e-06
SPY,SPY260528C00675000,2026-05-28,10,call,675.0,2.0,2.0,0.2638,0.0014,62.72,65.51,,0.9805,-0.0626,0.0612,https://cdn.cboe.com/api/global/delayed_quotes/options/SPY.json,0.0014,1527.690703,0.0,1527.690703,1.527690703e-06,0.0,1.527690703e-06
SPY,SPY260528P00675000,2026-05-28,10,put,675.0,31.0,249.0,0.2664,0.0014,0.22,0.23,,-0.0195,-0.0695,0.061,https://cdn.cboe.com/api/global/delayed_quotes/options/SPY.json,0.0014,0.0,-23679.2058965,-23679.2058965,0.0,-2.36792058965e-05,-2.36792058965e-05
SPY,SPY260528P00680000,2026-05-28,10,put,680.0,236.0,519.0,0.2555,0.0018,0.27,0.28,,-0.024,-0.0803,0.0727,https://cdn.cboe.com/api/global/delayed_quotes/options/SPY.json,0.0018,0.0,-231772.50379800005,-231772.50379800005,0.0,-0.00023177250379800005,-0.00023177250379800005
SPY,SPY260528C00685000,2026-05-28,10,call,685.0,7.0,0.0,0.2418,0.0022,52.83,55.63,,0.9705,-0.0863,0.0864,https://cdn.cboe.com/api/global/delayed_quotes/options/SPY.json,0.0022,8402.2988665,0.0,8402.2988665,8.4022988665e-06,0.0,8.4022988665e-06
SPY,SPY260528P00685000,2026-05-28,10,put,685.0,139.0,61.0,0.243,0.0022,0.32,0.34,,-0.0296,-0.0925,0.0865,https://cdn.cboe.com/api/global/delayed_quotes/options/SPY.json,0.0022,0.0,-166845.6489205,-166845.6489205,0.0,-0.0001668456489205,-0.0001668456489205
SPY,SPY260528P00690000,2026-05-28,10,put,690.0,117.0,72.0,0.2328,0.0028,0.4,0.42,,-0.037,-0.1072,0.1037,https://cdn.cboe.com/api/global/delayed_quotes/options/SPY.json,0.0028,0.0,-178739.812251,-178739.812251,0.0,-0.000178739812251,-0.000178739812251
SPY,SPY260528P00691000,2026-05-28,10,put,691.0,97.0,194.0,0.2307,0.003,0.42,0.44,,-0.0388,-0.1106,0.1076,https://cdn.cboe.com/api/global/delayed_quotes/options/SPY.json,0.003,0.0,-158770.7123475,-158770.7123475,0.0,-0.0001587707123475,-0.0001587707123475
SPY,SPY260528P00695000,2026-05-28,10,put,695.0,94.0,210.0,0.2224,0.0036,0.51,0.53,,-0.0469,-0.1253,0.1252,https://cdn.cboe.com/api/global/delayed_quotes/options/SPY.json,0.0036,0.0,-184632.333534,-184632.333534,0.0,-0.000184632333534,-0.000184632333534
SPY,SPY260528P00696000,2026-05-28,10,put,696.0,46.0,76.0,0.2202,0.0038,0.54,0.56,,-0.0492,-0.1294,0.1302,https://cdn.cboe.com/api/global/delayed_quotes/options/SPY.json,0.0038,0.0,-95371.54817300002,-95371.54817300002,0.0,-9.537154817300001e-05,-9.537154817300001e-05
SPY,SPY260528P00697000,2026-05-28,10,put,697.0,35.0,106.0,0.218,0.004,0.56,0.58,,-0.0518,-0.1337,0.1354,https://cdn.cboe.com/api/global/delayed_quotes/options/SPY.json,0.004,0.0,-76384.53515000001,-76384.53515000001,0.0,-7.638453515000002e-05,-7.638453515000002e-05
SPY,SPY260528P00698000,2026-05-28,10,put,698.0,1.0,71.0,0.216,0.0042,0.6,0.61,,-0.0544,-0.1382,0.1407,https://cdn.cboe.com/api/global/delayed_quotes/options/SPY.json,0.0042,0.0,-2291.5360545,-2291.5360545,0.0,-2.2915360545e-06,-2.2915360545e-06
SPY,SPY260528P00699000,2026-05-28,10,put,699.0,32.0,55.0,0.2142,0.0044,0.63,0.65,,-0.0573,-0.1429,0.1463,https://cdn.cboe.com/api/global/delayed_quotes/options/SPY.json,0.0044,0.0,-76821.018208,-76821.018208,0.0,-7.6821018208e-05,-7.6821018208e-05
SPY,SPY260528C00700000,2026-05-28,10,call,700.0,2.0,6.0,0.1832,0.0046,38.18,40.23,,0.9398,-0.143,0.152,https://cdn.cboe.com/api/global/delayed_quotes/options/SPY.json,0.0046,5019.5551669999995,0.0,5019.5551669999995,5.019555167e-06,0.0,5.019555167e-06
SPY,SPY260528P00700000,2026-05-28,10,put,700.0,158.0,503.0,0.2123,0.0046,0.66,0.68,,-0.0604,-0.1478,0.1522,https://cdn.cboe.com/api/global/delayed_quotes/options/SPY.json,0.0046,0.0,-396544.858193,-396544.858193,0.0,-0.00039654485819300004,-0.00039654485819300004
SPY,SPY260528P00701000,2026-05-28,10,put,701.0,11.0,181.0,0.2102,0.0048,0.7,0.72,,-0.0636,-0.153,0.1586,https://cdn.cboe.com/api/global/delayed_quotes/options/SPY.json,0.0048,0.0,-28807.881827999998,-28807.881827999998,0.0,-2.8807881828e-05,-2.8807881828e-05
SPY,SPY260528P00702000,2026-05-28,10,put,702.0,1.0,366.0,0.2083,0.0051,0.74,0.76,,-0.0671,-0.1584,0.1653,https://cdn.cboe.com/api/global/delayed_quotes/options/SPY.json,0.0051,0.0,-2782.5794947500003,-2782.5794947500003,0.0,-2.7825794947500004e-06,-2.7825794947500004e-06
SPY,SPY260528P00703000,2026-05-28,10,put,703.0,346.0,110.0,0.2066,0.0054,0.78,0.8,,-0.0708,-0.164,0.1721,https://cdn.cboe.com/api/global/delayed_quotes/options/SPY.json,0.0054,0.0,-1019406.1819590001,-1019406.1819590001,0.0,-0.001019406181959,-0.001019406181959
SPY,SPY260528P00704000,2026-05-28,10,put,704.0,21.0,73.0,0.2044,0.0056,0.82,0.84,,-0.0748,-0.1699,0.1792,https://cdn.cboe.com/api/global/delayed_quotes/options/SPY.json,0.0056,0.0,-64163.00952600001,-64163.00952600001,0.0,-6.416300952600001e-05,-6.416300952600001e-05
SPY,SPY260528P00705000,2026-05-28,10,put,705.0,53.0,328.0,0.2026,0.0059,0.87,0.89,,-0.0791,-0.176,0.1866,https://cdn.cboe.com/api/global/delayed_quotes/options/SPY.json,0.0059,0.0,-170610.31529574998,-170610.31529574998,0.0,-0.00017061031529574998,-0.00017061031529574998
SPY,SPY260528P00706000,2026-05-28,10,put,706.0,3.0,98.0,0.2007,0.0062,0.92,0.95,,-0.0834,-0.1818,0.194,https://cdn.cboe.com/api/global/delayed_quotes/options/SPY.json,0.0062,0.0,-10148.231098499999,-10148.231098499999,0.0,-1.0148231098499998e-05,-1.0148231098499998e-05
SPY,SPY260528P00707000,2026-05-28,10,put,707.0,42.0,169.0,0.1991,0.0066,0.98,1.0,,-0.0884,-0.1889,0.2024,https://cdn.cboe.com/api/global/delayed_quotes/options/SPY.json,0.0066,0.0,-151241.379597,-151241.379597,0.0,-0.000151241379597,-0.000151241379597
SPY,SPY260528P00708000,2026-05-28,10,put,708.0,48.0,231.0,0.1971,0.0069,1.04,1.06,,-0.0933,-0.1952,0.2106,https://cdn.cboe.com/api/global/delayed_quotes/options/SPY.json,0.0069,0.0,-180703.986012,-180703.986012,0.0,-0.00018070398601200002,-0.00018070398601200002
SPY,SPY260528C00709000,2026-05-28,10,call,709.0,5.0,0.0,0.1948,0.0072,29.64,32.43,,0.9015,-0.1984,0.219,https://cdn.cboe.com/api/global/delayed_quotes/options/SPY.json,0.0072,19641.73761,0.0,19641.73761,1.964173761e-05,0.0,1.964173761e-05
SPY,SPY260528P00709000,2026-05-28,10,put,709.0,101.0,388.0,0.1954,0.0073,1.1,1.12,,-0.0989,-0.2026,0.2196,https://cdn.cboe.com/api/global/delayed_quotes/options/SPY.json,0.0073,0.0,-402273.6983292499,-402273.6983292499,0.0,-0.0004022736983292499,-0.0004022736983292499
SPY,SPY260528P00710000,2026-05-28,10,put,710.0,306.0,266.0,0.1937,0.0076,1.17,1.19,,-0.1047,-0.2098,0.2285,https://cdn.cboe.com/api/global/delayed_quotes/options/SPY.json,0.0076,0.0,-1268856.249606,-1268856.249606,0.0,-0.001268856249606,-0.001268856249606
SPY,SPY260528C00711000,2026-05-28,10,call,711.0,2.0,1.0,0.1927,0.008,28.86,29.43,,0.8896,-0.213,0.2372,https://cdn.cboe.com/api/global/delayed_quotes/options/SPY.json,0.008,8729.66116,0.0,8729.66116,8.72966116e-06,0.0,8.72966116e-06
SPY,SPY260528P00711000,2026-05-28,10,put,711.0,2.0,276.0,0.1918,0.008,1.24,1.27,,-0.1107,-0.2168,0.2374,https://cdn.cboe.com/api/global/delayed_quotes/options/SPY.json,0.008,0.0,-8729.66116,-8729.66116,0.0,-8.72966116e-06,-8.72966116e-06
SPY,SPY260528P00712000,2026-05-28,10,put,712.0,332.0,143.0,0.1901,0.0084,1.32,1.35,,-0.1173,-0.2247,0.2471,https://cdn.cboe.com/api/global/delayed_quotes/options/SPY.json,0.0084,0.0,-1521579.940188,-1521579.940188,0.0,-0.001521579940188,-0.001521579940188
SPY,SPY260528P00713000,2026-05-28,10,put,713.0,22.0,281.0,0.1884,0.0089,1.4,1.43,,-0.1242,-0.2324,0.2572,https://cdn.cboe.com/api/global/delayed_quotes/options/SPY.json,0.0089,0.0,-106829.2284455,-106829.2284455,0.0,-0.0001068292284455,-0.0001068292284455
SPY,SPY260528C00714000,2026-05-28,10,call,714.0,1.0,0.0,0.1878,0.0093,26.12,26.68,,0.869,-0.2362,0.2665,https://cdn.cboe.com/api/global/delayed_quotes/options/SPY.json,0.0093,5074.115549249999,0.0,5074.115549249999,5.074115549249999e-06,0.0,5.074115549249999e-06
SPY,SPY260528P00714000,2026-05-28,10,put,714.0,47.0,77.0,0.1865,0.0093,1.49,1.52,,-0.1315,-0.2402,0.2673,https://cdn.cboe.com/api/global/delayed_quotes/options/SPY.json,0.0093,0.0,-238483.43081475003,-238483.43081475003,0.0,-0.00023848343081475003,-0.00023848343081475003
SPY,SPY260528P00715000,2026-05-28,10,put,715.0,171.0,292.0,0.1848,0.0098,1.59,1.61,,-0.1391,-0.2478,0.2773,https://cdn.cboe.com/api/global/delayed_quotes/options/SPY.json,0.0098,0.0,-914322.8857454999,-914322.8857454999,0.0,-0.0009143228857454999,-0.0009143228857454999
SPY,SPY260528P00716000,2026-05-28,10,put,716.0,150.0,468.0,0.1832,0.0103,1.69,1.72,,-0.1475,-0.2562,0.288,https://cdn.cboe.com/api/global/delayed_quotes/options/SPY.json,0.0103,0.0,-842957.9057625,-842957.9057625,0.0,-0.0008429579057625,-0.0008429579057625
SPY,SPY260528P00717000,2026-05-28,10,put,717.0,233.0,408.0,0.1816,0.0108,1.8,1.83,,-0.1561,-0.2643,0.2985,https://cdn.cboe.com/api/global/delayed_quotes/options/SPY.json,0.0108,0.0,-1372957.458939,-1372957.458939,0.0,-0.001372957458939,-0.001372957458939
SPY,SPY260528P00718000,2026-05-28,10,put,718.0,111.0,272.0,0.1798,0.0113,1.92,1.95,,-0.1651,-0.272,0.3096,https://cdn.cboe.com/api/global/delayed_quotes/options/SPY.json,0.0113,0.0,-684350.87456175,-684350.87456175,0.0,-0.00068435087456175,-0.00068435087456175
SPY,SPY260528P00719000,2026-05-28,10,put,719.0,11.0,637.0,0.1783,0.0118,2.04,2.07,,-0.1749,-0.2805,0.3208,https://cdn.cboe.com/api/global/delayed_quotes/options/SPY.json,0.0118,0.0,-70819.3761605,-70819.3761605,0.0,-7.081937616050001e-05,-7.081937616050001e-05
SPY,SPY260528C00720000,2026-05-28,10,call,720.0,10.0,11.0,0.1771,0.0123,20.94,21.34,,0.816,-0.2843,0.331,https://cdn.cboe.com/api/global/delayed_quotes/options/SPY.json,0.0123,67109.2701675,0.0,67109.2701675,6.71092701675e-05,0.0,6.71092701675e-05
SPY,SPY260528P00720000,2026-05-28,10,put,720.0,319.0,9456.0,0.1764,0.0124,2.17,2.21,,-0.185,-0.2882,0.3317,https://cdn.cboe.com/api/global/delayed_quotes/options/SPY.json,0.0124,0.0,-2158190.480281,-2158190.480281,0.0,-0.0021581904802810002,-0.0021581904802810002
SPY,SPY260528P00721000,2026-05-28,10,put,721.0,49.0,137.0,0.1748,0.0129,2.32,2.35,,-0.1957,-0.2962,0.343,https://cdn.cboe.com/api/global/delayed_quotes/options/SPY.json,0.0129,0.0,-344876.17620225,-344876.17620225,0.0,-0.00034487617620225,-0.00034487617620225
SPY,SPY260528P00722000,2026-05-28,10,put,722.0,93.0,84.0,0.1731,0.0135,2.47,2.5,,-0.207,-0.3041,0.3542,https://cdn.cboe.com/api/global/delayed_quotes/options/SPY.json,0.0135,0.0,-685005.5991487501,-685005.5991487501,0.0,-0.0006850055991487501,-0.0006850055991487501
SPY,SPY260528P00723000,2026-05-28,10,put,723.0,28.0,103.0,0.1714,0.0141,2.63,2.66,,-0.219,-0.3118,0.3657,https://cdn.cboe.com/api/global/delayed_quotes/options/SPY.json,0.0141,0.0,-215404.38912299997,-215404.38912299997,0.0,-0.00021540438912299998,-0.00021540438912299998
SPY,SPY260528P00724000,2026-05-28,10,put,724.0,300.0,8381.0,0.17,0.0147,2.8,2.84,,-0.2316,-0.3197,0.377,https://cdn.cboe.com/api/global/delayed_quotes/options/SPY.json,0.0147,0.0,-2406112.857225,-2406112.857225,0.0,-0.002406112857225,-0.002406112857225
SPY,SPY260528C00725000,2026-05-28,10,call,725.0,5.0,12.0,0.1689,0.0152,16.65,17.12,,0.7568,-0.3227,0.3871,https://cdn.cboe.com/api/global/delayed_quotes/options/SPY.json,0.0152,41465.89051,0.0,41465.89051,4.146589051e-05,0.0,4.146589051e-05
SPY,SPY260528P00725000,2026-05-28,10,put,725.0,220.0,848.0,0.1681,0.0153,2.99,3.02,,-0.2446,-0.3266,0.388,https://cdn.cboe.com/api/global/delayed_quotes/options/SPY.json,0.0153,0.0,-1836502.466535,-1836502.466535,0.0,-0.001836502466535,-0.001836502466535
SPY,SPY260528P00726000,2026-05-28,10,put,726.0,70.0,202.0,0.1664,0.0159,3.18,3.22,,-0.2585,-0.3336,0.3986,https://cdn.cboe.com/api/global/delayed_quotes/options/SPY.json,0.0159,0.0,-607257.0544425,-607257.0544425,0.0,-0.0006072570544425,-0.0006072570544425
SPY,SPY260528C00727000,2026-05-28,10,call,727.0,1.0,2.0,0.1653,0.0164,15.23,15.51,,0.7286,-0.3366,0.4086,https://cdn.cboe.com/api/global/delayed_quotes/options/SPY.json,0.0164,8947.902689000002,0.0,8947.902689000002,8.947902689000003e-06,0.0,8.947902689000003e-06
SPY,SPY260528P00727000,2026-05-28,10,put,727.0,319.0,120.0,0.1649,0.0165,3.39,3.43,,-0.273,-0.3403,0.4097,https://cdn.cboe.com/api/global/delayed_quotes/options/SPY.json,0.0165,0.0,-2871785.71972875,-2871785.71972875,0.0,-0.00287178571972875,-0.00287178571972875
SPY,SPY260528P00728000,2026-05-28,10,put,728.0,327.0,54.0,0.1633,0.0171,3.61,3.65,,-0.2881,-0.3464,0.42,https://cdn.cboe.com/api/global/delayed_quotes/options/SPY.json,0.0171,0.0,-3050852.894273251,-3050852.894273251,0.0,-0.0030508528942732507,-0.0030508528942732507
SPY,SPY260528P00729000,2026-05-28,10,put,729.0,246.0,70.0,0.1618,0.0177,3.85,3.89,,-0.304,-0.3524,0.4301,https://cdn.cboe.com/api/global/delayed_quotes/options/SPY.json,0.0177,0.0,-2375668.1639295006,-2375668.1639295006,0.0,-0.0023756681639295007,-0.0023756681639295007
SPY,SPY260528C00730000,2026-05-28,10,call,730.0,8.0,31.0,0.1596,0.0182,12.9,13.18,,0.6816,-0.3535,0.4386,https://cdn.cboe.com/api/global/delayed_quotes/options/SPY.json,0.0182,79439.916556,0.0,79439.916556,7.9439916556e-05,0.0,7.9439916556e-05
SPY,SPY260528P00730000,2026-05-28,10,put,730.0,477.0,1077.0,0.1602,0.0183,4.1,4.14,,-0.3206,-0.3576,0.4392,https://cdn.cboe.com/api/global/delayed_quotes/options/SPY.json,0.0183,0.0,-4762630.326984751,-4762630.326984751,0.0,-0.004762630326984751,-0.004762630326984751
SPY,SPY260528P00731000,2026-05-28,10,put,731.0,251.0,192.0,0.1587,0.0189,4.37,4.41,,-0.3378,-0.3622,0.4485,https://cdn.cboe.com/api/global/delayed_quotes/options/SPY.json,0.0189,0.0,-2588289.97355775,-2588289.97355775,0.0,-0.00258828997355775,-0.00258828997355775
SPY,SPY260528C00732000,2026-05-28,10,call,732.0,2.0,22.0,0.1582,0.0193,11.47,11.85,,0.6467,-0.3618,0.456,https://cdn.cboe.com/api/global/delayed_quotes/options/SPY.json,0.0193,21060.3075485,0.0,21060.3075485,2.10603075485e-05,0.0,2.10603075485e-05
SPY,SPY260528P00732000,2026-05-28,10,put,732.0,127.0,449.0,0.157,0.0195,4.65,4.69,,-0.3558,-0.3659,0.4566,https://cdn.cboe.com/api/global/delayed_quotes/options/SPY.json,0.0195,0.0,-1351187.8664212502,-1351187.8664212502,0.0,-0.00135118786642125,-0.00135118786642125
SPY,SPY260528C00733000,2026-05-28,10,call,733.0,1.0,2.0,0.1569,0.0198,10.6,11.15,,0.6283,-0.3648,0.4636,https://cdn.cboe.com/api/global/delayed_quotes/options/SPY.json,0.0198,10802.955685500003,0.0,10802.955685500003,1.0802955685500003e-05,0.0,1.0802955685500003e-05
SPY,SPY260528P00733000,2026-05-28,10,put,733.0,80.0,208.0,0.1552,0.0201,4.95,4.99,,-0.3744,-0.3687,0.4641,https://cdn.cboe.com/api/global/delayed_quotes/options/SPY.json,0.0201,0.0,-877330.9465800001,-877330.9465800001,0.0,-0.0008773309465800001,-0.0008773309465800001
SPY,SPY260528C00734000,2026-05-28,10,call,734.0,7.0,41.0,0.155,0.0204,10.09,10.47,,0.6092,-0.367,0.4703,https://cdn.cboe.com/api/global/delayed_quotes/options/SPY.json,0.0204,77912.22585300001,0.0,77912.22585300001,7.791222585300001e-05,0.0,7.791222585300001e-05
SPY,SPY260528P00734000,2026-05-28,10,put,734.0,174.0,445.0,0.1537,0.0206,5.27,5.31,,-0.3938,-0.371,0.4706,https://cdn.cboe.com/api/global/delayed_quotes/options/SPY.json,0.0206,0.0,-1955662.341369,-1955662.341369,0.0,-0.001955662341369,-0.001955662341369
SPY,SPY260528C00735000,2026-05-28,10,call,735.0,152.0,84.0,0.1522,0.0208,9.38,9.75,,0.5895,-0.3683,0.4761,https://cdn.cboe.com/api/global/delayed_quotes/options/SPY.json,0.0208,1724981.0452159997,0.0,1724981.0452159997,0.0017249810452159998,0.0,0.0017249810452159998
SPY,SPY260528P00735000,2026-05-28,10,put,735.0,996.0,1000.0,0.1521,0.0211,5.61,5.65,,-0.4138,-0.3724,0.4764,https://cdn.cboe.com/api/global/delayed_quotes/options/SPY.json,0.0211,0.0,-11466191.692131,-11466191.692131,0.0,-0.011466191692130999,-0.011466191692130999
SPY,SPY260528C00736000,2026-05-28,10,call,736.0,6.0,681.0,0.151,0.0213,8.82,9.06,,0.5691,-0.3686,0.4809,https://cdn.cboe.com/api/global/delayed_quotes/options/SPY.json,0.0213,69728.1685155,0.0,69728.1685155,6.97281685155e-05,0.0,6.97281685155e-05
SPY,SPY260528P00736000,2026-05-28,10,put,736.0,382.0,521.0,0.1506,0.0216,5.97,6.01,,-0.4345,-0.3728,0.4809,https://cdn.cboe.com/api/global/delayed_quotes/options/SPY.json,0.0216,0.0,-4501886.260212,-4501886.260212,0.0,-0.0045018862602120005,-0.0045018862602120005
SPY,SPY260528C00737000,2026-05-28,10,call,737.0,10.0,459.0,0.1488,0.0217,8.25,8.3,,0.5481,-0.3676,0.4845,https://cdn.cboe.com/api/global/delayed_quotes/options/SPY.json,0.0217,118396.0294825,0.0,118396.0294825,0.0001183960294825,0.0,0.0001183960294825
SPY,SPY260528P00737000,2026-05-28,10,put,737.0,286.0,535.0,0.149,0.022,6.35,6.4,,-0.4558,-0.3724,0.4843,https://cdn.cboe.com/api/global/delayed_quotes/options/SPY.json,0.022,0.0,-3432939.25117,-3432939.25117,0.0,-0.00343293925117,-0.00343293925117
SPY,SPY260528C00738000,2026-05-28,10,call,738.0,38.0,250.0,0.1473,0.022,7.66,7.7,,0.5266,-0.3658,0.4868,https://cdn.cboe.com/api/global/delayed_quotes/options/SPY.json,0.022,456124.79561,0.0,456124.79561,0.00045612479560999995,0.0,0.00045612479560999995
SPY,SPY260528P00738000,2026-05-28,10,put,738.0,368.0,383.0,0.1477,0.0223,6.75,6.8,,-0.4776,-0.3711,0.4864,https://cdn.cboe.com/api/global/delayed_quotes/options/SPY.json,0.0223,0.0,-4477443.2089639995,-4477443.2089639995,0.0,-0.004477443208963999,-0.004477443208963999
SPY,SPY260528C00739000,2026-05-28,10,call,739.0,78.0,442.0,0.1459,0.0223,7.08,7.13,,0.5046,-0.363,0.4878,https://cdn.cboe.com/api/global/delayed_quotes/options/SPY.json,0.0223,949023.2888565,0.0,949023.2888565,0.0009490232888564999,0.0,0.0009490232888564999
SPY,SPY260528P00739000,2026-05-28,10,put,739.0,163.0,525.0,0.1461,0.0226,7.18,7.23,,-0.5001,-0.3683,0.4869,https://cdn.cboe.com/api/global/delayed_quotes/options/SPY.json,0.0226,0.0,-2009895.3613255,-2009895.3613255,0.0,-0.0020098953613255,-0.0020098953613255
SPY,SPY260528C00740000,2026-05-28,10,call,740.0,307.0,1426.0,0.1444,0.0225,6.52,6.57,,0.4821,-0.3591,0.4874,https://cdn.cboe.com/api/global/delayed_quotes/options/SPY.json,0.0225,3768758.4039187506,0.0,3768758.4039187506,0.0037687584039187505,0.0,0.0037687584039187505
SPY,SPY260528P00740000,2026-05-28,10,put,740.0,785.0,422.0,0.1446,0.0229,7.63,7.68,,-0.523,-0.3648,0.4861,https://cdn.cboe.com/api/global/delayed_quotes/options/SPY.json,0.0229,0.0,-9808047.11517125,-9808047.11517125,0.0,-0.00980804711517125,-0.00980804711517125
SPY,SPY260528C00741000,2026-05-28,10,call,741.0,80.0,340.0,0.143,0.0226,5.99,6.04,,0.4593,-0.354,0.4855,https://cdn.cboe.com/api/global/delayed_quotes/options/SPY.json,0.0226,986451.7110799999,0.0,986451.7110799999,0.00098645171108,0.0,0.00098645171108
SPY,SPY260528P00741000,2026-05-28,10,put,741.0,121.0,330.0,0.1434,0.023,8.1,8.16,,-0.5462,-0.3604,0.4838,https://cdn.cboe.com/api/global/delayed_quotes/options/SPY.json,0.023,0.0,-1518415.4380175,-1518415.4380175,0.0,-0.0015184154380175,-0.0015184154380175
SPY,SPY260528C00742000,2026-05-28,10,call,742.0,231.0,409.0,0.1416,0.0227,5.49,5.54,,0.4362,-0.3477,0.482,https://cdn.cboe.com/api/global/delayed_quotes/options/SPY.json,0.0227,2860982.76404325,0.0,2860982.76404325,0.0028609827640432503,0.0,0.0028609827640432503
SPY,SPY260528P00742000,2026-05-28,10,put,742.0,260.0,50.0,0.1403,0.0231,8.41,8.78,,-0.5698,-0.3546,0.4795,https://cdn.cboe.com/api/global/delayed_quotes/options/SPY.json,0.0231,0.0,-3276896.5579349995,-3276896.5579349995,0.0,-0.0032768965579349995,-0.0032768965579349995
SPY,SPY260528C00743000,2026-05-28,10,call,743.0,246.0,334.0,0.1402,0.0226,5.01,5.06,,0.413,-0.3403,0.4768,https://cdn.cboe.com/api/global/delayed_quotes/options/SPY.json,0.0226,3033339.011571,0.0,3033339.011571,0.0030333390115709997,0.0,0.0030333390115709997
SPY,SPY260528P00743000,2026-05-28,10,put,743.0,326.0,305.0,0.1385,0.0232,8.9,9.32,,-0.5937,-0.3478,0.4737,https://cdn.cboe.com/api/global/delayed_quotes/options/SPY.json,0.0232,0.0,-4126510.830332,-4126510.830332,0.0,-0.004126510830332,-0.004126510830332
SPY,SPY260528C00744000,2026-05-28,10,call,744.0,264.0,171.0,0.1388,0.0225,4.56,4.6,,0.3896,-0.3318,0.4702,https://cdn.cboe.com/api/global/delayed_quotes/options/SPY.json,0.0225,3240886.70565,0.0,3240886.70565,0.00324088670565,0.0,0.00324088670565
SPY,SPY260528P00744000,2026-05-28,10,put,744.0,563.0,29.0,0.1378,0.0231,9.47,10.0,,-0.6177,-0.3398,0.4664,https://cdn.cboe.com/api/global/delayed_quotes/options/SPY.json,0.0231,0.0,-7095741.3927592505,-7095741.3927592505,0.0,-0.0070957413927592505,-0.0070957413927592505
SPY,SPY260528C00745000,2026-05-28,10,call,745.0,500.0,207.0,0.1376,0.0223,4.13,4.17,,0.3664,-0.3224,0.4619,https://cdn.cboe.com/api/global/delayed_quotes/options/SPY.json,0.0223,6083482.620875,0.0,6083482.620875,0.006083482620875,0.0,0.006083482620875
SPY,SPY260528P00745000,2026-05-28,10,put,745.0,767.0,61.0,0.138,0.023,9.99,10.56,,-0.6418,-0.3311,0.4564,https://cdn.cboe.com/api/global/delayed_quotes/options/SPY.json,0.023,0.0,-9624997.0327225,-9624997.0327225,0.0,-0.0096249970327225,-0.0096249970327225
SPY,SPY260528C00746000,2026-05-28,10,call,746.0,266.0,152.0,0.1364,0.022,3.72,3.76,,0.3433,-0.3118,0.4518,https://cdn.cboe.com/api/global/delayed_quotes/options/SPY.json,0.022,3192873.56927,0.0,3192873.56927,0.0031928735692699998,0.0,0.0031928735692699998
SPY,SPY260528P00746000,2026-05-28,10,put,746.0,33.0,27.0,0.1347,0.0227,10.6,11.19,,-0.666,-0.3212,0.4456,https://cdn.cboe.com/api/global/delayed_quotes/options/SPY.json,0.0227,0.0,-408711.8234347501,-408711.8234347501,0.0,-0.0004087118234347501,-0.0004087118234347501
SPY,SPY260528C00747000,2026-05-28,10,call,747.0,315.0,139.0,0.1349,0.0216,3.35,3.38,,0.3201,-0.2998,0.4403,https://cdn.cboe.com/api/global/delayed_quotes/options/SPY.json,0.0216,3712288.40829,0.0,3712288.40829,0.00371228840829,0.0,0.00371228840829
SPY,SPY260528P00747000,2026-05-28,10,put,747.0,156.0,30.0,0.1336,0.0224,11.23,11.82,,-0.6898,-0.3106,0.433,https://cdn.cboe.com/api/global/delayed_quotes/options/SPY.json,0.0224,0.0,-1906557.997344,-1906557.997344,0.0,-0.001906557997344,-0.001906557997344
SPY,SPY260528C00748000,2026-05-28,10,call,748.0,316.0,91.0,0.1338,0.0211,2.99,3.03,,0.2974,-0.2872,0.4272,https://cdn.cboe.com/api/global/delayed_quotes/options/SPY.json,0.0211,3637868.046901,0.0,3637868.046901,0.0036378680469010003,0.0,0.0036378680469010003
SPY,SPY260528P00748000,2026-05-28,10,put,748.0,67.0,60.0,0.1346,0.022,11.9,12.46,,-0.7136,-0.2991,0.4168,https://cdn.cboe.com/api/global/delayed_quotes/options/SPY.json,0.022,0.0,-804220.034365,-804220.034365,0.0,-0.000804220034365,-0.000804220034365
SPY,SPY260528C00749000,2026-05-28,10,call,749.0,605.0,111.0,0.1325,0.0205,2.67,2.71,,0.2752,-0.2737,0.4126,https://cdn.cboe.com/api/global/delayed_quotes/options/SPY.json,0.0205,6766851.408556251,0.0,6766851.408556251,0.006766851408556251,0.0,0.006766851408556251
SPY,SPY260528P00749000,2026-05-28,10,put,749.0,150.0,59.0,0.1332,0.0215,12.57,13.15,,-0.737,-0.2867,0.4021,https://cdn.cboe.com/api/global/delayed_quotes/options/SPY.json,0.0215,0.0,-1759572.3275624998,-1759572.3275624998,0.0,-0.0017595723275624997,-0.0017595723275624997
SPY,SPY260528C00750000,2026-05-28,10,call,750.0,564.0,849.0,0.1314,0.0198,2.37,2.4,,0.2536,-0.2596,0.3969,https://cdn.cboe.com/api/global/delayed_quotes/options/SPY.json,0.0198,6092867.006622,0.0,6092867.006622,0.006092867006622,0.0,0.006092867006622
SPY,SPY260528P00750000,2026-05-28,10,put,750.0,324.0,52.0,0.1292,0.021,13.28,13.86,,-0.7602,-0.2735,0.3828,https://cdn.cboe.com/api/global/delayed_quotes/options/SPY.json,0.021,0.0,-3712288.40829,-3712288.40829,0.0,-0.00371228840829,-0.00371228840829
SPY,SPY260528C00751000,2026-05-28,10,call,751.0,242.0,148.0,0.1303,0.0191,2.1,2.13,,0.2326,-0.2449,0.3798,https://cdn.cboe.com/api/global/delayed_quotes/options/SPY.json,0.0191,2521889.9883594997,0.0,2521889.9883594997,0.0025218899883594995,0.0,0.0025218899883594995
SPY,SPY260528P00751000,2026-05-28,10,put,751.0,429.0,14.0,0.129,0.0203,14.06,14.6,,-0.7828,-0.2599,0.3618,https://cdn.cboe.com/api/global/delayed_quotes/options/SPY.json,0.0203,0.0,-4751500.00900575,-4751500.00900575,0.0,-0.00475150000900575,-0.00475150000900575
SPY,SPY260528C00752000,2026-05-28,10,call,752.0,481.0,167.0,0.1293,0.0182,1.84,1.88,,0.2123,-0.2298,0.3617,https://cdn.cboe.com/api/global/delayed_quotes/options/SPY.json,0.0182,4776324.982929501,0.0,4776324.982929501,0.004776324982929501,0.0,0.004776324982929501
SPY,SPY260528P00752000,2026-05-28,10,put,752.0,161.0,95.0,0.1278,0.0196,14.8,15.39,,-0.8045,-0.2462,0.344,https://cdn.cboe.com/api/global/delayed_quotes/options/SPY.json,0.0196,0.0,-1721707.4222809998,-1721707.4222809998,0.0,-0.001721707422281,-0.001721707422281
SPY,SPY260528C00753000,2026-05-28,10,call,753.0,285.0,168.0,0.1281,0.0174,1.61,1.64,,0.1932,-0.2146,0.3434,https://cdn.cboe.com/api/global/delayed_quotes/options/SPY.json,0.0174,2705649.3557774997,0.0,2705649.3557774997,0.0027056493557774995,0.0,0.0027056493557774995
SPY,SPY260528P00753000,2026-05-28,10,put,753.0,6.0,4.0,0.1272,0.0188,15.6,16.08,,-0.8257,-0.2316,0.3186,https://cdn.cboe.com/api/global/delayed_quotes/options/SPY.json,0.0188,0.0,-61544.111178000014,-61544.111178000014,0.0,-6.154411117800001e-05,-6.154411117800001e-05
SPY,SPY260528C00754000,2026-05-28,10,call,754.0,272.0,24.0,0.127,0.0165,1.4,1.43,,0.1746,-0.199,0.3236,https://cdn.cboe.com/api/global/delayed_quotes/options/SPY.json,0.0165,2448669.9553800006,0.0,2448669.9553800006,0.0024486699553800005,0.0,0.0024486699553800005
SPY,SPY260528P00754000,2026-05-28,10,put,754.0,1.0,15.0,0.1267,0.0179,16.44,16.96,,-0.8463,-0.217,0.2957,https://cdn.cboe.com/api/global/delayed_quotes/options/SPY.json,0.0179,0.0,-9766.30842275,-9766.30842275,0.0,-9.76630842275e-06,-9.76630842275e-06
SPY,SPY260528C00755000,2026-05-28,10,call,755.0,492.0,170.0,0.1262,0.0155,1.22,1.25,,0.1566,-0.1833,0.303,https://cdn.cboe.com/api/global/delayed_quotes/options/SPY.json,0.0155,4160774.7503850004,0.0,4160774.7503850004,0.0041607747503850006,0.0,0.0041607747503850006
SPY,SPY260528P00755000,2026-05-28,10,put,755.0,14.0,5.0,0.1245,0.017,17.23,17.69,,-0.8655,-0.2018,0.2724,https://cdn.cboe.com/api/global/delayed_quotes/options/SPY.json,0.017,0.0,-129853.709755,-129853.709755,0.0,-0.000129853709755,-0.000129853709755
SPY,SPY260528C00756000,2026-05-28,10,call,756.0,316.0,111.0,0.1252,0.0145,1.05,1.08,,0.1401,-0.1681,0.2828,https://cdn.cboe.com/api/global/delayed_quotes/options/SPY.json,0.0145,2499956.714695,0.0,2499956.714695,0.002499956714695,0.0,0.002499956714695
SPY,SPY260528C00757000,2026-05-28,10,call,757.0,384.0,40.0,0.1245,0.0134,0.9,0.93,,0.1246,-0.1531,0.2622,https://cdn.cboe.com/api/global/delayed_quotes/options/SPY.json,0.0134,2807459.0290559996,0.0,2807459.0290559996,0.002807459029056,0.0,0.002807459029056
SPY,SPY260528P00757000,2026-05-28,10,put,757.0,1.0,2.0,0.1279,0.0152,17.98,20.67,,-0.9018,-0.1715,0.2228,https://cdn.cboe.com/api/global/delayed_quotes/options/SPY.json,0.0152,0.0,-8293.178102000002,-8293.178102000002,0.0,-8.293178102000001e-06,-8.293178102000001e-06
SPY,SPY260528C00758000,2026-05-28,10,call,758.0,389.0,290.0,0.1235,0.0124,0.77,0.8,,0.1101,-0.1384,0.2418,https://cdn.cboe.com/api/global/delayed_quotes/options/SPY.json,0.0124,2631774.598211,0.0,2631774.598211,0.002631774598211,0.0,0.002631774598211
SPY,SPY260528P00758000,2026-05-28,10,put,758.0,2.0,0.0,0.1272,0.0144,18.88,21.57,,-0.9188,-0.1558,0.1925,https://cdn.cboe.com/api/global/delayed_quotes/options/SPY.json,0.0144,0.0,-15713.390088,-15713.390088,0.0,-1.5713390088e-05,-1.5713390088e-05
SPY,SPY260528C00759000,2026-05-28,10,call,759.0,220.0,32.0,0.1226,0.0114,0.65,0.68,,0.0971,-0.1246,0.222,https://cdn.cboe.com/api/global/delayed_quotes/options/SPY.json,0.0114,1368374.38683,0.0,1368374.38683,0.00136837438683,0.0,0.00136837438683
SPY,SPY260528C00760000,2026-05-28,10,call,760.0,138.0,267.0,0.122,0.0104,0.55,0.58,,0.085,-0.1114,0.2025,https://cdn.cboe.com/api/global/delayed_quotes/options/SPY.json,0.0104,783050.6060520001,0.0,783050.6060520001,0.0007830506060520001,0.0,0.0007830506060520001
SPY,SPY260528P00760000,2026-05-28,10,put,760.0,3.0,3.0,0.1263,0.0124,20.72,23.4,,-0.949,-0.1261,0.1404,https://cdn.cboe.com/api/global/delayed_quotes/options/SPY.json,0.0124,0.0,-20296.462196999997,-20296.462196999997,0.0,-2.0296462196999996e-05,-2.0296462196999996e-05
SPY,SPY260528C00761000,2026-05-28,10,call,761.0,211.0,312.0,0.1212,0.0094,0.47,0.49,,0.074,-0.0991,0.1839,https://cdn.cboe.com/api/global/delayed_quotes/options/SPY.json,0.0094,1082150.6215465001,0.0,1082150.6215465001,0.0010821506215465,0.0,0.0010821506215465
SPY,SPY260528C00762000,2026-05-28,10,call,762.0,17.0,41.0,0.1205,0.0085,0.39,0.41,,0.0641,-0.0877,0.1658,https://cdn.cboe.com/api/global/delayed_quotes/options/SPY.json,0.0085,78839.75235125,0.0,78839.75235125,7.883975235125e-05,0.0,7.883975235125e-05
SPY,SPY260528C00763000,2026-05-28,10,call,763.0,17.0,60.0,0.1201,0.0076,0.33,0.35,,0.0554,-0.0773,0.1493,https://cdn.cboe.com/api/global/delayed_quotes/options/SPY.json,0.0076,70492.013867,0.0,70492.013867,7.0492013867e-05,0.0,7.0492013867e-05
SPY,SPY260528P00763000,2026-05-28,10,put,763.0,1.0,0.0,0.1222,0.0072,23.49,26.28,,-0.9824,-0.0957,0.0619,https://cdn.cboe.com/api/global/delayed_quotes/options/SPY.json,0.0072,0.0,-3928.347522,-3928.347522,0.0,-3.928347522e-06,-3.928347522e-06
SPY,SPY260528C00764000,2026-05-28,10,call,764.0,24.0,22.0,0.1194,0.0068,0.27,0.29,,0.0477,-0.0679,0.1336,https://cdn.cboe.com/api/global/delayed_quotes/options/SPY.json,0.0068,89042.543832,0.0,89042.543832,8.9042543832e-05,0.0,8.9042543832e-05
SPY,SPY260528C00765000,2026-05-28,10,call,765.0,110.0,254.0,0.1191,0.006,0.23,0.24,,0.041,-0.0595,0.1194,https://cdn.cboe.com/api/global/delayed_quotes/options/SPY.json,0.006,360098.52285000007,0.0,360098.52285000007,0.00036009852285000005,0.0,0.00036009852285000005
SPY,SPY260528P00765000,2026-05-28,10,put,765.0,6.0,0.0,0.1744,0.0034,26.7,28.27,,-0.9939,-0.0877,0.027,https://cdn.cboe.com/api/global/delayed_quotes/options/SPY.json,0.0034,0.0,-11130.317979,-11130.317979,0.0,-1.1130317979e-05,-1.1130317979e-05
SPY,SPY260528C00766000,2026-05-28,10,call,766.0,18.0,15.0,0.1184,0.0054,0.19,0.2,,0.0354,-0.0522,0.1068,https://cdn.cboe.com/api/global/delayed_quotes/options/SPY.json,0.0054,53032.69154700001,0.0,53032.69154700001,5.3032691547000006e-05,0.0,5.3032691547000006e-05
SPY,SPY260528C00767000,2026-05-28,10,call,767.0,48.0,12.0,0.1185,0.0047,0.16,0.17,,0.0304,-0.0457,0.0951,https://cdn.cboe.com/api/global/delayed_quotes/options/SPY.json,0.0047,123088.22235600003,0.0,123088.22235600003,0.00012308822235600002,0.0,0.00012308822235600002
SPY,SPY260528C00768000,2026-05-28,10,call,768.0,48.0,30.0,0.118,0.0042,0.13,0.14,,0.0262,-0.04,0.0846,https://cdn.cboe.com/api/global/delayed_quotes/options/SPY.json,0.0042,109993.730616,0.0,109993.730616,0.00010999373061600001,0.0,0.00010999373061600001
SPY,SPY260528C00769000,2026-05-28,10,call,769.0,37.0,11.0,0.1183,0.0037,0.11,0.12,,0.0226,-0.0351,0.0754,https://cdn.cboe.com/api/global/delayed_quotes/options/SPY.json,0.0037,74693.16330025,0.0,74693.16330025,7.469316330025e-05,0.0,7.469316330025e-05
SPY,SPY260528C00770000,2026-05-28,10,call,770.0,92.0,67.0,0.1182,0.0032,0.09,0.1,,0.0196,-0.031,0.0674,https://cdn.cboe.com/api/global/delayed_quotes/options/SPY.json,0.0032,160625.76534399998,0.0,160625.76534399998,0.000160625765344,0.0,0.000160625765344
SPY,SPY260528C00771000,2026-05-28,10,call,771.0,63.0,10.0,0.1194,0.0029,0.08,0.09,,0.0171,-0.0276,0.0605,https://cdn.cboe.com/api/global/delayed_quotes/options/SPY.json,0.0029,99681.81837074998,0.0,99681.81837074998,9.968181837074999e-05,0.0,9.968181837074999e-05
SPY,SPY260528C00772000,2026-05-28,10,call,772.0,113.0,7.0,0.1207,0.0026,0.07,0.08,,0.0152,-0.025,0.0549,https://cdn.cboe.com/api/global/delayed_quotes/options/SPY.json,0.0026,160298.4030505,0.0,160298.4030505,0.0001602984030505,0.0,0.0001602984030505
SPY,SPY260528C00773000,2026-05-28,10,call,773.0,61.0,0.0,0.1214,0.0023,0.06,0.07,,0.0135,-0.0227,0.0499,https://cdn.cboe.com/api/global/delayed_quotes/options/SPY.json,0.0023,76548.21629675,0.0,76548.21629675,7.654821629675e-05,0.0,7.654821629675e-05
SPY,SPY260528C00774000,2026-05-28,10,call,774.0,8.0,30.0,0.1217,0.0021,0.05,0.06,,0.0121,-0.0207,0.0457,https://cdn.cboe.com/api/global/delayed_quotes/options/SPY.json,0.0021,9166.144218,0.0,9166.144218,9.166144218e-06,0.0,9.166144218e-06
SPY,SPY260528C00775000,2026-05-28,10,call,775.0,215.0,123.0,0.1232,0.0019,0.04,0.06,,0.011,-0.0191,0.042,https://cdn.cboe.com/api/global/delayed_quotes/options/SPY.json,0.0019,222879.16149124998,0.0,222879.16149124998,0.00022287916149124997,0.0,0.00022287916149124997
SPY,SPY260528C00780000,2026-05-28,10,call,780.0,185.0,92.0,0.1317,0.0012,0.03,0.04,,0.0073,-0.0139,0.0297,https://cdn.cboe.com/api/global/delayed_quotes/options/SPY.json,0.0012,121124.04859499999,0.0,121124.04859499999,0.00012112404859499999,0.0,0.00012112404859499999
SPY,SPY260528C00785000,2026-05-28,10,call,785.0,153.0,190.0,0.1404,0.0009,0.02,0.03,,0.0054,-0.0114,0.023,https://cdn.cboe.com/api/global/delayed_quotes/options/SPY.json,0.0009,75129.64635825,0.0,75129.64635825,7.512964635825e-05,0.0,7.512964635825e-05
SPY,SPY260528C00790000,2026-05-28,10,call,790.0,119.0,172.0,0.1534,0.0007,0.02,0.03,,0.0042,-0.0094,0.0181,https://cdn.cboe.com/api/global/delayed_quotes/options/SPY.json,0.0007,45448.79841425,0.0,45448.79841425,4.544879841425e-05,0.0,4.544879841425e-05
SPY,SPY260528C00795000,2026-05-28,10,call,795.0,76.0,10.0,0.1663,0.0005,0.02,0.03,,0.0032,-0.0079,0.0144,https://cdn.cboe.com/api/global/delayed_quotes/options/SPY.json,0.0005,20732.945255,0.0,20732.945255,2.0732945255e-05,0.0,2.0732945255e-05
SPY,SPY260528C00800000,2026-05-28,10,call,800.0,384.0,247.0,0.1703,0.0004,0.01,0.02,,0.0025,-0.0066,0.0116,https://cdn.cboe.com/api/global/delayed_quotes/options/SPY.json,0.0004,83804.747136,0.0,83804.747136,8.3804747136e-05,0.0,8.3804747136e-05
SPY,SPY260528C00805000,2026-05-28,10,call,805.0,89.0,1.0,0.1824,0.0003,0.01,0.02,,0.002,-0.0056,0.0094,https://cdn.cboe.com/api/global/delayed_quotes/options/SPY.json,0.0003,14567.62206075,0.0,14567.62206075,1.456762206075e-05,0.0,1.456762206075e-05
SPY,SPY260528C00815000,2026-05-28,10,call,815.0,1.0,1.0,0.206,0.0002,0.01,0.02,,0.0013,-0.004,0.0063,https://cdn.cboe.com/api/global/delayed_quotes/options/SPY.json,0.0002,109.1207645,0.0,109.1207645,1.0912076450000001e-07,0.0,1.0912076450000001e-07
SPY,SPY260528C00830000,2026-05-28,10,call,830.0,5.0,0.0,0.2198,0.0001,0.0,0.01,,0.0007,-0.0025,0.0037,https://cdn.cboe.com/api/global/delayed_quotes/options/SPY.json,0.0001,272.80191125,0.0,272.80191125,2.7280191125e-07,0.0,2.7280191125e-07
SPY,SPY260528C00865000,2026-05-28,10,call,865.0,6.0,0.0,0.2908,0.0,0.0,0.01,,0.0002,-0.001,0.0012,https://cdn.cboe.com/api/global/delayed_quotes/options/SPY.json,0.0,0.0,0.0,0.0,0.0,0.0,0.0
QQQ,QQQ260518C00495000,2026-05-18,0,call,495.0,1.0,8.0,0.0,0.0,208.24,211.94,,1.0,0.0,0.0,https://cdn.cboe.com/api/global/delayed_quotes/options/QQQ.json,0.0,0.0,0.0,0.0,0.0,0.0,0.0
QQQ,QQQ260518P00495000,2026-05-18,0,put,495.0,229.0,0.0,0.0,0.0,0.0,0.01,,0.0,0.0,0.0,https://cdn.cboe.com/api/global/delayed_quotes/options/QQQ.json,0.0,0.0,-0.0,0.0,0.0,-0.0,0.0
QQQ,QQQ260518C00500000,2026-05-18,0,call,500.0,6.0,46.0,0.0,0.0,203.24,207.5,,1.0,0.0,0.0,https://cdn.cboe.com/api/global/delayed_quotes/options/QQQ.json,0.0,0.0,0.0,0.0,0.0,0.0,0.0
QQQ,QQQ260518P00500000,2026-05-18,0,put,500.0,10.0,0.0,0.0,0.0,0.0,0.01,,0.0,0.0,0.0,https://cdn.cboe.com/api/global/delayed_quotes/options/QQQ.json,0.0,0.0,-0.0,0.0,0.0,-0.0,0.0
QQQ,QQQ260518C00505000,2026-05-18,0,call,505.0,8.0,33.0,0.0,0.0,198.18,202.5,,1.0,0.0,0.0,https://cdn.cboe.com/api/global/delayed_quotes/options/QQQ.json,0.0,0.0,0.0,0.0,0.0,0.0,0.0
QQQ,QQQ260518P00505000,2026-05-18,0,put,505.0,5.0,0.0,0.0,0.0,0.0,4.8,,0.0,0.0,0.0,https://cdn.cboe.com/api/global/delayed_quotes/options/QQQ.json,0.0,0.0,-0.0,0.0,0.0,-0.0,0.0
QQQ,QQQ260518P00510000,2026-05-18,0,put,510.0,89.0,0.0,0.0,0.0,0.0,4.8,,0.0,0.0,0.0,https://cdn.cboe.com/api/global/delayed_quotes/options/QQQ.json,0.0,0.0,-0.0,0.0,0.0,-0.0,0.0
QQQ,QQQ260518P00515000,2026-05-18,0,put,515.0,299.0,0.0,0.0,0.0,0.0,0.02,,0.0,0.0,0.0,https://cdn.cboe.com/api/global/delayed_quotes/options/QQQ.json,0.0,0.0,-0.0,0.0,0.0,-0.0,0.0
QQQ,QQQ260518P00520000,2026-05-18,0,put,520.0,2315.0,0.0,0.0,0.0,0.0,4.8,,0.0,0.0,0.0,https://cdn.cboe.com/api/global/delayed_quotes/options/QQQ.json,0.0,0.0,-0.0,0.0,0.0,-0.0,0.0
QQQ,QQQ260518P00525000,2026-05-18,0,put,525.0,1517.0,0.0,0.0,0.0,0.0,4.8,,0.0,0.0,0.0,https://cdn.cboe.com/api/global/delayed_quotes/options/QQQ.json,0.0,0.0,-0.0,0.0,0.0,-0.0,0.0
QQQ,QQQ260518P00530000,2026-05-18,0,put,530.0,4344.0,0.0,0.0,0.0,0.0,0.01,,0.0,0.0,0.0,https://cdn.cboe.com/api/global/delayed_quotes/options/QQQ.json,0.0,0.0,-0.0,0.0,0.0,-0.0,0.0
QQQ,QQQ260518P00535000,2026-05-18,0,put,535.0,10214.0,1.0,0.0,0.0,0.0,4.44,,0.0,0.0,0.0,https://cdn.cboe.com/api/global/delayed_quotes/options/QQQ.json,0.0,0.0,-0.0,0.0,0.0,-0.0,0.0
QQQ,QQQ260518P00540000,2026-05-18,0,put,540.0,10065.0,0.0,0.0,0.0,0.0,0.01,,0.0,0.0,0.0,https://cdn.cboe.com/api/global/delayed_quotes/options/QQQ.json,0.0,0.0,-0.0,0.0,0.0,-0.0,0.0
QQQ,QQQ260518P00545000,2026-05-18,0,put,545.0,8759.0,0.0,0.0,0.0,0.0,4.8,,0.0,0.0,0.0,https://cdn.cboe.com/api/global/delayed_quotes/options/QQQ.json,0.0,0.0,-0.0,0.0,0.0,-0.0,0.0
QQQ,QQQ260518C00550000,2026-05-18,0,call,550.0,5.0,33.0,0.0,0.0,153.18,157.5,,1.0,0.0,0.0,https://cdn.cboe.com/api/global/delayed_quotes/options/QQQ.json,0.0,0.0,0.0,0.0,0.0,0.0,0.0
QQQ,QQQ260518P00550000,2026-05-18,0,put,550.0,5319.0,0.0,0.0,0.0,0.0,4.8,,0.0,0.0,0.0,https://cdn.cboe.com/api/global/delayed_quotes/options/QQQ.json,0.0,0.0,-0.0,0.0,0.0,-0.0,0.0
QQQ,QQQ260518P00555000,2026-05-18,0,put,555.0,7808.0,0.0,0.0,0.0,0.0,4.8,,0.0,0.0,0.0,https://cdn.cboe.com/api/global/delayed_quotes/options/QQQ.json,0.0,0.0,-0.0,0.0,0.0,-0.0,0.0
QQQ,QQQ260518P00560000,2026-05-18,0,put,560.0,4197.0,0.0,0.0,0.0,0.0,0.04,,0.0,0.0,0.0,https://cdn.cboe.com/api/global/delayed_quotes/options/QQQ.json,0.0,0.0,-0.0,0.0,0.0,-0.0,0.0
QQQ,QQQ260518P00565000,2026-05-18,0,put,565.0,8114.0,0.0,0.0,0.0,0.0,4.8,,0.0,0.0,0.0,https://cdn.cboe.com/api/global/delayed_quotes/options/QQQ.json,0.0,0.0,-0.0,0.0,0.0,-0.0,0.0
QQQ,QQQ260518P00570000,2026-05-18,0,put,570.0,8.0,0.0,0.0,0.0,0.0,4.8,,0.0,0.0,0.0,https://cdn.cboe.com/api/global/delayed_quotes/options/QQQ.json,0.0,0.0,-0.0,0.0,0.0,-0.0,0.0
QQQ,QQQ260518P00575000,2026-05-18,0,put,575.0,31.0,0.0,0.0,0.0,0.0,4.8,,0.0,0.0,0.0,https://cdn.cboe.com/api/global/delayed_quotes/options/QQQ.json,0.0,0.0,-0.0,0.0,0.0,-0.0,0.0
QQQ,QQQ260518C00580000,2026-05-18,0,call,580.0,1.0,0.0,0.0,0.0,123.24,127.5,,1.0,0.0,0.0,https://cdn.cboe.com/api/global/delayed_quotes/options/QQQ.json,0.0,0.0,0.0,0.0,0.0,0.0,0.0
QQQ,QQQ260518P00580000,2026-05-18,0,put,580.0,53.0,0.0,0.0,0.0,0.0,4.8,,0.0,0.0,0.0,https://cdn.cboe.com/api/global/delayed_quotes/options/QQQ.json,0.0,0.0,-0.0,0.0,0.0,-0.0,0.0
QQQ,QQQ260518C00585000,2026-05-18,0,call,585.0,2.0,1.0,0.0,0.0,118.16,122.5,,1.0,0.0,0.0,https://cdn.cboe.com/api/global/delayed_quotes/options/QQQ.json,0.0,0.0,0.0,0.0,0.0,0.0,0.0
QQQ,QQQ260518P00585000,2026-05-18,0,put,585.0,173.0,0.0,0.0,0.0,0.0,0.01,,0.0,0.0,0.0,https://cdn.cboe.com/api/global/delayed_quotes/options/QQQ.json,0.0,0.0,-0.0,0.0,0.0,-0.0,0.0
QQQ,QQQ260518P00590000,2026-05-18,0,put,590.0,40.0,1.0,0.0,0.0,0.0,4.8,,0.0,0.0,0.0,https://cdn.cboe.com/api/global/delayed_quotes/options/QQQ.json,0.0,0.0,-0.0,0.0,0.0,-0.0,0.0
QQQ,QQQ260518C00595000,2026-05-18,0,call,595.0,10.0,10.0,0.0,0.0,108.18,112.5,,1.0,0.0,0.0,https://cdn.cboe.com/api/global/delayed_quotes/options/QQQ.json,0.0,0.0,0.0,0.0,0.0,0.0,0.0
QQQ,QQQ260518P00595000,2026-05-18,0,put,595.0,44.0,0.0,0.0,0.0,0.0,4.8,,0.0,0.0,0.0,https://cdn.cboe.com/api/global/delayed_quotes/options/QQQ.json,0.0,0.0,-0.0,0.0,0.0,-0.0,0.0
QQQ,QQQ260518C00600000,2026-05-18,0,call,600.0,48.0,42.0,0.0,0.0,103.23,107.5,,1.0,0.0,0.0,https://cdn.cboe.com/api/global/delayed_quotes/options/QQQ.json,0.0,0.0,0.0,0.0,0.0,0.0,0.0
QQQ,QQQ260518P00600000,2026-05-18,0,put,600.0,3158.0,10.0,0.0,0.0,0.0,0.01,,0.0,0.0,0.0,https://cdn.cboe.com/api/global/delayed_quotes/options/QQQ.json,0.0,0.0,-0.0,0.0,0.0,-0.0,0.0
QQQ,QQQ260518C00605000,2026-05-18,0,call,605.0,3.0,2.0,0.0,0.0,98.23,102.5,,1.0,0.0,0.0,https://cdn.cboe.com/api/global/delayed_quotes/options/QQQ.json,0.0,0.0,0.0,0.0,0.0,0.0,0.0
QQQ,QQQ260518P00605000,2026-05-18,0,put,605.0,240.0,13.0,0.0,0.0,0.0,0.01,,0.0,0.0,0.0,https://cdn.cboe.com/api/global/delayed_quotes/options/QQQ.json,0.0,0.0,-0.0,0.0,0.0,-0.0,0.0
QQQ,QQQ260518C00610000,2026-05-18,0,call,610.0,1.0,0.0,0.0,0.0,93.19,97.5,,1.0,0.0,0.0,https://cdn.cboe.com/api/global/delayed_quotes/options/QQQ.json,0.0,0.0,0.0,0.0,0.0,0.0,0.0
QQQ,QQQ260518P00610000,2026-05-18,0,put,610.0,1162.0,0.0,8.4541,0.0,0.0,4.8,,0.0,0.0,0.0,https://cdn.cboe.com/api/global/delayed_quotes/options/QQQ.json,0.0,0.0,-0.0,0.0,0.0,-0.0,0.0
QQQ,QQQ260518C00615000,2026-05-18,0,call,615.0,23.0,13.0,0.0,0.0,88.24,92.5,,1.0,0.0,0.0,https://cdn.cboe.com/api/global/delayed_quotes/options/QQQ.json,0.0,0.0,0.0,0.0,0.0,0.0,0.0
QQQ,QQQ260518P00615000,2026-05-18,0,put,615.0,2990.0,84.0,8.0113,0.0,0.0,0.04,,0.0,0.0,0.0,https://cdn.cboe.com/api/global/delayed_quotes/options/QQQ.json,0.0,0.0,-0.0,0.0,0.0,-0.0,0.0
QQQ,QQQ260518C00620000,2026-05-18,0,call,620.0,71.0,72.0,8.2909,0.0,83.09,87.5,,1.0,0.0,0.0,https://cdn.cboe.com/api/global/delayed_quotes/options/QQQ.json,0.0,0.0,0.0,0.0,0.0,0.0,0.0
QQQ,QQQ260518P00620000,2026-05-18,0,put,620.0,3971.0,15.0,7.5707,0.0,0.0,0.07,,0.0,0.0,0.0,https://cdn.cboe.com/api/global/delayed_quotes/options/QQQ.json,0.0,0.0,-0.0,0.0,0.0,-0.0,0.0
QQQ,QQQ260518C00625000,2026-05-18,0,call,625.0,1.0,1.0,7.8165,0.0,78.2,82.5,,1.0,0.0,0.0,https://cdn.cboe.com/api/global/delayed_quotes/options/QQQ.json,0.0,0.0,0.0,0.0,0.0,0.0,0.0
QQQ,QQQ260518P00625000,2026-05-18,0,put,625.0,392.0,60.0,7.132,0.0,0.0,4.8,,0.0,0.0,0.0,https://cdn.cboe.com/api/global/delayed_quotes/options/QQQ.json,0.0,0.0,-0.0,0.0,0.0,-0.0,0.0
QQQ,QQQ260518C00630000,2026-05-18,0,call,630.0,23.0,11.0,7.3437,0.0,73.2,77.5,,1.0,0.0,0.0,https://cdn.cboe.com/api/global/delayed_quotes/options/QQQ.json,0.0,0.0,0.0,0.0,0.0,0.0,0.0
QQQ,QQQ260518P00630000,2026-05-18,0,put,630.0,1082.0,331.0,6.6952,0.0,0.0,0.01,,0.0,0.0,0.0,https://cdn.cboe.com/api/global/delayed_quotes/options/QQQ.json,0.0,0.0,-0.0,0.0,0.0,-0.0,0.0
QQQ,QQQ260518C00635000,2026-05-18,0,call,635.0,49.0,48.0,6.8725,0.0,68.23,72.5,,1.0,0.0,0.0,https://cdn.cboe.com/api/global/delayed_quotes/options/QQQ.json,0.0,0.0,0.0,0.0,0.0,0.0,0.0
QQQ,QQQ260518P00635000,2026-05-18,0,put,635.0,690.0,26.0,6.2601,0.0,0.0,0.25,,0.0,0.0,0.0,https://cdn.cboe.com/api/global/delayed_quotes/options/QQQ.json,0.0,0.0,-0.0,0.0,0.0,-0.0,0.0
QQQ,QQQ260518C00640000,2026-05-18,0,call,640.0,112.0,121.0,6.4025,0.0,63.06,67.5,,1.0,0.0,0.0,https://cdn.cboe.com/api/global/delayed_quotes/options/QQQ.json,0.0,0.0,0.0,0.0,0.0,0.0,0.0
QQQ,QQQ260518P00640000,2026-05-18,0,put,640.0,2673.0,377.0,5.8265,0.0,0.0,0.01,,0.0,0.0,0.0,https://cdn.cboe.com/api/global/delayed_quotes/options/QQQ.json,0.0,0.0,-0.0,0.0,0.0,-0.0,0.0
QQQ,QQQ260518C00643000,2026-05-18,0,call,643.0,47.0,65.0,6.121,0.0,60.13,64.5,,1.0,0.0,0.0,https://cdn.cboe.com/api/global/delayed_quotes/options/QQQ.json,0.0,0.0,0.0,0.0,0.0,0.0,0.0
QQQ,QQQ260518P00643000,2026-05-18,0,put,643.0,877.0,7.0,5.5669,0.0,0.0,0.04,,0.0,0.0,0.0,https://cdn.cboe.com/api/global/delayed_quotes/options/QQQ.json,0.0,0.0,-0.0,0.0,0.0,-0.0,0.0
QQQ,QQQ260518C00644000,2026-05-18,0,call,644.0,2.0,49.0,6.0273,0.0,59.24,63.5,,1.0,0.0,0.0,https://cdn.cboe.com/api/global/delayed_quotes/options/QQQ.json,0.0,0.0,0.0,0.0,0.0,0.0,0.0
QQQ,QQQ260518P00644000,2026-05-18,0,put,644.0,290.0,16.0,5.4805,0.0,0.0,4.8,,0.0,0.0,0.0,https://cdn.cboe.com/api/global/delayed_quotes/options/QQQ.json,0.0,0.0,-0.0,0.0,0.0,-0.0,0.0
QQQ,QQQ260518C00645000,2026-05-18,0,call,645.0,37.0,75.0,5.9336,0.0,58.24,62.5,,1.0,0.0,0.0,https://cdn.cboe.com/api/global/delayed_quotes/options/QQQ.json,0.0,0.0,0.0,0.0,0.0,0.0,0.0
QQQ,QQQ260518P00645000,2026-05-18,0,put,645.0,2672.0,36.0,5.3941,0.0,0.0,4.8,,0.0,0.0,0.0,https://cdn.cboe.com/api/global/delayed_quotes/options/QQQ.json,0.0,0.0,-0.0,0.0,0.0,-0.0,0.0
QQQ,QQQ260518C00646000,2026-05-18,0,call,646.0,8.0,31.0,5.8399,0.0,57.24,61.5,,1.0,0.0,0.0,https://cdn.cboe.com/api/global/delayed_quotes/options/QQQ.json,0.0,0.0,0.0,0.0,0.0,0.0,0.0
QQQ,QQQ260518P00646000,2026-05-18,0,put,646.0,1620.0,5.0,5.3077,0.0,0.0,4.8,,0.0,0.0,0.0,https://cdn.cboe.com/api/global/delayed_quotes/options/QQQ.json,0.0,0.0,-0.0,0.0,0.0,-0.0,0.0
QQQ,QQQ260518C00647000,2026-05-18,0,call,647.0,6.0,29.0,5.7463,0.0,56.08,60.5,,1.0,0.0,0.0,https://cdn.cboe.com/api/global/delayed_quotes/options/QQQ.json,0.0,0.0,0.0,0.0,0.0,0.0,0.0
QQQ,QQQ260518P00647000,2026-05-18,0,put,647.0,215.0,4.0,5.2214,0.0,0.0,0.58,,0.0,0.0,0.0,https://cdn.cboe.com/api/global/delayed_quotes/options/QQQ.json,0.0,0.0,-0.0,0.0,0.0,-0.0,0.0
QQQ,QQQ260518C00648000,2026-05-18,0,call,648.0,1.0,55.0,5.6526,0.0,55.19,59.5,,1.0,0.0,0.0,https://cdn.cboe.com/api/global/delayed_quotes/options/QQQ.json,0.0,0.0,0.0,0.0,0.0,0.0,0.0
QQQ,QQQ260518P00648000,2026-05-18,0,put,648.0,40.0,43.0,5.1351,0.0,0.0,0.01,,0.0,0.0,0.0,https://cdn.cboe.com/api/global/delayed_quotes/options/QQQ.json,0.0,0.0,-0.0,0.0,0.0,-0.0,0.0
QQQ,QQQ260518C00649000,2026-05-18,0,call,649.0,17.0,46.0,5.559,0.0,54.24,58.5,,1.0,0.0,0.0,https://cdn.cboe.com/api/global/delayed_quotes/options/QQQ.json,0.0,0.0,0.0,0.0,0.0,0.0,0.0
QQQ,QQQ260518P00649000,2026-05-18,0,put,649.0,630.0,1.0,5.0489,0.0,0.0,4.42,,0.0,0.0,0.0,https://cdn.cboe.com/api/global/delayed_quotes/options/QQQ.json,0.0,0.0,-0.0,0.0,0.0,-0.0,0.0
QQQ,QQQ260518C00650000,2026-05-18,0,call,650.0,45.0,72.0,5.4655,0.0,53.04,57.5,,1.0,0.0,0.0,https://cdn.cboe.com/api/global/delayed_quotes/options/QQQ.json,0.0,0.0,0.0,0.0,0.0,0.0,0.0
QQQ,QQQ260518P00650000,2026-05-18,0,put,650.0,2674.0,286.0,4.9626,0.0,0.0,0.01,,0.0,0.0,0.0,https://cdn.cboe.com/api/global/delayed_quotes/options/QQQ.json,0.0,0.0,-0.0,0.0,0.0,-0.0,0.0
QQQ,QQQ260518C00651000,2026-05-18,0,call,651.0,9.0,32.0,5.3719,0.0,52.17,56.5,,1.0,0.0,0.0,https://cdn.cboe.com/api/global/delayed_quotes/options/QQQ.json,0.0,0.0,0.0,0.0,0.0,0.0,0.0
QQQ,QQQ260518P00651000,2026-05-18,0,put,651.0,466.0,2.0,4.8764,0.0,0.0,0.11,,0.0,0.0,0.0,https://cdn.cboe.com/api/global/delayed_quotes/options/QQQ.json,0.0,0.0,-0.0,0.0,0.0,-0.0,0.0
QQQ,QQQ260518P00652000,2026-05-18,0,put,652.0,104.0,53.0,4.7903,0.0,0.0,4.44,,0.0,0.0,0.0,https://cdn.cboe.com/api/global/delayed_quotes/options/QQQ.json,0.0,0.0,-0.0,0.0,0.0,-0.0,0.0
QQQ,QQQ260518C00653000,2026-05-18,0,call,653.0,4.0,16.0,5.1848,0.0,50.08,54.5,,1.0,0.0,0.0,https://cdn.cboe.com/api/global/delayed_quotes/options/QQQ.json,0.0,0.0,0.0,0.0,0.0,0.0,0.0
QQQ,QQQ260518P00653000,2026-05-18,0,put,653.0,144.0,286.0,4.7042,0.0,0.0,0.01,,0.0,0.0,0.0,https://cdn.cboe.com/api/global/delayed_quotes/options/QQQ.json,0.0,0.0,-0.0,0.0,0.0,-0.0,0.0
QQQ,QQQ260518P00654000,2026-05-18,0,put,654.0,289.0,412.0,4.618,0.0,0.0,0.01,,0.0,0.0,0.0,https://cdn.cboe.com/api/global/delayed_quotes/options/QQQ.json,0.0,0.0,-0.0,0.0,0.0,-0.0,0.0
QQQ,QQQ260518C00655000,2026-05-18,0,call,655.0,26.0,30.0,4.9978,0.0,48.06,52.49,,1.0,0.0,0.0,https://cdn.cboe.com/api/global/delayed_quotes/options/QQQ.json,0.0,0.0,0.0,0.0,0.0,0.0,0.0
QQQ,QQQ260518P00655000,2026-05-18,0,put,655.0,712.0,1333.0,4.5319,0.0,0.0,0.01,,0.0,0.0,0.0,https://cdn.cboe.com/api/global/delayed_quotes/options/QQQ.json,0.0,0.0,-0.0,0.0,0.0,-0.0,0.0
QQQ,QQQ260518C00656000,2026-05-18,0,call,656.0,4.0,15.0,4.9043,0.0,47.08,51.5,,1.0,0.0,0.0,https://cdn.cboe.com/api/global/delayed_quotes/options/QQQ.json,0.0,0.0,0.0,0.0,0.0,0.0,0.0
QQQ,QQQ260518P00656000,2026-05-18,0,put,656.0,861.0,292.0,4.4458,0.0,0.0,0.01,,0.0,0.0,0.0,https://cdn.cboe.com/api/global/delayed_quotes/options/QQQ.json,0.0,0.0,-0.0,0.0,0.0,-0.0,0.0
QQQ,QQQ260518P00657000,2026-05-18,0,put,657.0,175.0,492.0,4.3598,0.0,0.0,0.01,,0.0,0.0,0.0,https://cdn.cboe.com/api/global/delayed_quotes/options/QQQ.json,0.0,0.0,-0.0,0.0,0.0,-0.0,0.0
QQQ,QQQ260518C00658000,2026-05-18,0,call,658.0,1.0,12.0,4.7172,0.0,45.18,49.5,,1.0,0.0,0.0,https://cdn.cboe.com/api/global/delayed_quotes/options/QQQ.json,0.0,0.0,0.0,0.0,0.0,0.0,0.0
QQQ,QQQ260518P00658000,2026-05-18,0,put,658.0,197.0,1727.0,4.2737,0.0,0.0,0.01,,0.0,0.0,0.0,https://cdn.cboe.com/api/global/delayed_quotes/options/QQQ.json,0.0,0.0,-0.0,0.0,0.0,-0.0,0.0
QQQ,QQQ260518C00659000,2026-05-18,0,call,659.0,80.0,93.0,4.6237,0.0,44.23,48.5,,1.0,0.0,0.0,https://cdn.cboe.com/api/global/delayed_quotes/options/QQQ.json,0.0,0.0,0.0,0.0,0.0,0.0,0.0
QQQ,QQQ260518P00659000,2026-05-18,0,put,659.0,321.0,1479.0,4.1876,0.0,0.0,0.01,,0.0,0.0,0.0,https://cdn.cboe.com/api/global/delayed_quotes/options/QQQ.json,0.0,0.0,-0.0,0.0,0.0,-0.0,0.0
QQQ,QQQ260518C00660000,2026-05-18,0,call,660.0,23.0,59.0,4.5301,0.0,43.18,47.5,,1.0,0.0,0.0,https://cdn.cboe.com/api/global/delayed_quotes/options/QQQ.json,0.0,0.0,0.0,0.0,0.0,0.0,0.0
QQQ,QQQ260518P00660000,2026-05-18,0,put,660.0,1399.0,2907.0,4.1016,0.0,0.0,0.01,,0.0,0.0,0.0,https://cdn.cboe.com/api/global/delayed_quotes/options/QQQ.json,0.0,0.0,-0.0,0.0,0.0,-0.0,0.0
QQQ,QQQ260518C00661000,2026-05-18,0,call,661.0,2.0,177.0,4.4366,0.0,42.08,46.49,,1.0,0.0,0.0,https://cdn.cboe.com/api/global/delayed_quotes/options/QQQ.json,0.0,0.0,0.0,0.0,0.0,0.0,0.0
QQQ,QQQ260518P00661000,2026-05-18,0,put,661.0,622.0,4877.0,4.0156,0.0,0.0,0.01,,0.0,0.0,0.0,https://cdn.cboe.com/api/global/delayed_quotes/options/QQQ.json,0.0,0.0,-0.0,0.0,0.0,-0.0,0.0
QQQ,QQQ260518C00662000,2026-05-18,0,call,662.0,203.0,160.0,4.343,0.0,41.14,45.5,,1.0,0.0,0.0,https://cdn.cboe.com/api/global/delayed_quotes/options/QQQ.json,0.0,0.0,0.0,0.0,0.0,0.0,0.0
QQQ,QQQ260518P00662000,2026-05-18,0,put,662.0,1005.0,978.0,3.9295,0.0,0.0,0.01,,0.0,0.0,0.0,https://cdn.cboe.com/api/global/delayed_quotes/options/QQQ.json,0.0,0.0,-0.0,0.0,0.0,-0.0,0.0
QQQ,QQQ260518C00663000,2026-05-18,0,call,663.0,8.0,12.0,4.2493,0.0,40.21,44.5,,1.0,0.0,0.0,https://cdn.cboe.com/api/global/delayed_quotes/options/QQQ.json,0.0,0.0,0.0,0.0,0.0,0.0,0.0
QQQ,QQQ260518P00663000,2026-05-18,0,put,663.0,1332.0,637.0,3.8434,0.0,0.0,0.01,,0.0,0.0,0.0,https://cdn.cboe.com/api/global/delayed_quotes/options/QQQ.json,0.0,0.0,-0.0,0.0,0.0,-0.0,0.0
QQQ,QQQ260518C00664000,2026-05-18,0,call,664.0,90.0,98.0,4.1556,0.0,39.19,43.5,,1.0,0.0,0.0,https://cdn.cboe.com/api/global/delayed_quotes/options/QQQ.json,0.0,0.0,0.0,0.0,0.0,0.0,0.0
QQQ,QQQ260518P00664000,2026-05-18,0,put,664.0,670.0,1620.0,3.7574,0.0,0.0,0.01,,0.0,0.0,0.0,https://cdn.cboe.com/api/global/delayed_quotes/options/QQQ.json,0.0,0.0,-0.0,0.0,0.0,-0.0,0.0
QQQ,QQQ260518C00665000,2026-05-18,0,call,665.0,145.0,190.0,4.0619,0.0,38.11,42.5,,1.0,0.0,0.0,https://cdn.cboe.com/api/global/delayed_quotes/options/QQQ.json,0.0,0.0,0.0,0.0,0.0,0.0,0.0
QQQ,QQQ260518P00665000,2026-05-18,0,put,665.0,1275.0,1583.0,3.6713,0.0,0.0,0.01,,0.0,0.0,0.0,https://cdn.cboe.com/api/global/delayed_quotes/options/QQQ.json,0.0,0.0,-0.0,0.0,0.0,-0.0,0.0
QQQ,QQQ260518C00666000,2026-05-18,0,call,666.0,3.0,167.0,3.9682,0.0,37.19,41.49,,1.0,0.0,0.0,https://cdn.cboe.com/api/global/delayed_quotes/options/QQQ.json,0.0,0.0,0.0,0.0,0.0,0.0,0.0
QQQ,QQQ260518P00666000,2026-05-18,0,put,666.0,1514.0,807.0,3.5852,0.0,0.0,0.01,,0.0,0.0,0.0,https://cdn.cboe.com/api/global/delayed_quotes/options/QQQ.json,0.0,0.0,-0.0,0.0,0.0,-0.0,0.0
QQQ,QQQ260518C00667000,2026-05-18,0,call,667.0,21.0,21.0,3.8744,0.0,36.19,40.5,,1.0,0.0,0.0,https://cdn.cboe.com/api/global/delayed_quotes/options/QQQ.json,0.0,0.0,0.0,0.0,0.0,0.0,0.0
QQQ,QQQ260518P00667000,2026-05-18,0,put,667.0,1345.0,334.0,3.4991,0.0,0.0,0.01,,0.0,0.0,0.0,https://cdn.cboe.com/api/global/delayed_quotes/options/QQQ.json,0.0,0.0,-0.0,0.0,0.0,-0.0,0.0
QQQ,QQQ260518C00668000,2026-05-18,0,call,668.0,11.0,20.0,3.7805,0.0,35.07,39.53,,1.0,0.0,0.0,https://cdn.cboe.com/api/global/delayed_quotes/options/QQQ.json,0.0,0.0,0.0,0.0,0.0,0.0,0.0
QQQ,QQQ260518P00668000,2026-05-18,0,put,668.0,1449.0,1938.0,3.4129,0.0,0.0,0.01,,0.0,0.0,0.0,https://cdn.cboe.com/api/global/delayed_quotes/options/QQQ.json,0.0,0.0,-0.0,0.0,0.0,-0.0,0.0
QQQ,QQQ260518C00669000,2026-05-18,0,call,669.0,2.0,24.0,3.6866,0.0,34.2,38.53,,1.0,0.0,0.0,https://cdn.cboe.com/api/global/delayed_quotes/options/QQQ.json,0.0,0.0,0.0,0.0,0.0,0.0,0.0
QQQ,QQQ260518P00669000,2026-05-18,0,put,669.0,1428.0,2645.0,3.3268,0.0,0.0,0.01,,0.0,0.0,0.0,https://cdn.cboe.com/api/global/delayed_quotes/options/QQQ.json,0.0,0.0,-0.0,0.0,0.0,-0.0,0.0
QQQ,QQQ260518C00670000,2026-05-18,0,call,670.0,144.0,42.0,3.5926,0.0,33.24,37.5,,1.0,0.0,0.0,https://cdn.cboe.com/api/global/delayed_quotes/options/QQQ.json,0.0,0.0,0.0,0.0,0.0,0.0,0.0
QQQ,QQQ260518P00670000,2026-05-18,0,put,670.0,11062.0,3063.0,3.2406,0.0,0.0,0.01,,0.0,0.0,0.0,https://cdn.cboe.com/api/global/delayed_quotes/options/QQQ.json,0.0,0.0,-0.0,0.0,0.0,-0.0,0.0
QQQ,QQQ260518C00671000,2026-05-18,0,call,671.0,2.0,36.0,3.4985,0.0,32.04,36.5,,1.0,0.0,0.0,https://cdn.cboe.com/api/global/delayed_quotes/options/QQQ.json,0.0,0.0,0.0,0.0,0.0,0.0,0.0
QQQ,QQQ260518P00671000,2026-05-18,0,put,671.0,5384.0,1909.0,3.1543,0.0,0.0,0.01,,0.0,0.0,0.0,https://cdn.cboe.com/api/global/delayed_quotes/options/QQQ.json,0.0,0.0,-0.0,0.0,0.0,-0.0,0.0
QQQ,QQQ260518C00672000,2026-05-18,0,call,672.0,16.0,23.0,3.4043,0.0,31.19,35.53,,1.0,0.0,0.0,https://cdn.cboe.com/api/global/delayed_quotes/options/QQQ.json,0.0,0.0,0.0,0.0,0.0,0.0,0.0
QQQ,QQQ260518P00672000,2026-05-18,0,put,672.0,1240.0,6736.0,3.068,0.0,0.0,0.01,,0.0,0.0,0.0,https://cdn.cboe.com/api/global/delayed_quotes/options/QQQ.json,0.0,0.0,-0.0,0.0,0.0,-0.0,0.0
QQQ,QQQ260518C00673000,2026-05-18,0,call,673.0,9.0,23.0,0.0,0.0,30.19,33.93,,1.0,0.0,0.0,https://cdn.cboe.com/api/global/delayed_quotes/options/QQQ.json,0.0,0.0,0.0,0.0,0.0,0.0,0.0
QQQ,QQQ260518P00673000,2026-05-18,0,put,673.0,379.0,13931.0,2.9816,0.0,0.0,0.01,,0.0,0.0,0.0,https://cdn.cboe.com/api/global/delayed_quotes/options/QQQ.json,0.0,0.0,-0.0,0.0,0.0,-0.0,0.0
QQQ,QQQ260518C00674000,2026-05-18,0,call,674.0,10.0,42.0,3.2157,0.0,29.24,33.53,,1.0,0.0,0.0,https://cdn.cboe.com/api/global/delayed_quotes/options/QQQ.json,0.0,0.0,0.0,0.0,0.0,0.0,0.0
QQQ,QQQ260518P00674000,2026-05-18,0,put,674.0,333.0,15768.0,2.8952,0.0,0.0,0.01,,0.0,0.0,0.0,https://cdn.cboe.com/api/global/delayed_quotes/options/QQQ.json,0.0,0.0,-0.0,0.0,0.0,-0.0,0.0
QQQ,QQQ260518C00675000,2026-05-18,0,call,675.0,195.0,47.0,3.1213,0.0,28.23,32.5,,1.0,0.0,0.0,https://cdn.cboe.com/api/global/delayed_quotes/options/QQQ.json,0.0,0.0,0.0,0.0,0.0,0.0,0.0
QQQ,QQQ260518P00675000,2026-05-18,0,put,675.0,1360.0,9037.0,2.8087,0.0,0.0,0.01,,0.0,0.0,0.0,https://cdn.cboe.com/api/global/delayed_quotes/options/QQQ.json,0.0,0.0,-0.0,0.0,0.0,-0.0,0.0
QQQ,QQQ260518C00676000,2026-05-18,0,call,676.0,29.0,18.0,3.0267,0.0,27.2,31.52,,1.0,0.0,0.0,https://cdn.cboe.com/api/global/delayed_quotes/options/QQQ.json,0.0,0.0,0.0,0.0,0.0,0.0,0.0
QQQ,QQQ260518P00676000,2026-05-18,0,put,676.0,722.0,7845.0,2.7221,0.0,0.0,0.01,,0.0,0.0,0.0,https://cdn.cboe.com/api/global/delayed_quotes/options/QQQ.json,0.0,0.0,-0.0,0.0,0.0,-0.0,0.0
QQQ,QQQ260518C00677000,2026-05-18,0,call,677.0,17.0,19.0,0.0,0.0,26.18,29.83,,1.0,0.0,0.0,https://cdn.cboe.com/api/global/delayed_quotes/options/QQQ.json,0.0,0.0,0.0,0.0,0.0,0.0,0.0
QQQ,QQQ260518P00677000,2026-05-18,0,put,677.0,933.0,8479.0,2.6355,0.0,0.0,0.01,,0.0,0.0,0.0,https://cdn.cboe.com/api/global/delayed_quotes/options/QQQ.json,0.0,0.0,-0.0,0.0,0.0,-0.0,0.0
QQQ,QQQ260518C00678000,2026-05-18,0,call,678.0,14.0,16.0,2.8372,0.0,25.17,29.49,,1.0,0.0,0.0,https://cdn.cboe.com/api/global/delayed_quotes/options/QQQ.json,0.0,0.0,0.0,0.0,0.0,0.0,0.0
QQQ,QQQ260518P00678000,2026-05-18,0,put,678.0,1991.0,11306.0,2.5487,0.0,0.0,0.01,,0.0,0.0,0.0,https://cdn.cboe.com/api/global/delayed_quotes/options/QQQ.json,0.0,0.0,-0.0,0.0,0.0,-0.0,0.0
QQQ,QQQ260518C00679000,2026-05-18,0,call,679.0,28.0,13.0,2.7422,0.0,24.21,28.52,,1.0,0.0,0.0,https://cdn.cboe.com/api/global/delayed_quotes/options/QQQ.json,0.0,0.0,0.0,0.0,0.0,0.0,0.0
QQQ,QQQ260518P00679000,2026-05-18,0,put,679.0,950.0,6740.0,2.4618,0.0,0.0,0.01,,0.0,0.0,0.0,https://cdn.cboe.com/api/global/delayed_quotes/options/QQQ.json,0.0,0.0,-0.0,0.0,0.0,-0.0,0.0
QQQ,QQQ260518C00680000,2026-05-18,0,call,680.0,809.0,507.0,2.647,0.0,23.21,27.52,,1.0,-0.0001,0.0,https://cdn.cboe.com/api/global/delayed_quotes/options/QQQ.json,0.0,0.0,0.0,0.0,0.0,0.0,0.0
QQQ,QQQ260518P00680000,2026-05-18,0,put,680.0,8405.0,8912.0,2.3748,0.0,0.0,0.01,,0.0,-0.0001,0.0,https://cdn.cboe.com/api/global/delayed_quotes/options/QQQ.json,0.0,0.0,-0.0,0.0,0.0,-0.0,0.0
QQQ,QQQ260518C00681000,2026-05-18,0,call,681.0,27.0,24.0,0.0,0.0001,22.04,26.12,,0.9999,-0.0001,0.0,https://cdn.cboe.com/api/global/delayed_quotes/options/QQQ.json,0.0001,1347.87483675,0.0,1347.87483675,1.34787483675e-06,0.0,1.34787483675e-06
QQQ,QQQ260518P00681000,2026-05-18,0,put,681.0,1083.0,4466.0,2.2877,0.0001,0.0,0.01,,-0.0001,-0.0001,0.0,https://cdn.cboe.com/api/global/delayed_quotes/options/QQQ.json,0.0001,0.0,-54064.75734074999,-54064.75734074999,0.0,-5.4064757340749984e-05,-5.4064757340749984e-05
QQQ,QQQ260518C00682000,2026-05-18,0,call,682.0,65.0,34.0,2.4562,0.0001,21.52,25.53,,0.9998,-0.0003,0.0,https://cdn.cboe.com/api/global/delayed_quotes/options/QQQ.json,0.0001,3244.8838662499993,0.0,3244.8838662499993,3.2448838662499994e-06,0.0,3.2448838662499994e-06
QQQ,QQQ260518P00682000,2026-05-18,0,put,682.0,3140.0,5660.0,2.2004,0.0001,0.0,0.01,,-0.0002,-0.0003,0.0,https://cdn.cboe.com/api/global/delayed_quotes/options/QQQ.json,0.0001,0.0,-156752.85138499996,-156752.85138499996,0.0,-0.00015675285138499995,-0.00015675285138499995
QQQ,QQQ260518C00683000,2026-05-18,0,call,683.0,80.0,53.0,2.3604,0.0002,20.48,24.53,,0.9997,-0.0005,0.0,https://cdn.cboe.com/api/global/delayed_quotes/options/QQQ.json,0.0002,7987.406439999999,0.0,7987.406439999999,7.98740644e-06,0.0,7.98740644e-06
QQQ,QQQ260518P00683000,2026-05-18,0,put,683.0,1245.0,5481.0,2.113,0.0002,0.0,0.01,,-0.0003,-0.0005,0.0,https://cdn.cboe.com/api/global/delayed_quotes/options/QQQ.json,0.0002,0.0,-124304.01272249997,-124304.01272249997,0.0,-0.00012430401272249997,-0.00012430401272249997
QQQ,QQQ260518C00684000,2026-05-18,0,call,684.0,129.0,26.0,2.2644,0.0003,19.42,23.5,,0.9994,-0.0009,0.0001,https://cdn.cboe.com/api/global/delayed_quotes/options/QQQ.json,0.0003,19319.539326749997,0.0,19319.539326749997,1.9319539326749997e-05,0.0,1.9319539326749997e-05
QQQ,QQQ260518P00684000,2026-05-18,0,put,684.0,1277.0,3886.0,2.0254,0.0003,0.0,0.01,,-0.0006,-0.0009,0.0001,https://cdn.cboe.com/api/global/delayed_quotes/options/QQQ.json,0.0003,0.0,-191248.46294774994,-191248.46294774994,0.0,-0.00019124846294774994,-0.00019124846294774994
QQQ,QQQ260518C00685000,2026-05-18,0,call,685.0,501.0,72.0,2.1681,0.0005,18.04,22.52,,0.999,-0.0017,0.0001,https://cdn.cboe.com/api/global/delayed_quotes/options/QQQ.json,0.0005,125052.83207624998,0.0,125052.83207624998,0.00012505283207624998,0.0,0.00012505283207624998
QQQ,QQQ260518P00685000,2026-05-18,0,put,685.0,3045.0,3103.0,1.9376,0.0005,0.0,0.01,,-0.001,-0.0017,0.0001,https://cdn.cboe.com/api/global/delayed_quotes/options/QQQ.json,0.0005,0.0,-760051.6440562499,-760051.6440562499,0.0,-0.0007600516440562498,-0.0007600516440562498
QQQ,QQQ260518C00686000,2026-05-18,0,call,686.0,43.0,8.0,2.0716,0.0008,17.63,21.53,,0.9984,-0.0029,0.0002,https://cdn.cboe.com/api/global/delayed_quotes/options/QQQ.json,0.0008,17172.923845999998,0.0,17172.923845999998,1.7172923845999996e-05,0.0,1.7172923845999996e-05
QQQ,QQQ260518P00686000,2026-05-18,0,put,686.0,1453.0,4985.0,1.8496,0.0008,0.0,0.01,,-0.0016,-0.0029,0.0002,https://cdn.cboe.com/api/global/delayed_quotes/options/QQQ.json,0.0008,0.0,-580285.077866,-580285.077866,0.0,-0.000580285077866,-0.000580285077866
QQQ,QQQ260518C00687000,2026-05-18,0,call,687.0,89.0,55.0,1.9747,0.0012,16.57,20.53,,0.9974,-0.005,0.0003,https://cdn.cboe.com/api/global/delayed_quotes/options/QQQ.json,0.0012,53315.93798699999,0.0,53315.93798699999,5.331593798699999e-05,0.0,5.331593798699999e-05
QQQ,QQQ260518P00687000,2026-05-18,0,put,687.0,1210.0,6507.0,1.7614,0.0012,0.0,0.01,,-0.0026,-0.005,0.0003,https://cdn.cboe.com/api/global/delayed_quotes/options/QQQ.json,0.0012,0.0,-724857.1344299997,-724857.1344299997,0.0,-0.0007248571344299998,-0.0007248571344299998
QQQ,QQQ260518C00688000,2026-05-18,0,call,688.0,56.0,19.0,1.8775,0.0013,15.43,19.5,,0.9972,-0.005,0.0003,https://cdn.cboe.com/api/global/delayed_quotes/options/QQQ.json,0.0013,36342.69930199999,0.0,36342.69930199999,3.634269930199999e-05,0.0,3.634269930199999e-05
QQQ,QQQ260518P00688000,2026-05-18,0,put,688.0,2451.0,4650.0,1.673,0.0013,0.0,0.01,,-0.0028,-0.005,0.0003,https://cdn.cboe.com/api/global/delayed_quotes/options/QQQ.json,0.0013,0.0,-1590642.0712357499,-1590642.0712357499,0.0,-0.00159064207123575,-0.00159064207123575
QQQ,QQQ260518C00689000,2026-05-18,0,call,689.0,92.0,58.0,1.78,0.0015,14.61,18.5,,0.9971,-0.005,0.0003,https://cdn.cboe.com/api/global/delayed_quotes/options/QQQ.json,0.0015,68891.38054499999,0.0,68891.38054499999,6.889138054499999e-05,0.0,6.889138054499999e-05
QQQ,QQQ260518P00689000,2026-05-18,0,put,689.0,3106.0,8608.0,1.5843,0.0015,0.0,0.01,,-0.0029,-0.005,0.0003,https://cdn.cboe.com/api/global/delayed_quotes/options/QQQ.json,0.0015,0.0,-2325832.9127474995,-2325832.9127474995,0.0,-0.0023258329127474994,-0.0023258329127474994
QQQ,QQQ260518C00690000,2026-05-18,0,call,690.0,1728.0,377.0,1.682,0.0016,13.23,17.5,,0.997,-0.005,0.0004,https://cdn.cboe.com/api/global/delayed_quotes/options/QQQ.json,0.0016,1380223.832832,0.0,1380223.832832,0.001380223832832,0.0,0.001380223832832
QQQ,QQQ260518P00690000,2026-05-18,0,put,690.0,10274.0,14560.0,1.4953,0.0016,0.0,0.01,,-0.0031,-0.005,0.0004,https://cdn.cboe.com/api/global/delayed_quotes/options/QQQ.json,0.0016,0.0,-8206261.376456,-8206261.376456,0.0,-0.008206261376456,-0.008206261376456
QQQ,QQQ260518C00691000,2026-05-18,0,call,691.0,141.0,55.0,1.5836,0.0018,12.41,16.5,,0.9968,-0.005,0.0004,https://cdn.cboe.com/api/global/delayed_quotes/options/QQQ.json,0.0018,126700.23465449996,0.0,126700.23465449996,0.00012670023465449995,0.0,0.00012670023465449995
QQQ,QQQ260518P00691000,2026-05-18,0,put,691.0,1270.0,10324.0,1.4059,0.0018,0.0,0.01,,-0.0032,-0.005,0.0004,https://cdn.cboe.com/api/global/delayed_quotes/options/QQQ.json,0.0018,0.0,-1141200.6951149998,-1141200.6951149998,0.0,-0.0011412006951149998,-0.0011412006951149998
QQQ,QQQ260518C00692000,2026-05-18,0,call,692.0,106.0,28.0,1.4847,0.0021,11.08,15.51,,0.9966,-0.005,0.0004,https://cdn.cboe.com/api/global/delayed_quotes/options/QQQ.json,0.0021,111124.79209649996,0.0,111124.79209649996,0.00011112479209649997,0.0,0.00011112479209649997
QQQ,QQQ260518P00692000,2026-05-18,0,put,692.0,1983.0,11485.0,1.3162,0.0021,0.0,0.01,,-0.0034,-0.005,0.0004,https://cdn.cboe.com/api/global/delayed_quotes/options/QQQ.json,0.0021,0.0,-2078872.2898807495,-2078872.2898807495,0.0,-0.0020788722898807495,-0.0020788722898807495
QQQ,QQQ260518C00693000,2026-05-18,0,call,693.0,304.0,300.0,1.3852,0.0024,10.53,14.55,,0.9964,-0.005,0.0004,https://cdn.cboe.com/api/global/delayed_quotes/options/QQQ.json,0.0024,364225.7336639999,0.0,364225.7336639999,0.00036422573366399986,0.0,0.00036422573366399986
QQQ,QQQ260518P00693000,2026-05-18,0,put,693.0,5127.0,19954.0,1.226,0.0024,0.0,0.01,,-0.0036,-0.005,0.0004,https://cdn.cboe.com/api/global/delayed_quotes/options/QQQ.json,0.0024,0.0,-6142714.922681998,-6142714.922681998,0.0,-0.006142714922681998,-0.006142714922681998
QQQ,QQQ260518C00694000,2026-05-18,0,call,694.0,158.0,119.0,1.2851,0.0027,9.36,13.55,,0.9961,-0.005,0.0004,https://cdn.cboe.com/api/global/delayed_quotes/options/QQQ.json,0.0027,212964.2242065,0.0,212964.2242065,0.0002129642242065,0.0,0.0002129642242065
QQQ,QQQ260518P00694000,2026-05-18,0,put,694.0,1827.0,18542.0,1.1354,0.0027,0.0,0.01,,-0.0039,-0.005,0.0004,https://cdn.cboe.com/api/global/delayed_quotes/options/QQQ.json,0.0027,0.0,-2462567.32674225,-2462567.32674225,0.0,-0.00246256732674225,-0.00246256732674225
QQQ,QQQ260518C00695000,2026-05-18,0,call,695.0,878.0,1575.0,1.1843,0.0032,8.6,12.54,,0.9958,-0.005,0.0005,https://cdn.cboe.com/api/global/delayed_quotes/options/QQQ.json,0.0032,1402588.5708640001,0.0,1402588.5708640001,0.0014025885708640001,0.0,0.0014025885708640001
QQQ,QQQ260518P00695000,2026-05-18,0,put,695.0,10030.0,58869.0,1.0442,0.0032,0.0,0.01,,-0.0042,-0.005,0.0005,https://cdn.cboe.com/api/global/delayed_quotes/options/QQQ.json,0.0032,0.0,-16022737.31864,-16022737.31864,0.0,-0.01602273731864,-0.01602273731864
QQQ,QQQ260518C00696000,2026-05-18,0,call,696.0,788.0,1689.0,1.0826,0.0037,7.19,11.18,,0.9954,-0.005,0.0005,https://cdn.cboe.com/api/global/delayed_quotes/options/QQQ.json,0.0037,1455505.1385289996,0.0,1455505.1385289996,0.0014555051385289996,0.0,0.0014555051385289996
QQQ,QQQ260518P00696000,2026-05-18,0,put,696.0,4037.0,56989.0,0.9524,0.0037,0.0,0.01,,-0.0046,-0.005,0.0005,https://cdn.cboe.com/api/global/delayed_quotes/options/QQQ.json,0.0037,0.0,-7456693.203352249,-7456693.203352249,0.0,-0.0074566932033522495,-0.0074566932033522495
QQQ,QQQ260518C00697000,2026-05-18,0,call,697.0,197.0,2909.0,0.98,0.0045,6.19,10.53,,0.995,-0.005,0.0006,https://cdn.cboe.com/api/global/delayed_quotes/options/QQQ.json,0.0045,442552.2380662499,0.0,442552.2380662499,0.0004425522380662499,0.0,0.0004425522380662499
QQQ,QQQ260518P00697000,2026-05-18,0,put,697.0,1371.0,105665.0,0.8599,0.0045,0.0,0.01,,-0.005,-0.005,0.0006,https://cdn.cboe.com/api/global/delayed_quotes/options/QQQ.json,0.0045,0.0,-3079894.0019737487,-3079894.0019737487,0.0,-0.0030798940019737485,-0.0030798940019737485
QQQ,QQQ260518C00698000,2026-05-18,0,call,698.0,247.0,7337.0,0.8763,0.0055,5.19,7.55,,0.9944,-0.005,0.0006,https://cdn.cboe.com/api/global/delayed_quotes/options/QQQ.json,0.0055,678180.72804625,0.0,678180.72804625,0.0006781807280462499,0.0,0.0006781807280462499
QQQ,QQQ260518P00698000,2026-05-18,0,put,698.0,2490.0,124957.0,0.7665,0.0055,0.0,0.01,,-0.0056,-0.005,0.0006,https://cdn.cboe.com/api/global/delayed_quotes/options/QQQ.json,0.0055,0.0,-6836720.699737498,-6836720.699737498,0.0,-0.006836720699737497,-0.006836720699737497
QQQ,QQQ260518C00699000,2026-05-18,0,call,699.0,360.0,20438.0,0.831,0.007,4.6,6.51,,0.9937,-0.005,0.0007,https://cdn.cboe.com/api/global/delayed_quotes/options/QQQ.json,0.007,1258016.5142999997,0.0,1258016.5142999997,0.0012580165142999998,0.0,0.0012580165142999998
QQQ,QQQ260518P00699000,2026-05-18,0,put,699.0,1562.0,155177.0,0.6721,0.007,0.0,0.01,,-0.0063,-0.005,0.0007,https://cdn.cboe.com/api/global/delayed_quotes/options/QQQ.json,0.007,0.0,-5458393.875934999,-5458393.875934999,0.0,-0.005458393875935,-0.005458393875935
QQQ,QQQ260518C00700000,2026-05-18,0,call,700.0,1661.0,106796.0,0.718,0.0092,4.98,5.51,,0.9928,-0.005,0.0008,https://cdn.cboe.com/api/global/delayed_quotes/options/QQQ.json,0.0092,7628572.205682999,0.0,7628572.205682999,0.007628572205682999,0.0,0.007628572205682999
QQQ,QQQ260518P00700000,2026-05-18,0,put,700.0,11830.0,288207.0,0.5765,0.0092,0.0,0.01,,-0.0072,-0.005,0.0008,https://cdn.cboe.com/api/global/delayed_quotes/options/QQQ.json,0.0092,0.0,-54332335.456489995,-54332335.456489995,0.0,-0.054332335456489994,-0.054332335456489994
QQQ,QQQ260518C00701000,2026-05-18,0,call,701.0,311.0,97422.0,0.6026,0.0127,3.7,6.41,,0.9915,-0.005,0.0009,https://cdn.cboe.com/api/global/delayed_quotes/options/QQQ.json,0.0127,1971741.2010042497,0.0,1971741.2010042497,0.0019717412010042496,0.0,0.0019717412010042496
QQQ,QQQ260518P00701000,2026-05-18,0,put,701.0,2878.0,151436.0,0.4794,0.0127,0.0,0.01,,-0.0085,-0.005,0.0009,https://cdn.cboe.com/api/global/delayed_quotes/options/QQQ.json,0.0127,0.0,-18246531.114116494,-18246531.114116494,0.0,-0.018246531114116494,-0.018246531114116494
QQQ,QQQ260518C00702000,2026-05-18,0,call,702.0,460.0,150445.0,0.0,0.0193,1.19,5.0,,0.9896,-0.005,0.0011,https://cdn.cboe.com/api/global/delayed_quotes/options/QQQ.json,0.0193,4432012.148394999,0.0,4432012.148394999,0.004432012148394999,0.0,0.004432012148394999
QQQ,QQQ260518P00702000,2026-05-18,0,put,702.0,3018.0,176437.0,0.3801,0.0193,0.01,0.02,,-0.0104,-0.005,0.0011,https://cdn.cboe.com/api/global/delayed_quotes/options/QQQ.json,0.0193,0.0,-29077853.6170785,-29077853.6170785,0.0,-0.0290778536170785,-0.0290778536170785
QQQ,QQQ260518C00703000,2026-05-18,0,call,703.0,304.0,179940.0,0.3076,0.0566,1.75,4.88,,0.9687,-0.015,0.0028,https://cdn.cboe.com/api/global/delayed_quotes/options/QQQ.json,0.0566,8589656.885575999,0.0,8589656.885575999,0.008589656885575999,0.0,0.008589656885575999
QQQ,QQQ260518P00703000,2026-05-18,0,put,703.0,6198.0,197848.0,0.3288,0.0566,0.01,0.02,,-0.0313,-0.015,0.0028,https://cdn.cboe.com/api/global/delayed_quotes/options/QQQ.json,0.0566,0.0,-175127280.844737,-175127280.844737,0.0,-0.175127280844737,-0.175127280844737
QQQ,QQQ260518C00704000,2026-05-18,0,call,704.0,337.0,241399.0,0.2576,0.1472,0.98,3.8,,0.9341,-0.025,0.0051,https://cdn.cboe.com/api/global/delayed_quotes/options/QQQ.json,0.1472,24764154.926576,0.0,24764154.926576,0.024764154926576,0.0,0.024764154926576
QQQ,QQQ260518P00704000,2026-05-18,0,put,704.0,3192.0,168372.0,0.2302,0.1472,0.02,0.03,,-0.0659,-0.025,0.0051,https://cdn.cboe.com/api/global/delayed_quotes/options/QQQ.json,0.1472,0.0,-234561372.47961593,-234561372.47961593,0.0,-0.23456137247961592,-0.23456137247961592
QQQ,QQQ260518C00705000,2026-05-18,0,call,705.0,1855.0,235535.0,0.1915,0.4959,0.2,0.99,,0.6634,-0.1644,0.0139,https://cdn.cboe.com/api/global/delayed_quotes/options/QQQ.json,0.4959,459223203.3387862,0.0,459223203.3387862,0.4592232033387862,0.0,0.4592232033387862
QQQ,QQQ260518P00705000,2026-05-18,0,put,705.0,6451.0,140814.0,0.1951,0.4959,0.15,0.21,,-0.3366,-0.1644,0.0139,https://cdn.cboe.com/api/global/delayed_quotes/options/QQQ.json,0.4959,0.0,-1597007485.0342371,-1597007485.0342371,0.0,-1.597007485034237,-1.597007485034237
QQQ,QQQ260518C00706000,2026-05-18,0,call,706.0,1066.0,192001.0,0.1905,0.3504,0.06,0.07,,0.1694,-0.0651,0.0098,https://cdn.cboe.com/api/global/delayed_quotes/options/QQQ.json,0.3504,186469198.30437595,0.0,186469198.30437595,0.18646919830437594,0.0,0.18646919830437594
QQQ,QQQ260518P00706000,2026-05-18,0,put,706.0,2704.0,71541.0,0.2056,0.3504,0.44,4.88,,-0.8306,-0.0651,0.0098,https://cdn.cboe.com/api/global/delayed_quotes/options/QQQ.json,0.3504,0.0,-472995039.60134387,-472995039.60134387,0.0,-0.47299503960134387,-0.47299503960134387
QQQ,QQQ260518C00707000,2026-05-18,0,call,707.0,2177.0,139956.0,0.2536,0.0884,0.01,0.02,,0.0392,-0.015,0.0034,https://cdn.cboe.com/api/global/delayed_quotes/options/QQQ.json,0.0884,96071925.604837,0.0,96071925.604837,0.096071925604837,0.0,0.096071925604837
QQQ,QQQ260518P00707000,2026-05-18,0,put,707.0,6163.0,80415.0,0.0,0.0884,0.5,1.96,,-0.9608,-0.015,0.0034,https://cdn.cboe.com/api/global/delayed_quotes/options/QQQ.json,0.0884,0.0,-271975782.040703,-271975782.040703,0.0,-0.271975782040703,-0.271975782040703
QQQ,QQQ260518C00708000,2026-05-18,0,call,708.0,2024.0,135108.0,0.316,0.0268,0.0,0.01,,0.0124,-0.005,0.0013,https://cdn.cboe.com/api/global/delayed_quotes/options/QQQ.json,0.0268,27078905.312887993,0.0,27078905.312887993,0.027078905312887994,0.0,0.027078905312887994
QQQ,QQQ260518P00708000,2026-05-18,0,put,708.0,2631.0,81303.0,1.2953,0.0268,1.7,5.0,,-0.9876,-0.005,0.0013,https://cdn.cboe.com/api/global/delayed_quotes/options/QQQ.json,0.0268,0.0,-35199901.12559699,-35199901.12559699,0.0,-0.03519990112559699,-0.03519990112559699
QQQ,QQQ260518C00709000,2026-05-18,0,call,709.0,3796.0,151319.0,0.4845,0.029,0.01,0.02,,0.0223,-0.015,0.0021,https://cdn.cboe.com/api/global/delayed_quotes/options/QQQ.json,0.029,54955353.15880999,0.0,54955353.15880999,0.05495535315880999,0.0,0.05495535315880999
QQQ,QQQ260518P00709000,2026-05-18,0,put,709.0,3792.0,55354.0,0.0,0.029,2.72,5.78,,-0.9777,-0.015,0.0021,https://cdn.cboe.com/api/global/delayed_quotes/options/QQQ.json,0.029,0.0,-54897444.46212,-54897444.46212,0.0,-0.05489744446212,-0.05489744446212
QQQ,QQQ260518C00710000,2026-05-18,0,call,710.0,4413.0,223733.0,0.5131,0.0113,0.0,0.01,,0.008,-0.005,0.0009,https://cdn.cboe.com/api/global/delayed_quotes/options/QQQ.json,0.0113,24894199.887677245,0.0,24894199.887677245,0.024894199887677246,0.0,0.024894199887677246
QQQ,QQQ260518P00710000,2026-05-18,0,put,710.0,4714.0,52259.0,0.0,0.0113,2.55,4.9,,-0.992,-0.005,0.0009,https://cdn.cboe.com/api/global/delayed_quotes/options/QQQ.json,0.0113,0.0,-26592172.732950494,-26592172.732950494,0.0,-0.026592172732950493,-0.026592172732950493
QQQ,QQQ260518C00711000,2026-05-18,0,call,711.0,3186.0,109606.0,0.6081,0.0083,0.0,0.01,,0.0069,-0.005,0.0008,https://cdn.cboe.com/api/global/delayed_quotes/options/QQQ.json,0.0083,13201086.1511295,0.0,13201086.1511295,0.013201086151129499,0.0,0.013201086151129499
QQQ,QQQ260518P00711000,2026-05-18,0,put,711.0,2831.0,20930.0,0.0,0.0083,3.51,7.87,,-0.9931,-0.005,0.0008,https://cdn.cboe.com/api/global/delayed_quotes/options/QQQ.json,0.0083,0.0,-11730155.333913248,-11730155.333913248,0.0,-0.011730155333913249,-0.011730155333913249
QQQ,QQQ260518C00712000,2026-05-18,0,call,712.0,4300.0,120921.0,0.7014,0.0065,0.0,0.01,,0.006,-0.005,0.0007,https://cdn.cboe.com/api/global/delayed_quotes/options/QQQ.json,0.0065,13953000.624874998,0.0,13953000.624874998,0.013953000624874997,0.0,0.013953000624874997
QQQ,QQQ260518P00712000,2026-05-18,0,put,712.0,2532.0,11401.0,0.0,0.0065,4.48,8.29,,-0.994,-0.005,0.0007,https://cdn.cboe.com/api/global/delayed_quotes/options/QQQ.json,0.0065,0.0,-8216045.949344997,-8216045.949344997,0.0,-0.008216045949344997,-0.008216045949344997
QQQ,QQQ260518C00713000,2026-05-18,0,call,713.0,2521.0,90377.0,0.7934,0.0052,0.0,0.01,,0.0054,-0.005,0.0006,https://cdn.cboe.com/api/global/delayed_quotes/options/QQQ.json,0.0052,6544281.7814529985,0.0,6544281.7814529985,0.0065442817814529985,0.0,0.0065442817814529985
QQQ,QQQ260518P00713000,2026-05-18,0,put,713.0,3321.0,5366.0,0.0,0.0052,5.48,9.32,,-0.9946,-0.005,0.0006,https://cdn.cboe.com/api/global/delayed_quotes/options/QQQ.json,0.0052,0.0,-8621007.455852997,-8621007.455852997,0.0,-0.008621007455852996,-0.008621007455852996
QQQ,QQQ260518C00714000,2026-05-18,0,call,714.0,2260.0,69084.0,0.8842,0.0043,0.0,0.01,,0.0049,-0.005,0.0006,https://cdn.cboe.com/api/global/delayed_quotes/options/QQQ.json,0.0043,4851350.986494999,0.0,4851350.986494999,0.004851350986494999,0.0,0.004851350986494999
QQQ,QQQ260518P00714000,2026-05-18,0,put,714.0,3397.0,3707.0,0.0,0.0043,6.51,10.29,,-0.9951,-0.005,0.0006,https://cdn.cboe.com/api/global/delayed_quotes/options/QQQ.json,0.0043,0.0,-7292052.788107749,-7292052.788107749,0.0,-0.0072920527881077495,-0.0072920527881077495
QQQ,QQQ260518C00715000,2026-05-18,0,call,715.0,6406.0,100464.0,0.9739,0.0036,0.0,0.01,,0.0045,-0.005,0.0005,https://cdn.cboe.com/api/global/delayed_quotes/options/QQQ.json,0.0036,11512648.272293998,0.0,11512648.272293998,0.011512648272293998,0.0,0.011512648272293998
QQQ,QQQ260518P00715000,2026-05-18,0,put,715.0,1920.0,3039.0,0.0,0.0036,7.86,10.2,,-0.9955,-0.005,0.0005,https://cdn.cboe.com/api/global/delayed_quotes/options/QQQ.json,0.0036,0.0,-3450559.5820799996,-3450559.5820799996,0.0,-0.00345055958208,-0.00345055958208
QQQ,QQQ260518C00716000,2026-05-18,0,call,716.0,2911.0,33264.0,1.0627,0.0031,0.0,0.01,,0.0042,-0.005,0.0005,https://cdn.cboe.com/api/global/delayed_quotes/options/QQQ.json,0.0031,4504947.153450249,0.0,4504947.153450249,0.004504947153450249,0.0,0.004504947153450249
QQQ,QQQ260518P00716000,2026-05-18,0,put,716.0,731.0,942.0,0.0,0.0031,8.51,12.22,,-0.9958,-0.005,0.0005,https://cdn.cboe.com/api/global/delayed_quotes/options/QQQ.json,0.0031,0.0,-1131266.3583552497,-1131266.3583552497,0.0,-0.0011312663583552497,-0.0011312663583552497
QQQ,QQQ260518C00717000,2026-05-18,0,call,717.0,1758.0,27415.0,1.1506,0.0026,0.0,0.01,,0.0039,-0.005,0.0004,https://cdn.cboe.com/api/global/delayed_quotes/options/QQQ.json,0.0026,2281802.3347469997,0.0,2281802.3347469997,0.0022818023347469995,0.0,0.0022818023347469995
QQQ,QQQ260518P00717000,2026-05-18,0,put,717.0,864.0,691.0,0.0,0.0026,9.51,13.42,,-0.9961,-0.005,0.0004,https://cdn.cboe.com/api/global/delayed_quotes/options/QQQ.json,0.0026,0.0,-1121431.8641759998,-1121431.8641759998,0.0,-0.0011214318641759998,-0.0011214318641759998
QQQ,QQQ260518C00718000,2026-05-18,0,call,718.0,2281.0,18208.0,1.2379,0.0023,0.0,0.01,,0.0036,-0.005,0.0004,https://cdn.cboe.com/api/global/delayed_quotes/options/QQQ.json,0.0023,2619020.6503857495,0.0,2619020.6503857495,0.0026190206503857497,0.0,0.0026190206503857497
QQQ,QQQ260518P00718000,2026-05-18,0,put,718.0,1355.0,601.0,0.0,0.0023,10.51,14.52,,-0.9964,-0.005,0.0004,https://cdn.cboe.com/api/global/delayed_quotes/options/QQQ.json,0.0023,0.0,-1555797.0106412498,-1555797.0106412498,0.0,-0.0015557970106412499,-0.0015557970106412499
QQQ,QQQ260518C00719000,2026-05-18,0,call,719.0,1526.0,9166.0,1.3244,0.0021,0.0,0.01,,0.0034,-0.005,0.0004,https://cdn.cboe.com/api/global/delayed_quotes/options/QQQ.json,0.0021,1599777.6673514994,0.0,1599777.6673514994,0.0015997776673514995,0.0,0.0015997776673514995
QQQ,QQQ260518P00719000,2026-05-18,0,put,719.0,714.0,475.0,0.0,0.0021,11.49,15.54,,-0.9966,-0.005,0.0004,https://cdn.cboe.com/api/global/delayed_quotes/options/QQQ.json,0.0021,0.0,-748519.8260084998,-748519.8260084998,0.0,-0.0007485198260084998,-0.0007485198260084998
QQQ,QQQ260518C00720000,2026-05-18,0,call,720.0,10950.0,23074.0,1.4102,0.0018,0.0,0.01,,0.0032,-0.005,0.0004,https://cdn.cboe.com/api/global/delayed_quotes/options/QQQ.json,0.0018,9839486.308275,0.0,9839486.308275,0.009839486308274999,0.0,0.009839486308274999
QQQ,QQQ260518P00720000,2026-05-18,0,put,720.0,4333.0,6435.0,0.0,0.0018,12.47,16.48,,-0.9968,-0.005,0.0004,https://cdn.cboe.com/api/global/delayed_quotes/options/QQQ.json,0.0018,0.0,-3893561.1117584994,-3893561.1117584994,0.0,-0.0038935611117584994,-0.0038935611117584994
QQQ,QQQ260518C00721000,2026-05-18,0,call,721.0,4865.0,9038.0,1.4955,0.0016,0.0,0.01,,0.0031,-0.005,0.0004,https://cdn.cboe.com/api/global/delayed_quotes/options/QQQ.json,0.0016,3885873.23306,0.0,3885873.23306,0.00388587323306,0.0,0.00388587323306
QQQ,QQQ260518P00721000,2026-05-18,0,put,721.0,499.0,81.0,0.0,0.0016,13.48,17.6,,-0.9969,-0.005,0.0004,https://cdn.cboe.com/api/global/delayed_quotes/options/QQQ.json,0.0016,0.0,-398571.5813559999,-398571.5813559999,0.0,-0.0003985715813559999,-0.0003985715813559999
QQQ,QQQ260518C00722000,2026-05-18,0,call,722.0,2094.0,8273.0,1.5802,0.0015,0.0,0.01,,0.0029,-0.005,0.0003,https://cdn.cboe.com/api/global/delayed_quotes/options/QQQ.json,0.0015,1568027.7267525,0.0,1568027.7267525,0.0015680277267525,0.0,0.0015680277267525
QQQ,QQQ260518P00722000,2026-05-18,0,put,722.0,682.0,143.0,0.0,0.0015,14.49,18.39,,-0.9971,-0.005,0.0003,https://cdn.cboe.com/api/global/delayed_quotes/options/QQQ.json,0.0015,0.0,-510694.7992575,-510694.7992575,0.0,-0.0005106947992574999,-0.0005106947992574999
QQQ,QQQ260518C00723000,2026-05-18,0,call,723.0,3502.0,10630.0,1.6644,0.0014,0.0,0.01,,0.0028,-0.005,0.0003,https://cdn.cboe.com/api/global/delayed_quotes/options/QQQ.json,0.0014,2447541.018377,0.0,2447541.018377,0.002447541018377,0.0,0.002447541018377
QQQ,QQQ260518P00723000,2026-05-18,0,put,723.0,202.0,8.0,0.0,0.0014,15.68,19.35,,-0.9972,-0.005,0.0003,https://cdn.cboe.com/api/global/delayed_quotes/options/QQQ.json,0.0014,0.0,-141177.40882699998,-141177.40882699998,0.0,-0.00014117740882699998,-0.00014117740882699998
QQQ,QQQ260518C00724000,2026-05-18,0,call,724.0,1386.0,11096.0,1.748,0.0009,0.0,0.01,,0.0017,-0.0029,0.0002,https://cdn.cboe.com/api/global/delayed_quotes/options/QQQ.json,0.0009,622718.1745785,0.0,622718.1745785,0.0006227181745785,0.0,0.0006227181745785
QQQ,QQQ260518P00724000,2026-05-18,0,put,724.0,43.0,33.0,0.0,0.0009,16.48,20.39,,-0.9983,-0.0029,0.0002,https://cdn.cboe.com/api/global/delayed_quotes/options/QQQ.json,0.0009,0.0,-19319.539326749997,-19319.539326749997,0.0,-1.9319539326749997e-05,-1.9319539326749997e-05
QQQ,QQQ260518C00725000,2026-05-18,0,call,725.0,2768.0,7169.0,1.8312,0.0006,0.0,0.01,,0.001,-0.0017,0.0001,https://cdn.cboe.com/api/global/delayed_quotes/options/QQQ.json,0.0006,829092.7884719998,0.0,829092.7884719998,0.0008290927884719998,0.0,0.0008290927884719998
QQQ,QQQ260518P00725000,2026-05-18,0,put,725.0,128.0,49.0,0.0,0.0006,17.47,21.5,,-0.999,-0.0017,0.0001,https://cdn.cboe.com/api/global/delayed_quotes/options/QQQ.json,0.0006,0.0,-38339.55091199999,-38339.55091199999,0.0,-3.833955091199999e-05,-3.833955091199999e-05
QQQ,QQQ260518C00726000,2026-05-18,0,call,726.0,1600.0,3499.0,1.914,0.0003,0.0,0.01,,0.0006,-0.0009,0.0001,https://cdn.cboe.com/api/global/delayed_quotes/options/QQQ.json,0.0003,239622.19319999998,0.0,239622.19319999998,0.0002396221932,0.0,0.0002396221932
QQQ,QQQ260518P00726000,2026-05-18,0,put,726.0,5.0,2.0,0.0,0.0003,18.48,22.32,,-0.9994,-0.0009,0.0001,https://cdn.cboe.com/api/global/delayed_quotes/options/QQQ.json,0.0003,0.0,-748.8193537499999,-748.8193537499999,0.0,-7.488193537499999e-07,-7.488193537499999e-07
QQQ,QQQ260518C00727000,2026-05-18,0,call,727.0,2207.0,2935.0,1.9963,0.0002,0.0,0.01,,0.0004,-0.0005,0.0,https://cdn.cboe.com/api/global/delayed_quotes/options/QQQ.json,0.0002,220352.57516349998,0.0,220352.57516349998,0.00022035257516349996,0.0,0.00022035257516349996
QQQ,QQQ260518P00727000,2026-05-18,0,put,727.0,113.0,9.0,0.0,0.0002,19.5,23.4,,-0.9996,-0.0005,0.0,https://cdn.cboe.com/api/global/delayed_quotes/options/QQQ.json,0.0002,0.0,-11282.211596499998,-11282.211596499998,0.0,-1.1282211596499997e-05,-1.1282211596499997e-05
QQQ,QQQ260518C00728000,2026-05-18,0,call,728.0,1897.0,3074.0,2.0783,0.0001,0.0,0.01,,0.0002,-0.0003,0.0,https://cdn.cboe.com/api/global/delayed_quotes/options/QQQ.json,0.0001,94700.68760425,0.0,94700.68760425,9.470068760425e-05,0.0,9.470068760425e-05
QQQ,QQQ260518P00728000,2026-05-18,0,put,728.0,2.0,2.0,0.0,0.0001,20.9,24.85,,-0.9998,-0.0003,0.0,https://cdn.cboe.com/api/global/delayed_quotes/options/QQQ.json,0.0001,0.0,-99.84258049999998,-99.84258049999998,0.0,-9.984258049999998e-08,-9.984258049999998e-08
QQQ,QQQ260518C00729000,2026-05-18,0,call,729.0,1579.0,3166.0,2.1598,0.0001,0.0,0.01,,0.0001,-0.0001,0.0,https://cdn.cboe.com/api/global/delayed_quotes/options/QQQ.json,0.0001,78825.71730475,0.0,78825.71730475,7.882571730475e-05,0.0,7.882571730475e-05
QQQ,QQQ260518P00729000,2026-05-18,0,put,729.0,13501.0,0.0,0.0,0.0001,21.82,25.86,,-0.9999,-0.0001,0.0,https://cdn.cboe.com/api/global/delayed_quotes/options/QQQ.json,0.0001,0.0,-673987.33966525,-673987.33966525,0.0,-0.00067398733966525,-0.00067398733966525
QQQ,QQQ260518C00730000,2026-05-18,0,call,730.0,2779.0,5737.0,2.241,0.0,0.0,0.01,,0.0001,-0.0001,0.0,https://cdn.cboe.com/api/global/delayed_quotes/options/QQQ.json,0.0,0.0,0.0,0.0,0.0,0.0,0.0
QQQ,QQQ260518P00730000,2026-05-18,0,put,730.0,15.0,24.0,0.0,0.0,22.47,26.33,,-0.9999,-0.0001,0.0,https://cdn.cboe.com/api/global/delayed_quotes/options/QQQ.json,0.0,0.0,-0.0,0.0,0.0,-0.0,0.0
QQQ,QQQ260518C00731000,2026-05-18,0,call,731.0,1124.0,1536.0,2.3217,0.0,0.0,0.01,,0.0,0.0,0.0,https://cdn.cboe.com/api/global/delayed_quotes/options/QQQ.json,0.0,0.0,0.0,0.0,0.0,0.0,0.0
QQQ,QQQ260518P00731000,2026-05-18,0,put,731.0,250.0,8.0,0.0,0.0,23.47,27.94,,-1.0,0.0,0.0,https://cdn.cboe.com/api/global/delayed_quotes/options/QQQ.json,0.0,0.0,-0.0,0.0,0.0,-0.0,0.0
QQQ,QQQ260518C00732000,2026-05-18,0,call,732.0,1350.0,2345.0,2.4022,0.0,0.0,0.01,,0.0,0.0,0.0,https://cdn.cboe.com/api/global/delayed_quotes/options/QQQ.json,0.0,0.0,0.0,0.0,0.0,0.0,0.0
QQQ,QQQ260518C00733000,2026-05-18,0,call,733.0,562.0,1273.0,2.4822,0.0,0.0,0.01,,0.0,0.0,0.0,https://cdn.cboe.com/api/global/delayed_quotes/options/QQQ.json,0.0,0.0,0.0,0.0,0.0,0.0,0.0
QQQ,QQQ260518C00734000,2026-05-18,0,call,734.0,2723.0,915.0,2.562,0.0,0.0,0.01,,0.0,0.0,0.0,https://cdn.cboe.com/api/global/delayed_quotes/options/QQQ.json,0.0,0.0,0.0,0.0,0.0,0.0,0.0
QQQ,QQQ260518C00735000,2026-05-18,0,call,735.0,2462.0,212.0,2.6414,0.0,0.0,0.01,,0.0,0.0,0.0,https://cdn.cboe.com/api/global/delayed_quotes/options/QQQ.json,0.0,0.0,0.0,0.0,0.0,0.0,0.0
QQQ,QQQ260518P00735000,2026-05-18,0,put,735.0,39.0,96.0,0.0,0.0,27.47,31.8,,-1.0,0.0,0.0,https://cdn.cboe.com/api/global/delayed_quotes/options/QQQ.json,0.0,0.0,-0.0,0.0,0.0,-0.0,0.0
QQQ,QQQ260518C00736000,2026-05-18,0,call,736.0,652.0,36.0,2.7205,0.0,0.0,0.01,,0.0,0.0,0.0,https://cdn.cboe.com/api/global/delayed_quotes/options/QQQ.json,0.0,0.0,0.0,0.0,0.0,0.0,0.0
QQQ,QQQ260518C00737000,2026-05-18,0,call,737.0,1130.0,4.0,2.7993,0.0,0.0,0.01,,0.0,0.0,0.0,https://cdn.cboe.com/api/global/delayed_quotes/options/QQQ.json,0.0,0.0,0.0,0.0,0.0,0.0,0.0
QQQ,QQQ260518C00738000,2026-05-18,0,call,738.0,854.0,32.0,2.8779,0.0,0.0,0.01,,0.0,0.0,0.0,https://cdn.cboe.com/api/global/delayed_quotes/options/QQQ.json,0.0,0.0,0.0,0.0,0.0,0.0,0.0
QQQ,QQQ260518C00739000,2026-05-18,0,call,739.0,550.0,10.0,2.9561,0.0,0.0,0.01,,0.0,0.0,0.0,https://cdn.cboe.com/api/global/delayed_quotes/options/QQQ.json,0.0,0.0,0.0,0.0,0.0,0.0,0.0
QQQ,QQQ260518C00740000,2026-05-18,0,call,740.0,2858.0,50.0,3.034,0.0,0.0,0.01,,0.0,0.0,0.0,https://cdn.cboe.com/api/global/delayed_quotes/options/QQQ.json,0.0,0.0,0.0,0.0,0.0,0.0,0.0
QQQ,QQQ260518C00741000,2026-05-18,0,call,741.0,649.0,98.0,3.1117,0.0,0.0,0.01,,0.0,0.0,0.0,https://cdn.cboe.com/api/global/delayed_quotes/options/QQQ.json,0.0,0.0,0.0,0.0,0.0,0.0,0.0
QQQ,QQQ260518C00742000,2026-05-18,0,call,742.0,550.0,42.0,3.1891,0.0,0.0,0.01,,0.0,0.0,0.0,https://cdn.cboe.com/api/global/delayed_quotes/options/QQQ.json,0.0,0.0,0.0,0.0,0.0,0.0,0.0
QQQ,QQQ260518C00743000,2026-05-18,0,call,743.0,189.0,0.0,3.2662,0.0,0.0,0.01,,0.0,0.0,0.0,https://cdn.cboe.com/api/global/delayed_quotes/options/QQQ.json,0.0,0.0,0.0,0.0,0.0,0.0,0.0
QQQ,QQQ260518C00744000,2026-05-18,0,call,744.0,158.0,0.0,3.3431,0.0,0.0,0.01,,0.0,0.0,0.0,https://cdn.cboe.com/api/global/delayed_quotes/options/QQQ.json,0.0,0.0,0.0,0.0,0.0,0.0,0.0
QQQ,QQQ260518C00745000,2026-05-18,0,call,745.0,1048.0,23.0,3.4198,0.0,0.0,0.01,,0.0,0.0,0.0,https://cdn.cboe.com/api/global/delayed_quotes/options/QQQ.json,0.0,0.0,0.0,0.0,0.0,0.0,0.0
QQQ,QQQ260518C00746000,2026-05-18,0,call,746.0,140.0,0.0,3.4962,0.0,0.0,0.01,,0.0,0.0,0.0,https://cdn.cboe.com/api/global/delayed_quotes/options/QQQ.json,0.0,0.0,0.0,0.0,0.0,0.0,0.0
QQQ,QQQ260518C00747000,2026-05-18,0,call,747.0,36.0,0.0,3.5724,0.0,0.0,4.8,,0.0,0.0,0.0,https://cdn.cboe.com/api/global/delayed_quotes/options/QQQ.json,0.0,0.0,0.0,0.0,0.0,0.0,0.0
QQQ,QQQ260518C00748000,2026-05-18,0,call,748.0,402.0,5.0,3.6483,0.0,0.0,0.01,,0.0,0.0,0.0,https://cdn.cboe.com/api/global/delayed_quotes/options/QQQ.json,0.0,0.0,0.0,0.0,0.0,0.0,0.0
QQQ,QQQ260518C00749000,2026-05-18,0,call,749.0,417.0,0.0,3.724,0.0,0.0,0.01,,0.0,0.0,0.0,https://cdn.cboe.com/api/global/delayed_quotes/options/QQQ.json,0.0,0.0,0.0,0.0,0.0,0.0,0.0
QQQ,QQQ260518C00750000,2026-05-18,0,call,750.0,1659.0,6.0,3.7994,0.0,0.0,0.01,,0.0,0.0,0.0,https://cdn.cboe.com/api/global/delayed_quotes/options/QQQ.json,0.0,0.0,0.0,0.0,0.0,0.0,0.0
QQQ,QQQ260518P00750000,2026-05-18,0,put,750.0,4.0,0.0,0.0,0.0,42.51,46.76,,-1.0,0.0,0.0,https://cdn.cboe.com/api/global/delayed_quotes/options/QQQ.json,0.0,0.0,-0.0,0.0,0.0,-0.0,0.0
QQQ,QQQ260518C00751000,2026-05-18,0,call,751.0,1.0,0.0,3.8747,0.0,0.0,4.8,,0.0,0.0,0.0,https://cdn.cboe.com/api/global/delayed_quotes/options/QQQ.json,0.0,0.0,0.0,0.0,0.0,0.0,0.0
QQQ,QQQ260518C00752000,2026-05-18,0,call,752.0,30.0,0.0,3.9497,0.0,0.0,4.8,,0.0,0.0,0.0,https://cdn.cboe.com/api/global/delayed_quotes/options/QQQ.json,0.0,0.0,0.0,0.0,0.0,0.0,0.0
QQQ,QQQ260518C00755000,2026-05-18,0,call,755.0,259.0,7.0,4.1735,0.0,0.0,0.01,,0.0,0.0,0.0,https://cdn.cboe.com/api/global/delayed_quotes/options/QQQ.json,0.0,0.0,0.0,0.0,0.0,0.0,0.0
QQQ,QQQ260518C00760000,2026-05-18,0,call,760.0,48.0,1.0,4.5424,0.0,0.0,2.05,,0.0,0.0,0.0,https://cdn.cboe.com/api/global/delayed_quotes/options/QQQ.json,0.0,0.0,0.0,0.0,0.0,0.0,0.0
QQQ,QQQ260518C00765000,2026-05-18,0,call,765.0,56.0,0.0,4.9064,0.0,0.0,4.8,,0.0,0.0,0.0,https://cdn.cboe.com/api/global/delayed_quotes/options/QQQ.json,0.0,0.0,0.0,0.0,0.0,0.0,0.0
QQQ,QQQ260518C00770000,2026-05-18,0,call,770.0,22.0,0.0,5.2658,0.0,0.0,2.08,,0.0,0.0,0.0,https://cdn.cboe.com/api/global/delayed_quotes/options/QQQ.json,0.0,0.0,0.0,0.0,0.0,0.0,0.0
QQQ,QQQ260518C00775000,2026-05-18,0,call,775.0,1.0,0.0,5.621,0.0,0.0,4.8,,0.0,0.0,0.0,https://cdn.cboe.com/api/global/delayed_quotes/options/QQQ.json,0.0,0.0,0.0,0.0,0.0,0.0,0.0
QQQ,QQQ260518C00780000,2026-05-18,0,call,780.0,22.0,0.0,5.972,0.0,0.0,0.01,,0.0,0.0,0.0,https://cdn.cboe.com/api/global/delayed_quotes/options/QQQ.json,0.0,0.0,0.0,0.0,0.0,0.0,0.0
QQQ,QQQ260518C00785000,2026-05-18,0,call,785.0,205.0,0.0,6.3192,0.0,0.0,4.8,,0.0,0.0,0.0,https://cdn.cboe.com/api/global/delayed_quotes/options/QQQ.json,0.0,0.0,0.0,0.0,0.0,0.0,0.0
QQQ,QQQ260518C00790000,2026-05-18,0,call,790.0,63.0,10.0,6.6628,0.0,0.0,0.01,,0.0,0.0,0.0,https://cdn.cboe.com/api/global/delayed_quotes/options/QQQ.json,0.0,0.0,0.0,0.0,0.0,0.0,0.0
QQQ,QQQ260518C00795000,2026-05-18,0,call,795.0,207.0,0.0,7.0027,0.0,0.0,0.01,,0.0,0.0,0.0,https://cdn.cboe.com/api/global/delayed_quotes/options/QQQ.json,0.0,0.0,0.0,0.0,0.0,0.0,0.0
QQQ,QQQ260518C00800000,2026-05-18,0,call,800.0,542.0,10.0,7.3393,0.0,0.0,4.8,,0.0,0.0,0.0,https://cdn.cboe.com/api/global/delayed_quotes/options/QQQ.json,0.0,0.0,0.0,0.0,0.0,0.0,0.0
QQQ,QQQ260519C00420000,2026-05-19,1,call,420.0,1.0,0.0,3.329,0.0,283.22,287.54,,1.0,0.0,0.0,https://cdn.cboe.com/api/global/delayed_quotes/options/QQQ.json,0.0,0.0,0.0,0.0,0.0,0.0,0.0
QQQ,QQQ260519P00470000,2026-05-19,1,put,470.0,5.0,0.0,2.3731,0.0,0.0,0.84,,0.0,-0.0004,0.0,https://cdn.cboe.com/api/global/delayed_quotes/options/QQQ.json,0.0,0.0,-0.0,0.0,0.0,-0.0,0.0
QQQ,QQQ260519P00485000,2026-05-19,1,put,485.0,380.0,1.0,2.0939,0.0,0.0,0.01,,0.0,-0.0004,0.0,https://cdn.cboe.com/api/global/delayed_quotes/options/QQQ.json,0.0,0.0,-0.0,0.0,0.0,-0.0,0.0
QQQ,QQQ260519P00490000,2026-05-19,1,put,490.0,1662.0,1.0,2.0397,0.0,0.0,0.01,,0.0,-0.0004,0.0,https://cdn.cboe.com/api/global/delayed_quotes/options/QQQ.json,0.0,0.0,-0.0,0.0,0.0,-0.0,0.0
QQQ,QQQ260519P00500000,2026-05-19,1,put,500.0,1.0,0.0,1.9328,0.0,0.0,0.01,,0.0,-0.0004,0.0,https://cdn.cboe.com/api/global/delayed_quotes/options/QQQ.json,0.0,0.0,-0.0,0.0,0.0,-0.0,0.0
QQQ,QQQ260519C00505000,2026-05-19,1,call,505.0,8.0,8.0,2.23,0.0,198.23,202.55,,0.9999,0.0,0.0001,https://cdn.cboe.com/api/global/delayed_quotes/options/QQQ.json,0.0,0.0,0.0,0.0,0.0,0.0,0.0
QQQ,QQQ260519P00505000,2026-05-19,1,put,505.0,54.0,0.0,1.976,0.0,0.0,0.84,,0.0,-0.0005,0.0001,https://cdn.cboe.com/api/global/delayed_quotes/options/QQQ.json,0.0,0.0,-0.0,0.0,0.0,-0.0,0.0
QQQ,QQQ260519P00510000,2026-05-19,1,put,510.0,1.0,0.0,1.8278,0.0,0.0,0.01,,0.0,-0.0005,0.0001,https://cdn.cboe.com/api/global/delayed_quotes/options/QQQ.json,0.0,0.0,-0.0,0.0,0.0,-0.0,0.0
QQQ,QQQ260519P00515000,2026-05-19,1,put,515.0,5013.0,9.0,1.776,0.0,0.0,0.01,,0.0,-0.0005,0.0001,https://cdn.cboe.com/api/global/delayed_quotes/options/QQQ.json,0.0,0.0,-0.0,0.0,0.0,-0.0,0.0
QQQ,QQQ260519P00520000,2026-05-19,1,put,520.0,501.0,0.0,1.8134,0.0,0.0,1.68,,0.0,-0.0005,0.0001,https://cdn.cboe.com/api/global/delayed_quotes/options/QQQ.json,0.0,0.0,-0.0,0.0,0.0,-0.0,0.0
QQQ,QQQ260519C00525000,2026-05-19,1,call,525.0,29.0,29.0,1.9804,0.0,178.25,182.57,,0.9999,0.0,0.0001,https://cdn.cboe.com/api/global/delayed_quotes/options/QQQ.json,0.0,0.0,0.0,0.0,0.0,0.0,0.0
QQQ,QQQ260519P00535000,2026-05-19,1,put,535.0,5.0,0.0,1.6547,0.0,0.0,0.84,,-0.0001,-0.0006,0.0001,https://cdn.cboe.com/api/global/delayed_quotes/options/QQQ.json,0.0,0.0,-0.0,0.0,0.0,-0.0,0.0
QQQ,QQQ260519C00540000,2026-05-19,1,call,540.0,59.0,59.0,1.799,0.0,163.14,167.61,,0.9999,0.0,0.0001,https://cdn.cboe.com/api/global/delayed_quotes/options/QQQ.json,0.0,0.0,0.0,0.0,0.0,0.0,0.0
QQQ,QQQ260519P00540000,2026-05-19,1,put,540.0,9000.0,11.0,1.6027,0.0,0.0,0.84,,-0.0001,-0.0007,0.0001,https://cdn.cboe.com/api/global/delayed_quotes/options/QQQ.json,0.0,0.0,-0.0,0.0,0.0,-0.0,0.0
QQQ,QQQ260519P00545000,2026-05-19,1,put,545.0,116.0,0.0,1.551,0.0,0.0,1.31,,-0.0001,-0.0007,0.0001,https://cdn.cboe.com/api/global/delayed_quotes/options/QQQ.json,0.0,0.0,-0.0,0.0,0.0,-0.0,0.0
QQQ,QQQ260519P00550000,2026-05-19,1,put,550.0,1123.0,2.0,1.4244,0.0,0.0,0.01,,-0.0001,-0.0008,0.0001,https://cdn.cboe.com/api/global/delayed_quotes/options/QQQ.json,0.0,0.0,-0.0,0.0,0.0,-0.0,0.0
QQQ,QQQ260519P00555000,2026-05-19,1,put,555.0,4.0,596.0,1.4488,0.0,0.0,0.85,,-0.0001,-0.0008,0.0001,https://cdn.cboe.com/api/global/delayed_quotes/options/QQQ.json,0.0,0.0,-0.0,0.0,0.0,-0.0,0.0
QQQ,QQQ260519C00560000,2026-05-19,1,call,560.0,13.0,0.0,1.6009,0.0,143.24,147.59,,0.9998,0.0,0.0001,https://cdn.cboe.com/api/global/delayed_quotes/options/QQQ.json,0.0,0.0,0.0,0.0,0.0,0.0,0.0
QQQ,QQQ260519P00560000,2026-05-19,1,put,560.0,159.0,1254.0,1.3983,0.0,0.0,1.71,,-0.0001,-0.0009,0.0001,https://cdn.cboe.com/api/global/delayed_quotes/options/QQQ.json,0.0,0.0,-0.0,0.0,0.0,-0.0,0.0
QQQ,QQQ260519P00565000,2026-05-19,1,put,565.0,261.0,2900.0,1.3481,0.0,0.0,0.84,,-0.0001,-0.0009,0.0001,https://cdn.cboe.com/api/global/delayed_quotes/options/QQQ.json,0.0,0.0,-0.0,0.0,0.0,-0.0,0.0
QQQ,QQQ260519C00570000,2026-05-19,1,call,570.0,6.0,4.0,1.485,0.0,133.12,137.6,,0.9998,0.0,0.0002,https://cdn.cboe.com/api/global/delayed_quotes/options/QQQ.json,0.0,0.0,0.0,0.0,0.0,0.0,0.0
QQQ,QQQ260519P00570000,2026-05-19,1,put,570.0,841.0,5859.0,1.2983,0.0,0.0,1.68,,-0.0001,-0.001,0.0002,https://cdn.cboe.com/api/global/delayed_quotes/options/QQQ.json,0.0,0.0,-0.0,0.0,0.0,-0.0,0.0
QQQ,QQQ260519C00575000,2026-05-19,1,call,575.0,2.0,3.0,1.4277,0.0,128.26,132.6,,0.9998,0.0,0.0002,https://cdn.cboe.com/api/global/delayed_quotes/options/QQQ.json,0.0,0.0,0.0,0.0,0.0,0.0,0.0
QQQ,QQQ260519P00575000,2026-05-19,1,put,575.0,488.0,6202.0,1.2488,0.0,0.0,1.71,,-0.0001,-0.0011,0.0002,https://cdn.cboe.com/api/global/delayed_quotes/options/QQQ.json,0.0,0.0,-0.0,0.0,0.0,-0.0,0.0
QQQ,QQQ260519P00580000,2026-05-19,1,put,580.0,12.0,227.0,1.1996,0.0,0.0,0.1,,-0.0001,-0.0012,0.0002,https://cdn.cboe.com/api/global/delayed_quotes/options/QQQ.json,0.0,0.0,-0.0,0.0,0.0,-0.0,0.0
QQQ,QQQ260519P00585000,2026-05-19,1,put,585.0,739.0,75.0,1.1507,0.0,0.0,1.07,,-0.0002,-0.0013,0.0002,https://cdn.cboe.com/api/global/delayed_quotes/options/QQQ.json,0.0,0.0,-0.0,0.0,0.0,-0.0,0.0
QQQ,QQQ260519C00590000,2026-05-19,1,call,590.0,1.0,0.0,1.2723,0.0,113.26,117.6,,0.9998,0.0,0.0003,https://cdn.cboe.com/api/global/delayed_quotes/options/QQQ.json,0.0,0.0,0.0,0.0,0.0,0.0,0.0
QQQ,QQQ260519P00590000,2026-05-19,1,put,590.0,503.0,1.0,1.1021,0.0,0.0,0.02,,-0.0002,-0.0015,0.0003,https://cdn.cboe.com/api/global/delayed_quotes/options/QQQ.json,0.0,0.0,-0.0,0.0,0.0,-0.0,0.0
QQQ,QQQ260519P00595000,2026-05-19,1,put,595.0,1398.0,32.0,0.9985,0.0,0.0,1.33,,-0.0002,-0.0016,0.0003,https://cdn.cboe.com/api/global/delayed_quotes/options/QQQ.json,0.0,0.0,-0.0,0.0,0.0,-0.0,0.0
QQQ,QQQ260519C00600000,2026-05-19,1,call,600.0,3.0,3.0,1.1726,0.0,103.24,107.57,,0.9997,0.0,0.0003,https://cdn.cboe.com/api/global/delayed_quotes/options/QQQ.json,0.0,0.0,0.0,0.0,0.0,0.0,0.0
QQQ,QQQ260519P00600000,2026-05-19,1,put,600.0,1629.0,27.0,0.9527,0.0,0.0,0.01,,-0.0002,-0.0018,0.0003,https://cdn.cboe.com/api/global/delayed_quotes/options/QQQ.json,0.0,0.0,-0.0,0.0,0.0,-0.0,0.0
QQQ,QQQ260519P00605000,2026-05-19,1,put,605.0,249.0,262.0,0.9071,0.0,0.0,0.25,,-0.0003,-0.002,0.0004,https://cdn.cboe.com/api/global/delayed_quotes/options/QQQ.json,0.0,0.0,-0.0,0.0,0.0,-0.0,0.0
QQQ,QQQ260519C00610000,2026-05-19,1,call,610.0,1.0,2.0,1.0616,0.0,93.26,97.61,,0.9996,0.0,0.0004,https://cdn.cboe.com/api/global/delayed_quotes/options/QQQ.json,0.0,0.0,0.0,0.0,0.0,0.0,0.0
QQQ,QQQ260519P00610000,2026-05-19,1,put,610.0,194.0,1580.0,0.9424,0.0,0.0,1.22,,-0.0003,-0.0023,0.0004,https://cdn.cboe.com/api/global/delayed_quotes/options/QQQ.json,0.0,0.0,-0.0,0.0,0.0,-0.0,0.0
QQQ,QQQ260519P00615000,2026-05-19,1,put,615.0,160.0,2092.0,0.8936,0.0,0.0,1.22,,-0.0004,-0.0026,0.0005,https://cdn.cboe.com/api/global/delayed_quotes/options/QQQ.json,0.0,0.0,-0.0,0.0,0.0,-0.0,0.0
QQQ,QQQ260519C00620000,2026-05-19,1,call,620.0,3.0,0.0,0.9518,0.0001,83.24,87.6,,0.9995,0.0,0.0006,https://cdn.cboe.com/api/global/delayed_quotes/options/QQQ.json,0.0001,149.76387075,0.0,149.76387075,1.4976387075e-07,0.0,1.4976387075e-07
QQQ,QQQ260519P00620000,2026-05-19,1,put,620.0,334.0,1218.0,0.8451,0.0001,0.0,0.02,,-0.0004,-0.003,0.0006,https://cdn.cboe.com/api/global/delayed_quotes/options/QQQ.json,0.0001,0.0,-16673.7109435,-16673.7109435,0.0,-1.6673710943499998e-05,-1.6673710943499998e-05
QQQ,QQQ260519C00625000,2026-05-19,1,call,625.0,4.0,0.0,0.9067,0.0001,78.27,82.6,,0.9994,0.0,0.0007,https://cdn.cboe.com/api/global/delayed_quotes/options/QQQ.json,0.0001,199.68516099999997,0.0,199.68516099999997,1.9968516099999995e-07,0.0,1.9968516099999995e-07
QQQ,QQQ260519P00625000,2026-05-19,1,put,625.0,101.0,216.0,0.7968,0.0001,0.0,2.26,,-0.0005,-0.0035,0.0007,https://cdn.cboe.com/api/global/delayed_quotes/options/QQQ.json,0.0001,0.0,-5042.0503152500005,-5042.0503152500005,0.0,-5.042050315250001e-06,-5.042050315250001e-06
QQQ,QQQ260519C00630000,2026-05-19,1,call,630.0,31.0,1.0,0.8521,0.0001,73.27,77.6,,0.9993,0.0,0.0009,https://cdn.cboe.com/api/global/delayed_quotes/options/QQQ.json,0.0001,1547.55999775,0.0,1547.55999775,1.54755999775e-06,0.0,1.54755999775e-06
QQQ,QQQ260519P00630000,2026-05-19,1,put,630.0,1018.0,288.0,0.7486,0.0001,0.0,1.0,,-0.0007,-0.0041,0.0009,https://cdn.cboe.com/api/global/delayed_quotes/options/QQQ.json,0.0001,0.0,-50819.8734745,-50819.8734745,0.0,-5.0819873474499994e-05,-5.0819873474499994e-05
QQQ,QQQ260519C00635000,2026-05-19,1,call,635.0,2.0,0.0,0.7977,0.0001,68.27,72.6,,0.9991,0.0,0.001,https://cdn.cboe.com/api/global/delayed_quotes/options/QQQ.json,0.0001,99.84258049999998,0.0,99.84258049999998,9.984258049999998e-08,0.0,9.984258049999998e-08
QQQ,QQQ260519P00635000,2026-05-19,1,put,635.0,629.0,70.0,0.7006,0.0001,0.0,0.1,,-0.0008,-0.0048,0.001,https://cdn.cboe.com/api/global/delayed_quotes/options/QQQ.json,0.0001,0.0,-31400.491567249996,-31400.491567249996,0.0,-3.1400491567249997e-05,-3.1400491567249997e-05
QQQ,QQQ260519C00640000,2026-05-19,1,call,640.0,1.0,2.0,0.7511,0.0001,63.25,67.62,,0.9989,0.0,0.0013,https://cdn.cboe.com/api/global/delayed_quotes/options/QQQ.json,0.0001,49.92129024999999,0.0,49.92129024999999,4.992129024999999e-08,0.0,4.992129024999999e-08
QQQ,QQQ260519P00640000,2026-05-19,1,put,640.0,1810.0,571.0,0.6527,0.0001,0.0,0.02,,-0.001,-0.0057,0.0013,https://cdn.cboe.com/api/global/delayed_quotes/options/QQQ.json,0.0001,0.0,-90357.5353525,-90357.5353525,0.0,-9.035753535249999e-05,-9.035753535249999e-05
QQQ,QQQ260519P00643000,2026-05-19,1,put,643.0,33.0,498.0,0.624,0.0002,0.0,1.19,,-0.0011,-0.0064,0.0014,https://cdn.cboe.com/api/global/delayed_quotes/options/QQQ.json,0.0002,0.0,-3294.8051564999996,-3294.8051564999996,0.0,-3.2948051564999996e-06,-3.2948051564999996e-06
QQQ,QQQ260519P00644000,2026-05-19,1,put,644.0,51.0,620.0,0.6145,0.0002,0.0,0.22,,-0.0012,-0.0066,0.0015,https://cdn.cboe.com/api/global/delayed_quotes/options/QQQ.json,0.0002,0.0,-5091.971605499999,-5091.971605499999,0.0,-5.091971605499999e-06,-5.091971605499999e-06
QQQ,QQQ260519C00645000,2026-05-19,1,call,645.0,24.0,11.0,0.7035,0.0002,58.4,62.39,,0.9987,-0.0004,0.0016,https://cdn.cboe.com/api/global/delayed_quotes/options/QQQ.json,0.0002,2396.221932,0.0,2396.221932,2.396221932e-06,0.0,2.396221932e-06
QQQ,QQQ260519P00645000,2026-05-19,1,put,645.0,1026.0,497.0,0.6049,0.0002,0.0,0.23,,-0.0012,-0.0069,0.0016,https://cdn.cboe.com/api/global/delayed_quotes/options/QQQ.json,0.0002,0.0,-102438.487593,-102438.487593,0.0,-0.000102438487593,-0.000102438487593
QQQ,QQQ260519P00646000,2026-05-19,1,put,646.0,455.0,271.0,0.5954,0.0002,0.0,1.19,,-0.0013,-0.0072,0.0016,https://cdn.cboe.com/api/global/delayed_quotes/options/QQQ.json,0.0002,0.0,-45428.37412749999,-45428.37412749999,0.0,-4.542837412749999e-05,-4.542837412749999e-05
QQQ,QQQ260519P00647000,2026-05-19,1,put,647.0,10.0,803.0,0.5858,0.0002,0.0,0.02,,-0.0014,-0.0074,0.0017,https://cdn.cboe.com/api/global/delayed_quotes/options/QQQ.json,0.0002,0.0,-998.4258049999999,-998.4258049999999,0.0,-9.98425805e-07,-9.98425805e-07
QQQ,QQQ260519P00648000,2026-05-19,1,put,648.0,73.0,698.0,0.5763,0.0002,0.0,1.18,,-0.0014,-0.0077,0.0018,https://cdn.cboe.com/api/global/delayed_quotes/options/QQQ.json,0.0002,0.0,-7288.508376499999,-7288.508376499999,0.0,-7.288508376499999e-06,-7.288508376499999e-06
QQQ,QQQ260519P00649000,2026-05-19,1,put,649.0,307.0,954.0,0.5667,0.0002,0.0,1.18,,-0.0015,-0.008,0.0019,https://cdn.cboe.com/api/global/delayed_quotes/options/QQQ.json,0.0002,0.0,-30651.672213499998,-30651.672213499998,0.0,-3.06516722135e-05,-3.06516722135e-05
QQQ,QQQ260519C00650000,2026-05-19,1,call,650.0,51.0,39.0,0.6488,0.0003,53.28,57.61,,0.9983,-0.0024,0.002,https://cdn.cboe.com/api/global/delayed_quotes/options/QQQ.json,0.0003,7637.9574082499985,0.0,7637.9574082499985,7.637957408249998e-06,0.0,7.637957408249998e-06
QQQ,QQQ260519P00650000,2026-05-19,1,put,650.0,1247.0,1028.0,0.5572,0.0003,0.01,0.04,,-0.0016,-0.0084,0.002,https://cdn.cboe.com/api/global/delayed_quotes/options/QQQ.json,0.0003,0.0,-186755.54682524994,-186755.54682524994,0.0,-0.00018675554682524994,-0.00018675554682524994
QQQ,QQQ260519P00651000,2026-05-19,1,put,651.0,165.0,919.0,0.5477,0.0003,0.0,1.18,,-0.0017,-0.0087,0.0021,https://cdn.cboe.com/api/global/delayed_quotes/options/QQQ.json,0.0003,0.0,-24711.03867374999,-24711.03867374999,0.0,-2.471103867374999e-05,-2.471103867374999e-05
QQQ,QQQ260519C00652000,2026-05-19,1,call,652.0,3.0,0.0,0.6269,0.0003,51.28,55.64,,0.9982,-0.0034,0.0022,https://cdn.cboe.com/api/global/delayed_quotes/options/QQQ.json,0.0003,449.2916122499999,0.0,449.2916122499999,4.492916122499999e-07,0.0,4.492916122499999e-07
QQQ,QQQ260519P00652000,2026-05-19,1,put,652.0,69.0,85.0,0.5381,0.0003,0.0,2.14,,-0.0018,-0.0091,0.0022,https://cdn.cboe.com/api/global/delayed_quotes/options/QQQ.json,0.0003,0.0,-10333.707081749997,-10333.707081749997,0.0,-1.0333707081749997e-05,-1.0333707081749997e-05
QQQ,QQQ260519C00653000,2026-05-19,1,call,653.0,1.0,3.0,0.6159,0.0003,50.28,54.63,,0.9981,-0.0039,0.0023,https://cdn.cboe.com/api/global/delayed_quotes/options/QQQ.json,0.0003,149.76387074999997,0.0,149.76387074999997,1.4976387074999997e-07,0.0,1.4976387074999997e-07
QQQ,QQQ260519P00653000,2026-05-19,1,put,653.0,23.0,107.0,0.5286,0.0003,0.0,1.18,,-0.0019,-0.0095,0.0023,https://cdn.cboe.com/api/global/delayed_quotes/options/QQQ.json,0.0003,0.0,-3444.5690272499996,-3444.5690272499996,0.0,-3.4445690272499997e-06,-3.4445690272499997e-06
QQQ,QQQ260519C00654000,2026-05-19,1,call,654.0,25.0,45.0,0.605,0.0003,49.26,53.46,,0.998,-0.0044,0.0024,https://cdn.cboe.com/api/global/delayed_quotes/options/QQQ.json,0.0003,3744.0967687499997,0.0,3744.0967687499997,3.74409676875e-06,0.0,3.74409676875e-06
QQQ,QQQ260519P00654000,2026-05-19,1,put,654.0,53.0,229.0,0.534,0.0003,0.0,1.17,,-0.002,-0.0099,0.0024,https://cdn.cboe.com/api/global/delayed_quotes/options/QQQ.json,0.0003,0.0,-7937.4851497499985,-7937.4851497499985,0.0,-7.937485149749998e-06,-7.937485149749998e-06
QQQ,QQQ260519C00655000,2026-05-19,1,call,655.0,36.0,10.0,0.0,0.0004,48.13,51.92,,0.9979,-0.005,0.0025,https://cdn.cboe.com/api/global/delayed_quotes/options/QQQ.json,0.0004,7188.665795999999,0.0,7188.665795999999,7.1886657959999995e-06,0.0,7.1886657959999995e-06
QQQ,QQQ260519P00655000,2026-05-19,1,put,655.0,332.0,121.0,0.5242,0.0004,0.0,1.18,,-0.0021,-0.0104,0.0025,https://cdn.cboe.com/api/global/delayed_quotes/options/QQQ.json,0.0004,0.0,-66295.47345199999,-66295.47345199999,0.0,-6.629547345199999e-05,-6.629547345199999e-05
QQQ,QQQ260519C00656000,2026-05-19,1,call,656.0,6.0,6.0,0.5831,0.0004,47.13,51.62,,0.9977,-0.0055,0.0026,https://cdn.cboe.com/api/global/delayed_quotes/options/QQQ.json,0.0004,1198.110966,0.0,1198.110966,1.198110966e-06,0.0,1.198110966e-06
QQQ,QQQ260519P00656000,2026-05-19,1,put,656.0,149.0,195.0,0.5145,0.0004,0.0,1.17,,-0.0022,-0.0108,0.0026,https://cdn.cboe.com/api/global/delayed_quotes/options/QQQ.json,0.0004,0.0,-29753.088988999996,-29753.088988999996,0.0,-2.9753088988999998e-05,-2.9753088988999998e-05
QQQ,QQQ260519C00657000,2026-05-19,1,call,657.0,4.0,5.0,0.5722,0.0004,46.27,50.58,,0.9976,-0.0062,0.0028,https://cdn.cboe.com/api/global/delayed_quotes/options/QQQ.json,0.0004,798.7406439999999,0.0,798.7406439999999,7.987406439999998e-07,0.0,7.987406439999998e-07
QQQ,QQQ260519P00657000,2026-05-19,1,put,657.0,324.0,112.0,0.5047,0.0004,0.0,0.23,,-0.0023,-0.0114,0.0028,https://cdn.cboe.com/api/global/delayed_quotes/options/QQQ.json,0.0004,0.0,-64697.99216399999,-64697.99216399999,0.0,-6.469799216399999e-05,-6.469799216399999e-05
QQQ,QQQ260519C00658000,2026-05-19,1,call,658.0,4.0,0.0,0.5613,0.0004,45.11,49.61,,0.9975,-0.0068,0.0029,https://cdn.cboe.com/api/global/delayed_quotes/options/QQQ.json,0.0004,798.7406439999999,0.0,798.7406439999999,7.987406439999998e-07,0.0,7.987406439999998e-07
QQQ,QQQ260519P00658000,2026-05-19,1,put,658.0,129.0,273.0,0.4949,0.0004,0.0,0.23,,-0.0024,-0.0119,0.0029,https://cdn.cboe.com/api/global/delayed_quotes/options/QQQ.json,0.0004,0.0,-25759.385768999997,-25759.385768999997,0.0,-2.5759385768999998e-05,-2.5759385768999998e-05
QQQ,QQQ260519C00659000,2026-05-19,1,call,659.0,1.0,1.0,0.5503,0.0005,44.26,48.63,,0.9973,-0.0075,0.0031,https://cdn.cboe.com/api/global/delayed_quotes/options/QQQ.json,0.0005,249.60645124999996,0.0,249.60645124999996,2.4960645125e-07,0.0,2.4960645125e-07
QQQ,QQQ260519P00659000,2026-05-19,1,put,659.0,272.0,173.0,0.4852,0.0005,0.0,0.23,,-0.0026,-0.0125,0.0031,https://cdn.cboe.com/api/global/delayed_quotes/options/QQQ.json,0.0005,0.0,-67892.95474,-67892.95474,0.0,-6.789295474e-05,-6.789295474e-05
QQQ,QQQ260519C00660000,2026-05-19,1,call,660.0,30.0,11.0,0.5394,0.0005,43.26,47.61,,0.9972,-0.0082,0.0032,https://cdn.cboe.com/api/global/delayed_quotes/options/QQQ.json,0.0005,7488.193537499999,0.0,7488.193537499999,7.4881935375e-06,0.0,7.4881935375e-06
QQQ,QQQ260519P00660000,2026-05-19,1,put,660.0,884.0,651.0,0.4754,0.0005,0.01,0.23,,-0.0027,-0.0131,0.0032,https://cdn.cboe.com/api/global/delayed_quotes/options/QQQ.json,0.0005,0.0,-220652.10290499998,-220652.10290499998,0.0,-0.00022065210290499998,-0.00022065210290499998
QQQ,QQQ260519P00661000,2026-05-19,1,put,661.0,57.0,429.0,0.4656,0.0005,0.0,0.23,,-0.0029,-0.0137,0.0034,https://cdn.cboe.com/api/global/delayed_quotes/options/QQQ.json,0.0005,0.0,-14227.56772125,-14227.56772125,0.0,-1.422756772125e-05,-1.422756772125e-05
QQQ,QQQ260519C00662000,2026-05-19,1,call,662.0,2.0,5.0,0.5175,0.0006,41.29,45.63,,0.9968,-0.0097,0.0036,https://cdn.cboe.com/api/global/delayed_quotes/options/QQQ.json,0.0006,599.0554829999999,0.0,599.0554829999999,5.990554829999999e-07,0.0,5.990554829999999e-07
QQQ,QQQ260519P00662000,2026-05-19,1,put,662.0,117.0,331.0,0.4559,0.0006,0.01,0.23,,-0.0031,-0.0144,0.0036,https://cdn.cboe.com/api/global/delayed_quotes/options/QQQ.json,0.0006,0.0,-35044.74575549999,-35044.74575549999,0.0,-3.5044745755499995e-05,-3.5044745755499995e-05
QQQ,QQQ260519C00663000,2026-05-19,1,call,663.0,1.0,1.0,0.5117,0.0006,40.12,44.57,,0.9966,-0.0106,0.0038,https://cdn.cboe.com/api/global/delayed_quotes/options/QQQ.json,0.0006,299.52774149999993,0.0,299.52774149999993,2.9952774149999994e-07,0.0,2.9952774149999994e-07
QQQ,QQQ260519P00663000,2026-05-19,1,put,663.0,185.0,869.0,0.4461,0.0006,0.0,0.19,,-0.0033,-0.0151,0.0038,https://cdn.cboe.com/api/global/delayed_quotes/options/QQQ.json,0.0006,0.0,-55412.63217749998,-55412.63217749998,0.0,-5.541263217749998e-05,-5.541263217749998e-05
QQQ,QQQ260519P00664000,2026-05-19,1,put,664.0,540.0,1352.0,0.4363,0.0007,0.0,0.23,,-0.0035,-0.0159,0.0041,https://cdn.cboe.com/api/global/delayed_quotes/options/QQQ.json,0.0007,0.0,-188702.47714499995,-188702.47714499995,0.0,-0.00018870247714499995,-0.00018870247714499995
QQQ,QQQ260519C00665000,2026-05-19,1,call,665.0,18.0,14.0,0.0,0.0007,38.27,42.62,,0.9962,-0.0124,0.0043,https://cdn.cboe.com/api/global/delayed_quotes/options/QQQ.json,0.0007,6290.082571499998,0.0,6290.082571499998,6.290082571499998e-06,0.0,6.290082571499998e-06
QQQ,QQQ260519P00665000,2026-05-19,1,put,665.0,5128.0,1893.0,0.4265,0.0007,0.01,1.15,,-0.0037,-0.0168,0.0043,https://cdn.cboe.com/api/global/delayed_quotes/options/QQQ.json,0.0007,0.0,-1791974.6348139995,-1791974.6348139995,0.0,-0.0017919746348139995,-0.0017919746348139995
QQQ,QQQ260519P00666000,2026-05-19,1,put,666.0,244.0,623.0,0.4167,0.0008,0.0,0.05,,-0.004,-0.0177,0.0046,https://cdn.cboe.com/api/global/delayed_quotes/options/QQQ.json,0.0008,0.0,-97446.35856799998,-97446.35856799998,0.0,-9.744635856799999e-05,-9.744635856799999e-05
QQQ,QQQ260519C00667000,2026-05-19,1,call,667.0,1.0,1.0,0.4675,0.0008,36.29,40.63,,0.9957,-0.0146,0.0048,https://cdn.cboe.com/api/global/delayed_quotes/options/QQQ.json,0.0008,399.37032199999993,0.0,399.37032199999993,3.993703219999999e-07,0.0,3.993703219999999e-07
QQQ,QQQ260519P00667000,2026-05-19,1,put,667.0,184.0,550.0,0.407,0.0008,0.0,0.22,,-0.0042,-0.0187,0.0048,https://cdn.cboe.com/api/global/delayed_quotes/options/QQQ.json,0.0008,0.0,-73484.13924799998,-73484.13924799998,0.0,-7.348413924799997e-05,-7.348413924799997e-05
QQQ,QQQ260519C00668000,2026-05-19,1,call,668.0,1.0,0.0,0.4564,0.0009,35.28,39.59,,0.9954,-0.0157,0.0051,https://cdn.cboe.com/api/global/delayed_quotes/options/QQQ.json,0.0009,449.2916122499999,0.0,449.2916122499999,4.492916122499999e-07,0.0,4.492916122499999e-07
QQQ,QQQ260519P00668000,2026-05-19,1,put,668.0,332.0,554.0,0.4068,0.0009,0.0,0.03,,-0.0045,-0.0197,0.0051,https://cdn.cboe.com/api/global/delayed_quotes/options/QQQ.json,0.0009,0.0,-149164.815267,-149164.815267,0.0,-0.000149164815267,-0.000149164815267
QQQ,QQQ260519C00669000,2026-05-19,1,call,669.0,25.0,27.0,0.4454,0.001,34.29,38.63,,0.9951,-0.017,0.0055,https://cdn.cboe.com/api/global/delayed_quotes/options/QQQ.json,0.001,12480.3225625,0.0,12480.3225625,1.24803225625e-05,0.0,1.24803225625e-05
QQQ,QQQ260519P00669000,2026-05-19,1,put,669.0,126.0,919.0,0.3968,0.001,0.0,0.23,,-0.0048,-0.0209,0.0055,https://cdn.cboe.com/api/global/delayed_quotes/options/QQQ.json,0.001,0.0,-62900.825714999984,-62900.825714999984,0.0,-6.290082571499998e-05,-6.290082571499998e-05
QQQ,QQQ260519C00670000,2026-05-19,1,call,670.0,82.0,57.0,0.4343,0.001,33.28,37.62,,0.9947,-0.0183,0.0058,https://cdn.cboe.com/api/global/delayed_quotes/options/QQQ.json,0.001,40935.458005,0.0,40935.458005,4.0935458005e-05,0.0,4.0935458005e-05
QQQ,QQQ260519P00670000,2026-05-19,1,put,670.0,3147.0,1556.0,0.3868,0.001,0.02,0.07,,-0.0052,-0.0221,0.0058,https://cdn.cboe.com/api/global/delayed_quotes/options/QQQ.json,0.001,0.0,-1571023.0041675,-1571023.0041675,0.0,-0.0015710230041674998,-0.0015710230041674998
QQQ,QQQ260519C00671000,2026-05-19,1,call,671.0,1.0,1.0,0.48,0.0011,33.3,35.68,,0.9943,-0.0198,0.0062,https://cdn.cboe.com/api/global/delayed_quotes/options/QQQ.json,0.0011,549.1341927499999,0.0,549.1341927499999,5.491341927499999e-07,0.0,5.491341927499999e-07
QQQ,QQQ260519P00671000,2026-05-19,1,put,671.0,92.0,1265.0,0.3768,0.0011,0.0,0.23,,-0.0056,-0.0235,0.0062,https://cdn.cboe.com/api/global/delayed_quotes/options/QQQ.json,0.0011,0.0,-50520.345732999995,-50520.345732999995,0.0,-5.052034573299999e-05,-5.052034573299999e-05
QQQ,QQQ260519C00672000,2026-05-19,1,call,672.0,5.0,5.0,0.4202,0.0012,32.31,34.51,,0.9939,-0.0214,0.0066,https://cdn.cboe.com/api/global/delayed_quotes/options/QQQ.json,0.0012,2995.2774149999996,0.0,2995.2774149999996,2.9952774149999994e-06,0.0,2.9952774149999994e-06
QQQ,QQQ260519P00672000,2026-05-19,1,put,672.0,230.0,1157.0,0.3668,0.0012,0.01,0.23,,-0.006,-0.025,0.0066,https://cdn.cboe.com/api/global/delayed_quotes/options/QQQ.json,0.0012,0.0,-137782.76108999996,-137782.76108999996,0.0,-0.00013778276108999995,-0.00013778276108999995
QQQ,QQQ260519C00673000,2026-05-19,1,call,673.0,2.0,2.0,0.5468,0.0014,31.31,34.21,,0.9934,-0.0232,0.0071,https://cdn.cboe.com/api/global/delayed_quotes/options/QQQ.json,0.0014,1397.7961269999996,0.0,1397.7961269999996,1.3977961269999996e-06,0.0,1.3977961269999996e-06
QQQ,QQQ260519P00673000,2026-05-19,1,put,673.0,143.0,1454.0,0.3567,0.0014,0.0,0.23,,-0.0065,-0.0267,0.0071,https://cdn.cboe.com/api/global/delayed_quotes/options/QQQ.json,0.0014,0.0,-99942.42308049998,-99942.42308049998,0.0,-9.994242308049998e-05,-9.994242308049998e-05
QQQ,QQQ260519C00674000,2026-05-19,1,call,674.0,2.0,0.0,0.0,0.0015,29.47,32.36,,0.9929,-0.0252,0.0076,https://cdn.cboe.com/api/global/delayed_quotes/options/QQQ.json,0.0015,1497.6387074999998,0.0,1497.6387074999998,1.4976387074999997e-06,0.0,1.4976387074999997e-06
QQQ,QQQ260519P00674000,2026-05-19,1,put,674.0,236.0,1074.0,0.3467,0.0015,0.0,0.23,,-0.007,-0.0286,0.0076,https://cdn.cboe.com/api/global/delayed_quotes/options/QQQ.json,0.0015,0.0,-176721.36748499997,-176721.36748499997,0.0,-0.00017672136748499997,-0.00017672136748499997
QQQ,QQQ260519C00675000,2026-05-19,1,call,675.0,57.0,9.0,0.4647,0.0016,29.33,31.82,,0.9923,-0.0274,0.0082,https://cdn.cboe.com/api/global/delayed_quotes/options/QQQ.json,0.0016,45528.21670799999,0.0,45528.21670799999,4.552821670799999e-05,0.0,4.552821670799999e-05
QQQ,QQQ260519P00675000,2026-05-19,1,put,675.0,2170.0,3088.0,0.3366,0.0016,0.01,0.12,,-0.0076,-0.0306,0.0082,https://cdn.cboe.com/api/global/delayed_quotes/options/QQQ.json,0.0016,0.0,-1733267.1974799996,-1733267.1974799996,0.0,-0.0017332671974799997,-0.0017332671974799997
QQQ,QQQ260519C00676000,2026-05-19,1,call,676.0,7.0,40.0,0.5074,0.0018,28.33,31.21,,0.9916,-0.0298,0.0089,https://cdn.cboe.com/api/global/delayed_quotes/options/QQQ.json,0.0018,6290.082571499998,0.0,6290.082571499998,6.290082571499998e-06,0.0,6.290082571499998e-06
QQQ,QQQ260519P00676000,2026-05-19,1,put,676.0,151.0,1655.0,0.3265,0.0018,0.0,0.13,,-0.0083,-0.033,0.0089,https://cdn.cboe.com/api/global/delayed_quotes/options/QQQ.json,0.0018,0.0,-135686.06689949997,-135686.06689949997,0.0,-0.00013568606689949998,-0.00013568606689949998
QQQ,QQQ260519C00677000,2026-05-19,1,call,677.0,30.0,0.0,0.3821,0.002,27.36,29.52,,0.9908,-0.0327,0.0096,https://cdn.cboe.com/api/global/delayed_quotes/options/QQQ.json,0.002,29952.774149999997,0.0,29952.774149999997,2.995277415e-05,0.0,2.995277415e-05
QQQ,QQQ260519P00677000,2026-05-19,1,put,677.0,288.0,3532.0,0.3164,0.002,0.0,0.14,,-0.0091,-0.0357,0.0096,https://cdn.cboe.com/api/global/delayed_quotes/options/QQQ.json,0.002,0.0,-287546.63184,-287546.63184,0.0,-0.00028754663184,-0.00028754663184
QQQ,QQQ260519C00678000,2026-05-19,1,call,678.0,8.0,0.0,0.3618,0.0022,26.34,28.51,,0.9899,-0.0359,0.0104,https://cdn.cboe.com/api/global/delayed_quotes/options/QQQ.json,0.0022,8786.147083999998,0.0,8786.147083999998,8.786147083999999e-06,0.0,8.786147083999999e-06
QQQ,QQQ260519P00678000,2026-05-19,1,put,678.0,324.0,2458.0,0.3063,0.0022,0.01,0.16,,-0.01,-0.0389,0.0104,https://cdn.cboe.com/api/global/delayed_quotes/options/QQQ.json,0.0022,0.0,-355838.95690199995,-355838.95690199995,0.0,-0.00035583895690199994,-0.00035583895690199994
QQQ,QQQ260519C00679000,2026-05-19,1,call,679.0,9.0,0.0,0.4673,0.0025,25.35,28.21,,0.9889,-0.0398,0.0114,https://cdn.cboe.com/api/global/delayed_quotes/options/QQQ.json,0.0025,11232.290306249999,0.0,11232.290306249999,1.1232290306249999e-05,0.0,1.1232290306249999e-05
QQQ,QQQ260519P00679000,2026-05-19,1,put,679.0,270.0,1017.0,0.2961,0.0025,0.0,0.04,,-0.0111,-0.0426,0.0114,https://cdn.cboe.com/api/global/delayed_quotes/options/QQQ.json,0.0025,0.0,-336968.70918749995,-336968.70918749995,0.0,-0.00033696870918749995,-0.00033696870918749995
QQQ,QQQ260519C00680000,2026-05-19,1,call,680.0,186.0,434.0,0.3517,0.0028,24.37,26.53,,0.9876,-0.0442,0.0125,https://cdn.cboe.com/api/global/delayed_quotes/options/QQQ.json,0.0028,259990.079622,0.0,259990.079622,0.000259990079622,0.0,0.000259990079622
QQQ,QQQ260519P00680000,2026-05-19,1,put,680.0,3960.0,7793.0,0.2979,0.0028,0.01,0.09,,-0.0123,-0.047,0.0125,https://cdn.cboe.com/api/global/delayed_quotes/options/QQQ.json,0.0028,0.0,-5535272.662919999,-5535272.662919999,0.0,-0.005535272662919999,-0.005535272662919999
QQQ,QQQ260519C00681000,2026-05-19,1,call,681.0,25.0,12.0,0.4376,0.0031,23.36,26.19,,0.9861,-0.0496,0.0138,https://cdn.cboe.com/api/global/delayed_quotes/options/QQQ.json,0.0031,38688.999943749994,0.0,38688.999943749994,3.8688999943749994e-05,0.0,3.8688999943749994e-05
QQQ,QQQ260519P00681000,2026-05-19,1,put,681.0,460.0,3898.0,0.2874,0.0031,0.01,0.24,,-0.0138,-0.0522,0.0138,https://cdn.cboe.com/api/global/delayed_quotes/options/QQQ.json,0.0031,0.0,-711877.5989649999,-711877.5989649999,0.0,-0.0007118775989649999,-0.0007118775989649999
QQQ,QQQ260519C00682000,2026-05-19,1,call,682.0,20.0,15.0,0.4243,0.0035,22.37,25.19,,0.9844,-0.056,0.0152,https://cdn.cboe.com/api/global/delayed_quotes/options/QQQ.json,0.0035,34944.903175,0.0,34944.903175,3.4944903175e-05,0.0,3.4944903175e-05
QQQ,QQQ260519P00682000,2026-05-19,1,put,682.0,387.0,3006.0,0.2768,0.0035,0.0,0.16,,-0.0156,-0.0586,0.0152,https://cdn.cboe.com/api/global/delayed_quotes/options/QQQ.json,0.0035,0.0,-676183.8764362499,-676183.8764362499,0.0,-0.00067618387643625,-0.00067618387643625
QQQ,QQQ260519C00683000,2026-05-19,1,call,683.0,5.0,0.0,0.4129,0.004,21.39,24.2,,0.9823,-0.0639,0.017,https://cdn.cboe.com/api/global/delayed_quotes/options/QQQ.json,0.004,9984.258049999999,0.0,9984.258049999999,9.984258049999998e-06,0.0,9.984258049999998e-06
QQQ,QQQ260519P00683000,2026-05-19,1,put,683.0,362.0,5678.0,0.2752,0.004,0.0,0.15,,-0.0177,-0.0663,0.017,https://cdn.cboe.com/api/global/delayed_quotes/options/QQQ.json,0.004,0.0,-722860.2828199997,-722860.2828199997,0.0,-0.0007228602828199997,-0.0007228602828199997
QQQ,QQQ260519C00684000,2026-05-19,1,call,684.0,35.0,1.0,0.3118,0.0046,20.4,22.54,,0.9797,-0.0734,0.019,https://cdn.cboe.com/api/global/delayed_quotes/options/QQQ.json,0.0046,80373.27730249999,0.0,80373.27730249999,8.03732773025e-05,0.0,8.03732773025e-05
QQQ,QQQ260519P00684000,2026-05-19,1,put,684.0,394.0,2183.0,0.2783,0.0046,0.06,0.18,,-0.0202,-0.0757,0.019,https://cdn.cboe.com/api/global/delayed_quotes/options/QQQ.json,0.0046,0.0,-904773.4644909999,-904773.4644909999,0.0,-0.0009047734644909999,-0.0009047734644909999
QQQ,QQQ260519C00685000,2026-05-19,1,call,685.0,296.0,163.0,0.3894,0.0053,19.43,22.22,,0.9766,-0.0851,0.0214,https://cdn.cboe.com/api/global/delayed_quotes/options/QQQ.json,0.0053,783165.2014419999,0.0,783165.2014419999,0.0007831652014419999,0.0,0.0007831652014419999
QQQ,QQQ260519P00685000,2026-05-19,1,put,685.0,2111.0,5740.0,0.2669,0.0053,0.01,0.11,,-0.0233,-0.0873,0.0214,https://cdn.cboe.com/api/global/delayed_quotes/options/QQQ.json,0.0053,0.0,-5585343.717040748,-5585343.717040748,0.0,-0.005585343717040748,-0.005585343717040748
QQQ,QQQ260519C00686000,2026-05-19,1,call,686.0,19.0,85.0,0.3763,0.0061,18.43,21.24,,0.9729,-0.0996,0.0242,https://cdn.cboe.com/api/global/delayed_quotes/options/QQQ.json,0.0061,57858.77539974999,0.0,57858.77539974999,5.785877539974999e-05,0.0,5.785877539974999e-05
QQQ,QQQ260519P00686000,2026-05-19,1,put,686.0,355.0,4154.0,0.2611,0.0061,0.03,0.3,,-0.0271,-0.1017,0.0242,https://cdn.cboe.com/api/global/delayed_quotes/options/QQQ.json,0.0061,0.0,-1081045.54036375,-1081045.54036375,0.0,-0.00108104554036375,-0.00108104554036375
QQQ,QQQ260519C00687000,2026-05-19,1,call,687.0,38.0,47.0,0.2459,0.0071,17.37,19.44,,0.9683,-0.1175,0.0275,https://cdn.cboe.com/api/global/delayed_quotes/options/QQQ.json,0.0071,134687.6410945,0.0,134687.6410945,0.0001346876410945,0.0,0.0001346876410945
QQQ,QQQ260519P00687000,2026-05-19,1,put,687.0,464.0,5016.0,0.2612,0.0071,0.03,0.32,,-0.0316,-0.1195,0.0275,https://cdn.cboe.com/api/global/delayed_quotes/options/QQQ.json,0.0071,0.0,-1644606.9859959995,-1644606.9859959995,0.0,-0.0016446069859959995,-0.0016446069859959995
QQQ,QQQ260519C00688000,2026-05-19,1,call,688.0,93.0,80.0,0.2861,0.0082,16.49,18.61,,0.9628,-0.1397,0.0314,https://cdn.cboe.com/api/global/delayed_quotes/options/QQQ.json,0.0082,380699.7594464999,0.0,380699.7594464999,0.0003806997594464999,0.0,0.0003806997594464999
QQQ,QQQ260519P00688000,2026-05-19,1,put,688.0,285.0,6541.0,0.2589,0.0082,0.12,0.13,,-0.0371,-0.1415,0.0314,https://cdn.cboe.com/api/global/delayed_quotes/options/QQQ.json,0.0082,0.0,-1166660.5531424999,-1166660.5531424999,0.0,-0.0011666605531424998,-0.0011666605531424998
QQQ,QQQ260519C00689000,2026-05-19,1,call,689.0,96.0,24.0,0.2814,0.0095,15.53,17.64,,0.9561,-0.1671,0.0357,https://cdn.cboe.com/api/global/delayed_quotes/options/QQQ.json,0.0095,455282.1670799999,0.0,455282.1670799999,0.00045528216707999995,0.0,0.00045528216707999995
QQQ,QQQ260519P00689000,2026-05-19,1,put,689.0,631.0,4044.0,0.2562,0.0095,0.05,0.25,,-0.0438,-0.1688,0.0357,https://cdn.cboe.com/api/global/delayed_quotes/options/QQQ.json,0.0095,0.0,-2992531.744036249,-2992531.744036249,0.0,-0.002992531744036249,-0.002992531744036249
QQQ,QQQ260519C00690000,2026-05-19,1,call,690.0,320.0,395.0,0.3104,0.0111,14.93,16.68,,0.9481,-0.2009,0.0408,https://cdn.cboe.com/api/global/delayed_quotes/options/QQQ.json,0.0111,1773204.2296799996,0.0,1773204.2296799996,0.0017732042296799996,0.0,0.0017732042296799996
QQQ,QQQ260519P00690000,2026-05-19,1,put,690.0,1817.0,19546.0,0.2545,0.0111,0.15,0.21,,-0.0519,-0.2026,0.0408,https://cdn.cboe.com/api/global/delayed_quotes/options/QQQ.json,0.0111,0.0,-10068475.266651748,-10068475.266651748,0.0,-0.010068475266651748,-0.010068475266651748
QQQ,QQQ260519C00691000,2026-05-19,1,call,691.0,62.0,34.0,0.323,0.0129,13.6,16.38,,0.9384,-0.2427,0.0465,https://cdn.cboe.com/api/global/delayed_quotes/options/QQQ.json,0.0129,399270.47941949987,0.0,399270.47941949987,0.0003992704794194999,0.0,0.0003992704794194999
QQQ,QQQ260519P00691000,2026-05-19,1,put,691.0,588.0,5620.0,0.2518,0.0129,0.06,0.44,,-0.0615,-0.2442,0.0465,https://cdn.cboe.com/api/global/delayed_quotes/options/QQQ.json,0.0129,0.0,-3786629.7080429997,-3786629.7080429997,0.0,-0.003786629708043,-0.003786629708043
QQQ,QQQ260519C00692000,2026-05-19,1,call,692.0,133.0,146.0,0.2787,0.0149,12.67,14.93,,0.9269,-0.2939,0.053,https://cdn.cboe.com/api/global/delayed_quotes/options/QQQ.json,0.0149,989290.2088842499,0.0,989290.2088842499,0.0009892902088842498,0.0,0.0009892902088842498
QQQ,QQQ260519P00692000,2026-05-19,1,put,692.0,626.0,7665.0,0.2502,0.0149,0.26,0.35,,-0.073,-0.2953,0.053,https://cdn.cboe.com/api/global/delayed_quotes/options/QQQ.json,0.0149,0.0,-4656358.4267785,-4656358.4267785,0.0,-0.0046563584267785,-0.0046563584267785
QQQ,QQQ260519C00693000,2026-05-19,1,call,693.0,64.0,267.0,0.2798,0.0172,11.71,14.12,,0.9133,-0.3566,0.0601,https://cdn.cboe.com/api/global/delayed_quotes/options/QQQ.json,0.0172,549533.5630719999,0.0,549533.5630719999,0.0005495335630719999,0.0,0.0005495335630719999
QQQ,QQQ260519P00693000,2026-05-19,1,put,693.0,1205.0,9308.0,0.248,0.0172,0.3,0.41,,-0.0867,-0.358,0.0601,https://cdn.cboe.com/api/global/delayed_quotes/options/QQQ.json,0.0172,0.0,-10346686.617214998,-10346686.617214998,0.0,-0.010346686617214999,-0.010346686617214999
QQQ,QQQ260519C00694000,2026-05-19,1,call,694.0,148.0,278.0,0.297,0.0197,10.82,13.55,,0.8973,-0.4329,0.068,https://cdn.cboe.com/api/global/delayed_quotes/options/QQQ.json,0.0197,1455505.1385289996,0.0,1455505.1385289996,0.0014555051385289996,0.0,0.0014555051385289996
QQQ,QQQ260519P00694000,2026-05-19,1,put,694.0,669.0,11099.0,0.2445,0.0197,0.44,0.45,,-0.1027,-0.4341,0.068,https://cdn.cboe.com/api/global/delayed_quotes/options/QQQ.json,0.0197,0.0,-6579276.605918249,-6579276.605918249,0.0,-0.006579276605918249,-0.006579276605918249
QQQ,QQQ260519C00695000,2026-05-19,1,call,695.0,549.0,1361.0,0.2848,0.0225,9.87,12.6,,0.8786,-0.5254,0.0763,https://cdn.cboe.com/api/global/delayed_quotes/options/QQQ.json,0.0225,6166527.378131249,0.0,6166527.378131249,0.006166527378131249,0.0,0.006166527378131249
QQQ,QQQ260519P00695000,2026-05-19,1,put,695.0,2475.0,31847.0,0.2411,0.0225,0.53,0.58,,-0.1214,-0.5265,0.0763,https://cdn.cboe.com/api/global/delayed_quotes/options/QQQ.json,0.0225,0.0,-27799918.507968746,-27799918.507968746,0.0,-0.027799918507968747,-0.027799918507968747
QQQ,QQQ260519C00696000,2026-05-19,1,call,696.0,340.0,787.0,0.2795,0.0255,9.0,11.72,,0.857,-0.6366,0.0852,https://cdn.cboe.com/api/global/delayed_quotes/options/QQQ.json,0.0255,4328175.864674999,0.0,4328175.864674999,0.004328175864674999,0.0,0.004328175864674999
QQQ,QQQ260519P00696000,2026-05-19,1,put,696.0,865.0,12792.0,0.238,0.0255,0.51,0.75,,-0.1429,-0.6376,0.0852,https://cdn.cboe.com/api/global/delayed_quotes/options/QQQ.json,0.0255,0.0,-11011388.596893746,-11011388.596893746,0.0,-0.011011388596893747,-0.011011388596893747
QQQ,QQQ260519C00697000,2026-05-19,1,call,697.0,311.0,1342.0,0.2314,0.0287,8.16,10.0,,0.8323,-0.7696,0.0943,https://cdn.cboe.com/api/global/delayed_quotes/options/QQQ.json,0.0287,4455824.603844249,0.0,4455824.603844249,0.004455824603844249,0.0,0.004455824603844249
QQQ,QQQ260519P00697000,2026-05-19,1,put,697.0,1152.0,19140.0,0.2349,0.0287,0.6,1.01,,-0.1676,-0.7705,0.0943,https://cdn.cboe.com/api/global/delayed_quotes/options/QQQ.json,0.0287,0.0,-16505176.667615997,-16505176.667615997,0.0,-0.016505176667615997,-0.016505176667615997
QQQ,QQQ260519C00698000,2026-05-19,1,call,698.0,293.0,2447.0,0.2517,0.0319,7.71,9.24,,0.8043,-0.9276,0.1037,https://cdn.cboe.com/api/global/delayed_quotes/options/QQQ.json,0.0319,4665993.23579675,0.0,4665993.23579675,0.0046659932357967495,0.0,0.0046659932357967495
QQQ,QQQ260519P00698000,2026-05-19,1,put,698.0,761.0,20597.0,0.232,0.0319,0.92,1.01,,-0.1956,-0.9284,0.1037,https://cdn.cboe.com/api/global/delayed_quotes/options/QQQ.json,0.0319,0.0,-12118842.499799747,-12118842.499799747,0.0,-0.012118842499799746,-0.012118842499799746
QQQ,QQQ260519C00699000,2026-05-19,1,call,699.0,250.0,4483.0,0.2393,0.0352,6.52,8.61,,0.7729,-1.1137,0.1128,https://cdn.cboe.com/api/global/delayed_quotes/options/QQQ.json,0.0352,4393073.542,0.0,4393073.542,0.004393073542,0.0,0.004393073542
QQQ,QQQ260519P00699000,2026-05-19,1,put,699.0,699.0,15105.0,0.2303,0.0352,1.1,1.15,,-0.227,-1.1144,0.1128,https://cdn.cboe.com/api/global/delayed_quotes/options/QQQ.json,0.0352,0.0,-12283033.623431997,-12283033.623431997,0.0,-0.012283033623431997,-0.012283033623431997
QQQ,QQQ260519C00700000,2026-05-19,1,call,700.0,709.0,14416.0,0.2159,0.0384,6.15,6.93,,0.7381,-1.3316,0.1216,https://cdn.cboe.com/api/global/delayed_quotes/options/QQQ.json,0.0384,13591370.798303995,0.0,13591370.798303995,0.013591370798303996,0.0,0.013591370798303996
QQQ,QQQ260519P00700000,2026-05-19,1,put,700.0,1743.0,55971.0,0.2275,0.0384,1.32,1.4,,-0.2618,-1.3322,0.1216,https://cdn.cboe.com/api/global/delayed_quotes/options/QQQ.json,0.0384,0.0,-33412918.61980799,-33412918.61980799,0.0,-0.03341291861980799,-0.03341291861980799
QQQ,QQQ260519C00701000,2026-05-19,1,call,701.0,126.0,12889.0,0.1866,0.0415,5.76,6.2,,0.7,-1.5845,0.1296,https://cdn.cboe.com/api/global/delayed_quotes/options/QQQ.json,0.0415,2610384.2671724996,0.0,2610384.2671724996,0.0026103842671724997,0.0,0.0026103842671724997
QQQ,QQQ260519P00701000,2026-05-19,1,put,701.0,580.0,17683.0,0.2252,0.0415,1.5,2.1,,-0.3,-1.5849,0.1296,https://cdn.cboe.com/api/global/delayed_quotes/options/QQQ.json,0.0415,0.0,-12016054.563174998,-12016054.563174998,0.0,-0.012016054563174998,-0.012016054563174998
QQQ,QQQ260519C00702000,2026-05-19,1,call,702.0,472.0,21016.0,0.2246,0.0443,5.06,5.5,,0.6586,-1.8758,0.1365,https://cdn.cboe.com/api/global/delayed_quotes/options/QQQ.json,0.0443,10438342.106113998,0.0,10438342.106113998,0.010438342106113998,0.0,0.010438342106113998
QQQ,QQQ260519P00702000,2026-05-19,1,put,702.0,547.0,25539.0,0.2226,0.0443,1.73,1.94,,-0.3413,-1.8761,0.1365,https://cdn.cboe.com/api/global/delayed_quotes/options/QQQ.json,0.0443,0.0,-12096976.974670248,-12096976.974670248,0.0,-0.012096976974670248,-0.012096976974670248
QQQ,QQQ260519C00703000,2026-05-19,1,call,703.0,248.0,29105.0,0.2214,0.0467,4.1,5.14,,0.6144,-2.2085,0.1421,https://cdn.cboe.com/api/global/delayed_quotes/options/QQQ.json,0.0467,5781684.151594,0.0,5781684.151594,0.005781684151594,0.0,0.005781684151594
QQQ,QQQ260519P00703000,2026-05-19,1,put,703.0,1336.0,25955.0,0.2196,0.0467,2.19,2.29,,-0.3855,-2.2087,0.1421,https://cdn.cboe.com/api/global/delayed_quotes/options/QQQ.json,0.0467,0.0,-31146492.042457998,-31146492.042457998,0.0,-0.031146492042457997,-0.031146492042457997
QQQ,QQQ260519C00704000,2026-05-19,1,call,704.0,199.0,74782.0,0.2184,0.0485,3.55,3.98,,0.5677,-2.577,0.146,https://cdn.cboe.com/api/global/delayed_quotes/options/QQQ.json,0.0485,4818153.32847875,0.0,4818153.32847875,0.00481815332847875,0.0,0.00481815332847875
QQQ,QQQ260519P00704000,2026-05-19,1,put,704.0,564.0,20780.0,0.217,0.0485,2.54,2.71,,-0.4322,-2.5772,0.146,https://cdn.cboe.com/api/global/delayed_quotes/options/QQQ.json,0.0485,0.0,-13655469.734985,-13655469.734985,0.0,-0.013655469734985,-0.013655469734985
QQQ,QQQ260519C00705000,2026-05-19,1,call,705.0,964.0,52188.0,0.2157,0.0497,3.33,3.47,,0.5191,-2.864,0.1479,https://cdn.cboe.com/api/global/delayed_quotes/options/QQQ.json,0.0497,23917689.529096995,0.0,23917689.529096995,0.023917689529096994,0.0,0.023917689529096994
QQQ,QQQ260519P00705000,2026-05-19,1,put,705.0,4316.0,30215.0,0.2142,0.0497,2.83,3.17,,-0.4809,-2.864,0.1479,https://cdn.cboe.com/api/global/delayed_quotes/options/QQQ.json,0.0497,0.0,-107083763.493343,-107083763.493343,0.0,-0.10708376349334299,-0.10708376349334299
QQQ,QQQ260519C00706000,2026-05-19,1,call,706.0,337.0,26238.0,0.2129,0.0502,2.68,2.9,,0.4691,-2.7585,0.1477,https://cdn.cboe.com/api/global/delayed_quotes/options/QQQ.json,0.0502,8445384.356753498,0.0,8445384.356753498,0.008445384356753498,0.0,0.008445384356753498
QQQ,QQQ260519P00706000,2026-05-19,1,put,706.0,422.0,13056.0,0.2112,0.0502,3.3,3.77,,-0.5309,-2.7584,0.1476,https://cdn.cboe.com/api/global/delayed_quotes/options/QQQ.json,0.0502,0.0,-10575525.811720999,-10575525.811720999,0.0,-0.010575525811720998,-0.010575525811720998
QQQ,QQQ260519C00707000,2026-05-19,1,call,707.0,331.0,19856.0,0.2101,0.0498,2.26,2.64,,0.4186,-2.3499,0.1451,https://cdn.cboe.com/api/global/delayed_quotes/options/QQQ.json,0.0498,8228925.642229497,0.0,8228925.642229497,0.008228925642229497,0.0,0.008228925642229497
QQQ,QQQ260519P00707000,2026-05-19,1,put,707.0,1016.0,11978.0,0.2076,0.0498,3.4,3.99,,-0.5814,-2.3498,0.1451,https://cdn.cboe.com/api/global/delayed_quotes/options/QQQ.json,0.0498,0.0,-25258575.385211993,-25258575.385211993,0.0,-0.025258575385211993,-0.025258575385211993
QQQ,QQQ260519C00708000,2026-05-19,1,call,708.0,661.0,23317.0,0.2072,0.0486,1.9,2.09,,0.3683,-1.9315,0.1402,https://cdn.cboe.com/api/global/delayed_quotes/options/QQQ.json,0.0486,16037014.8076515,0.0,16037014.8076515,0.0160370148076515,0.0,0.0160370148076515
QQQ,QQQ260519P00708000,2026-05-19,1,put,708.0,1430.0,11119.0,0.205,0.0487,3.78,4.85,,-0.6317,-1.9314,0.1402,https://cdn.cboe.com/api/global/delayed_quotes/options/QQQ.json,0.0487,0.0,-34765685.7430025,-34765685.7430025,0.0,-0.0347656857430025,-0.0347656857430025
QQQ,QQQ260519C00709000,2026-05-19,1,call,709.0,801.0,16688.0,0.2049,0.0466,1.42,1.64,,0.3194,-1.5638,0.1332,https://cdn.cboe.com/api/global/delayed_quotes/options/QQQ.json,0.0466,18633920.3264565,0.0,18633920.3264565,0.0186339203264565,0.0,0.0186339203264565
QQQ,QQQ260519P00709000,2026-05-19,1,put,709.0,832.0,9479.0,0.204,0.0466,4.7,7.06,,-0.6807,-1.5636,0.1331,https://cdn.cboe.com/api/global/delayed_quotes/options/QQQ.json,0.0466,0.0,-19355083.285407998,-19355083.285407998,0.0,-0.019355083285407998,-0.019355083285407998
QQQ,QQQ260519C00710000,2026-05-19,1,call,710.0,1648.0,49660.0,0.2029,0.0437,1.22,1.25,,0.2727,-1.2478,0.1241,https://cdn.cboe.com/api/global/delayed_quotes/options/QQQ.json,0.0437,35952115.127083994,0.0,35952115.127083994,0.035952115127083996,0.0,0.035952115127083996
QQQ,QQQ260519P00710000,2026-05-19,1,put,710.0,2324.0,10620.0,0.2272,0.0438,5.5,6.91,,-0.7275,-1.2477,0.124,https://cdn.cboe.com/api/global/delayed_quotes/options/QQQ.json,0.0438,0.0,-50815480.400957994,-50815480.400957994,0.0,-0.05081548040095799,-0.05081548040095799
QQQ,QQQ260519C00711000,2026-05-19,1,call,711.0,1162.0,21729.0,0.2008,0.0402,0.96,1.1,,0.2292,-0.9817,0.1136,https://cdn.cboe.com/api/global/delayed_quotes/options/QQQ.json,0.0402,23319432.786740996,0.0,23319432.786740996,0.023319432786740996,0.0,0.023319432786740996
QQQ,QQQ260519P00711000,2026-05-19,1,put,711.0,1368.0,3281.0,0.2396,0.0404,6.47,7.69,,-0.7712,-0.9818,0.1135,https://cdn.cboe.com/api/global/delayed_quotes/options/QQQ.json,0.0404,0.0,-27590099.325047996,-27590099.325047996,0.0,-0.027590099325047995,-0.027590099325047995
QQQ,QQQ260519C00712000,2026-05-19,1,call,712.0,696.0,28474.0,0.2002,0.0362,0.62,0.93,,0.1896,-0.7621,0.1021,https://cdn.cboe.com/api/global/delayed_quotes/options/QQQ.json,0.0362,12577768.921068002,0.0,12577768.921068002,0.012577768921068001,0.0,0.012577768921068001
QQQ,QQQ260519P00712000,2026-05-19,1,put,712.0,1020.0,3307.0,0.1877,0.0364,6.14,8.46,,-0.811,-0.7626,0.1019,https://cdn.cboe.com/api/global/delayed_quotes/options/QQQ.json,0.0364,0.0,-18534776.64402,-18534776.64402,0.0,-0.01853477664402,-0.01853477664402
QQQ,QQQ260519C00713000,2026-05-19,1,call,713.0,731.0,12278.0,0.2,0.032,0.47,0.73,,0.1545,-0.5846,0.09,https://cdn.cboe.com/api/global/delayed_quotes/options/QQQ.json,0.032,11677588.215279996,0.0,11677588.215279996,0.011677588215279996,0.0,0.011677588215279996
QQQ,QQQ260519P00713000,2026-05-19,1,put,713.0,1118.0,1518.0,0.1957,0.0322,7.5,8.93,,-0.8463,-0.5858,0.0896,https://cdn.cboe.com/api/global/delayed_quotes/options/QQQ.json,0.0322,0.0,-17971464.804838996,-17971464.804838996,0.0,-0.017971464804838997,-0.017971464804838997
QQQ,QQQ260519C00714000,2026-05-19,1,call,714.0,849.0,8440.0,0.1995,0.0276,0.44,0.45,,0.1242,-0.4437,0.0779,https://cdn.cboe.com/api/global/delayed_quotes/options/QQQ.json,0.0276,11697756.416540999,0.0,11697756.416540999,0.011697756416541,0.0,0.011697756416541
QQQ,QQQ260519P00714000,2026-05-19,1,put,714.0,325.0,1073.0,0.2106,0.0279,8.17,10.23,,-0.8769,-0.4458,0.0773,https://cdn.cboe.com/api/global/delayed_quotes/options/QQQ.json,0.0279,0.0,-4526612.993418749,-4526612.993418749,0.0,-0.004526612993418749,-0.004526612993418749
QQQ,QQQ260519C00715000,2026-05-19,1,call,715.0,1900.0,19280.0,0.1993,0.0234,0.34,0.35,,0.0985,-0.3338,0.0665,https://cdn.cboe.com/api/global/delayed_quotes/options/QQQ.json,0.0234,22195005.645149995,0.0,22195005.645149995,0.022195005645149996,0.0,0.022195005645149996
QQQ,QQQ260519P00715000,2026-05-19,1,put,715.0,1919.0,861.0,0.1895,0.0238,8.89,11.0,,-0.9029,-0.3369,0.0659,https://cdn.cboe.com/api/global/delayed_quotes/options/QQQ.json,0.0238,0.0,-22800151.5255605,-22800151.5255605,0.0,-0.0228001515255605,-0.0228001515255605
QQQ,QQQ260519C00716000,2026-05-19,1,call,716.0,931.0,9860.0,0.2004,0.0196,0.25,0.27,,0.0773,-0.2492,0.0559,https://cdn.cboe.com/api/global/delayed_quotes/options/QQQ.json,0.0196,9109437.359658998,0.0,9109437.359658998,0.009109437359658997,0.0,0.009109437359658997
QQQ,QQQ260519P00716000,2026-05-19,1,put,716.0,513.0,312.0,0.2584,0.0199,10.0,12.64,,-0.9244,-0.2539,0.055,https://cdn.cboe.com/api/global/delayed_quotes/options/QQQ.json,0.0199,0.0,-5096314.757751749,-5096314.757751749,0.0,-0.005096314757751749,-0.005096314757751749
QQQ,QQQ260519C00717000,2026-05-19,1,call,717.0,962.0,6589.0,0.1999,0.0161,0.18,0.2,,0.0601,-0.185,0.0463,https://cdn.cboe.com/api/global/delayed_quotes/options/QQQ.json,0.0161,7731909.276500498,0.0,7731909.276500498,0.007731909276500498,0.0,0.007731909276500498
QQQ,QQQ260519P00717000,2026-05-19,1,put,717.0,248.0,302.0,0.2629,0.0164,10.64,13.82,,-0.9419,-0.1916,0.0448,https://cdn.cboe.com/api/global/delayed_quotes/options/QQQ.json,0.0164,0.0,-2030398.717048,-2030398.717048,0.0,-0.002030398717048,-0.002030398717048
QQQ,QQQ260519C00718000,2026-05-19,1,call,718.0,736.0,6825.0,0.1989,0.013,0.08,0.2,,0.0464,-0.1368,0.038,https://cdn.cboe.com/api/global/delayed_quotes/options/QQQ.json,0.013,4776469.051119999,0.0,4776469.051119999,0.004776469051119999,0.0,0.004776469051119999
QQQ,QQQ260519P00718000,2026-05-19,1,put,718.0,826.0,330.0,0.2033,0.0132,11.85,13.79,,-0.9559,-0.1453,0.0365,https://cdn.cboe.com/api/global/delayed_quotes/options/QQQ.json,0.0132,0.0,-5443018.118537999,-5443018.118537999,0.0,-0.005443018118537999,-0.005443018118537999
QQQ,QQQ260519C00719000,2026-05-19,1,call,719.0,475.0,7102.0,0.2018,0.0104,0.05,0.26,,0.0356,-0.101,0.0309,https://cdn.cboe.com/api/global/delayed_quotes/options/QQQ.json,0.0104,2466111.7383499993,0.0,2466111.7383499993,0.002466111738349999,0.0,0.002466111738349999
QQQ,QQQ260519P00719000,2026-05-19,1,put,719.0,277.0,242.0,0.2772,0.0106,12.69,15.55,,-0.9668,-0.1114,0.0293,https://cdn.cboe.com/api/global/delayed_quotes/options/QQQ.json,0.0106,0.0,-1465788.9243204999,-1465788.9243204999,0.0,-0.0014657889243205,-0.0014657889243205
QQQ,QQQ260519C00720000,2026-05-19,1,call,720.0,2044.0,10497.0,0.2019,0.0083,0.06,0.09,,0.0272,-0.0746,0.0249,https://cdn.cboe.com/api/global/delayed_quotes/options/QQQ.json,0.0083,8469246.733492998,0.0,8469246.733492998,0.008469246733492999,0.0,0.008469246733492999
QQQ,QQQ260519P00720000,2026-05-19,1,put,720.0,909.0,1237.0,0.1547,0.0084,13.66,15.73,,-0.9752,-0.0874,0.0227,https://cdn.cboe.com/api/global/delayed_quotes/options/QQQ.json,0.0084,0.0,-3811790.038328999,-3811790.038328999,0.0,-0.003811790038328999,-0.003811790038328999
QQQ,QQQ260519C00721000,2026-05-19,1,call,721.0,428.0,3562.0,0.2032,0.0066,0.01,0.2,,0.0208,-0.0552,0.02,https://cdn.cboe.com/api/global/delayed_quotes/options/QQQ.json,0.0066,1410176.606982,0.0,1410176.606982,0.001410176606982,0.0,0.001410176606982
QQQ,QQQ260519P00721000,2026-05-19,1,put,721.0,407.0,91.0,0.0,0.0065,14.47,16.66,,-0.9816,-0.07,0.0181,https://cdn.cboe.com/api/global/delayed_quotes/options/QQQ.json,0.0065,0.0,-1320667.7335637496,-1320667.7335637496,0.0,-0.0013206677335637497,-0.0013206677335637497
QQQ,QQQ260519C00722000,2026-05-19,1,call,722.0,754.0,2259.0,0.2079,0.0052,0.04,0.2,,0.0159,-0.0411,0.0161,https://cdn.cboe.com/api/global/delayed_quotes/options/QQQ.json,0.0052,1957313.9481219996,0.0,1957313.9481219996,0.0019573139481219998,0.0,0.0019573139481219998
QQQ,QQQ260519P00722000,2026-05-19,1,put,722.0,243.0,27.0,0.2874,0.0051,15.22,18.95,,-0.9864,-0.0578,0.014,https://cdn.cboe.com/api/global/delayed_quotes/options/QQQ.json,0.0051,0.0,-618674.5500682499,-618674.5500682499,0.0,-0.0006186745500682499,-0.0006186745500682499
QQQ,QQQ260519C00723000,2026-05-19,1,call,723.0,638.0,3452.0,0.211,0.0041,0.02,0.24,,0.0122,-0.0309,0.0129,https://cdn.cboe.com/api/global/delayed_quotes/options/QQQ.json,0.0041,1305841.1103595,0.0,1305841.1103595,0.0013058411103594998,0.0,0.0013058411103594998
QQQ,QQQ260519P00723000,2026-05-19,1,put,723.0,665.0,7.0,0.3018,0.0039,16.23,19.95,,-0.99,-0.0494,0.0108,https://cdn.cboe.com/api/global/delayed_quotes/options/QQQ.json,0.0039,0.0,-1294708.6626337497,-1294708.6626337497,0.0,-0.0012947086626337496,-0.0012947086626337496
QQQ,QQQ260519C00724000,2026-05-19,1,call,724.0,457.0,1819.0,0.2118,0.0032,0.02,0.04,,0.0094,-0.0234,0.0104,https://cdn.cboe.com/api/global/delayed_quotes/options/QQQ.json,0.0032,730048.948616,0.0,730048.948616,0.0007300489486160001,0.0,0.0007300489486160001
QQQ,QQQ260519P00724000,2026-05-19,1,put,724.0,41.0,37.0,0.3161,0.003,17.24,20.86,,-0.9926,-0.0434,0.0084,https://cdn.cboe.com/api/global/delayed_quotes/options/QQQ.json,0.003,0.0,-61403.18700749999,-61403.18700749999,0.0,-6.140318700749999e-05,-6.140318700749999e-05
QQQ,QQQ260519C00725000,2026-05-19,1,call,725.0,1197.0,1780.0,0.2216,0.0026,0.0,0.23,,0.0074,-0.018,0.0084,https://cdn.cboe.com/api/global/delayed_quotes/options/QQQ.json,0.0026,1553650.3951604997,0.0,1553650.3951604997,0.0015536503951604998,0.0,0.0015536503951604998
QQQ,QQQ260519P00725000,2026-05-19,1,put,725.0,212.0,88.0,0.3279,0.0023,18.23,21.81,,-0.9944,-0.0393,0.0065,https://cdn.cboe.com/api/global/delayed_quotes/options/QQQ.json,0.0023,0.0,-243416.21125899995,-243416.21125899995,0.0,-0.00024341621125899995,-0.00024341621125899995
QQQ,QQQ260519C00726000,2026-05-19,1,call,726.0,325.0,1295.0,0.2179,0.002,0.01,0.02,,0.0058,-0.0141,0.0068,https://cdn.cboe.com/api/global/delayed_quotes/options/QQQ.json,0.002,324488.3866249999,0.0,324488.3866249999,0.0003244883866249999,0.0,0.0003244883866249999
QQQ,QQQ260519P00726000,2026-05-19,1,put,726.0,20.0,1.0,0.0,0.0018,19.23,22.14,,-0.9958,-0.0364,0.005,https://cdn.cboe.com/api/global/delayed_quotes/options/QQQ.json,0.0018,0.0,-17971.664489999996,-17971.664489999996,0.0,-1.7971664489999996e-05,-1.7971664489999996e-05
QQQ,QQQ260519C00727000,2026-05-19,1,call,727.0,522.0,1714.0,0.2271,0.0016,0.0,0.22,,0.0046,-0.0111,0.0056,https://cdn.cboe.com/api/global/delayed_quotes/options/QQQ.json,0.0016,416942.616168,0.0,416942.616168,0.000416942616168,0.0,0.000416942616168
QQQ,QQQ260519P00727000,2026-05-19,1,put,727.0,27.0,2.0,0.0,0.0014,20.23,23.14,,-0.9968,-0.0344,0.004,https://cdn.cboe.com/api/global/delayed_quotes/options/QQQ.json,0.0014,0.0,-18870.247714499998,-18870.247714499998,0.0,-1.88702477145e-05,-1.88702477145e-05
QQQ,QQQ260519C00728000,2026-05-19,1,call,728.0,324.0,1056.0,0.2362,0.0013,0.0,0.22,,0.0038,-0.0089,0.0047,https://cdn.cboe.com/api/global/delayed_quotes/options/QQQ.json,0.0013,210268.47453299997,0.0,210268.47453299997,0.00021026847453299997,0.0,0.00021026847453299997
QQQ,QQQ260519P00728000,2026-05-19,1,put,728.0,25.0,0.0,0.0,0.0011,21.23,23.96,,-0.9976,-0.033,0.0031,https://cdn.cboe.com/api/global/delayed_quotes/options/QQQ.json,0.0011,0.0,-13728.354818749998,-13728.354818749998,0.0,-1.3728354818749998e-05,-1.3728354818749998e-05
QQQ,QQQ260519C00729000,2026-05-19,1,call,729.0,695.0,807.0,0.2351,0.0011,0.0,0.05,,0.0031,-0.0073,0.0039,https://cdn.cboe.com/api/global/delayed_quotes/options/QQQ.json,0.0011,381648.26396124996,0.0,381648.26396124996,0.00038164826396124994,0.0,0.00038164826396124994
QQQ,QQQ260519P00729000,2026-05-19,1,put,729.0,85.0,69.0,0.3762,0.0008,22.22,25.71,,-0.9981,-0.032,0.0026,https://cdn.cboe.com/api/global/delayed_quotes/options/QQQ.json,0.0008,0.0,-33946.47737,-33946.47737,0.0,-3.394647737e-05,-3.394647737e-05
QQQ,QQQ260519C00730000,2026-05-19,1,call,730.0,1702.0,3771.0,0.2438,0.0009,0.0,0.03,,0.0025,-0.006,0.0033,https://cdn.cboe.com/api/global/delayed_quotes/options/QQQ.json,0.0009,764694.3240494999,0.0,764694.3240494999,0.0007646943240494999,0.0,0.0007646943240494999
QQQ,QQQ260519P00730000,2026-05-19,1,put,730.0,14.0,12.0,0.4264,0.0007,24.23,25.97,,-0.9985,-0.0312,0.0021,https://cdn.cboe.com/api/global/delayed_quotes/options/QQQ.json,0.0007,0.0,-4892.2864445,-4892.2864445,0.0,-4.892286444499999e-06,-4.892286444499999e-06
QQQ,QQQ260519C00731000,2026-05-19,1,call,731.0,791.0,451.0,0.2525,0.0008,0.0,0.02,,0.0021,-0.005,0.0028,https://cdn.cboe.com/api/global/delayed_quotes/options/QQQ.json,0.0008,315901.92470199993,0.0,315901.92470199993,0.0003159019247019999,0.0,0.0003159019247019999
QQQ,QQQ260519P00731000,2026-05-19,1,put,731.0,27.0,0.0,0.3645,0.0006,24.23,27.44,,-0.9988,-0.0307,0.0016,https://cdn.cboe.com/api/global/delayed_quotes/options/QQQ.json,0.0006,0.0,-8087.249020499999,-8087.249020499999,0.0,-8.087249020499998e-06,-8.087249020499998e-06
QQQ,QQQ260519C00732000,2026-05-19,1,call,732.0,1325.0,524.0,0.2612,0.0006,0.0,0.1,,0.0018,-0.0042,0.0024,https://cdn.cboe.com/api/global/delayed_quotes/options/QQQ.json,0.0006,396874.25748749997,0.0,396874.25748749997,0.0003968742574875,0.0,0.0003968742574875
QQQ,QQQ260519P00732000,2026-05-19,1,put,732.0,6.0,0.0,0.4146,0.0004,25.23,28.81,,-0.999,-0.0303,0.0013,https://cdn.cboe.com/api/global/delayed_quotes/options/QQQ.json,0.0004,0.0,-1198.110966,-1198.110966,0.0,-1.198110966e-06,-1.198110966e-06
QQQ,QQQ260519C00733000,2026-05-19,1,call,733.0,283.0,316.0,0.2698,0.0005,0.0,0.39,,0.0015,-0.0036,0.002,https://cdn.cboe.com/api/global/delayed_quotes/options/QQQ.json,0.0005,70638.62570375,0.0,70638.62570375,7.063862570375e-05,0.0,7.063862570375e-05
QQQ,QQQ260519P00733000,2026-05-19,1,put,733.0,23.0,30.0,0.3311,0.0004,26.23,29.24,,-0.9992,-0.0299,0.0011,https://cdn.cboe.com/api/global/delayed_quotes/options/QQQ.json,0.0004,0.0,-4592.758702999999,-4592.758702999999,0.0,-4.592758702999998e-06,-4.592758702999998e-06
QQQ,QQQ260519C00734000,2026-05-19,1,call,734.0,666.0,495.0,0.2784,0.0004,0.0,0.4,,0.0013,-0.0031,0.0018,https://cdn.cboe.com/api/global/delayed_quotes/options/QQQ.json,0.0004,132990.317226,0.0,132990.317226,0.000132990317226,0.0,0.000132990317226
QQQ,QQQ260519P00734000,2026-05-19,1,put,734.0,1.0,0.0,0.4375,0.0003,27.22,30.71,,-0.9994,-0.0297,0.0009,https://cdn.cboe.com/api/global/delayed_quotes/options/QQQ.json,0.0003,0.0,-149.76387074999997,-149.76387074999997,0.0,-1.4976387074999997e-07,-1.4976387074999997e-07
QQQ,QQQ260519C00735000,2026-05-19,1,call,735.0,1655.0,427.0,0.2689,0.0004,0.0,0.01,,0.0011,-0.0026,0.0015,https://cdn.cboe.com/api/global/delayed_quotes/options/QQQ.json,0.0004,330478.94145499996,0.0,330478.94145499996,0.00033047894145499994,0.0,0.00033047894145499994
QQQ,QQQ260519C00736000,2026-05-19,1,call,736.0,183.0,137.0,0.277,0.0003,0.0,0.01,,0.0009,-0.0023,0.0013,https://cdn.cboe.com/api/global/delayed_quotes/options/QQQ.json,0.0003,27406.788347249993,0.0,27406.788347249993,2.7406788347249993e-05,0.0,2.7406788347249993e-05
QQQ,QQQ260519C00737000,2026-05-19,1,call,737.0,133.0,33.0,0.285,0.0003,0.0,1.03,,0.0008,-0.002,0.0012,https://cdn.cboe.com/api/global/delayed_quotes/options/QQQ.json,0.0003,19918.594809749997,0.0,19918.594809749997,1.9918594809749995e-05,0.0,1.9918594809749995e-05
QQQ,QQQ260519P00737000,2026-05-19,1,put,737.0,1.0,3.0,0.5012,0.0002,30.41,33.95,,-0.9997,-0.0292,0.0006,https://cdn.cboe.com/api/global/delayed_quotes/options/QQQ.json,0.0002,0.0,-99.84258049999998,-99.84258049999998,0.0,-9.984258049999998e-08,-9.984258049999998e-08
QQQ,QQQ260519C00738000,2026-05-19,1,call,738.0,497.0,549.0,0.293,0.0002,0.0,0.01,,0.0007,-0.0017,0.001,https://cdn.cboe.com/api/global/delayed_quotes/options/QQQ.json,0.0002,49621.76250849999,0.0,49621.76250849999,4.962176250849999e-05,0.0,4.962176250849999e-05
QQQ,QQQ260519C00739000,2026-05-19,1,call,739.0,190.0,988.0,0.301,0.0002,0.0,0.01,,0.0006,-0.0015,0.0009,https://cdn.cboe.com/api/global/delayed_quotes/options/QQQ.json,0.0002,18970.090294999995,0.0,18970.090294999995,1.8970090294999996e-05,0.0,1.8970090294999996e-05
QQQ,QQQ260519C00740000,2026-05-19,1,call,740.0,648.0,210.0,0.3089,0.0002,0.0,0.01,,0.0005,-0.0013,0.0008,https://cdn.cboe.com/api/global/delayed_quotes/options/QQQ.json,0.0002,64697.99216399999,0.0,64697.99216399999,6.469799216399999e-05,0.0,6.469799216399999e-05
QQQ,QQQ260519C00741000,2026-05-19,1,call,741.0,268.0,19.0,0.3168,0.0002,0.0,1.03,,0.0005,-0.0012,0.0007,https://cdn.cboe.com/api/global/delayed_quotes/options/QQQ.json,0.0002,26757.811573999996,0.0,26757.811573999996,2.6757811573999995e-05,0.0,2.6757811573999995e-05
QQQ,QQQ260519C00742000,2026-05-19,1,call,742.0,203.0,0.0,0.3247,0.0001,0.0,1.32,,0.0004,-0.001,0.0006,https://cdn.cboe.com/api/global/delayed_quotes/options/QQQ.json,0.0001,10134.02192075,0.0,10134.02192075,1.013402192075e-05,0.0,1.013402192075e-05
QQQ,QQQ260519C00743000,2026-05-19,1,call,743.0,390.0,1.0,0.3326,0.0001,0.0,0.05,,0.0004,-0.0009,0.0006,https://cdn.cboe.com/api/global/delayed_quotes/options/QQQ.json,0.0001,19469.303197499998,0.0,19469.303197499998,1.9469303197499997e-05,0.0,1.9469303197499997e-05
QQQ,QQQ260519C00744000,2026-05-19,1,call,744.0,2878.0,0.0,0.3404,0.0001,0.0,0.3,,0.0003,-0.0008,0.0005,https://cdn.cboe.com/api/global/delayed_quotes/options/QQQ.json,0.0001,143673.4733395,0.0,143673.4733395,0.0001436734733395,0.0,0.0001436734733395
QQQ,QQQ260519C00745000,2026-05-19,1,call,745.0,344.0,125.0,0.3482,0.0001,0.0,0.01,,0.0003,-0.0007,0.0004,https://cdn.cboe.com/api/global/delayed_quotes/options/QQQ.json,0.0001,17172.923845999998,0.0,17172.923845999998,1.7172923845999996e-05,0.0,1.7172923845999996e-05
QQQ,QQQ260519C00746000,2026-05-19,1,call,746.0,241.0,511.0,0.356,0.0001,0.0,0.01,,0.0002,-0.0006,0.0004,https://cdn.cboe.com/api/global/delayed_quotes/options/QQQ.json,0.0001,12031.03095025,0.0,12031.03095025,1.203103095025e-05,0.0,1.203103095025e-05
QQQ,QQQ260519C00747000,2026-05-19,1,call,747.0,103.0,0.0,0.3638,0.0001,0.0,0.39,,0.0002,-0.0006,0.0004,https://cdn.cboe.com/api/global/delayed_quotes/options/QQQ.json,0.0001,5141.892895749999,0.0,5141.892895749999,5.141892895749999e-06,0.0,5.141892895749999e-06
QQQ,QQQ260519C00748000,2026-05-19,1,call,748.0,146.0,1.0,0.3715,0.0001,0.0,0.11,,0.0002,-0.0005,0.0003,https://cdn.cboe.com/api/global/delayed_quotes/options/QQQ.json,0.0001,7288.508376499999,0.0,7288.508376499999,7.288508376499999e-06,0.0,7.288508376499999e-06
QQQ,QQQ260519C00749000,2026-05-19,1,call,749.0,110.0,0.0,0.3792,0.0001,0.0,1.04,,0.0002,-0.0004,0.0003,https://cdn.cboe.com/api/global/delayed_quotes/options/QQQ.json,0.0001,5491.3419275,0.0,5491.3419275,5.4913419275e-06,0.0,5.4913419275e-06
QQQ,QQQ260519C00750000,2026-05-19,1,call,750.0,646.0,7.0,0.3869,0.0,0.0,0.01,,0.0001,-0.0004,0.0002,https://cdn.cboe.com/api/global/delayed_quotes/options/QQQ.json,0.0,0.0,0.0,0.0,0.0,0.0,0.0
QQQ,QQQ260519P00750000,2026-05-19,1,put,750.0,2.0,0.0,0.0,0.0,42.48,46.92,,-1.0,-0.0287,0.0001,https://cdn.cboe.com/api/global/delayed_quotes/options/QQQ.json,0.0,0.0,-0.0,0.0,0.0,-0.0,0.0
QQQ,QQQ260519C00755000,2026-05-19,1,call,755.0,349.0,2.0,0.4251,0.0,0.0,0.5,,0.0001,-0.0002,0.0001,https://cdn.cboe.com/api/global/delayed_quotes/options/QQQ.json,0.0,0.0,0.0,0.0,0.0,0.0,0.0
QQQ,QQQ260519C00760000,2026-05-19,1,call,760.0,375.0,8.0,0.4626,0.0,0.0,0.01,,0.0,-0.0001,0.0001,https://cdn.cboe.com/api/global/delayed_quotes/options/QQQ.json,0.0,0.0,0.0,0.0,0.0,0.0,0.0
QQQ,QQQ260519C00765000,2026-05-19,1,call,765.0,57.0,0.0,0.4997,0.0,0.0,1.04,,0.0,-0.0001,0.0001,https://cdn.cboe.com/api/global/delayed_quotes/options/QQQ.json,0.0,0.0,0.0,0.0,0.0,0.0,0.0
QQQ,QQQ260519C00770000,2026-05-19,1,call,770.0,116.0,0.0,0.5364,0.0,0.0,0.01,,0.0,-0.0001,0.0,https://cdn.cboe.com/api/global/delayed_quotes/options/QQQ.json,0.0,0.0,0.0,0.0,0.0,0.0,0.0
QQQ,QQQ260519C00775000,2026-05-19,1,call,775.0,14.0,0.0,0.5726,0.0,0.0,1.04,,0.0,0.0,0.0,https://cdn.cboe.com/api/global/delayed_quotes/options/QQQ.json,0.0,0.0,0.0,0.0,0.0,0.0,0.0
QQQ,QQQ260519C00785000,2026-05-19,1,call,785.0,84.0,0.0,0.6437,0.0,0.0,1.94,,0.0,0.0,0.0,https://cdn.cboe.com/api/global/delayed_quotes/options/QQQ.json,0.0,0.0,0.0,0.0,0.0,0.0,0.0
QQQ,QQQ260519C00800000,2026-05-19,1,call,800.0,16.0,0.0,0.7477,0.0,0.0,1.94,,0.0,0.0,0.0,https://cdn.cboe.com/api/global/delayed_quotes/options/QQQ.json,0.0,0.0,0.0,0.0,0.0,0.0,0.0
QQQ,QQQ260520P00490000,2026-05-20,2,put,490.0,1.0,0.0,1.5196,0.0,0.0,0.22,,-0.0001,-0.0022,0.0003,https://cdn.cboe.com/api/global/delayed_quotes/options/QQQ.json,0.0,0.0,-0.0,0.0,0.0,-0.0,0.0
QQQ,QQQ260520P00535000,2026-05-20,2,put,535.0,2.0,908.0,1.1152,0.0,0.0,0.87,,-0.0003,-0.0034,0.0005,https://cdn.cboe.com/api/global/delayed_quotes/options/QQQ.json,0.0,0.0,-0.0,0.0,0.0,-0.0,0.0
QQQ,QQQ260520P00540000,2026-05-20,2,put,540.0,3295.0,1607.0,1.1738,0.0,0.0,0.87,,-0.0003,-0.0037,0.0005,https://cdn.cboe.com/api/global/delayed_quotes/options/QQQ.json,0.0,0.0,-0.0,0.0,0.0,-0.0,0.0
QQQ,QQQ260520P00545000,2026-05-20,2,put,545.0,2831.0,659.0,1.1361,0.0,0.0,0.23,,-0.0003,-0.0039,0.0006,https://cdn.cboe.com/api/global/delayed_quotes/options/QQQ.json,0.0,0.0,-0.0,0.0,0.0,-0.0,0.0
QQQ,QQQ260520P00550000,2026-05-20,2,put,550.0,1.0,0.0,1.0987,0.0,0.0,1.53,,-0.0003,-0.0042,0.0006,https://cdn.cboe.com/api/global/delayed_quotes/options/QQQ.json,0.0,0.0,-0.0,0.0,0.0,-0.0,0.0
QQQ,QQQ260520P00555000,2026-05-20,2,put,555.0,1.0,0.0,1.0616,0.0,0.0,1.53,,-0.0004,-0.0044,0.0007,https://cdn.cboe.com/api/global/delayed_quotes/options/QQQ.json,0.0,0.0,-0.0,0.0,0.0,-0.0,0.0
QQQ,QQQ260520P00560000,2026-05-20,2,put,560.0,5.0,0.0,1.0247,0.0,0.0,0.23,,-0.0004,-0.0048,0.0008,https://cdn.cboe.com/api/global/delayed_quotes/options/QQQ.json,0.0,0.0,-0.0,0.0,0.0,-0.0,0.0
QQQ,QQQ260520C00570000,2026-05-20,2,call,570.0,1.0,4.0,1.0713,0.0,133.2,137.69,,0.9994,0.0,0.0009,https://cdn.cboe.com/api/global/delayed_quotes/options/QQQ.json,0.0,0.0,0.0,0.0,0.0,0.0,0.0
QQQ,QQQ260520P00570000,2026-05-20,2,put,570.0,108.0,170.0,0.9517,0.0,0.0,0.87,,-0.0005,-0.0055,0.0009,https://cdn.cboe.com/api/global/delayed_quotes/options/QQQ.json,0.0,0.0,-0.0,0.0,0.0,-0.0,0.0
QQQ,QQQ260520C00575000,2026-05-20,2,call,575.0,3.0,3.0,1.0292,0.0,128.2,132.63,,0.9994,0.0,0.001,https://cdn.cboe.com/api/global/delayed_quotes/options/QQQ.json,0.0,0.0,0.0,0.0,0.0,0.0,0.0
QQQ,QQQ260520P00575000,2026-05-20,2,put,575.0,2.0,0.0,0.9156,0.0,0.0,1.53,,-0.0005,-0.0059,0.001,https://cdn.cboe.com/api/global/delayed_quotes/options/QQQ.json,0.0,0.0,-0.0,0.0,0.0,-0.0,0.0
QQQ,QQQ260520P00580000,2026-05-20,2,put,580.0,1.0,41.0,0.8797,0.0,0.0,0.23,,-0.0006,-0.0064,0.0011,https://cdn.cboe.com/api/global/delayed_quotes/options/QQQ.json,0.0,0.0,-0.0,0.0,0.0,-0.0,0.0
QQQ,QQQ260520C00585000,2026-05-20,2,call,585.0,2.0,0.0,0.9552,0.0001,118.19,122.64,,0.9993,0.0,0.0012,https://cdn.cboe.com/api/global/delayed_quotes/options/QQQ.json,0.0001,99.84258049999998,0.0,99.84258049999998,9.984258049999998e-08,0.0,9.984258049999998e-08
QQQ,QQQ260520P00585000,2026-05-20,2,put,585.0,3.0,2.0,0.844,0.0001,0.0,0.23,,-0.0007,-0.0069,0.0012,https://cdn.cboe.com/api/global/delayed_quotes/options/QQQ.json,0.0001,0.0,-149.76387075,-149.76387075,0.0,-1.4976387075e-07,-1.4976387075e-07
QQQ,QQQ260520P00590000,2026-05-20,2,put,590.0,60.0,11.0,0.8086,0.0001,0.0,0.23,,-0.0007,-0.0075,0.0014,https://cdn.cboe.com/api/global/delayed_quotes/options/QQQ.json,0.0001,0.0,-2995.2774149999996,-2995.2774149999996,0.0,-2.9952774149999994e-06,-2.9952774149999994e-06
QQQ,QQQ260520P00595000,2026-05-20,2,put,595.0,14.0,21.0,0.7733,0.0001,0.0,0.03,,-0.0008,-0.0082,0.0015,https://cdn.cboe.com/api/global/delayed_quotes/options/QQQ.json,0.0001,0.0,-698.8980634999998,-698.8980634999998,0.0,-6.988980634999998e-07,-6.988980634999998e-07
QQQ,QQQ260520C00600000,2026-05-20,2,call,600.0,3.0,30.0,0.874,0.0001,103.55,107.41,,0.999,0.0,0.0017,https://cdn.cboe.com/api/global/delayed_quotes/options/QQQ.json,0.0001,149.76387075,0.0,149.76387075,1.4976387075e-07,0.0,1.4976387075e-07
QQQ,QQQ260520P00600000,2026-05-20,2,put,600.0,21.0,3.0,0.7382,0.0001,0.0,0.03,,-0.0009,-0.009,0.0017,https://cdn.cboe.com/api/global/delayed_quotes/options/QQQ.json,0.0001,0.0,-1048.34709525,-1048.34709525,0.0,-1.04834709525e-06,-1.04834709525e-06
QQQ,QQQ260520P00605000,2026-05-20,2,put,605.0,58.0,2.0,0.7033,0.0001,0.0,0.23,,-0.0011,-0.0099,0.0019,https://cdn.cboe.com/api/global/delayed_quotes/options/QQQ.json,0.0001,0.0,-2895.4348345,-2895.4348345,0.0,-2.8954348345e-06,-2.8954348345e-06
QQQ,QQQ260520C00610000,2026-05-20,2,call,610.0,4.0,0.0,0.7968,0.0001,93.55,97.42,,0.9987,-0.0006,0.0021,https://cdn.cboe.com/api/global/delayed_quotes/options/QQQ.json,0.0001,199.68516099999997,0.0,199.68516099999997,1.9968516099999995e-07,0.0,1.9968516099999995e-07
QQQ,QQQ260520P00610000,2026-05-20,2,put,610.0,67.0,30.0,0.6686,0.0001,0.0,0.23,,-0.0012,-0.0109,0.0021,https://cdn.cboe.com/api/global/delayed_quotes/options/QQQ.json,0.0001,0.0,-3344.7264467499995,-3344.7264467499995,0.0,-3.3447264467499993e-06,-3.3447264467499993e-06
QQQ,QQQ260520C00615000,2026-05-20,2,call,615.0,41.0,11.0,0.7328,0.0001,88.34,92.71,,0.9986,-0.0023,0.0024,https://cdn.cboe.com/api/global/delayed_quotes/options/QQQ.json,0.0001,2046.7729002499998,0.0,2046.7729002499998,2.0467729002499996e-06,0.0,2.0467729002499996e-06
QQQ,QQQ260520P00615000,2026-05-20,2,put,615.0,52.0,22.0,0.6507,0.0001,0.0,0.23,,-0.0014,-0.0121,0.0024,https://cdn.cboe.com/api/global/delayed_quotes/options/QQQ.json,0.0001,0.0,-2595.907093,-2595.907093,0.0,-2.5959070929999998e-06,-2.5959070929999998e-06
QQQ,QQQ260520C00620000,2026-05-20,2,call,620.0,53.0,2.0,0.6926,0.0002,83.48,87.45,,0.9983,-0.0042,0.0028,https://cdn.cboe.com/api/global/delayed_quotes/options/QQQ.json,0.0002,5291.656766499999,0.0,5291.656766499999,5.291656766499999e-06,0.0,5.291656766499999e-06
QQQ,QQQ260520P00620000,2026-05-20,2,put,620.0,178.0,19.0,0.6155,0.0002,0.0,0.23,,-0.0016,-0.0134,0.0028,https://cdn.cboe.com/api/global/delayed_quotes/options/QQQ.json,0.0002,0.0,-17771.979328999998,-17771.979328999998,0.0,-1.7771979329e-05,-1.7771979329e-05
QQQ,QQQ260520C00625000,2026-05-20,2,call,625.0,17.0,0.0,0.6999,0.0002,78.4,82.74,,0.9981,-0.0063,0.0032,https://cdn.cboe.com/api/global/delayed_quotes/options/QQQ.json,0.0002,1697.3238685,0.0,1697.3238685,1.6973238685e-06,0.0,1.6973238685e-06
QQQ,QQQ260520P00625000,2026-05-20,2,put,625.0,105.0,87.0,0.5805,0.0002,0.0,0.33,,-0.0019,-0.015,0.0032,https://cdn.cboe.com/api/global/delayed_quotes/options/QQQ.json,0.0002,0.0,-10483.4709525,-10483.4709525,0.0,-1.04834709525e-05,-1.04834709525e-05
QQQ,QQQ260520C00630000,2026-05-20,2,call,630.0,18.0,10.0,0.638,0.0002,73.55,77.43,,0.9978,-0.0087,0.0037,https://cdn.cboe.com/api/global/delayed_quotes/options/QQQ.json,0.0002,1797.1664489999998,0.0,1797.1664489999998,1.7971664489999999e-06,0.0,1.7971664489999999e-06
QQQ,QQQ260520P00630000,2026-05-20,2,put,630.0,78.0,14.0,0.5574,0.0002,0.0,0.24,,-0.0022,-0.0169,0.0037,https://cdn.cboe.com/api/global/delayed_quotes/options/QQQ.json,0.0002,0.0,-7787.7212789999985,-7787.7212789999985,0.0,-7.787721278999999e-06,-7.787721278999999e-06
QQQ,QQQ260520C00635000,2026-05-20,2,call,635.0,4.0,1.0,0.5837,0.0003,68.21,72.67,,0.9974,-0.0115,0.0043,https://cdn.cboe.com/api/global/delayed_quotes/options/QQQ.json,0.0003,599.0554829999999,0.0,599.0554829999999,5.990554829999999e-07,0.0,5.990554829999999e-07
QQQ,QQQ260520P00635000,2026-05-20,2,put,635.0,1449.0,49.0,0.5316,0.0003,0.0,0.04,,-0.0026,-0.0191,0.0043,https://cdn.cboe.com/api/global/delayed_quotes/options/QQQ.json,0.0003,0.0,-217007.84871674996,-217007.84871674996,0.0,-0.00021700784871674995,-0.00021700784871674995
QQQ,QQQ260520C00640000,2026-05-20,2,call,640.0,3.0,7.0,0.5485,0.0004,63.38,67.72,,0.9969,-0.0147,0.005,https://cdn.cboe.com/api/global/delayed_quotes/options/QQQ.json,0.0004,599.055483,0.0,599.055483,5.99055483e-07,0.0,5.99055483e-07
QQQ,QQQ260520P00640000,2026-05-20,2,put,640.0,205.0,103.0,0.4957,0.0004,0.02,0.04,,-0.003,-0.0218,0.005,https://cdn.cboe.com/api/global/delayed_quotes/options/QQQ.json,0.0004,0.0,-40935.458005,-40935.458005,0.0,-4.0935458005e-05,-4.0935458005e-05
QQQ,QQQ260520C00643000,2026-05-20,2,call,643.0,5.0,0.0,0.5154,0.0004,60.5,64.44,,0.9966,-0.0169,0.0056,https://cdn.cboe.com/api/global/delayed_quotes/options/QQQ.json,0.0004,998.4258049999999,0.0,998.4258049999999,9.98425805e-07,0.0,9.98425805e-07
QQQ,QQQ260520P00643000,2026-05-20,2,put,643.0,34.0,41.0,0.482,0.0004,0.02,0.04,,-0.0034,-0.0237,0.0056,https://cdn.cboe.com/api/global/delayed_quotes/options/QQQ.json,0.0004,0.0,-6789.295474,-6789.295474,0.0,-6.789295474e-06,-6.789295474e-06
QQQ,QQQ260520P00644000,2026-05-20,2,put,644.0,19.0,4.0,0.4747,0.0004,0.02,0.04,,-0.0035,-0.0244,0.0058,https://cdn.cboe.com/api/global/delayed_quotes/options/QQQ.json,0.0004,0.0,-3794.018058999999,-3794.018058999999,0.0,-3.794018058999999e-06,-3.794018058999999e-06
QQQ,QQQ260520C00645000,2026-05-20,2,call,645.0,38.0,31.0,0.5167,0.0005,58.39,62.73,,0.9963,-0.0185,0.006,https://cdn.cboe.com/api/global/delayed_quotes/options/QQQ.json,0.0005,9485.045147499997,0.0,9485.045147499997,9.485045147499998e-06,0.0,9.485045147499998e-06
QQQ,QQQ260520P00645000,2026-05-20,2,put,645.0,36.0,3.0,0.4674,0.0005,0.03,0.04,,-0.0037,-0.0251,0.006,https://cdn.cboe.com/api/global/delayed_quotes/options/QQQ.json,0.0005,0.0,-8985.832245,-8985.832245,0.0,-8.985832245e-06,-8.985832245e-06
QQQ,QQQ260520P00646000,2026-05-20,2,put,646.0,139.0,8.0,0.4602,0.0005,0.0,0.04,,-0.0038,-0.0258,0.0062,https://cdn.cboe.com/api/global/delayed_quotes/options/QQQ.json,0.0005,0.0,-34695.29672375,-34695.29672375,0.0,-3.469529672375e-05,-3.469529672375e-05
QQQ,QQQ260520C00647000,2026-05-20,2,call,647.0,28.0,0.0,0.5241,0.0005,56.42,60.73,,0.996,-0.0203,0.0064,https://cdn.cboe.com/api/global/delayed_quotes/options/QQQ.json,0.0005,6988.980635,0.0,6988.980635,6.988980635e-06,0.0,6.988980635e-06
QQQ,QQQ260520P00647000,2026-05-20,2,put,647.0,16.0,13.0,0.4529,0.0005,0.0,0.04,,-0.004,-0.0266,0.0064,https://cdn.cboe.com/api/global/delayed_quotes/options/QQQ.json,0.0005,0.0,-3993.7032199999994,-3993.7032199999994,0.0,-3.99370322e-06,-3.99370322e-06
QQQ,QQQ260520P00648000,2026-05-20,2,put,648.0,11.0,37.0,0.4456,0.0005,0.03,0.04,,-0.0041,-0.0275,0.0066,https://cdn.cboe.com/api/global/delayed_quotes/options/QQQ.json,0.0005,0.0,-2745.670963749999,-2745.670963749999,0.0,-2.745670963749999e-06,-2.745670963749999e-06
QQQ,QQQ260520C00649000,2026-05-20,2,call,649.0,8.0,0.0,0.5075,0.0006,54.36,58.7,,0.9956,-0.0223,0.0069,https://cdn.cboe.com/api/global/delayed_quotes/options/QQQ.json,0.0006,2396.2219319999995,0.0,2396.2219319999995,2.3962219319999995e-06,0.0,2.3962219319999995e-06
QQQ,QQQ260520P00649000,2026-05-20,2,put,649.0,7.0,12.0,0.4384,0.0006,0.03,0.04,,-0.0043,-0.0284,0.0069,https://cdn.cboe.com/api/global/delayed_quotes/options/QQQ.json,0.0006,0.0,-2096.6941905,-2096.6941905,0.0,-2.0966941905e-06,-2.0966941905e-06
QQQ,QQQ260520C00650000,2026-05-20,2,call,650.0,21.0,16.0,0.4728,0.0006,53.23,57.73,,0.9954,-0.0233,0.0071,https://cdn.cboe.com/api/global/delayed_quotes/options/QQQ.json,0.0006,6290.082571499997,0.0,6290.082571499997,6.290082571499997e-06,0.0,6.290082571499997e-06
QQQ,QQQ260520P00650000,2026-05-20,2,put,650.0,260.0,18.0,0.4311,0.0006,0.0,0.04,,-0.0045,-0.0293,0.0071,https://cdn.cboe.com/api/global/delayed_quotes/options/QQQ.json,0.0006,0.0,-77877.21278999999,-77877.21278999999,0.0,-7.787721278999999e-05,-7.787721278999999e-05
QQQ,QQQ260520C00651000,2026-05-20,2,call,651.0,2.0,2.0,0.4909,0.0006,52.27,56.76,,0.9953,-0.0244,0.0074,https://cdn.cboe.com/api/global/delayed_quotes/options/QQQ.json,0.0006,599.0554829999999,0.0,599.0554829999999,5.990554829999999e-07,0.0,5.990554829999999e-07
QQQ,QQQ260520P00651000,2026-05-20,2,put,651.0,26.0,5.0,0.4302,0.0006,0.03,0.05,,-0.0047,-0.0303,0.0074,https://cdn.cboe.com/api/global/delayed_quotes/options/QQQ.json,0.0006,0.0,-7787.721278999998,-7787.721278999998,0.0,-7.787721278999997e-06,-7.787721278999997e-06
QQQ,QQQ260520C00652000,2026-05-20,2,call,652.0,18.0,0.0,0.4826,0.0006,51.23,55.72,,0.995,-0.0256,0.0077,https://cdn.cboe.com/api/global/delayed_quotes/options/QQQ.json,0.0006,5391.499346999999,0.0,5391.499346999999,5.391499346999999e-06,0.0,5.391499346999999e-06
QQQ,QQQ260520P00652000,2026-05-20,2,put,652.0,25.0,7.0,0.4228,0.0006,0.03,0.05,,-0.0049,-0.0314,0.0077,https://cdn.cboe.com/api/global/delayed_quotes/options/QQQ.json,0.0006,0.0,-7488.193537499999,-7488.193537499999,0.0,-7.4881935375e-06,-7.4881935375e-06
QQQ,QQQ260520C00653000,2026-05-20,2,call,653.0,12.0,12.0,0.4743,0.0007,50.31,54.75,,0.9948,-0.0269,0.0081,https://cdn.cboe.com/api/global/delayed_quotes/options/QQQ.json,0.0007,4193.388381,0.0,4193.388381,4.193388381e-06,0.0,4.193388381e-06
QQQ,QQQ260520P00653000,2026-05-20,2,put,653.0,26.0,1.0,0.4155,0.0007,0.03,0.05,,-0.0051,-0.0326,0.0081,https://cdn.cboe.com/api/global/delayed_quotes/options/QQQ.json,0.0007,0.0,-9085.674825499998,-9085.674825499998,0.0,-9.085674825499998e-06,-9.085674825499998e-06
QQQ,QQQ260520C00654000,2026-05-20,2,call,654.0,24.0,24.0,0.466,0.0007,49.37,53.77,,0.9946,-0.0282,0.0084,https://cdn.cboe.com/api/global/delayed_quotes/options/QQQ.json,0.0007,8386.776762,0.0,8386.776762,8.386776762e-06,0.0,8.386776762e-06
QQQ,QQQ260520P00654000,2026-05-20,2,put,654.0,4.0,4.0,0.4081,0.0007,0.03,0.05,,-0.0054,-0.0338,0.0084,https://cdn.cboe.com/api/global/delayed_quotes/options/QQQ.json,0.0007,0.0,-1397.7961269999996,-1397.7961269999996,0.0,-1.3977961269999996e-06,-1.3977961269999996e-06
QQQ,QQQ260520C00655000,2026-05-20,2,call,655.0,22.0,0.0,0.463,0.0008,48.37,52.74,,0.9943,-0.0296,0.0088,https://cdn.cboe.com/api/global/delayed_quotes/options/QQQ.json,0.0008,8786.147083999998,0.0,8786.147083999998,8.786147083999999e-06,0.0,8.786147083999999e-06
QQQ,QQQ260520P00655000,2026-05-20,2,put,655.0,177.0,24.0,0.4008,0.0008,0.01,0.25,,-0.0056,-0.0351,0.0088,https://cdn.cboe.com/api/global/delayed_quotes/options/QQQ.json,0.0008,0.0,-70688.54699399999,-70688.54699399999,0.0,-7.068854699399999e-05,-7.068854699399999e-05
QQQ,QQQ260520P00656000,2026-05-20,2,put,656.0,367.0,78.0,0.3988,0.0008,0.03,0.05,,-0.0059,-0.0365,0.0092,https://cdn.cboe.com/api/global/delayed_quotes/options/QQQ.json,0.0008,0.0,-146568.90817399998,-146568.90817399998,0.0,-0.00014656890817399998,-0.00014656890817399998
QQQ,QQQ260520C00657000,2026-05-20,2,call,657.0,11.0,2.0,0.4463,0.0009,46.4,50.71,,0.9937,-0.0328,0.0096,https://cdn.cboe.com/api/global/delayed_quotes/options/QQQ.json,0.0009,4942.207734749999,0.0,4942.207734749999,4.942207734749999e-06,0.0,4.942207734749999e-06
QQQ,QQQ260520P00657000,2026-05-20,2,put,657.0,6.0,13.0,0.3913,0.0009,0.03,0.05,,-0.0062,-0.0381,0.0096,https://cdn.cboe.com/api/global/delayed_quotes/options/QQQ.json,0.0009,0.0,-2695.7496735,-2695.7496735,0.0,-2.6957496735e-06,-2.6957496735e-06
QQQ,QQQ260520C00658000,2026-05-20,2,call,658.0,1.0,0.0,0.438,0.0009,45.38,49.74,,0.9934,-0.0346,0.0101,https://cdn.cboe.com/api/global/delayed_quotes/options/QQQ.json,0.0009,449.2916122499999,0.0,449.2916122499999,4.492916122499999e-07,0.0,4.492916122499999e-07
QQQ,QQQ260520P00658000,2026-05-20,2,put,658.0,56.0,8.0,0.3839,0.0009,0.03,0.05,,-0.0066,-0.0398,0.0101,https://cdn.cboe.com/api/global/delayed_quotes/options/QQQ.json,0.0009,0.0,-25160.330285999993,-25160.330285999993,0.0,-2.5160330285999993e-05,-2.5160330285999993e-05
QQQ,QQQ260520P00659000,2026-05-20,2,put,659.0,772.0,18.0,0.3764,0.001,0.04,0.05,,-0.0069,-0.0416,0.0106,https://cdn.cboe.com/api/global/delayed_quotes/options/QQQ.json,0.001,0.0,-385392.3607299999,-385392.3607299999,0.0,-0.0003853923607299999,-0.0003853923607299999
QQQ,QQQ260520C00660000,2026-05-20,2,call,660.0,21.0,3.0,0.3454,0.001,43.63,47.24,,0.9926,-0.0387,0.0111,https://cdn.cboe.com/api/global/delayed_quotes/options/QQQ.json,0.001,10483.4709525,0.0,10483.4709525,1.04834709525e-05,0.0,1.04834709525e-05
QQQ,QQQ260520P00660000,2026-05-20,2,put,660.0,3625.0,623.0,0.364,0.001,0.03,0.05,,-0.0073,-0.0436,0.0111,https://cdn.cboe.com/api/global/delayed_quotes/options/QQQ.json,0.001,0.0,-1809646.7715624997,-1809646.7715624997,0.0,-0.0018096467715624997,-0.0018096467715624997
QQQ,QQQ260520P00661000,2026-05-20,2,put,661.0,113.0,32.0,0.3566,0.0011,0.03,0.05,,-0.0078,-0.0458,0.0117,https://cdn.cboe.com/api/global/delayed_quotes/options/QQQ.json,0.0011,0.0,-62052.16378075,-62052.16378075,0.0,-6.205216378075e-05,-6.205216378075e-05
QQQ,QQQ260520C00662000,2026-05-20,2,call,662.0,1.0,2.0,0.409,0.0012,41.4,45.75,,0.9917,-0.0436,0.0123,https://cdn.cboe.com/api/global/delayed_quotes/options/QQQ.json,0.0012,599.0554829999999,0.0,599.0554829999999,5.990554829999999e-07,0.0,5.990554829999999e-07
QQQ,QQQ260520P00662000,2026-05-20,2,put,662.0,448.0,39.0,0.3492,0.0012,0.04,0.05,,-0.0082,-0.0483,0.0123,https://cdn.cboe.com/api/global/delayed_quotes/options/QQQ.json,0.0012,0.0,-268376.856384,-268376.856384,0.0,-0.000268376856384,-0.000268376856384
QQQ,QQQ260520P00663000,2026-05-20,2,put,663.0,118.0,103.0,0.3467,0.0013,0.04,0.05,,-0.0088,-0.0511,0.0131,https://cdn.cboe.com/api/global/delayed_quotes/options/QQQ.json,0.0013,0.0,-76579.25924349997,-76579.25924349997,0.0,-7.657925924349997e-05,-7.657925924349997e-05
QQQ,QQQ260520C00664000,2026-05-20,2,call,664.0,2.0,0.0,0.3921,0.0014,39.33,43.73,,0.9905,-0.0497,0.0139,https://cdn.cboe.com/api/global/delayed_quotes/options/QQQ.json,0.0014,1397.7961269999996,0.0,1397.7961269999996,1.3977961269999996e-06,0.0,1.3977961269999996e-06
QQQ,QQQ260520P00664000,2026-05-20,2,put,664.0,59.0,37.0,0.3392,0.0014,0.0,0.06,,-0.0094,-0.0542,0.0139,https://cdn.cboe.com/api/global/delayed_quotes/options/QQQ.json,0.0014,0.0,-41234.98574649999,-41234.98574649999,0.0,-4.123498574649999e-05,-4.123498574649999e-05
QQQ,QQQ260520C00665000,2026-05-20,2,call,665.0,21.0,25.0,0.3837,0.0015,38.45,42.76,,0.9898,-0.0534,0.0148,https://cdn.cboe.com/api/global/delayed_quotes/options/QQQ.json,0.0015,15725.206428749996,0.0,15725.206428749996,1.5725206428749995e-05,0.0,1.5725206428749995e-05
QQQ,QQQ260520P00665000,2026-05-20,2,put,665.0,677.0,214.0,0.336,0.0015,0.04,0.06,,-0.0101,-0.0578,0.0148,https://cdn.cboe.com/api/global/delayed_quotes/options/QQQ.json,0.0015,0.0,-506950.70248875,-506950.70248875,0.0,-0.0005069507024887499,-0.0005069507024887499
QQQ,QQQ260520C00666000,2026-05-20,2,call,666.0,1.0,0.0,0.3793,0.0016,37.34,41.78,,0.989,-0.0576,0.0157,https://cdn.cboe.com/api/global/delayed_quotes/options/QQQ.json,0.0016,798.7406439999999,0.0,798.7406439999999,7.987406439999998e-07,0.0,7.987406439999998e-07
QQQ,QQQ260520P00666000,2026-05-20,2,put,666.0,49.0,73.0,0.3324,0.0016,0.0,0.13,,-0.0109,-0.0619,0.0157,https://cdn.cboe.com/api/global/delayed_quotes/options/QQQ.json,0.0016,0.0,-39138.291556,-39138.291556,0.0,-3.9138291555999995e-05,-3.9138291555999995e-05
QQQ,QQQ260520P00667000,2026-05-20,2,put,667.0,307.0,66.0,0.3247,0.0018,0.05,0.07,,-0.0118,-0.0666,0.0168,https://cdn.cboe.com/api/global/delayed_quotes/options/QQQ.json,0.0018,0.0,-275865.0499214999,-275865.0499214999,0.0,-0.0002758650499214999,-0.0002758650499214999
QQQ,QQQ260520P00668000,2026-05-20,2,put,668.0,109.0,288.0,0.324,0.0019,0.06,0.07,,-0.0128,-0.0721,0.0181,https://cdn.cboe.com/api/global/delayed_quotes/options/QQQ.json,0.0019,0.0,-103386.99210774999,-103386.99210774999,0.0,-0.00010338699210774999,-0.00010338699210774999
QQQ,QQQ260520C00669000,2026-05-20,2,call,669.0,40.0,4.0,0.3436,0.0021,34.44,38.79,,0.9859,-0.0745,0.0196,https://cdn.cboe.com/api/global/delayed_quotes/options/QQQ.json,0.0021,41933.883809999985,0.0,41933.883809999985,4.1933883809999984e-05,0.0,4.1933883809999984e-05
QQQ,QQQ260520P00669000,2026-05-20,2,put,669.0,124.0,152.0,0.3162,0.0021,0.06,0.08,,-0.014,-0.0784,0.0196,https://cdn.cboe.com/api/global/delayed_quotes/options/QQQ.json,0.0021,0.0,-129995.03981099995,-129995.03981099995,0.0,-0.00012999503981099995,-0.00012999503981099995
QQQ,QQQ260520C00670000,2026-05-20,2,call,670.0,201.0,2.0,0.307,0.0023,33.76,37.19,,0.9846,-0.082,0.0212,https://cdn.cboe.com/api/global/delayed_quotes/options/QQQ.json,0.0023,230786.12482574995,0.0,230786.12482574995,0.00023078612482574997,0.0,0.00023078612482574997
QQQ,QQQ260520P00670000,2026-05-20,2,put,670.0,450.0,1345.0,0.3198,0.0023,0.08,0.09,,-0.0154,-0.0859,0.0212,https://cdn.cboe.com/api/global/delayed_quotes/options/QQQ.json,0.0023,0.0,-516685.35408749984,-516685.35408749984,0.0,-0.0005166853540874998,-0.0005166853540874998
QQQ,QQQ260520C00671000,2026-05-20,2,call,671.0,2.0,0.0,0.0,0.0025,33.13,35.48,,0.983,-0.0908,0.023,https://cdn.cboe.com/api/global/delayed_quotes/options/QQQ.json,0.0025,2496.0645124999996,0.0,2496.0645124999996,2.4960645124999995e-06,0.0,2.4960645124999995e-06
QQQ,QQQ260520P00671000,2026-05-20,2,put,671.0,392.0,208.0,0.3118,0.0025,0.08,0.1,,-0.017,-0.0946,0.023,https://cdn.cboe.com/api/global/delayed_quotes/options/QQQ.json,0.0025,0.0,-489228.64444999996,-489228.64444999996,0.0,-0.00048922864445,-0.00048922864445
QQQ,QQQ260520C00672000,2026-05-20,2,call,672.0,10.0,0.0,0.2632,0.0028,31.5,35.32,,0.9811,-0.1011,0.0251,https://cdn.cboe.com/api/global/delayed_quotes/options/QQQ.json,0.0028,13977.96127,0.0,13977.96127,1.397796127e-05,0.0,1.397796127e-05
QQQ,QQQ260520P00672000,2026-05-20,2,put,672.0,381.0,654.0,0.3086,0.0028,0.06,0.11,,-0.0188,-0.1047,0.0251,https://cdn.cboe.com/api/global/delayed_quotes/options/QQQ.json,0.0028,0.0,-532560.3243869998,-532560.3243869998,0.0,-0.0005325603243869999,-0.0005325603243869999
QQQ,QQQ260520P00673000,2026-05-20,2,put,673.0,386.0,212.0,0.307,0.0031,0.09,0.12,,-0.0209,-0.1165,0.0274,https://cdn.cboe.com/api/global/delayed_quotes/options/QQQ.json,0.0031,0.0,-597358.1591314998,-597358.1591314998,0.0,-0.0005973581591314998,-0.0005973581591314998
QQQ,QQQ260520C00674000,2026-05-20,2,call,674.0,10.0,0.0,0.3436,0.0034,30.82,32.52,,0.9766,-0.1268,0.0301,https://cdn.cboe.com/api/global/delayed_quotes/options/QQQ.json,0.0034,16973.238684999993,0.0,16973.238684999993,1.6973238684999992e-05,0.0,1.6973238684999992e-05
QQQ,QQQ260520P00674000,2026-05-20,2,put,674.0,969.0,285.0,0.3027,0.0034,0.11,0.13,,-0.0234,-0.1302,0.0301,https://cdn.cboe.com/api/global/delayed_quotes/options/QQQ.json,0.0034,0.0,-1644706.8285764996,-1644706.8285764996,0.0,-0.0016447068285764996,-0.0016447068285764996
QQQ,QQQ260520C00675000,2026-05-20,2,call,675.0,7.0,1.0,0.3331,0.0038,29.79,31.54,,0.9737,-0.1428,0.0331,https://cdn.cboe.com/api/global/delayed_quotes/options/QQQ.json,0.0038,13279.063206499997,0.0,13279.063206499997,1.3279063206499997e-05,0.0,1.3279063206499997e-05
QQQ,QQQ260520P00675000,2026-05-20,2,put,675.0,650.0,716.0,0.3015,0.0038,0.13,0.15,,-0.0262,-0.1461,0.0331,https://cdn.cboe.com/api/global/delayed_quotes/options/QQQ.json,0.0038,0.0,-1233055.8691749999,-1233055.8691749999,0.0,-0.0012330558691749998,-0.0012330558691749998
QQQ,QQQ260520C00676000,2026-05-20,2,call,676.0,1.0,0.0,0.35,0.0042,28.87,30.71,,0.9705,-0.1612,0.0363,https://cdn.cboe.com/api/global/delayed_quotes/options/QQQ.json,0.0042,2096.6941905,0.0,2096.6941905,2.0966941905e-06,0.0,2.0966941905e-06
QQQ,QQQ260520P00676000,2026-05-20,2,put,676.0,291.0,281.0,0.3009,0.0042,0.16,0.18,,-0.0294,-0.1644,0.0363,https://cdn.cboe.com/api/global/delayed_quotes/options/QQQ.json,0.0042,0.0,-610138.0094354999,-610138.0094354999,0.0,-0.0006101380094354999,-0.0006101380094354999
QQQ,QQQ260520C00677000,2026-05-20,2,call,677.0,4.0,0.0,0.3365,0.0046,27.9,29.58,,0.9668,-0.1822,0.04,https://cdn.cboe.com/api/global/delayed_quotes/options/QQQ.json,0.0046,9185.517405999997,0.0,9185.517405999997,9.185517405999997e-06,0.0,9.185517405999997e-06
QQQ,QQQ260520P00677000,2026-05-20,2,put,677.0,556.0,638.0,0.2992,0.0046,0.18,0.2,,-0.0331,-0.1853,0.04,https://cdn.cboe.com/api/global/delayed_quotes/options/QQQ.json,0.0046,0.0,-1276786.9194339996,-1276786.9194339996,0.0,-0.0012767869194339997,-0.0012767869194339997
QQQ,QQQ260520C00678000,2026-05-20,2,call,678.0,6.0,1.0,0.3313,0.0052,26.93,28.6,,0.9627,-0.2062,0.0441,https://cdn.cboe.com/api/global/delayed_quotes/options/QQQ.json,0.0052,15575.442557999995,0.0,15575.442557999995,1.5575442557999994e-05,0.0,1.5575442557999994e-05
QQQ,QQQ260520P00678000,2026-05-20,2,put,678.0,203.0,1249.0,0.298,0.0052,0.21,0.23,,-0.0373,-0.2092,0.0441,https://cdn.cboe.com/api/global/delayed_quotes/options/QQQ.json,0.0052,0.0,-526969.1398789998,-526969.1398789998,0.0,-0.0005269691398789998,-0.0005269691398789998
QQQ,QQQ260520C00679000,2026-05-20,2,call,679.0,2.0,5.0,0.3223,0.0057,25.97,27.63,,0.9579,-0.2332,0.0484,https://cdn.cboe.com/api/global/delayed_quotes/options/QQQ.json,0.0057,5691.027088499999,0.0,5691.027088499999,5.691027088499999e-06,0.0,5.691027088499999e-06
QQQ,QQQ260520P00679000,2026-05-20,2,put,679.0,738.0,685.0,0.2968,0.0057,0.25,0.48,,-0.042,-0.2361,0.0484,https://cdn.cboe.com/api/global/delayed_quotes/options/QQQ.json,0.0057,0.0,-2099988.9956564996,-2099988.9956564996,0.0,-0.0020999889956564996,-0.0020999889956564996
QQQ,QQQ260520C00680000,2026-05-20,2,call,680.0,63.0,6.0,0.3561,0.0063,25.23,26.97,,0.9526,-0.2636,0.0532,https://cdn.cboe.com/api/global/delayed_quotes/options/QQQ.json,0.0063,198137.60100224998,0.0,198137.60100224998,0.00019813760100224998,0.0,0.00019813760100224998
QQQ,QQQ260520P00680000,2026-05-20,2,put,680.0,4168.0,2334.0,0.2957,0.0063,0.29,0.3,,-0.0473,-0.2664,0.0532,https://cdn.cboe.com/api/global/delayed_quotes/options/QQQ.json,0.0063,0.0,-13108532.079005998,-13108532.079005998,0.0,-0.013108532079005997,-0.013108532079005997
QQQ,QQQ260520C00681000,2026-05-20,2,call,681.0,22.0,0.0,0.2761,0.007,22.7,26.52,,0.9467,-0.2974,0.0584,https://cdn.cboe.com/api/global/delayed_quotes/options/QQQ.json,0.007,76878.786985,0.0,76878.786985,7.6878786985e-05,0.0,7.6878786985e-05
QQQ,QQQ260520P00681000,2026-05-20,2,put,681.0,246.0,332.0,0.2954,0.007,0.33,0.35,,-0.0532,-0.3001,0.0584,https://cdn.cboe.com/api/global/delayed_quotes/options/QQQ.json,0.007,0.0,-859644.6181049999,-859644.6181049999,0.0,-0.0008596446181049999,-0.0008596446181049999
QQQ,QQQ260520C00682000,2026-05-20,2,call,682.0,36.0,2.0,0.3468,0.0077,23.32,25.09,,0.9401,-0.3349,0.0639,https://cdn.cboe.com/api/global/delayed_quotes/options/QQQ.json,0.0077,138381.816573,0.0,138381.816573,0.000138381816573,0.0,0.000138381816573
QQQ,QQQ260520P00682000,2026-05-20,2,put,682.0,287.0,709.0,0.2931,0.0077,0.34,0.41,,-0.0599,-0.3374,0.0639,https://cdn.cboe.com/api/global/delayed_quotes/options/QQQ.json,0.0077,0.0,-1103210.59323475,-1103210.59323475,0.0,-0.00110321059323475,-0.00110321059323475
QQQ,QQQ260520C00683000,2026-05-20,2,call,683.0,3.0,26.0,0.3036,0.0085,22.35,23.54,,0.9328,-0.376,0.0698,https://cdn.cboe.com/api/global/delayed_quotes/options/QQQ.json,0.0085,12729.92901375,0.0,12729.92901375,1.2729929013749999e-05,0.0,1.2729929013749999e-05
QQQ,QQQ260520P00683000,2026-05-20,2,put,683.0,199.0,607.0,0.2923,0.0085,0.29,0.46,,-0.0672,-0.3784,0.0698,https://cdn.cboe.com/api/global/delayed_quotes/options/QQQ.json,0.0085,0.0,-844418.62457875,-844418.62457875,0.0,-0.00084441862457875,-0.00084441862457875
QQQ,QQQ260520C00684000,2026-05-20,2,call,684.0,8.0,33.0,0.3361,0.0093,21.44,23.19,,0.9247,-0.4207,0.0761,https://cdn.cboe.com/api/global/delayed_quotes/options/QQQ.json,0.0093,37141.43994599999,0.0,37141.43994599999,3.714143994599999e-05,0.0,3.714143994599999e-05
QQQ,QQQ260520P00684000,2026-05-20,2,put,684.0,841.0,841.0,0.2903,0.0093,0.34,0.53,,-0.0753,-0.423,0.0761,https://cdn.cboe.com/api/global/delayed_quotes/options/QQQ.json,0.0093,0.0,-3904493.874323249,-3904493.874323249,0.0,-0.003904493874323249,-0.003904493874323249
QQQ,QQQ260520C00685000,2026-05-20,2,call,685.0,148.0,24.0,0.3046,0.0102,20.51,21.75,,0.9158,-0.4691,0.0826,https://cdn.cboe.com/api/global/delayed_quotes/options/QQQ.json,0.0102,753611.7976139998,0.0,753611.7976139998,0.0007536117976139998,0.0,0.0007536117976139998
QQQ,QQQ260520P00685000,2026-05-20,2,put,685.0,1841.0,1961.0,0.2887,0.0102,0.42,0.6,,-0.0842,-0.4713,0.0826,https://cdn.cboe.com/api/global/delayed_quotes/options/QQQ.json,0.0102,0.0,-9374319.7257255,-9374319.7257255,0.0,-0.0093743197257255,-0.0093743197257255
QQQ,QQQ260520C00686000,2026-05-20,2,call,686.0,1.0,29.0,0.325,0.0111,19.58,21.3,,0.9061,-0.521,0.0894,https://cdn.cboe.com/api/global/delayed_quotes/options/QQQ.json,0.0111,5541.26321775,0.0,5541.26321775,5.54126321775e-06,0.0,5.54126321775e-06
QQQ,QQQ260520P00686000,2026-05-20,2,put,686.0,177.0,1032.0,0.2873,0.0111,0.65,0.9,,-0.0939,-0.5231,0.0894,https://cdn.cboe.com/api/global/delayed_quotes/options/QQQ.json,0.0111,0.0,-980803.5895417498,-980803.5895417498,0.0,-0.0009808035895417498,-0.0009808035895417498
QQQ,QQQ260520C00687000,2026-05-20,2,call,687.0,7.0,18.0,0.3194,0.0121,18.68,20.34,,0.8955,-0.5762,0.0966,https://cdn.cboe.com/api/global/delayed_quotes/options/QQQ.json,0.0121,42283.33284174999,0.0,42283.33284174999,4.2283332841749986e-05,0.0,4.2283332841749986e-05
QQQ,QQQ260520P00687000,2026-05-20,2,put,687.0,278.0,1827.0,0.2848,0.0121,0.54,0.76,,-0.1044,-0.5782,0.0966,https://cdn.cboe.com/api/global/delayed_quotes/options/QQQ.json,0.0121,0.0,-1679252.3614294997,-1679252.3614294997,0.0,-0.0016792523614294996,-0.0016792523614294996
QQQ,QQQ260520C00688000,2026-05-20,2,call,688.0,30.0,26.0,0.2863,0.0131,17.67,18.9,,0.884,-0.6345,0.1039,https://cdn.cboe.com/api/global/delayed_quotes/options/QQQ.json,0.0131,196190.67068249997,0.0,196190.67068249997,0.00019619067068249996,0.0,0.00019619067068249996
QQQ,QQQ260520P00688000,2026-05-20,2,put,688.0,1556.0,921.0,0.2835,0.0131,0.82,1.11,,-0.116,-0.6364,0.1039,https://cdn.cboe.com/api/global/delayed_quotes/options/QQQ.json,0.0131,0.0,-10175756.119399,-10175756.119399,0.0,-0.010175756119399,-0.010175756119399
QQQ,QQQ260520C00689000,2026-05-20,2,call,689.0,4.0,23.0,0.2926,0.0142,16.88,18.09,,0.8715,-0.6956,0.1114,https://cdn.cboe.com/api/global/delayed_quotes/options/QQQ.json,0.0142,28355.292862000002,0.0,28355.292862000002,2.8355292862000003e-05,0.0,2.8355292862000003e-05
QQQ,QQQ260520P00689000,2026-05-20,2,put,689.0,192.0,1510.0,0.281,0.0142,0.92,1.25,,-0.1284,-0.6974,0.1114,https://cdn.cboe.com/api/global/delayed_quotes/options/QQQ.json,0.0142,0.0,-1361054.0573759996,-1361054.0573759996,0.0,-0.0013610540573759996,-0.0013610540573759996
QQQ,QQQ260520C00690000,2026-05-20,2,call,690.0,533.0,32.0,0.3088,0.0153,15.98,17.7,,0.8581,-0.759,0.1192,https://cdn.cboe.com/api/global/delayed_quotes/options/QQQ.json,0.0153,4071031.2985972497,0.0,4071031.2985972497,0.0040710312985972495,0.0,0.0040710312985972495
QQQ,QQQ260520P00690000,2026-05-20,2,put,690.0,1904.0,6765.0,0.2781,0.0153,1.03,1.07,,-0.1419,-0.7607,0.1192,https://cdn.cboe.com/api/global/delayed_quotes/options/QQQ.json,0.0153,0.0,-14542670.905307997,-14542670.905307997,0.0,-0.014542670905307998,-0.014542670905307998
QQQ,QQQ260520C00691000,2026-05-20,2,call,691.0,3.0,4.0,0.2797,0.0165,15.11,16.16,,0.8436,-0.8243,0.127,https://cdn.cboe.com/api/global/delayed_quotes/options/QQQ.json,0.0165,24711.038673749994,0.0,24711.038673749994,2.4711038673749995e-05,0.0,2.4711038673749995e-05
QQQ,QQQ260520P00691000,2026-05-20,2,put,691.0,139.0,1091.0,0.2759,0.0165,0.92,1.5,,-0.1564,-0.8259,0.127,https://cdn.cboe.com/api/global/delayed_quotes/options/QQQ.json,0.0165,0.0,-1144944.79188375,-1144944.79188375,0.0,-0.00114494479188375,-0.00114494479188375
QQQ,QQQ260520C00692000,2026-05-20,2,call,692.0,36.0,24.0,0.3012,0.0176,14.26,15.95,,0.828,-0.8909,0.1348,https://cdn.cboe.com/api/global/delayed_quotes/options/QQQ.json,0.0176,316301.295024,0.0,316301.295024,0.000316301295024,0.0,0.000316301295024
QQQ,QQQ260520P00692000,2026-05-20,2,put,692.0,324.0,1780.0,0.2738,0.0176,1.05,1.69,,-0.172,-0.8925,0.1348,https://cdn.cboe.com/api/global/delayed_quotes/options/QQQ.json,0.0176,0.0,-2846711.6552159996,-2846711.6552159996,0.0,-0.0028467116552159995,-0.0028467116552159995
QQQ,QQQ260520C00693000,2026-05-20,2,call,693.0,10.0,80.0,0.291,0.0188,13.42,14.9,,0.8113,-0.9582,0.1428,https://cdn.cboe.com/api/global/delayed_quotes/options/QQQ.json,0.0188,93852.02566999999,0.0,93852.02566999999,9.385202566999999e-05,0.0,9.385202566999999e-05
QQQ,QQQ260520P00693000,2026-05-20,2,put,693.0,707.0,2124.0,0.272,0.0189,1.18,1.88,,-0.1887,-0.9597,0.1428,https://cdn.cboe.com/api/global/delayed_quotes/options/QQQ.json,0.0189,0.0,-6670632.567075749,-6670632.567075749,0.0,-0.006670632567075749,-0.006670632567075749
QQQ,QQQ260520C00694000,2026-05-20,2,call,694.0,158.0,90.0,0.2933,0.0201,12.6,14.23,,0.7935,-1.0254,0.1506,https://cdn.cboe.com/api/global/delayed_quotes/options/QQQ.json,0.0201,1585400.3357595,0.0,1585400.3357595,0.0015854003357595001,0.0,0.0015854003357595001
QQQ,QQQ260520P00694000,2026-05-20,2,put,694.0,798.0,1076.0,0.2698,0.0201,1.61,2.08,,-0.2066,-1.0269,0.1506,https://cdn.cboe.com/api/global/delayed_quotes/options/QQQ.json,0.0201,0.0,-8007275.113519498,-8007275.113519498,0.0,-0.008007275113519499,-0.008007275113519499
QQQ,QQQ260520C00695000,2026-05-20,2,call,695.0,136.0,250.0,0.2778,0.0213,11.79,13.02,,0.7744,-1.0919,0.1583,https://cdn.cboe.com/api/global/delayed_quotes/options/QQQ.json,0.0213,1446119.935962,0.0,1446119.935962,0.001446119935962,0.0,0.001446119935962
QQQ,QQQ260520P00695000,2026-05-20,2,put,695.0,2429.0,4264.0,0.2672,0.0213,1.8,1.86,,-0.2256,-1.0933,0.1583,https://cdn.cboe.com/api/global/delayed_quotes/options/QQQ.json,0.0213,0.0,-25828127.385674242,-25828127.385674242,0.0,-0.025828127385674242,-0.025828127385674242
QQQ,QQQ260520C00696000,2026-05-20,2,call,696.0,201.0,245.0,0.2727,0.0226,11.01,12.13,,0.7541,-1.1565,0.1659,https://cdn.cboe.com/api/global/delayed_quotes/options/QQQ.json,0.0226,2267724.5308964993,0.0,2267724.5308964993,0.002267724530896499,0.0,0.002267724530896499
QQQ,QQQ260520P00696000,2026-05-20,2,put,696.0,294.0,2146.0,0.2656,0.0226,2.02,2.57,,-0.2459,-1.158,0.1659,https://cdn.cboe.com/api/global/delayed_quotes/options/QQQ.json,0.0226,0.0,-3316970.2093709996,-3316970.2093709996,0.0,-0.0033169702093709995,-0.0033169702093709995
QQQ,QQQ260520C00697000,2026-05-20,2,call,697.0,252.0,441.0,0.278,0.0238,10.24,11.62,,0.7325,-1.2185,0.1731,https://cdn.cboe.com/api/global/delayed_quotes/options/QQQ.json,0.0238,2994079.3040339993,0.0,2994079.3040339993,0.002994079304033999,0.0,0.002994079304033999
QQQ,QQQ260520P00697000,2026-05-20,2,put,697.0,341.0,8231.0,0.2637,0.0238,2.0,2.29,,-0.2675,-1.2199,0.1731,https://cdn.cboe.com/api/global/delayed_quotes/options/QQQ.json,0.0238,0.0,-4051512.0741094993,-4051512.0741094993,0.0,-0.004051512074109499,-0.004051512074109499
QQQ,QQQ260520C00698000,2026-05-20,2,call,698.0,85.0,428.0,0.2633,0.025,9.5,10.42,,0.7097,-1.2768,0.18,https://cdn.cboe.com/api/global/delayed_quotes/options/QQQ.json,0.025,1060827.4178125,0.0,1060827.4178125,0.0010608274178125,0.0,0.0010608274178125
QQQ,QQQ260520P00698000,2026-05-20,2,put,698.0,466.0,2929.0,0.2612,0.025,2.48,2.53,,-0.2904,-1.2782,0.18,https://cdn.cboe.com/api/global/delayed_quotes/options/QQQ.json,0.025,0.0,-5815830.314125,-5815830.314125,0.0,-0.005815830314125,-0.005815830314125
QQQ,QQQ260520C00699000,2026-05-20,2,call,699.0,568.0,653.0,0.26,0.0261,8.62,10.0,,0.6856,-1.3301,0.1864,https://cdn.cboe.com/api/global/delayed_quotes/options/QQQ.json,0.0261,7400731.436982,0.0,7400731.436982,0.007400731436982,0.0,0.007400731436982
QQQ,QQQ260520P00699000,2026-05-20,2,put,699.0,860.0,3602.0,0.2588,0.0262,2.42,2.82,,-0.3145,-1.3311,0.1864,https://cdn.cboe.com/api/global/delayed_quotes/options/QQQ.json,0.0262,0.0,-11248265.119129997,-11248265.119129997,0.0,-0.011248265119129996,-0.011248265119129996
QQQ,QQQ260520C00700000,2026-05-20,2,call,700.0,248.0,2172.0,0.2579,0.0272,8.01,8.7,,0.6602,-1.3774,0.1922,https://cdn.cboe.com/api/global/delayed_quotes/options/QQQ.json,0.0272,3367490.5551039996,0.0,3367490.5551039996,0.0033674905551039996,0.0,0.0033674905551039996
QQQ,QQQ260520P00700000,2026-05-20,2,put,700.0,2834.0,15267.0,0.2568,0.0273,2.48,3.11,,-0.34,-1.3789,0.1922,https://cdn.cboe.com/api/global/delayed_quotes/options/QQQ.json,0.0273,0.0,-38623203.68320049,-38623203.68320049,0.0,-0.03862320368320049,-0.03862320368320049
QQQ,QQQ260520C00701000,2026-05-20,2,call,701.0,72.0,2272.0,0.2556,0.0282,7.36,9.17,,0.6335,-1.4174,0.1974,https://cdn.cboe.com/api/global/delayed_quotes/options/QQQ.json,0.0282,1013601.8772359997,0.0,1013601.8772359997,0.0010136018772359996,0.0,0.0010136018772359996
QQQ,QQQ260520P00701000,2026-05-20,2,put,701.0,410.0,3824.0,0.2542,0.0283,2.78,3.42,,-0.3667,-1.4189,0.1974,https://cdn.cboe.com/api/global/delayed_quotes/options/QQQ.json,0.0283,0.0,-5792367.3077075,-5792367.3077075,0.0,-0.0057923673077075,-0.0057923673077075
QQQ,QQQ260520C00702000,2026-05-20,2,call,702.0,231.0,4326.0,0.2529,0.0291,7.04,7.85,,0.6058,-1.4488,0.2017,https://cdn.cboe.com/api/global/delayed_quotes/options/QQQ.json,0.0291,3355759.0518952496,0.0,3355759.0518952496,0.0033557590518952496,0.0,0.0033557590518952496
QQQ,QQQ260520P00702000,2026-05-20,2,put,702.0,347.0,4860.0,0.2518,0.0292,3.1,4.92,,-0.3945,-1.4507,0.2017,https://cdn.cboe.com/api/global/delayed_quotes/options/QQQ.json,0.0292,0.0,-5058224.813290999,-5058224.813290999,0.0,-0.005058224813291,-0.005058224813291
QQQ,QQQ260520C00703000,2026-05-20,2,call,703.0,173.0,7722.0,0.2506,0.0299,6.28,6.64,,0.5769,-1.471,0.2051,https://cdn.cboe.com/api/global/delayed_quotes/options/QQQ.json,0.0299,2582278.5807617493,0.0,2582278.5807617493,0.0025822785807617494,0.0,0.0025822785807617494
QQQ,QQQ260520P00703000,2026-05-20,2,put,703.0,361.0,4287.0,0.2496,0.03,3.45,4.7,,-0.4234,-1.4732,0.2051,https://cdn.cboe.com/api/global/delayed_quotes/options/QQQ.json,0.03,0.0,-5406475.734075,-5406475.734075,0.0,-0.005406475734075,-0.005406475734075
QQQ,QQQ260520C00704000,2026-05-20,2,call,704.0,384.0,5382.0,0.2487,0.0305,5.3,5.96,,0.5472,-1.4825,0.2075,https://cdn.cboe.com/api/global/delayed_quotes/options/QQQ.json,0.0305,5846781.514079999,0.0,5846781.514079999,0.00584678151408,0.0,0.00584678151408
QQQ,QQQ260520P00704000,2026-05-20,2,put,704.0,455.0,6066.0,0.2476,0.0306,4.0,4.88,,-0.4532,-1.4849,0.2075,https://cdn.cboe.com/api/global/delayed_quotes/options/QQQ.json,0.0306,0.0,-6950541.241507499,-6950541.241507499,0.0,-0.006950541241507498,-0.006950541241507498
QQQ,QQQ260520C00705000,2026-05-20,2,call,705.0,1118.0,11802.0,0.246,0.031,5.08,5.57,,0.5166,-1.4829,0.2087,https://cdn.cboe.com/api/global/delayed_quotes/options/QQQ.json,0.031,17301720.774844997,0.0,17301720.774844997,0.017301720774844997,0.0,0.017301720774844997
QQQ,QQQ260520P00705000,2026-05-20,2,put,705.0,1903.0,11124.0,0.2449,0.0311,4.53,5.55,,-0.4839,-1.4857,0.2087,https://cdn.cboe.com/api/global/delayed_quotes/options/QQQ.json,0.0311,0.0,-29545066.972528245,-29545066.972528245,0.0,-0.029545066972528244,-0.029545066972528244
QQQ,QQQ260520C00706000,2026-05-20,2,call,706.0,157.0,3868.0,0.2438,0.0312,4.55,4.83,,0.4856,-1.4715,0.2088,https://cdn.cboe.com/api/global/delayed_quotes/options/QQQ.json,0.0312,2445344.4816059996,0.0,2445344.4816059996,0.0024453444816059998,0.0,0.0024453444816059998
QQQ,QQQ260520P00706000,2026-05-20,2,put,706.0,365.0,3723.0,0.2429,0.0313,4.71,5.46,,-0.515,-1.4746,0.2087,https://cdn.cboe.com/api/global/delayed_quotes/options/QQQ.json,0.0313,0.0,-5703257.804611249,-5703257.804611249,0.0,-0.005703257804611249,-0.005703257804611249
QQQ,QQQ260520C00707000,2026-05-20,2,call,707.0,318.0,3190.0,0.242,0.0313,4.17,4.6,,0.4542,-1.4479,0.2076,https://cdn.cboe.com/api/global/delayed_quotes/options/QQQ.json,0.0313,4968865.7037435,0.0,4968865.7037435,0.0049688657037434995,0.0,0.0049688657037434995
QQQ,QQQ260520P00707000,2026-05-20,2,put,707.0,333.0,2021.0,0.2408,0.0314,5.22,7.16,,-0.5465,-1.4518,0.2074,https://cdn.cboe.com/api/global/delayed_quotes/options/QQQ.json,0.0314,0.0,-5219869.951120499,-5219869.951120499,0.0,-0.005219869951120499,-0.005219869951120499
QQQ,QQQ260520C00708000,2026-05-20,2,call,708.0,355.0,3272.0,0.2396,0.0311,3.58,3.98,,0.4227,-1.4128,0.2051,https://cdn.cboe.com/api/global/delayed_quotes/options/QQQ.json,0.0311,5511560.05005125,0.0,5511560.05005125,0.005511560050051249,0.0,0.005511560050051249
QQQ,QQQ260520P00708000,2026-05-20,2,put,708.0,920.0,2149.0,0.2384,0.0312,6.36,6.48,,-0.5781,-1.4174,0.2049,https://cdn.cboe.com/api/global/delayed_quotes/options/QQQ.json,0.0312,0.0,-14329407.153359994,-14329407.153359994,0.0,-0.014329407153359994,-0.014329407153359994
QQQ,QQQ260520C00709000,2026-05-20,2,call,709.0,514.0,3257.0,0.2379,0.0307,3.34,3.43,,0.3914,-1.3664,0.2013,https://cdn.cboe.com/api/global/delayed_quotes/options/QQQ.json,0.0307,7877479.7588695,0.0,7877479.7588695,0.0078774797588695,0.0,0.0078774797588695
QQQ,QQQ260520P00709000,2026-05-20,2,put,709.0,428.0,2849.0,0.2369,0.0308,6.27,8.24,,-0.6096,-1.3713,0.201,https://cdn.cboe.com/api/global/delayed_quotes/options/QQQ.json,0.0308,0.0,-6580824.165916,-6580824.165916,0.0,-0.0065808241659159996,-0.0065808241659159996
QQQ,QQQ260520C00710000,2026-05-20,2,call,710.0,1723.0,7944.0,0.2358,0.0301,2.94,3.0,,0.3605,-1.3096,0.1964,https://cdn.cboe.com/api/global/delayed_quotes/options/QQQ.json,0.0301,25890329.313325744,0.0,25890329.313325744,0.025890329313325744,0.0,0.025890329313325744
QQQ,QQQ260520P00710000,2026-05-20,2,put,710.0,2044.0,2725.0,0.235,0.0302,6.83,8.21,,-0.6406,-1.3152,0.1961,https://cdn.cboe.com/api/global/delayed_quotes/options/QQQ.json,0.0302,0.0,-30815813.415841997,-30815813.415841997,0.0,-0.030815813415841997,-0.030815813415841997
QQQ,QQQ260520C00711000,2026-05-20,2,call,711.0,564.0,4539.0,0.2341,0.0293,2.38,2.63,,0.3302,-1.2432,0.1902,https://cdn.cboe.com/api/global/delayed_quotes/options/QQQ.json,0.0293,8249593.0563929975,0.0,8249593.0563929975,0.008249593056392997,0.0,0.008249593056392997
QQQ,QQQ260520P00711000,2026-05-20,2,put,711.0,597.0,956.0,0.2458,0.0294,7.5,8.72,,-0.671,-1.2494,0.1898,https://cdn.cboe.com/api/global/delayed_quotes/options/QQQ.json,0.0294,0.0,-8762085.022099499,-8762085.022099499,0.0,-0.008762085022099499,-0.008762085022099499
QQQ,QQQ260520C00712000,2026-05-20,2,call,712.0,405.0,3093.0,0.2329,0.0283,2.24,2.32,,0.3008,-1.1688,0.183,https://cdn.cboe.com/api/global/delayed_quotes/options/QQQ.json,0.0283,5721728.682003749,0.0,5721728.682003749,0.005721728682003748,0.0,0.005721728682003748
QQQ,QQQ260520P00712000,2026-05-20,2,put,712.0,655.0,879.0,0.2327,0.0284,8.44,9.3,,-0.7005,-1.1759,0.1826,https://cdn.cboe.com/api/global/delayed_quotes/options/QQQ.json,0.0284,0.0,-9286358.412305,-9286358.412305,0.0,-0.009286358412304999,-0.009286358412304999
QQQ,QQQ260520C00713000,2026-05-20,2,call,713.0,1100.0,3650.0,0.2317,0.0271,1.94,2.0,,0.2724,-1.0879,0.1748,https://cdn.cboe.com/api/global/delayed_quotes/options/QQQ.json,0.0271,14881536.623524997,0.0,14881536.623524997,0.014881536623524998,0.0,0.014881536623524998
QQQ,QQQ260520P00713000,2026-05-20,2,put,713.0,802.0,518.0,0.2279,0.0273,9.02,10.0,,-0.7291,-1.0953,0.1744,https://cdn.cboe.com/api/global/delayed_quotes/options/QQQ.json,0.0273,0.0,-10930066.815076498,-10930066.815076498,0.0,-0.010930066815076498,-0.010930066815076498
QQQ,QQQ260520C00714000,2026-05-20,2,call,714.0,327.0,2051.0,0.2299,0.0258,1.67,1.72,,0.2451,-1.0022,0.1659,https://cdn.cboe.com/api/global/delayed_quotes/options/QQQ.json,0.0258,4211659.5732315,0.0,4211659.5732315,0.0042116595732315,0.0,0.0042116595732315
QQQ,QQQ260520P00714000,2026-05-20,2,put,714.0,728.0,226.0,0.223,0.026,9.77,10.6,,-0.7565,-1.0096,0.1651,https://cdn.cboe.com/api/global/delayed_quotes/options/QQQ.json,0.026,0.0,-9449101.818519998,-9449101.818519998,0.0,-0.009449101818519998,-0.009449101818519998
QQQ,QQQ260520C00715000,2026-05-20,2,call,715.0,772.0,6182.0,0.2286,0.0244,1.43,1.5,,0.2191,-0.913,0.1561,https://cdn.cboe.com/api/global/delayed_quotes/options/QQQ.json,0.0244,9403573.601812,0.0,9403573.601812,0.009403573601812,0.0,0.009403573601812
QQQ,QQQ260520P00715000,2026-05-20,2,put,715.0,658.0,270.0,0.2267,0.0245,10.48,11.57,,-0.7827,-0.9205,0.1555,https://cdn.cboe.com/api/global/delayed_quotes/options/QQQ.json,0.0245,0.0,-8047811.201202499,-8047811.201202499,0.0,-0.0080478112012025,-0.0080478112012025
QQQ,QQQ260520C00716000,2026-05-20,2,call,716.0,418.0,2560.0,0.2278,0.0228,1.02,1.28,,0.1944,-0.8221,0.1458,https://cdn.cboe.com/api/global/delayed_quotes/options/QQQ.json,0.0228,4757698.645985999,0.0,4757698.645985999,0.004757698645985999,0.0,0.004757698645985999
QQQ,QQQ260520P00716000,2026-05-20,2,put,716.0,342.0,67.0,0.2192,0.023,10.93,12.52,,-0.8075,-0.829,0.1447,https://cdn.cboe.com/api/global/delayed_quotes/options/QQQ.json,0.023,0.0,-3926808.691064999,-3926808.691064999,0.0,-0.003926808691064999,-0.003926808691064999
QQQ,QQQ260520C00717000,2026-05-20,2,call,717.0,241.0,1332.0,0.2268,0.0212,0.83,1.08,,0.1713,-0.732,0.135,https://cdn.cboe.com/api/global/delayed_quotes/options/QQQ.json,0.0212,2550578.5614529997,0.0,2550578.5614529997,0.0025505785614529995,0.0,0.0025505785614529995
QQQ,QQQ260520P00717000,2026-05-20,2,put,717.0,379.0,52.0,0.2149,0.0214,11.73,13.36,,-0.8308,-0.7381,0.1341,https://cdn.cboe.com/api/global/delayed_quotes/options/QQQ.json,0.0214,0.0,-4048916.167016499,-4048916.167016499,0.0,-0.004048916167016499,-0.004048916167016499
QQQ,QQQ260520C00718000,2026-05-20,2,call,718.0,254.0,1767.0,0.2256,0.0196,0.87,0.9,,0.1497,-0.6437,0.1241,https://cdn.cboe.com/api/global/delayed_quotes/options/QQQ.json,0.0196,2485281.5138059994,0.0,2485281.5138059994,0.0024852815138059993,0.0,0.0024852815138059993
QQQ,QQQ260520P00718000,2026-05-20,2,put,718.0,263.0,131.0,0.239,0.0197,12.56,14.79,,-0.8526,-0.6483,0.1224,https://cdn.cboe.com/api/global/delayed_quotes/options/QQQ.json,0.0197,0.0,-2586471.9691427494,-2586471.9691427494,0.0,-0.0025864719691427495,-0.0025864719691427495
QQQ,QQQ260520C00719000,2026-05-20,2,call,719.0,310.0,946.0,0.2251,0.0179,0.47,0.78,,0.1298,-0.5596,0.1129,https://cdn.cboe.com/api/global/delayed_quotes/options/QQQ.json,0.0179,2770132.395972499,0.0,2770132.395972499,0.002770132395972499,0.0,0.002770132395972499
QQQ,QQQ260520P00719000,2026-05-20,2,put,719.0,268.0,248.0,0.2202,0.0181,13.74,14.86,,-0.8728,-0.5632,0.1116,https://cdn.cboe.com/api/global/delayed_quotes/options/QQQ.json,0.0181,0.0,-2421581.947447,-2421581.947447,0.0,-0.002421581947447,-0.002421581947447
QQQ,QQQ260520C00720000,2026-05-20,2,call,720.0,2083.0,4466.0,0.2243,0.0162,0.61,0.63,,0.1116,-0.4806,0.1019,https://cdn.cboe.com/api/global/delayed_quotes/options/QQQ.json,0.0162,16845739.709701497,0.0,16845739.709701497,0.016845739709701497,0.0,0.016845739709701497
QQQ,QQQ260520P00720000,2026-05-20,2,put,720.0,524.0,105.0,0.2102,0.0164,14.62,15.58,,-0.8912,-0.4822,0.0996,https://cdn.cboe.com/api/global/delayed_quotes/options/QQQ.json,0.0164,0.0,-4290035.998923999,-4290035.998923999,0.0,-0.004290035998923999,-0.004290035998923999
QQQ,QQQ260520C00721000,2026-05-20,2,call,721.0,532.0,842.0,0.2238,0.0145,0.31,0.53,,0.0955,-0.4096,0.0913,https://cdn.cboe.com/api/global/delayed_quotes/options/QQQ.json,0.0145,3850928.329885,0.0,3850928.329885,0.003850928329885,0.0,0.003850928329885
QQQ,QQQ260520P00721000,2026-05-20,2,put,721.0,713.0,70.0,0.2188,0.0148,15.52,16.65,,-0.9078,-0.4096,0.0893,https://cdn.cboe.com/api/global/delayed_quotes/options/QQQ.json,0.0148,0.0,-5267894.232340999,-5267894.232340999,0.0,-0.005267894232340999,-0.005267894232340999
QQQ,QQQ260520C00722000,2026-05-20,2,call,722.0,307.0,1204.0,0.2233,0.0129,0.42,0.46,,0.0811,-0.346,0.0812,https://cdn.cboe.com/api/global/delayed_quotes/options/QQQ.json,0.0129,1977032.85777075,0.0,1977032.85777075,0.00197703285777075,0.0,0.00197703285777075
QQQ,QQQ260520P00722000,2026-05-20,2,put,722.0,108.0,39.0,0.2129,0.0132,16.43,17.5,,-0.9224,-0.3452,0.0781,https://cdn.cboe.com/api/global/delayed_quotes/options/QQQ.json,0.0132,0.0,-711677.9138039999,-711677.9138039999,0.0,-0.0007116779138039999,-0.0007116779138039999
QQQ,QQQ260520C00723000,2026-05-20,2,call,723.0,258.0,736.0,0.2238,0.0114,0.34,0.37,,0.0687,-0.2906,0.0718,https://cdn.cboe.com/api/global/delayed_quotes/options/QQQ.json,0.0114,1468284.9888329997,0.0,1468284.9888329997,0.0014682849888329997,0.0,0.0014682849888329997
QQQ,QQQ260520P00723000,2026-05-20,2,put,723.0,54.0,4.0,0.2066,0.0118,17.25,18.49,,-0.9352,-0.2895,0.069,https://cdn.cboe.com/api/global/delayed_quotes/options/QQQ.json,0.0118,0.0,-318098.46147299994,-318098.46147299994,0.0,-0.00031809846147299995,-0.00031809846147299995
QQQ,QQQ260520C00724000,2026-05-20,2,call,724.0,713.0,2434.0,0.2234,0.01,0.28,0.31,,0.058,-0.2432,0.0633,https://cdn.cboe.com/api/global/delayed_quotes/options/QQQ.json,0.01,3559387.9948249995,0.0,3559387.9948249995,0.0035593879948249995,0.0,0.0035593879948249995
QQQ,QQQ260520P00724000,2026-05-20,2,put,724.0,97.0,4.0,0.2097,0.0104,18.31,19.37,,-0.9463,-0.2424,0.059,https://cdn.cboe.com/api/global/delayed_quotes/options/QQQ.json,0.0104,0.0,-503605.97604199994,-503605.97604199994,0.0,-0.0005036059760419999,-0.0005036059760419999
QQQ,QQQ260520C00725000,2026-05-20,2,call,725.0,5015.0,1782.0,0.223,0.0087,0.23,0.25,,0.0489,-0.2034,0.0555,https://cdn.cboe.com/api/global/delayed_quotes/options/QQQ.json,0.0087,21780908.542526245,0.0,21780908.542526245,0.021780908542526244,0.0,0.021780908542526244
QQQ,QQQ260520P00725000,2026-05-20,2,put,725.0,418.0,35.0,0.0,0.0091,19.15,20.02,,-0.9557,-0.2036,0.0516,https://cdn.cboe.com/api/global/delayed_quotes/options/QQQ.json,0.0091,0.0,-1898906.0385295,-1898906.0385295,0.0,-0.0018989060385294998,-0.0018989060385294998
QQQ,QQQ260520C00726000,2026-05-20,2,call,726.0,297.0,313.0,0.2239,0.0076,0.19,0.21,,0.0413,-0.1702,0.0487,https://cdn.cboe.com/api/global/delayed_quotes/options/QQQ.json,0.0076,1126823.3635229997,0.0,1126823.3635229997,0.0011268233635229998,0.0,0.0011268233635229998
QQQ,QQQ260520P00726000,2026-05-20,2,put,726.0,101.0,3.0,0.2624,0.0079,20.22,21.86,,-0.9636,-0.1719,0.0436,https://cdn.cboe.com/api/global/delayed_quotes/options/QQQ.json,0.0079,0.0,-398321.97490475,-398321.97490475,0.0,-0.00039832197490475,-0.00039832197490475
QQQ,QQQ260520C00727000,2026-05-20,2,call,727.0,501.0,496.0,0.2233,0.0066,0.15,0.17,,0.035,-0.1427,0.0426,https://cdn.cboe.com/api/global/delayed_quotes/options/QQQ.json,0.0066,1650697.3834064999,0.0,1650697.3834064999,0.0016506973834065,0.0,0.0016506973834065
QQQ,QQQ260520P00727000,2026-05-20,2,put,727.0,61.0,0.0,0.2011,0.0069,21.19,22.27,,-0.9703,-0.1469,0.037,https://cdn.cboe.com/api/global/delayed_quotes/options/QQQ.json,0.0069,0.0,-210118.71066224997,-210118.71066224997,0.0,-0.00021011871066224996,-0.00021011871066224996
QQQ,QQQ260520C00728000,2026-05-20,2,call,728.0,411.0,390.0,0.2235,0.0058,0.12,0.14,,0.0298,-0.1208,0.0375,https://cdn.cboe.com/api/global/delayed_quotes/options/QQQ.json,0.0058,1190023.7169794997,0.0,1190023.7169794997,0.0011900237169794998,0.0,0.0011900237169794998
QQQ,QQQ260520P00728000,2026-05-20,2,put,728.0,40.0,15.0,0.1958,0.0059,22.17,23.25,,-0.9757,-0.1265,0.0322,https://cdn.cboe.com/api/global/delayed_quotes/options/QQQ.json,0.0059,0.0,-117814.24498999996,-117814.24498999996,0.0,-0.00011781424498999996,-0.00011781424498999996
QQQ,QQQ260520C00729000,2026-05-20,2,call,729.0,1983.0,397.0,0.2237,0.005,0.1,0.11,,0.0254,-0.1023,0.033,https://cdn.cboe.com/api/global/delayed_quotes/options/QQQ.json,0.005,4949695.9282875,0.0,4949695.9282875,0.0049496959282874994,0.0,0.0049496959282874994
QQQ,QQQ260520P00729000,2026-05-20,2,put,729.0,45.0,0.0,0.0,0.0051,23.06,24.3,,-0.98,-0.1121,0.0264,https://cdn.cboe.com/api/global/delayed_quotes/options/QQQ.json,0.0051,0.0,-114569.36112374997,-114569.36112374997,0.0,-0.00011456936112374997,-0.00011456936112374997
QQQ,QQQ260520C00730000,2026-05-20,2,call,730.0,1371.0,616.0,0.2242,0.0044,0.08,0.09,,0.0217,-0.0872,0.029,https://cdn.cboe.com/api/global/delayed_quotes/options/QQQ.json,0.0044,3011451.913041,0.0,3011451.913041,0.0030114519130409996,0.0,0.0030114519130409996
QQQ,QQQ260520P00730000,2026-05-20,2,put,730.0,55.0,28.0,0.2461,0.0044,24.16,25.41,,-0.9837,-0.0998,0.0227,https://cdn.cboe.com/api/global/delayed_quotes/options/QQQ.json,0.0044,0.0,-120809.522405,-120809.522405,0.0,-0.000120809522405,-0.000120809522405
QQQ,QQQ260520C00731000,2026-05-20,2,call,731.0,328.0,104.0,0.2275,0.0038,0.06,0.08,,0.0187,-0.0746,0.0256,https://cdn.cboe.com/api/global/delayed_quotes/options/QQQ.json,0.0038,622218.9616759999,0.0,622218.9616759999,0.0006222189616759999,0.0,0.0006222189616759999
QQQ,QQQ260520P00731000,2026-05-20,2,put,731.0,176.0,6.0,0.2525,0.0037,24.88,26.68,,-0.9867,-0.09,0.0196,https://cdn.cboe.com/api/global/delayed_quotes/options/QQQ.json,0.0037,0.0,-325087.442108,-325087.442108,0.0,-0.000325087442108,-0.000325087442108
QQQ,QQQ260520C00732000,2026-05-20,2,call,732.0,241.0,92.0,0.2277,0.0033,0.05,0.07,,0.0162,-0.0642,0.0227,https://cdn.cboe.com/api/global/delayed_quotes/options/QQQ.json,0.0033,397024.02135824994,0.0,397024.02135824994,0.00039702402135824997,0.0,0.00039702402135824997
QQQ,QQQ260520P00732000,2026-05-20,2,put,732.0,12.0,0.0,0.0,0.0032,25.87,27.42,,-0.989,-0.083,0.0158,https://cdn.cboe.com/api/global/delayed_quotes/options/QQQ.json,0.0032,0.0,-19169.775456,-19169.775456,0.0,-1.9169775456e-05,-1.9169775456e-05
QQQ,QQQ260520C00733000,2026-05-20,2,call,733.0,145.0,112.0,0.2292,0.0029,0.04,0.06,,0.014,-0.0556,0.0202,https://cdn.cboe.com/api/global/delayed_quotes/options/QQQ.json,0.0029,209919.02550124997,0.0,209919.02550124997,0.00020991902550124996,0.0,0.00020991902550124996
QQQ,QQQ260520P00733000,2026-05-20,2,put,733.0,12.0,0.0,0.0,0.0027,26.87,28.42,,-0.991,-0.0772,0.0133,https://cdn.cboe.com/api/global/delayed_quotes/options/QQQ.json,0.0027,0.0,-16174.498040999997,-16174.498040999997,0.0,-1.6174498040999996e-05,-1.6174498040999996e-05
QQQ,QQQ260520C00734000,2026-05-20,2,call,734.0,251.0,169.0,0.2331,0.0026,0.04,0.05,,0.0122,-0.0483,0.0179,https://cdn.cboe.com/api/global/delayed_quotes/options/QQQ.json,0.0026,325786.3401714999,0.0,325786.3401714999,0.00032578634017149986,0.0,0.00032578634017149986
QQQ,QQQ260520P00734000,2026-05-20,2,put,734.0,18.0,0.0,0.3039,0.0023,27.07,30.86,,-0.9927,-0.0724,0.0118,https://cdn.cboe.com/api/global/delayed_quotes/options/QQQ.json,0.0023,0.0,-20667.414163499994,-20667.414163499994,0.0,-2.0667414163499995e-05,-2.0667414163499995e-05
QQQ,QQQ260520C00735000,2026-05-20,2,call,735.0,1104.0,316.0,0.2326,0.0022,0.03,0.04,,0.0107,-0.0422,0.016,https://cdn.cboe.com/api/global/delayed_quotes/options/QQQ.json,0.0022,1212488.2975919999,0.0,1212488.2975919999,0.001212488297592,0.0,0.001212488297592
QQQ,QQQ260520P00735000,2026-05-20,2,put,735.0,19.0,0.0,0.3301,0.0019,28.89,31.02,,-0.994,-0.069,0.0097,https://cdn.cboe.com/api/global/delayed_quotes/options/QQQ.json,0.0019,0.0,-18021.585780249996,-18021.585780249996,0.0,-1.8021585780249996e-05,-1.8021585780249996e-05
QQQ,QQQ260520C00736000,2026-05-20,2,call,736.0,174.0,171.0,0.2394,0.002,0.02,0.04,,0.0094,-0.037,0.0143,https://cdn.cboe.com/api/global/delayed_quotes/options/QQQ.json,0.002,173726.09007,0.0,173726.09007,0.00017372609007,0.0,0.00017372609007
QQQ,QQQ260520P00736000,2026-05-20,2,put,736.0,9.0,0.0,0.0,0.0016,29.86,31.4,,-0.995,-0.0664,0.0078,https://cdn.cboe.com/api/global/delayed_quotes/options/QQQ.json,0.0016,0.0,-7188.665795999999,-7188.665795999999,0.0,-7.1886657959999995e-06,-7.1886657959999995e-06
QQQ,QQQ260520C00737000,2026-05-20,2,call,737.0,71.0,152.0,0.2416,0.0018,0.0,0.04,,0.0083,-0.0326,0.0128,https://cdn.cboe.com/api/global/delayed_quotes/options/QQQ.json,0.0018,63799.40893949999,0.0,63799.40893949999,6.37994089395e-05,0.0,6.37994089395e-05
QQQ,QQQ260520P00737000,2026-05-20,2,put,737.0,14.0,0.0,0.0,0.0014,29.68,33.02,,-0.9959,-0.0641,0.0066,https://cdn.cboe.com/api/global/delayed_quotes/options/QQQ.json,0.0014,0.0,-9784.572889,-9784.572889,0.0,-9.784572888999999e-06,-9.784572888999999e-06
QQQ,QQQ260520C00738000,2026-05-20,2,call,738.0,83.0,115.0,0.2482,0.0016,0.02,0.04,,0.0073,-0.0289,0.0116,https://cdn.cboe.com/api/global/delayed_quotes/options/QQQ.json,0.0016,66295.47345199999,0.0,66295.47345199999,6.629547345199999e-05,0.0,6.629547345199999e-05
QQQ,QQQ260520P00738000,2026-05-20,2,put,738.0,23.0,4.0,0.0,0.0012,30.55,33.85,,-0.9966,-0.0622,0.006,https://cdn.cboe.com/api/global/delayed_quotes/options/QQQ.json,0.0012,0.0,-13778.276108999999,-13778.276108999999,0.0,-1.3778276108999999e-05,-1.3778276108999999e-05
QQQ,QQQ260520C00739000,2026-05-20,2,call,739.0,138.0,150.0,0.2495,0.0014,0.01,0.03,,0.0065,-0.0256,0.0104,https://cdn.cboe.com/api/global/delayed_quotes/options/QQQ.json,0.0014,96447.93276299999,0.0,96447.93276299999,9.644793276299998e-05,0.0,9.644793276299998e-05
QQQ,QQQ260520C00740000,2026-05-20,2,call,740.0,3324.0,209.0,0.256,0.0012,0.01,0.03,,0.0058,-0.0229,0.0094,https://cdn.cboe.com/api/global/delayed_quotes/options/QQQ.json,0.0012,1991260.4254919994,0.0,1991260.4254919994,0.001991260425491999,0.0,0.001991260425491999
QQQ,QQQ260520C00741000,2026-05-20,2,call,741.0,336.0,120.0,0.256,0.0011,0.01,0.03,,0.0052,-0.0204,0.0085,https://cdn.cboe.com/api/global/delayed_quotes/options/QQQ.json,0.0011,184509.088764,0.0,184509.088764,0.000184509088764,0.0,0.000184509088764
QQQ,QQQ260520C00742000,2026-05-20,2,call,742.0,728.0,659.0,0.2623,0.001,0.01,0.23,,0.0046,-0.0183,0.0077,https://cdn.cboe.com/api/global/delayed_quotes/options/QQQ.json,0.001,363426.99301999994,0.0,363426.99301999994,0.0003634269930199999,0.0,0.0003634269930199999
QQQ,QQQ260520C00743000,2026-05-20,2,call,743.0,262.0,46.0,0.2685,0.0009,0.01,0.03,,0.0042,-0.0165,0.007,https://cdn.cboe.com/api/global/delayed_quotes/options/QQQ.json,0.0009,117714.40240949998,0.0,117714.40240949998,0.00011771440240949997,0.0,0.00011771440240949997
QQQ,QQQ260520C00744000,2026-05-20,2,call,744.0,345.0,24.0,0.2667,0.0008,0.0,0.03,,0.0037,-0.0149,0.0064,https://cdn.cboe.com/api/global/delayed_quotes/options/QQQ.json,0.0008,137782.76108999999,0.0,137782.76108999999,0.00013778276108999997,0.0,0.00013778276108999997
QQQ,QQQ260520C00745000,2026-05-20,2,call,745.0,343.0,96.0,0.2727,0.0007,0.0,0.23,,0.0034,-0.0134,0.0058,https://cdn.cboe.com/api/global/delayed_quotes/options/QQQ.json,0.0007,119861.01789024999,0.0,119861.01789024999,0.00011986101789024999,0.0,0.00011986101789024999
QQQ,QQQ260520C00746000,2026-05-20,2,call,746.0,331.0,23.0,0.2787,0.0006,0.0,0.23,,0.003,-0.0122,0.0053,https://cdn.cboe.com/api/global/delayed_quotes/options/QQQ.json,0.0006,99143.68243649998,0.0,99143.68243649998,9.914368243649998e-05,0.0,9.914368243649998e-05
QQQ,QQQ260520C00747000,2026-05-20,2,call,747.0,717.0,31.0,0.2847,0.0006,0.0,0.03,,0.0028,-0.0111,0.0049,https://cdn.cboe.com/api/global/delayed_quotes/options/QQQ.json,0.0006,214761.39065549997,0.0,214761.39065549997,0.00021476139065549997,0.0,0.00021476139065549997
QQQ,QQQ260520C00748000,2026-05-20,2,call,748.0,225.0,1.0,0.2907,0.0005,0.0,0.03,,0.0025,-0.0101,0.0045,https://cdn.cboe.com/api/global/delayed_quotes/options/QQQ.json,0.0005,56161.45153124999,0.0,56161.45153124999,5.616145153124999e-05,0.0,5.616145153124999e-05
QQQ,QQQ260520C00749000,2026-05-20,2,call,749.0,18.0,22.0,0.2966,0.0005,0.0,1.31,,0.0023,-0.0092,0.0041,https://cdn.cboe.com/api/global/delayed_quotes/options/QQQ.json,0.0005,4492.9161225,0.0,4492.9161225,4.4929161225e-06,0.0,4.4929161225e-06
QQQ,QQQ260520C00750000,2026-05-20,2,call,750.0,1190.0,70.0,0.3025,0.0004,0.0,1.31,,0.0021,-0.0084,0.0038,https://cdn.cboe.com/api/global/delayed_quotes/options/QQQ.json,0.0004,237625.34159,0.0,237625.34159,0.00023762534159,0.0,0.00023762534159
QQQ,QQQ260520P00750000,2026-05-20,2,put,750.0,2.0,2.0,0.3867,0.0001,43.08,46.44,,-0.9996,-0.0557,0.0008,https://cdn.cboe.com/api/global/delayed_quotes/options/QQQ.json,0.0001,0.0,-99.84258049999998,-99.84258049999998,0.0,-9.984258049999998e-08,-9.984258049999998e-08
QQQ,QQQ260520C00751000,2026-05-20,2,call,751.0,7.0,326.0,0.3084,0.0004,0.0,0.22,,0.0019,-0.0077,0.0035,https://cdn.cboe.com/api/global/delayed_quotes/options/QQQ.json,0.0004,1397.7961269999996,0.0,1397.7961269999996,1.3977961269999996e-06,0.0,1.3977961269999996e-06
QQQ,QQQ260520C00752000,2026-05-20,2,call,752.0,9.0,11.0,0.3143,0.0004,0.0,0.78,,0.0017,-0.0071,0.0032,https://cdn.cboe.com/api/global/delayed_quotes/options/QQQ.json,0.0004,1797.1664489999998,0.0,1797.1664489999998,1.7971664489999999e-06,0.0,1.7971664489999999e-06
QQQ,QQQ260520C00753000,2026-05-20,2,call,753.0,1.0,3.0,0.3082,0.0003,0.0,0.22,,0.0016,-0.0065,0.003,https://cdn.cboe.com/api/global/delayed_quotes/options/QQQ.json,0.0003,149.76387074999997,0.0,149.76387074999997,1.4976387074999997e-07,0.0,1.4976387074999997e-07
QQQ,QQQ260520C00755000,2026-05-20,2,call,755.0,90.0,138.0,0.3195,0.0003,0.0,0.5,,0.0013,-0.0055,0.0025,https://cdn.cboe.com/api/global/delayed_quotes/options/QQQ.json,0.0003,13478.748367499997,0.0,13478.748367499997,1.3478748367499996e-05,0.0,1.3478748367499996e-05
QQQ,QQQ260520C00760000,2026-05-20,2,call,760.0,89.0,15.0,0.3475,0.0002,0.0,1.31,,0.0009,-0.0037,0.0017,https://cdn.cboe.com/api/global/delayed_quotes/options/QQQ.json,0.0002,8885.989664499999,0.0,8885.989664499999,8.8859896645e-06,0.0,8.8859896645e-06
QQQ,QQQ260520C00765000,2026-05-20,2,call,765.0,402.0,444.0,0.3893,0.0001,0.01,0.22,,0.0006,-0.0026,0.0012,https://cdn.cboe.com/api/global/delayed_quotes/options/QQQ.json,0.0001,20068.358680499994,0.0,20068.358680499994,2.0068358680499993e-05,0.0,2.0068358680499993e-05
QQQ,QQQ260520C00770000,2026-05-20,2,call,770.0,102.0,99.0,0.3798,0.0001,0.0,0.01,,0.0004,-0.0019,0.0009,https://cdn.cboe.com/api/global/delayed_quotes/options/QQQ.json,0.0001,5091.971605499999,0.0,5091.971605499999,5.091971605499999e-06,0.0,5.091971605499999e-06
QQQ,QQQ260520C00775000,2026-05-20,2,call,775.0,40.0,0.0,0.4055,0.0001,0.0,0.01,,0.0003,-0.0014,0.0006,https://cdn.cboe.com/api/global/delayed_quotes/options/QQQ.json,0.0001,1996.8516099999997,0.0,1996.8516099999997,1.99685161e-06,0.0,1.99685161e-06
QQQ,QQQ260520C00780000,2026-05-20,2,call,780.0,45.0,0.0,0.456,0.0,0.0,0.22,,0.0002,-0.001,0.0005,https://cdn.cboe.com/api/global/delayed_quotes/options/QQQ.json,0.0,0.0,0.0,0.0,0.0,0.0,0.0
QQQ,QQQ260520C00790000,2026-05-20,2,call,790.0,10.0,0.0,0.5083,0.0,0.0,0.22,,0.0001,-0.0006,0.0003,https://cdn.cboe.com/api/global/delayed_quotes/options/QQQ.json,0.0,0.0,0.0,0.0,0.0,0.0,0.0
QQQ,QQQ260520C00800000,2026-05-20,2,call,800.0,31.0,0.0,0.5595,0.0,0.0,0.22,,0.0001,-0.0004,0.0002,https://cdn.cboe.com/api/global/delayed_quotes/options/QQQ.json,0.0,0.0,0.0,0.0,0.0,0.0,0.0
QQQ,QQQ260520P00800000,2026-05-20,2,put,800.0,3.0,0.0,0.0,0.0,92.48,96.95,,-1.0,-0.0551,0.0,https://cdn.cboe.com/api/global/delayed_quotes/options/QQQ.json,0.0,0.0,-0.0,0.0,0.0,-0.0,0.0
QQQ,QQQ260521P00495000,2026-05-21,3,put,495.0,1.0,0.0,1.2098,0.0,0.0,0.22,,-0.0004,-0.007,0.0009,https://cdn.cboe.com/api/global/delayed_quotes/options/QQQ.json,0.0,0.0,-0.0,0.0,0.0,-0.0,0.0
QQQ,QQQ260521P00500000,2026-05-21,3,put,500.0,2.0,0.0,1.1775,0.0,0.0,0.22,,-0.0004,-0.0073,0.001,https://cdn.cboe.com/api/global/delayed_quotes/options/QQQ.json,0.0,0.0,-0.0,0.0,0.0,-0.0,0.0
QQQ,QQQ260521P00525000,2026-05-21,3,put,525.0,2.0,0.0,1.0205,0.0,0.0,0.77,,-0.0006,-0.0091,0.0013,https://cdn.cboe.com/api/global/delayed_quotes/options/QQQ.json,0.0,0.0,-0.0,0.0,0.0,-0.0,0.0
QQQ,QQQ260521P00545000,2026-05-21,3,put,545.0,1.0,0.0,0.9289,0.0,0.0,0.23,,-0.0008,-0.0112,0.0017,https://cdn.cboe.com/api/global/delayed_quotes/options/QQQ.json,0.0,0.0,-0.0,0.0,0.0,-0.0,0.0
QQQ,QQQ260521P00555000,2026-05-21,3,put,555.0,1.0,10480.0,0.8892,0.0001,0.0,0.23,,-0.0009,-0.0125,0.002,https://cdn.cboe.com/api/global/delayed_quotes/options/QQQ.json,0.0001,0.0,-49.92129024999999,-49.92129024999999,0.0,-4.992129024999999e-08,-4.992129024999999e-08
QQQ,QQQ260521C00560000,2026-05-21,3,call,560.0,11.0,0.0,0.8953,0.0001,143.53,147.48,,0.999,0.0,0.0022,https://cdn.cboe.com/api/global/delayed_quotes/options/QQQ.json,0.0001,549.1341927499999,0.0,549.1341927499999,5.491341927499999e-07,0.0,5.491341927499999e-07
QQQ,QQQ260521P00570000,2026-05-21,3,put,570.0,1.0,7.0,0.7976,0.0001,0.0,0.03,,-0.0012,-0.015,0.0026,https://cdn.cboe.com/api/global/delayed_quotes/options/QQQ.json,0.0001,0.0,-49.92129024999999,-49.92129024999999,0.0,-4.992129024999999e-08,-4.992129024999999e-08
QQQ,QQQ260521P00590000,2026-05-21,3,put,590.0,8.0,0.0,0.6919,0.0001,0.0,0.24,,-0.0018,-0.0199,0.0037,https://cdn.cboe.com/api/global/delayed_quotes/options/QQQ.json,0.0001,0.0,-399.37032199999993,-399.37032199999993,0.0,-3.993703219999999e-07,-3.993703219999999e-07
QQQ,QQQ260521C00595000,2026-05-21,3,call,595.0,20.0,0.0,0.0,0.0001,108.56,112.3,,0.998,-0.0097,0.0041,https://cdn.cboe.com/api/global/delayed_quotes/options/QQQ.json,0.0001,998.4258049999999,0.0,998.4258049999999,9.98425805e-07,0.0,9.98425805e-07
QQQ,QQQ260521P00595000,2026-05-21,3,put,595.0,5.0,0.0,0.6733,0.0001,0.0,0.24,,-0.002,-0.0215,0.0041,https://cdn.cboe.com/api/global/delayed_quotes/options/QQQ.json,0.0001,0.0,-249.60645124999996,-249.60645124999996,0.0,-2.4960645125e-07,-2.4960645125e-07
QQQ,QQQ260521P00600000,2026-05-21,3,put,600.0,23.0,0.0,0.6431,0.0002,0.01,0.24,,-0.0022,-0.0233,0.0046,https://cdn.cboe.com/api/global/delayed_quotes/options/QQQ.json,0.0002,0.0,-2296.3793514999993,-2296.3793514999993,0.0,-2.296379351499999e-06,-2.296379351499999e-06
QQQ,QQQ260521P00605000,2026-05-21,3,put,605.0,6.0,60.0,0.613,0.0002,0.0,0.24,,-0.0025,-0.0253,0.0051,https://cdn.cboe.com/api/global/delayed_quotes/options/QQQ.json,0.0002,0.0,-599.055483,-599.055483,0.0,-5.99055483e-07,-5.99055483e-07
QQQ,QQQ260521P00610000,2026-05-21,3,put,610.0,28.0,24.0,0.583,0.0002,0.0,0.75,,-0.0028,-0.0276,0.0057,https://cdn.cboe.com/api/global/delayed_quotes/options/QQQ.json,0.0002,0.0,-2795.5922539999992,-2795.5922539999992,0.0,-2.795592253999999e-06,-2.795592253999999e-06
QQQ,QQQ260521P00615000,2026-05-21,3,put,615.0,6.0,5.0,0.5694,0.0003,0.03,0.05,,-0.0032,-0.0302,0.0064,https://cdn.cboe.com/api/global/delayed_quotes/options/QQQ.json,0.0003,0.0,-898.5832244999998,-898.5832244999998,0.0,-8.985832244999998e-07,-8.985832244999998e-07
QQQ,QQQ260521C00620000,2026-05-21,3,call,620.0,3.0,0.0,0.5704,0.0003,83.58,87.54,,0.9963,-0.0241,0.0072,https://cdn.cboe.com/api/global/delayed_quotes/options/QQQ.json,0.0003,449.2916122499999,0.0,449.2916122499999,4.492916122499999e-07,0.0,4.492916122499999e-07
QQQ,QQQ260521P00620000,2026-05-21,3,put,620.0,959.0,156.0,0.5456,0.0003,0.0,0.06,,-0.0037,-0.0332,0.0072,https://cdn.cboe.com/api/global/delayed_quotes/options/QQQ.json,0.0003,0.0,-143623.55204924996,-143623.55204924996,0.0,-0.00014362355204924996,-0.00014362355204924996
QQQ,QQQ260521C00625000,2026-05-21,3,call,625.0,1.0,0.0,0.0,0.0004,78.77,82.16,,0.9957,-0.0281,0.0082,https://cdn.cboe.com/api/global/delayed_quotes/options/QQQ.json,0.0004,199.68516099999997,0.0,199.68516099999997,1.9968516099999995e-07,0.0,1.9968516099999995e-07
QQQ,QQQ260521P00625000,2026-05-21,3,put,625.0,69.0,40.0,0.5086,0.0004,0.03,0.05,,-0.0042,-0.0367,0.0082,https://cdn.cboe.com/api/global/delayed_quotes/options/QQQ.json,0.0004,0.0,-13778.276109,-13778.276109,0.0,-1.3778276109e-05,-1.3778276109e-05
QQQ,QQQ260521C00630000,2026-05-21,3,call,630.0,2.0,10.0,0.5403,0.0004,73.69,77.53,,0.9951,-0.0328,0.0094,https://cdn.cboe.com/api/global/delayed_quotes/options/QQQ.json,0.0004,399.37032199999993,0.0,399.37032199999993,3.993703219999999e-07,0.0,3.993703219999999e-07
QQQ,QQQ260521P00630000,2026-05-21,3,put,630.0,21.0,8.0,0.49,0.0004,0.0,0.06,,-0.0049,-0.0409,0.0094,https://cdn.cboe.com/api/global/delayed_quotes/options/QQQ.json,0.0004,0.0,-4193.388381,-4193.388381,0.0,-4.193388381e-06,-4.193388381e-06
QQQ,QQQ260521C00635000,2026-05-21,3,call,635.0,2.0,0.0,0.0,0.0006,68.62,72.15,,0.9942,-0.0384,0.0108,https://cdn.cboe.com/api/global/delayed_quotes/options/QQQ.json,0.0006,599.0554829999999,0.0,599.0554829999999,5.990554829999999e-07,0.0,5.990554829999999e-07
QQQ,QQQ260521P00635000,2026-05-21,3,put,635.0,1045.0,18.0,0.4593,0.0006,0.04,0.06,,-0.0058,-0.0459,0.0108,https://cdn.cboe.com/api/global/delayed_quotes/options/QQQ.json,0.0006,0.0,-313006.4898674999,-313006.4898674999,0.0,-0.0003130064898674999,-0.0003130064898674999
QQQ,QQQ260521C00640000,2026-05-21,3,call,640.0,1.0,13.0,0.4848,0.0007,63.72,67.55,,0.9931,-0.0453,0.0127,https://cdn.cboe.com/api/global/delayed_quotes/options/QQQ.json,0.0007,349.4490317499999,0.0,349.4490317499999,3.494490317499999e-07,0.0,3.494490317499999e-07
QQQ,QQQ260521P00640000,2026-05-21,3,put,640.0,288.0,13.0,0.4376,0.0007,0.0,0.07,,-0.0069,-0.0523,0.0127,https://cdn.cboe.com/api/global/delayed_quotes/options/QQQ.json,0.0007,0.0,-100641.32114399997,-100641.32114399997,0.0,-0.00010064132114399997,-0.00010064132114399997
QQQ,QQQ260521P00643000,2026-05-21,3,put,643.0,121.0,16.0,0.4266,0.0008,0.0,0.08,,-0.0077,-0.0572,0.0141,https://cdn.cboe.com/api/global/delayed_quotes/options/QQQ.json,0.0008,0.0,-48323.808962,-48323.808962,0.0,-4.8323808962000006e-05,-4.8323808962000006e-05
QQQ,QQQ260521P00644000,2026-05-21,3,put,644.0,71.0,0.0,0.4203,0.0008,0.0,0.08,,-0.008,-0.059,0.0146,https://cdn.cboe.com/api/global/delayed_quotes/options/QQQ.json,0.0008,0.0,-28355.292862000002,-28355.292862000002,0.0,-2.8355292862000003e-05,-2.8355292862000003e-05
QQQ,QQQ260521C00645000,2026-05-21,3,call,645.0,9.0,0.0,0.0,0.0008,58.74,61.7,,0.9916,-0.0545,0.0151,https://cdn.cboe.com/api/global/delayed_quotes/options/QQQ.json,0.0008,3594.3328979999997,0.0,3594.3328979999997,3.5943328979999997e-06,0.0,3.5943328979999997e-06
QQQ,QQQ260521P00645000,2026-05-21,3,put,645.0,179.0,5.0,0.414,0.0008,0.0,0.08,,-0.0084,-0.061,0.0151,https://cdn.cboe.com/api/global/delayed_quotes/options/QQQ.json,0.0008,0.0,-71487.287638,-71487.287638,0.0,-7.1487287638e-05,-7.1487287638e-05
QQQ,QQQ260521P00646000,2026-05-21,3,put,646.0,34.0,1.0,0.4076,0.0009,0.06,0.29,,-0.0088,-0.0631,0.0157,https://cdn.cboe.com/api/global/delayed_quotes/options/QQQ.json,0.0009,0.0,-15275.914816499997,-15275.914816499997,0.0,-1.5275914816499997e-05,-1.5275914816499997e-05
QQQ,QQQ260521P00648000,2026-05-21,3,put,648.0,302.0,61.0,0.4016,0.001,0.02,0.09,,-0.0096,-0.0678,0.017,https://cdn.cboe.com/api/global/delayed_quotes/options/QQQ.json,0.001,0.0,-150762.29655499998,-150762.29655499998,0.0,-0.000150762296555,-0.000150762296555
QQQ,QQQ260521P00649000,2026-05-21,3,put,649.0,4.0,26.0,0.3951,0.001,0.07,0.09,,-0.01,-0.0704,0.0178,https://cdn.cboe.com/api/global/delayed_quotes/options/QQQ.json,0.001,0.0,-1996.8516099999997,-1996.8516099999997,0.0,-1.99685161e-06,-1.99685161e-06
QQQ,QQQ260521C00650000,2026-05-21,3,call,650.0,27.0,25.0,0.2811,0.0011,53.63,57.38,,0.9894,-0.0674,0.0185,https://cdn.cboe.com/api/global/delayed_quotes/options/QQQ.json,0.0011,14826.623204249998,0.0,14826.623204249998,1.4826623204249997e-05,0.0,1.4826623204249997e-05
QQQ,QQQ260521P00650000,2026-05-21,3,put,650.0,903.0,110.0,0.3946,0.0011,0.0,0.3,,-0.0105,-0.0733,0.0185,https://cdn.cboe.com/api/global/delayed_quotes/options/QQQ.json,0.0011,0.0,-495868.17605325,-495868.17605325,0.0,-0.00049586817605325,-0.00049586817605325
QQQ,QQQ260521C00651000,2026-05-21,3,call,651.0,24.0,4.0,0.3442,0.0012,52.86,56.21,,0.9889,-0.0706,0.0194,https://cdn.cboe.com/api/global/delayed_quotes/options/QQQ.json,0.0012,14377.331591999997,0.0,14377.331591999997,1.4377331591999997e-05,0.0,1.4377331591999997e-05
QQQ,QQQ260521P00651000,2026-05-21,3,put,651.0,3.0,471.0,0.3881,0.0012,0.08,0.1,,-0.0111,-0.0765,0.0194,https://cdn.cboe.com/api/global/delayed_quotes/options/QQQ.json,0.0012,0.0,-1797.1664489999996,-1797.1664489999996,0.0,-1.7971664489999997e-06,-1.7971664489999997e-06
QQQ,QQQ260521C00652000,2026-05-21,3,call,652.0,22.0,0.0,0.3168,0.0012,51.64,55.4,,0.9883,-0.0742,0.0203,https://cdn.cboe.com/api/global/delayed_quotes/options/QQQ.json,0.0012,13179.220625999997,0.0,13179.220625999997,1.3179220625999997e-05,0.0,1.3179220625999997e-05
QQQ,QQQ260521P00652000,2026-05-21,3,put,652.0,3.0,11.0,0.3816,0.0012,0.08,0.31,,-0.0117,-0.0799,0.0203,https://cdn.cboe.com/api/global/delayed_quotes/options/QQQ.json,0.0012,0.0,-1797.1664489999996,-1797.1664489999996,0.0,-1.7971664489999997e-06,-1.7971664489999997e-06
QQQ,QQQ260521P00653000,2026-05-21,3,put,653.0,17.0,47.0,0.3803,0.0013,0.0,0.11,,-0.0123,-0.0836,0.0212,https://cdn.cboe.com/api/global/delayed_quotes/options/QQQ.json,0.0013,0.0,-11032.605145249998,-11032.605145249998,0.0,-1.1032605145249998e-05,-1.1032605145249998e-05
QQQ,QQQ260521P00654000,2026-05-21,3,put,654.0,12.0,100.0,0.3738,0.0014,0.0,0.11,,-0.013,-0.0877,0.0223,https://cdn.cboe.com/api/global/delayed_quotes/options/QQQ.json,0.0014,0.0,-8386.776762,-8386.776762,0.0,-8.386776762e-06,-8.386776762e-06
QQQ,QQQ260521C00655000,2026-05-21,3,call,655.0,17.0,0.0,0.377,0.0015,48.65,52.6,,0.9861,-0.0867,0.0234,https://cdn.cboe.com/api/global/delayed_quotes/options/QQQ.json,0.0015,12729.92901375,0.0,12729.92901375,1.2729929013749999e-05,0.0,1.2729929013749999e-05
QQQ,QQQ260521P00655000,2026-05-21,3,put,655.0,196.0,95.0,0.372,0.0015,0.0,0.12,,-0.0138,-0.0921,0.0234,https://cdn.cboe.com/api/global/delayed_quotes/options/QQQ.json,0.0015,0.0,-146768.59333499995,-146768.59333499995,0.0,-0.00014676859333499995,-0.00014676859333499995
QQQ,QQQ260521P00656000,2026-05-21,3,put,656.0,38.0,12.0,0.3653,0.0016,0.0,0.12,,-0.0147,-0.097,0.0247,https://cdn.cboe.com/api/global/delayed_quotes/options/QQQ.json,0.0016,0.0,-30352.144471999993,-30352.144471999993,0.0,-3.0352144471999993e-05,-3.0352144471999993e-05
QQQ,QQQ260521P00657000,2026-05-21,3,put,657.0,11.0,3.0,0.363,0.0017,0.0,0.13,,-0.0156,-0.1024,0.0261,https://cdn.cboe.com/api/global/delayed_quotes/options/QQQ.json,0.0017,0.0,-9335.281276749998,-9335.281276749998,0.0,-9.335281276749997e-06,-9.335281276749997e-06
QQQ,QQQ260521C00658000,2026-05-21,3,call,658.0,1.0,0.0,0.3318,0.0018,45.89,49.26,,0.9833,-0.1032,0.0275,https://cdn.cboe.com/api/global/delayed_quotes/options/QQQ.json,0.0018,898.5832244999998,0.0,898.5832244999998,8.985832244999998e-07,0.0,8.985832244999998e-07
QQQ,QQQ260521P00658000,2026-05-21,3,put,658.0,19.0,148.0,0.3604,0.0018,0.12,0.14,,-0.0167,-0.1083,0.0275,https://cdn.cboe.com/api/global/delayed_quotes/options/QQQ.json,0.0018,0.0,-17073.081265499997,-17073.081265499997,0.0,-1.7073081265499996e-05,-1.7073081265499996e-05
QQQ,QQQ260521P00659000,2026-05-21,3,put,659.0,20.0,75.0,0.3555,0.0019,0.1,0.15,,-0.0178,-0.1149,0.0291,https://cdn.cboe.com/api/global/delayed_quotes/options/QQQ.json,0.0019,0.0,-18970.090294999995,-18970.090294999995,0.0,-1.8970090294999996e-05,-1.8970090294999996e-05
QQQ,QQQ260521C00660000,2026-05-21,3,call,660.0,11.0,2.0,0.3242,0.002,43.7,47.47,,0.9809,-0.1172,0.0308,https://cdn.cboe.com/api/global/delayed_quotes/options/QQQ.json,0.002,10982.683854999996,0.0,10982.683854999996,1.0982683854999996e-05,0.0,1.0982683854999996e-05
QQQ,QQQ260521P00660000,2026-05-21,3,put,660.0,675.0,570.0,0.3524,0.002,0.11,0.16,,-0.0191,-0.1221,0.0308,https://cdn.cboe.com/api/global/delayed_quotes/options/QQQ.json,0.002,0.0,-673937.4183749999,-673937.4183749999,0.0,-0.0006739374183749999,-0.0006739374183749999
QQQ,QQQ260521P00661000,2026-05-21,3,put,661.0,593.0,25.0,0.349,0.0022,0.12,0.17,,-0.0205,-0.13,0.0327,https://cdn.cboe.com/api/global/delayed_quotes/options/QQQ.json,0.0022,0.0,-651273.1526014999,-651273.1526014999,0.0,-0.0006512731526015,-0.0006512731526015
QQQ,QQQ260521P00662000,2026-05-21,3,put,662.0,36.0,107.0,0.3469,0.0023,0.11,0.18,,-0.022,-0.1388,0.0348,https://cdn.cboe.com/api/global/delayed_quotes/options/QQQ.json,0.0023,0.0,-41334.82832699999,-41334.82832699999,0.0,-4.133482832699999e-05,-4.133482832699999e-05
QQQ,QQQ260521P00663000,2026-05-21,3,put,663.0,104.0,375.0,0.3429,0.0025,0.0,0.4,,-0.0237,-0.1484,0.0371,https://cdn.cboe.com/api/global/delayed_quotes/options/QQQ.json,0.0025,0.0,-129795.35464999998,-129795.35464999998,0.0,-0.00012979535464999997,-0.00012979535464999997
QQQ,QQQ260521P00664000,2026-05-21,3,put,664.0,186.0,190.0,0.3415,0.0027,0.14,0.21,,-0.0256,-0.159,0.0395,https://cdn.cboe.com/api/global/delayed_quotes/options/QQQ.json,0.0027,0.0,-250704.71963549993,-250704.71963549993,0.0,-0.00025070471963549993,-0.00025070471963549993
QQQ,QQQ260521C00665000,2026-05-21,3,call,665.0,18.0,1.0,0.3441,0.0029,38.77,42.72,,0.9723,-0.1663,0.0421,https://cdn.cboe.com/api/global/delayed_quotes/options/QQQ.json,0.0029,26058.91351049999,0.0,26058.91351049999,2.6058913510499992e-05,0.0,2.6058913510499992e-05
QQQ,QQQ260521P00665000,2026-05-21,3,put,665.0,351.0,232.0,0.3383,0.0029,0.02,0.23,,-0.0277,-0.1707,0.0421,https://cdn.cboe.com/api/global/delayed_quotes/options/QQQ.json,0.0029,0.0,-508148.81345475,-508148.81345475,0.0,-0.00050814881345475,-0.00050814881345475
QQQ,QQQ260521C00666000,2026-05-21,3,call,666.0,1.0,0.0,0.3501,0.0031,38.24,41.37,,0.97,-0.1792,0.0449,https://cdn.cboe.com/api/global/delayed_quotes/options/QQQ.json,0.0031,1547.5599977499999,0.0,1547.5599977499999,1.5475599977499999e-06,0.0,1.5475599977499999e-06
QQQ,QQQ260521P00666000,2026-05-21,3,put,666.0,106.0,235.0,0.3372,0.0031,0.23,0.25,,-0.03,-0.1834,0.0449,https://cdn.cboe.com/api/global/delayed_quotes/options/QQQ.json,0.0031,0.0,-164041.35976149997,-164041.35976149997,0.0,-0.00016404135976149997,-0.00016404135976149997
QQQ,QQQ260521C00667000,2026-05-21,3,call,667.0,1.0,2.0,0.3393,0.0034,36.81,40.77,,0.9675,-0.1933,0.048,https://cdn.cboe.com/api/global/delayed_quotes/options/QQQ.json,0.0034,1697.3238684999997,0.0,1697.3238684999997,1.6973238684999997e-06,0.0,1.6973238684999997e-06
QQQ,QQQ260521P00667000,2026-05-21,3,put,667.0,250.0,80.0,0.3344,0.0034,0.25,0.45,,-0.0325,-0.1974,0.048,https://cdn.cboe.com/api/global/delayed_quotes/options/QQQ.json,0.0034,0.0,-424330.9671249999,-424330.9671249999,0.0,-0.00042433096712499993,-0.00042433096712499993
QQQ,QQQ260521C00668000,2026-05-21,3,call,668.0,16.0,10.0,0.3358,0.0036,35.99,39.63,,0.9647,-0.2086,0.0513,https://cdn.cboe.com/api/global/delayed_quotes/options/QQQ.json,0.0036,28754.663183999994,0.0,28754.663183999994,2.8754663183999995e-05,0.0,2.8754663183999995e-05
QQQ,QQQ260521P00668000,2026-05-21,3,put,668.0,239.0,132.0,0.3334,0.0036,0.25,0.3,,-0.0353,-0.2126,0.0513,https://cdn.cboe.com/api/global/delayed_quotes/options/QQQ.json,0.0036,0.0,-429522.78131099994,-429522.78131099994,0.0,-0.00042952278131099995,-0.00042952278131099995
QQQ,QQQ260521C00669000,2026-05-21,3,call,669.0,8.0,47.0,0.3177,0.0039,34.87,38.65,,0.9616,-0.2253,0.0549,https://cdn.cboe.com/api/global/delayed_quotes/options/QQQ.json,0.0039,15575.442557999995,0.0,15575.442557999995,1.5575442557999994e-05,0.0,1.5575442557999994e-05
QQQ,QQQ260521P00669000,2026-05-21,3,put,669.0,203.0,222.0,0.3308,0.0039,0.12,0.33,,-0.0383,-0.2292,0.0549,https://cdn.cboe.com/api/global/delayed_quotes/options/QQQ.json,0.0039,0.0,-395226.85490924993,-395226.85490924993,0.0,-0.00039522685490924993,-0.00039522685490924993
QQQ,QQQ260521C00670000,2026-05-21,3,call,670.0,199.0,39.0,0.3464,0.0042,34.06,37.86,,0.9583,-0.2434,0.0586,https://cdn.cboe.com/api/global/delayed_quotes/options/QQQ.json,0.0042,417242.1439095,0.0,417242.1439095,0.0004172421439095,0.0,0.0004172421439095
QQQ,QQQ260521P00670000,2026-05-21,3,put,670.0,1789.0,441.0,0.3296,0.0042,0.22,0.36,,-0.0417,-0.2473,0.0586,https://cdn.cboe.com/api/global/delayed_quotes/options/QQQ.json,0.0042,0.0,-3750985.906804499,-3750985.906804499,0.0,-0.003750985906804499,-0.003750985906804499
QQQ,QQQ260521C00671000,2026-05-21,3,call,671.0,6.0,62.0,0.3193,0.0045,34.38,35.31,,0.9547,-0.263,0.0626,https://cdn.cboe.com/api/global/delayed_quotes/options/QQQ.json,0.0045,13478.748367499997,0.0,13478.748367499997,1.3478748367499996e-05,0.0,1.3478748367499996e-05
QQQ,QQQ260521P00671000,2026-05-21,3,put,671.0,162.0,159.0,0.3278,0.0045,0.35,0.4,,-0.0453,-0.2668,0.0626,https://cdn.cboe.com/api/global/delayed_quotes/options/QQQ.json,0.0045,0.0,-363926.2059224999,-363926.2059224999,0.0,-0.0003639262059224999,-0.0003639262059224999
QQQ,QQQ260521P00672000,2026-05-21,3,put,672.0,77.0,98.0,0.3262,0.0049,0.23,0.44,,-0.0493,-0.2878,0.067,https://cdn.cboe.com/api/global/delayed_quotes/options/QQQ.json,0.0049,0.0,-188353.02811324995,-188353.02811324995,0.0,-0.00018835302811324995,-0.00018835302811324995
QQQ,QQQ260521C00673000,2026-05-21,3,call,673.0,7.0,67.0,0.2965,0.0052,32.18,33.43,,0.9464,-0.3068,0.0716,https://cdn.cboe.com/api/global/delayed_quotes/options/QQQ.json,0.0052,18171.349650999997,0.0,18171.349650999997,1.8171349650999996e-05,0.0,1.8171349650999996e-05
QQQ,QQQ260521P00673000,2026-05-21,3,put,673.0,44.0,152.0,0.3242,0.0052,0.28,0.51,,-0.0536,-0.3104,0.0716,https://cdn.cboe.com/api/global/delayed_quotes/options/QQQ.json,0.0052,0.0,-114219.91209199997,-114219.91209199997,0.0,-0.00011421991209199998,-0.00011421991209199998
QQQ,QQQ260521C00674000,2026-05-21,3,call,674.0,37.0,39.0,0.2915,0.0056,31.18,32.46,,0.9416,-0.3311,0.0764,https://cdn.cboe.com/api/global/delayed_quotes/options/QQQ.json,0.0056,103436.91339799999,0.0,103436.91339799999,0.000103436913398,0.0,0.000103436913398
QQQ,QQQ260521P00674000,2026-05-21,3,put,674.0,123.0,322.0,0.3229,0.0056,0.33,0.53,,-0.0584,-0.3345,0.0764,https://cdn.cboe.com/api/global/delayed_quotes/options/QQQ.json,0.0056,0.0,-343857.8472419999,-343857.8472419999,0.0,-0.00034385784724199985,-0.00034385784724199985
QQQ,QQQ260521C00675000,2026-05-21,3,call,675.0,17.0,40.0,0.3006,0.006,30.31,31.54,,0.9365,-0.357,0.0814,https://cdn.cboe.com/api/global/delayed_quotes/options/QQQ.json,0.006,50919.716055,0.0,50919.716055,5.0919716054999994e-05,0.0,5.0919716054999994e-05
QQQ,QQQ260521P00675000,2026-05-21,3,put,675.0,879.0,448.0,0.3211,0.006,0.38,0.79,,-0.0635,-0.3603,0.0815,https://cdn.cboe.com/api/global/delayed_quotes/options/QQQ.json,0.006,0.0,-2632848.8477849993,-2632848.8477849993,0.0,-0.0026328488477849995,-0.0026328488477849995
QQQ,QQQ260521C00676000,2026-05-21,3,call,676.0,8.0,30.0,0.2954,0.0065,29.37,30.52,,0.931,-0.3844,0.0868,https://cdn.cboe.com/api/global/delayed_quotes/options/QQQ.json,0.0065,25959.070929999994,0.0,25959.070929999994,2.5959070929999995e-05,0.0,2.5959070929999995e-05
QQQ,QQQ260521P00676000,2026-05-21,3,put,676.0,111.0,198.0,0.3194,0.0065,0.61,0.64,,-0.069,-0.3877,0.0868,https://cdn.cboe.com/api/global/delayed_quotes/options/QQQ.json,0.0065,0.0,-360182.1091537499,-360182.1091537499,0.0,-0.0003601821091537499,-0.0003601821091537499
QQQ,QQQ260521C00677000,2026-05-21,3,call,677.0,6.0,25.0,0.294,0.0069,28.36,29.63,,0.925,-0.4134,0.0925,https://cdn.cboe.com/api/global/delayed_quotes/options/QQQ.json,0.0069,20667.414163499994,0.0,20667.414163499994,2.0667414163499995e-05,0.0,2.0667414163499995e-05
QQQ,QQQ260521P00677000,2026-05-21,3,put,677.0,83.0,212.0,0.3176,0.0069,0.49,0.7,,-0.075,-0.4166,0.0925,https://cdn.cboe.com/api/global/delayed_quotes/options/QQQ.json,0.0069,0.0,-285899.22926174995,-285899.22926174995,0.0,-0.00028589922926174993,-0.00028589922926174993
QQQ,QQQ260521C00678000,2026-05-21,3,call,678.0,9.0,48.0,0.313,0.0074,27.77,28.69,,0.9186,-0.444,0.0983,https://cdn.cboe.com/api/global/delayed_quotes/options/QQQ.json,0.0074,33247.5793065,0.0,33247.5793065,3.32475793065e-05,0.0,3.32475793065e-05
QQQ,QQQ260521P00678000,2026-05-21,3,put,678.0,316.0,356.0,0.3158,0.0074,0.57,0.77,,-0.0814,-0.4471,0.0984,https://cdn.cboe.com/api/global/delayed_quotes/options/QQQ.json,0.0074,0.0,-1167359.4512059998,-1167359.4512059998,0.0,-0.0011673594512059998,-0.0011673594512059998
QQQ,QQQ260521C00679000,2026-05-21,3,call,679.0,3.0,35.0,0.3078,0.0079,26.76,27.77,,0.9117,-0.4761,0.1043,https://cdn.cboe.com/api/global/delayed_quotes/options/QQQ.json,0.0079,11831.34578925,0.0,11831.34578925,1.1831345789249999e-05,0.0,1.1831345789249999e-05
QQQ,QQQ260521P00679000,2026-05-21,3,put,679.0,280.0,504.0,0.3139,0.0079,0.63,0.84,,-0.0883,-0.4792,0.1043,https://cdn.cboe.com/api/global/delayed_quotes/options/QQQ.json,0.0079,0.0,-1104258.94033,-1104258.94033,0.0,-0.00110425894033,-0.00110425894033
QQQ,QQQ260521C00680000,2026-05-21,3,call,680.0,46.0,157.0,0.2895,0.0084,25.58,26.77,,0.9044,-0.5096,0.1106,https://cdn.cboe.com/api/global/delayed_quotes/options/QQQ.json,0.0084,192895.86552599992,0.0,192895.86552599992,0.0001928958655259999,0.0,0.0001928958655259999
QQQ,QQQ260521P00680000,2026-05-21,3,put,680.0,1026.0,753.0,0.3124,0.0085,0.71,0.93,,-0.0957,-0.5126,0.1106,https://cdn.cboe.com/api/global/delayed_quotes/options/QQQ.json,0.0085,0.0,-4353635.7227024995,-4353635.7227024995,0.0,-0.004353635722702499,-0.004353635722702499
QQQ,QQQ260521C00681000,2026-05-21,3,call,681.0,7.0,57.0,0.2946,0.009,24.71,25.92,,0.8964,-0.5444,0.1172,https://cdn.cboe.com/api/global/delayed_quotes/options/QQQ.json,0.009,31450.412857499992,0.0,31450.412857499992,3.145041285749999e-05,0.0,3.145041285749999e-05
QQQ,QQQ260521P00681000,2026-05-21,3,put,681.0,247.0,544.0,0.3103,0.009,0.79,1.0,,-0.1036,-0.5473,0.1172,https://cdn.cboe.com/api/global/delayed_quotes/options/QQQ.json,0.009,0.0,-1109750.2822574996,-1109750.2822574996,0.0,-0.0011097502822574996,-0.0011097502822574996
QQQ,QQQ260521C00682000,2026-05-21,3,call,682.0,5.0,38.0,0.3095,0.0096,24.22,24.96,,0.888,-0.5805,0.1239,https://cdn.cboe.com/api/global/delayed_quotes/options/QQQ.json,0.0096,23962.219319999997,0.0,23962.219319999997,2.3962219319999995e-05,0.0,2.3962219319999995e-05
QQQ,QQQ260521P00682000,2026-05-21,3,put,682.0,410.0,771.0,0.3085,0.0096,0.86,1.32,,-0.112,-0.5833,0.1239,https://cdn.cboe.com/api/global/delayed_quotes/options/QQQ.json,0.0096,0.0,-1964901.9842399994,-1964901.9842399994,0.0,-0.0019649019842399996,-0.0019649019842399996
QQQ,QQQ260521P00683000,2026-05-21,3,put,683.0,1510.0,650.0,0.3068,0.0102,1.15,1.42,,-0.121,-0.6205,0.1307,https://cdn.cboe.com/api/global/delayed_quotes/options/QQQ.json,0.0102,0.0,-7688877.124305,-7688877.124305,0.0,-0.007688877124305,-0.007688877124305
QQQ,QQQ260521C00684000,2026-05-21,3,call,684.0,1.0,111.0,0.2897,0.0108,21.97,23.2,,0.8694,-0.6559,0.1376,https://cdn.cboe.com/api/global/delayed_quotes/options/QQQ.json,0.0108,5391.499347,0.0,5391.499347,5.391499347e-06,0.0,5.391499347e-06
QQQ,QQQ260521P00684000,2026-05-21,3,put,684.0,273.0,699.0,0.3053,0.0108,1.05,1.3,,-0.1306,-0.6586,0.1377,https://cdn.cboe.com/api/global/delayed_quotes/options/QQQ.json,0.0108,0.0,-1471879.321731,-1471879.321731,0.0,-0.001471879321731,-0.001471879321731
QQQ,QQQ260521C00685000,2026-05-21,3,call,685.0,27.0,94.0,0.3043,0.0114,21.55,22.28,,0.8593,-0.6948,0.1448,https://cdn.cboe.com/api/global/delayed_quotes/options/QQQ.json,0.0114,153657.73138949997,0.0,153657.73138949997,0.00015365773138949996,0.0,0.00015365773138949996
QQQ,QQQ260521P00685000,2026-05-21,3,put,685.0,599.0,650.0,0.3035,0.0114,1.12,1.42,,-0.1408,-0.6975,0.1449,https://cdn.cboe.com/api/global/delayed_quotes/options/QQQ.json,0.0114,0.0,-3408925.2260114993,-3408925.2260114993,0.0,-0.003408925226011499,-0.003408925226011499
QQQ,QQQ260521P00686000,2026-05-21,3,put,686.0,315.0,543.0,0.3017,0.0121,1.23,1.81,,-0.1516,-0.7371,0.1521,https://cdn.cboe.com/api/global/delayed_quotes/options/QQQ.json,0.0121,0.0,-1902749.9778787496,-1902749.9778787496,0.0,-0.0019027499778787496,-0.0019027499778787496
QQQ,QQQ260521C00687000,2026-05-21,3,call,687.0,14.0,75.0,0.2846,0.0127,19.33,20.53,,0.8371,-0.7745,0.1592,https://cdn.cboe.com/api/global/delayed_quotes/options/QQQ.json,0.0127,88760.05406449999,0.0,88760.05406449999,8.876005406449999e-05,0.0,8.876005406449999e-05
QQQ,QQQ260521P00687000,2026-05-21,3,put,687.0,310.0,886.0,0.2999,0.0127,1.34,1.96,,-0.163,-0.7772,0.1593,https://cdn.cboe.com/api/global/delayed_quotes/options/QQQ.json,0.0127,0.0,-1965401.1971424997,-1965401.1971424997,0.0,-0.0019654011971424997,-0.0019654011971424997
QQQ,QQQ260521C00688000,2026-05-21,3,call,688.0,3.0,133.0,0.2963,0.0134,18.95,19.61,,0.825,-0.8148,0.1666,https://cdn.cboe.com/api/global/delayed_quotes/options/QQQ.json,0.0134,20068.358680499994,0.0,20068.358680499994,2.0068358680499993e-05,0.0,2.0068358680499993e-05
QQQ,QQQ260521P00688000,2026-05-21,3,put,688.0,1393.0,1565.0,0.2984,0.0134,1.47,1.83,,-0.1751,-0.8174,0.1667,https://cdn.cboe.com/api/global/delayed_quotes/options/QQQ.json,0.0134,0.0,-9318407.880645499,-9318407.880645499,0.0,-0.009318407880645498,-0.009318407880645498
QQQ,QQQ260521C00689000,2026-05-21,3,call,689.0,5.0,78.0,0.2835,0.0141,17.65,18.85,,0.8123,-0.8551,0.174,https://cdn.cboe.com/api/global/delayed_quotes/options/QQQ.json,0.0141,35194.50962624999,0.0,35194.50962624999,3.519450962624999e-05,0.0,3.519450962624999e-05
QQQ,QQQ260521P00689000,2026-05-21,3,put,689.0,282.0,1429.0,0.2968,0.0141,1.61,1.99,,-0.1878,-0.8577,0.1741,https://cdn.cboe.com/api/global/delayed_quotes/options/QQQ.json,0.0141,0.0,-1984970.3429204999,-1984970.3429204999,0.0,-0.0019849703429204997,-0.0019849703429204997
QQQ,QQQ260521C00690000,2026-05-21,3,call,690.0,64.0,89.0,0.299,0.0148,17.28,18.15,,0.7989,-0.8951,0.1813,https://cdn.cboe.com/api/global/delayed_quotes/options/QQQ.json,0.0148,472854.4612479999,0.0,472854.4612479999,0.0004728544612479999,0.0,0.0004728544612479999
QQQ,QQQ260521P00690000,2026-05-21,3,put,690.0,463.0,1437.0,0.295,0.0148,1.77,2.16,,-0.2012,-0.8977,0.1814,https://cdn.cboe.com/api/global/delayed_quotes/options/QQQ.json,0.0148,0.0,-3420806.4930909993,-3420806.4930909993,0.0,-0.003420806493090999,-0.003420806493090999
QQQ,QQQ260521C00691000,2026-05-21,3,call,691.0,6.0,165.0,0.2845,0.0155,16.13,17.2,,0.7848,-0.9346,0.1885,https://cdn.cboe.com/api/global/delayed_quotes/options/QQQ.json,0.0155,46426.79993249999,0.0,46426.79993249999,4.642679993249999e-05,0.0,4.642679993249999e-05
QQQ,QQQ260521P00691000,2026-05-21,3,put,691.0,286.0,713.0,0.2932,0.0155,1.9,2.63,,-0.2153,-0.9373,0.1885,https://cdn.cboe.com/api/global/delayed_quotes/options/QQQ.json,0.0155,0.0,-2213010.796782499,-2213010.796782499,0.0,-0.002213010796782499,-0.002213010796782499
QQQ,QQQ260521C00692000,2026-05-21,3,call,692.0,6.0,3.0,0.3122,0.0162,15.06,17.8,,0.7701,-0.9732,0.1956,https://cdn.cboe.com/api/global/delayed_quotes/options/QQQ.json,0.0162,48523.49412299998,0.0,48523.49412299998,4.852349412299998e-05,0.0,4.852349412299998e-05
QQQ,QQQ260521P00692000,2026-05-21,3,put,692.0,138.0,1715.0,0.2916,0.0162,2.11,2.83,,-0.2301,-0.976,0.1957,https://cdn.cboe.com/api/global/delayed_quotes/options/QQQ.json,0.0162,0.0,-1116040.3648289996,-1116040.3648289996,0.0,-0.0011160403648289997,-0.0011160403648289997
QQQ,QQQ260521C00693000,2026-05-21,3,call,693.0,5.0,22.0,0.321,0.0169,14.7,17.05,,0.7546,-1.0108,0.2027,https://cdn.cboe.com/api/global/delayed_quotes/options/QQQ.json,0.0169,42183.49026124999,0.0,42183.49026124999,4.218349026124999e-05,0.0,4.218349026124999e-05
QQQ,QQQ260521P00693000,2026-05-21,3,put,693.0,643.0,992.0,0.2898,0.0169,2.2,2.97,,-0.2456,-1.0135,0.2028,https://cdn.cboe.com/api/global/delayed_quotes/options/QQQ.json,0.0169,0.0,-5424796.847596749,-5424796.847596749,0.0,-0.005424796847596749,-0.005424796847596749
QQQ,QQQ260521C00694000,2026-05-21,3,call,694.0,1.0,17.0,0.3092,0.0176,13.51,16.3,,0.7384,-1.0469,0.2094,https://cdn.cboe.com/api/global/delayed_quotes/options/QQQ.json,0.0176,8786.147083999998,0.0,8786.147083999998,8.786147083999999e-06,0.0,8.786147083999999e-06
QQQ,QQQ260521P00694000,2026-05-21,3,put,694.0,202.0,873.0,0.2881,0.0176,2.53,3.0,,-0.2619,-1.0497,0.2095,https://cdn.cboe.com/api/global/delayed_quotes/options/QQQ.json,0.0176,0.0,-1774801.710968,-1774801.710968,0.0,-0.001774801710968,-0.001774801710968
QQQ,QQQ260521C00695000,2026-05-21,3,call,695.0,394.0,438.0,0.2831,0.0182,13.23,14.03,,0.7215,-1.0813,0.2159,https://cdn.cboe.com/api/global/delayed_quotes/options/QQQ.json,0.0182,3579755.8812469994,0.0,3579755.8812469994,0.0035797558812469994,0.0,0.0035797558812469994
QQQ,QQQ260521P00695000,2026-05-21,3,put,695.0,1061.0,1465.0,0.2856,0.0183,2.65,3.24,,-0.2788,-1.0842,0.216,https://cdn.cboe.com/api/global/delayed_quotes/options/QQQ.json,0.0183,0.0,-9692867.478810748,-9692867.478810748,0.0,-0.009692867478810749,-0.009692867478810749
QQQ,QQQ260521C00696000,2026-05-21,3,call,696.0,4.0,94.0,0.2792,0.0189,12.04,13.53,,0.7038,-1.1135,0.2222,https://cdn.cboe.com/api/global/delayed_quotes/options/QQQ.json,0.0189,37740.495428999995,0.0,37740.495428999995,3.7740495429e-05,0.0,3.7740495429e-05
QQQ,QQQ260521P00696000,2026-05-21,3,put,696.0,180.0,1187.0,0.2847,0.0189,2.62,3.7,,-0.2965,-1.1165,0.2222,https://cdn.cboe.com/api/global/delayed_quotes/options/QQQ.json,0.0189,0.0,-1698322.2943049998,-1698322.2943049998,0.0,-0.0016983222943049998,-0.0016983222943049998
QQQ,QQQ260521C00697000,2026-05-21,3,call,697.0,33.0,105.0,0.286,0.0195,11.74,12.78,,0.6855,-1.1433,0.228,https://cdn.cboe.com/api/global/delayed_quotes/options/QQQ.json,0.0195,321243.50275874994,0.0,321243.50275874994,0.0003212435027587499,0.0,0.0003212435027587499
QQQ,QQQ260521P00697000,2026-05-21,3,put,697.0,256.0,680.0,0.284,0.0196,3.28,4.06,,-0.3149,-1.1464,0.2282,https://cdn.cboe.com/api/global/delayed_quotes/options/QQQ.json,0.0196,0.0,-2504850.659584,-2504850.659584,0.0,-0.0025048506595839997,-0.0025048506595839997
QQQ,QQQ260521C00698000,2026-05-21,3,call,698.0,150.0,189.0,0.2841,0.0201,10.59,12.04,,0.6665,-1.1703,0.2334,https://cdn.cboe.com/api/global/delayed_quotes/options/QQQ.json,0.0201,1505126.9010374995,0.0,1505126.9010374995,0.0015051269010374995,0.0,0.0015051269010374995
QQQ,QQQ260521P00698000,2026-05-21,3,put,698.0,1247.0,1552.0,0.2677,0.0202,3.36,4.28,,-0.3339,-1.1735,0.2335,https://cdn.cboe.com/api/global/delayed_quotes/options/QQQ.json,0.0202,0.0,-12574873.486233499,-12574873.486233499,0.0,-0.012574873486233498,-0.012574873486233498
QQQ,QQQ260521C00699000,2026-05-21,3,call,699.0,54.0,207.0,0.2709,0.0207,9.91,11.36,,0.6468,-1.1941,0.2385,https://cdn.cboe.com/api/global/delayed_quotes/options/QQQ.json,0.0207,558020.1824144998,0.0,558020.1824144998,0.0005580201824144998,0.0,0.0005580201824144998
QQQ,QQQ260521P00699000,2026-05-21,3,put,699.0,500.0,1115.0,0.2843,0.0208,3.46,4.71,,-0.3536,-1.1975,0.2385,https://cdn.cboe.com/api/global/delayed_quotes/options/QQQ.json,0.0208,0.0,-5191814.185999999,-5191814.185999999,0.0,-0.005191814185999999,-0.005191814185999999
QQQ,QQQ260521C00700000,2026-05-21,3,call,700.0,397.0,1750.0,0.2781,0.0212,9.72,10.67,,0.6265,-1.2144,0.243,https://cdn.cboe.com/api/global/delayed_quotes/options/QQQ.json,0.0212,4201575.472600999,0.0,4201575.472600999,0.004201575472600999,0.0,0.004201575472600999
QQQ,QQQ260521P00700000,2026-05-21,3,put,700.0,2148.0,7082.0,0.2779,0.0213,4.63,4.7,,-0.374,-1.2179,0.243,https://cdn.cboe.com/api/global/delayed_quotes/options/QQQ.json,0.0213,0.0,-22840188.400340997,-22840188.400340997,0.0,-0.022840188400340997,-0.022840188400340997
QQQ,QQQ260521C00701000,2026-05-21,3,call,701.0,55.0,653.0,0.2764,0.0217,9.06,10.04,,0.6056,-1.2309,0.2468,https://cdn.cboe.com/api/global/delayed_quotes/options/QQQ.json,0.0217,595810.5991337498,0.0,595810.5991337498,0.0005958105991337499,0.0,0.0005958105991337499
QQQ,QQQ260521P00701000,2026-05-21,3,put,701.0,227.0,1002.0,0.2609,0.0218,4.1,5.3,,-0.395,-1.2346,0.2468,https://cdn.cboe.com/api/global/delayed_quotes/options/QQQ.json,0.0218,0.0,-2470404.9693114995,-2470404.9693114995,0.0,-0.0024704049693114994,-0.0024704049693114994
QQQ,QQQ260521C00702000,2026-05-21,3,call,702.0,111.0,681.0,0.2748,0.0222,8.41,9.4,,0.5841,-1.2433,0.25,https://cdn.cboe.com/api/global/delayed_quotes/options/QQQ.json,0.0222,1230160.4343404996,0.0,1230160.4343404996,0.0012301604343404997,0.0,0.0012301604343404997
QQQ,QQQ260521P00702000,2026-05-21,3,put,702.0,264.0,1103.0,0.2725,0.0222,4.91,5.79,,-0.4166,-1.2472,0.25,https://cdn.cboe.com/api/global/delayed_quotes/options/QQQ.json,0.0222,0.0,-2925786.978972,-2925786.978972,0.0,-0.002925786978972,-0.002925786978972
QQQ,QQQ260521C00703000,2026-05-21,3,call,703.0,143.0,861.0,0.2747,0.0225,7.82,8.7,,0.5621,-1.2512,0.2526,https://cdn.cboe.com/api/global/delayed_quotes/options/QQQ.json,0.0225,1606217.5137937497,0.0,1606217.5137937497,0.0016062175137937498,0.0,0.0016062175137937498
QQQ,QQQ260521P00703000,2026-05-21,3,put,703.0,318.0,2819.0,0.2706,0.0226,4.83,6.19,,-0.4386,-1.2552,0.2526,https://cdn.cboe.com/api/global/delayed_quotes/options/QQQ.json,0.0226,0.0,-3587743.287686999,-3587743.287686999,0.0,-0.003587743287686999,-0.003587743287686999
QQQ,QQQ260521C00704000,2026-05-21,3,call,704.0,383.0,1185.0,0.2651,0.0228,7.27,8.19,,0.5397,-1.2545,0.2544,https://cdn.cboe.com/api/global/delayed_quotes/options/QQQ.json,0.0228,4359326.749790999,0.0,4359326.749790999,0.004359326749790999,0.0,0.004359326749790999
QQQ,QQQ260521P00704000,2026-05-21,3,put,704.0,270.0,2004.0,0.2689,0.0229,5.23,6.63,,-0.4612,-1.2588,0.2543,https://cdn.cboe.com/api/global/delayed_quotes/options/QQQ.json,0.0229,0.0,-3086633.376157499,-3086633.376157499,0.0,-0.003086633376157499,-0.003086633376157499
QQQ,QQQ260521C00705000,2026-05-21,3,call,705.0,632.0,2321.0,0.2693,0.0231,6.8,7.49,,0.5169,-1.253,0.2554,https://cdn.cboe.com/api/global/delayed_quotes/options/QQQ.json,0.0231,7288109.006177999,0.0,7288109.006177999,0.007288109006177999,0.0,0.007288109006177999
QQQ,QQQ260521P00705000,2026-05-21,3,put,705.0,1341.0,4221.0,0.269,0.0232,6.15,6.81,,-0.484,-1.2574,0.2553,https://cdn.cboe.com/api/global/delayed_quotes/options/QQQ.json,0.0232,0.0,-15531112.452257996,-15531112.452257996,0.0,-0.015531112452257996,-0.015531112452257996
QQQ,QQQ260521C00706000,2026-05-21,3,call,706.0,41.0,1827.0,0.2662,0.0232,5.79,7.03,,0.4938,-1.2465,0.2556,https://cdn.cboe.com/api/global/delayed_quotes/options/QQQ.json,0.0232,474851.3128579999,0.0,474851.3128579999,0.00047485131285799985,0.0,0.00047485131285799985
QQQ,QQQ260521P00706000,2026-05-21,3,put,706.0,1218.0,1816.0,0.2508,0.0233,6.23,7.19,,-0.5072,-1.2511,0.2554,https://cdn.cboe.com/api/global/delayed_quotes/options/QQQ.json,0.0233,0.0,-14167362.645208497,-14167362.645208497,0.0,-0.014167362645208497,-0.014167362645208497
QQQ,QQQ260521C00707000,2026-05-21,3,call,707.0,328.0,433.0,0.2506,0.0233,5.27,6.35,,0.4705,-1.235,0.2549,https://cdn.cboe.com/api/global/delayed_quotes/options/QQQ.json,0.0233,3815184.6860659993,0.0,3815184.6860659993,0.0038151846860659993,0.0,0.0038151846860659993
QQQ,QQQ260521P00707000,2026-05-21,3,put,707.0,292.0,338.0,0.2522,0.0234,6.58,8.02,,-0.5307,-1.2397,0.2548,https://cdn.cboe.com/api/global/delayed_quotes/options/QQQ.json,0.0234,0.0,-3411021.920201999,-3411021.920201999,0.0,-0.003411021920201999,-0.003411021920201999
QQQ,QQQ260521C00708000,2026-05-21,3,call,708.0,255.0,1498.0,0.2633,0.0233,5.24,5.92,,0.447,-1.2184,0.2534,https://cdn.cboe.com/api/global/delayed_quotes/options/QQQ.json,0.0233,2966073.46020375,0.0,2966073.46020375,0.00296607346020375,0.0,0.00296607346020375
QQQ,QQQ260521P00708000,2026-05-21,3,put,708.0,433.0,565.0,0.2619,0.0234,7.56,8.53,,-0.5543,-1.2234,0.2532,https://cdn.cboe.com/api/global/delayed_quotes/options/QQQ.json,0.0234,0.0,-5058124.9707105,-5058124.9707105,0.0,-0.0050581249707105005,-0.0050581249707105005
QQQ,QQQ260521C00709000,2026-05-21,3,call,709.0,265.0,2294.0,0.2619,0.0232,5.05,5.54,,0.4235,-1.1968,0.251,https://cdn.cboe.com/api/global/delayed_quotes/options/QQQ.json,0.0232,3069160.924569999,0.0,3069160.924569999,0.0030691609245699987,0.0,0.0030691609245699987
QQQ,QQQ260521P00709000,2026-05-21,3,put,709.0,577.0,2041.0,0.2483,0.0233,7.7,9.07,,-0.5779,-1.202,0.2505,https://cdn.cboe.com/api/global/delayed_quotes/options/QQQ.json,0.0233,0.0,-6711468.18250025,-6711468.18250025,0.0,-0.00671146818250025,-0.00671146818250025
QQQ,QQQ260521C00710000,2026-05-21,3,call,710.0,1119.0,4161.0,0.2612,0.023,4.2,4.8,,0.4,-1.1704,0.2478,https://cdn.cboe.com/api/global/delayed_quotes/options/QQQ.json,0.023,12848242.471642496,0.0,12848242.471642496,0.012848242471642497,0.0,0.012848242471642497
QQQ,QQQ260521P00710000,2026-05-21,3,put,710.0,692.0,922.0,0.2609,0.0231,8.13,9.38,,-0.6015,-1.1756,0.2474,https://cdn.cboe.com/api/global/delayed_quotes/options/QQQ.json,0.0231,0.0,-7980018.089042999,-7980018.089042999,0.0,-0.007980018089042999,-0.007980018089042999
QQQ,QQQ260521C00711000,2026-05-21,3,call,711.0,300.0,924.0,0.2593,0.0227,3.88,4.31,,0.3767,-1.1393,0.2437,https://cdn.cboe.com/api/global/delayed_quotes/options/QQQ.json,0.0227,3399639.866025,0.0,3399639.866025,0.003399639866025,0.0,0.003399639866025
QQQ,QQQ260521P00711000,2026-05-21,3,put,711.0,268.0,1239.0,0.249,0.0229,9.24,10.15,,-0.6249,-1.1448,0.2432,https://cdn.cboe.com/api/global/delayed_quotes/options/QQQ.json,0.0229,0.0,-3063769.4252229994,-3063769.4252229994,0.0,-0.003063769425222999,-0.003063769425222999
QQQ,QQQ260521C00712000,2026-05-21,3,call,712.0,288.0,1731.0,0.2579,0.0224,3.83,3.91,,0.3537,-1.1038,0.2386,https://cdn.cboe.com/api/global/delayed_quotes/options/QQQ.json,0.0224,3220522.276607999,0.0,3220522.276607999,0.003220522276607999,0.0,0.003220522276607999
QQQ,QQQ260521P00712000,2026-05-21,3,put,712.0,239.0,208.0,0.2441,0.0225,9.3,10.85,,-0.6482,-1.1094,0.2378,https://cdn.cboe.com/api/global/delayed_quotes/options/QQQ.json,0.0225,0.0,-2684517.38319375,-2684517.38319375,0.0,-0.00268451738319375,-0.00268451738319375
QQQ,QQQ260521C00713000,2026-05-21,3,call,713.0,226.0,691.0,0.2612,0.0219,2.83,3.91,,0.3309,-1.0642,0.2329,https://cdn.cboe.com/api/global/delayed_quotes/options/QQQ.json,0.0219,2470804.3396334997,0.0,2470804.3396334997,0.0024708043396334998,0.0,0.0024708043396334998
QQQ,QQQ260521P00713000,2026-05-21,3,put,713.0,322.0,159.0,0.2347,0.0221,9.94,11.48,,-0.671,-1.0698,0.2322,https://cdn.cboe.com/api/global/delayed_quotes/options/QQQ.json,0.0221,0.0,-3552498.8567704996,-3552498.8567704996,0.0,-0.0035524988567704995,-0.0035524988567704995
QQQ,QQQ260521C00714000,2026-05-21,3,call,714.0,297.0,873.0,0.2545,0.0214,2.51,3.19,,0.3086,-1.0209,0.2264,https://cdn.cboe.com/api/global/delayed_quotes/options/QQQ.json,0.0214,3172897.365709499,0.0,3172897.365709499,0.003172897365709499,0.0,0.003172897365709499
QQQ,QQQ260521P00714000,2026-05-21,3,put,714.0,324.0,171.0,0.2539,0.0216,10.63,12.14,,-0.6936,-1.0269,0.2256,https://cdn.cboe.com/api/global/delayed_quotes/options/QQQ.json,0.0216,0.0,-3493691.5768559994,-3493691.5768559994,0.0,-0.0034936915768559993,-0.0034936915768559993
QQQ,QQQ260521C00715000,2026-05-21,3,call,715.0,1662.0,2378.0,0.2533,0.0208,2.63,2.87,,0.2868,-0.9743,0.2191,https://cdn.cboe.com/api/global/delayed_quotes/options/QQQ.json,0.0208,17257590.354264,0.0,17257590.354264,0.017257590354264,0.0,0.017257590354264
QQQ,QQQ260521P00715000,2026-05-21,3,put,715.0,1030.0,299.0,0.2425,0.021,11.61,12.62,,-0.7155,-0.9804,0.2177,https://cdn.cboe.com/api/global/delayed_quotes/options/QQQ.json,0.021,0.0,-10797975.081075002,-10797975.081075002,0.0,-0.010797975081075002,-0.010797975081075002
QQQ,QQQ260521C00716000,2026-05-21,3,call,716.0,250.0,1340.0,0.2536,0.0202,2.21,2.89,,0.2655,-0.9248,0.2112,https://cdn.cboe.com/api/global/delayed_quotes/options/QQQ.json,0.0202,2521025.1576249995,0.0,2521025.1576249995,0.0025210251576249995,0.0,0.0025210251576249995
QQQ,QQQ260521P00716000,2026-05-21,3,put,716.0,196.0,351.0,0.2457,0.0203,12.44,13.56,,-0.737,-0.9311,0.21,https://cdn.cboe.com/api/global/delayed_quotes/options/QQQ.json,0.0203,0.0,-1986268.2964669997,-1986268.2964669997,0.0,-0.0019862682964669996,-0.0019862682964669996
QQQ,QQQ260521C00717000,2026-05-21,3,call,717.0,418.0,4418.0,0.2518,0.0194,1.77,2.6,,0.2449,-0.8731,0.2028,https://cdn.cboe.com/api/global/delayed_quotes/options/QQQ.json,0.0194,4048217.2689529993,0.0,4048217.2689529993,0.004048217268952999,0.0,0.004048217268952999
QQQ,QQQ260521P00717000,2026-05-21,3,put,717.0,148.0,55.0,0.2643,0.0196,12.53,15.59,,-0.7578,-0.8799,0.2016,https://cdn.cboe.com/api/global/delayed_quotes/options/QQQ.json,0.0196,0.0,-1448116.7875719997,-1448116.7875719997,0.0,-0.0014481167875719997,-0.0014481167875719997
QQQ,QQQ260521C00718000,2026-05-21,3,call,718.0,178.0,685.0,0.2488,0.0186,1.98,2.1,,0.225,-0.8196,0.1936,https://cdn.cboe.com/api/global/delayed_quotes/options/QQQ.json,0.0186,1652794.0775969995,0.0,1652794.0775969995,0.0016527940775969995,0.0,0.0016527940775969995
QQQ,QQQ260521P00718000,2026-05-21,3,put,718.0,1770.0,171.0,0.2432,0.0188,13.86,15.04,,-0.7779,-0.8264,0.1917,https://cdn.cboe.com/api/global/delayed_quotes/options/QQQ.json,0.0188,0.0,-16611808.54359,-16611808.54359,0.0,-0.01661180854359,-0.01661180854359
QQQ,QQQ260521C00719000,2026-05-21,3,call,719.0,277.0,2502.0,0.2478,0.0178,1.35,2.08,,0.2058,-0.7648,0.1842,https://cdn.cboe.com/api/global/delayed_quotes/options/QQQ.json,0.0178,2461419.1370665,0.0,2461419.1370665,0.0024614191370665,0.0,0.0024614191370665
QQQ,QQQ260521P00719000,2026-05-21,3,put,719.0,267.0,111.0,0.2774,0.018,14.5,17.21,,-0.7972,-0.7719,0.1822,https://cdn.cboe.com/api/global/delayed_quotes/options/QQQ.json,0.018,0.0,-2399217.209415,-2399217.209415,0.0,-0.002399217209415,-0.002399217209415
QQQ,QQQ260521C00720000,2026-05-21,3,call,720.0,2366.0,1831.0,0.2463,0.0169,1.27,1.63,,0.1875,-0.7094,0.1744,https://cdn.cboe.com/api/global/delayed_quotes/options/QQQ.json,0.0169,19961227.591623496,0.0,19961227.591623496,0.019961227591623495,0.0,0.019961227591623495
QQQ,QQQ260521P00720000,2026-05-21,3,put,720.0,414.0,135.0,0.2259,0.0171,15.24,16.28,,-0.8158,-0.717,0.1725,https://cdn.cboe.com/api/global/delayed_quotes/options/QQQ.json,0.0171,0.0,-3534127.8219584995,-3534127.8219584995,0.0,-0.0035341278219584993,-0.0035341278219584993
QQQ,QQQ260521C00721000,2026-05-21,3,call,721.0,190.0,533.0,0.2382,0.016,1.1,1.68,,0.17,-0.6538,0.1642,https://cdn.cboe.com/api/global/delayed_quotes/options/QQQ.json,0.016,1517607.2236,0.0,1517607.2236,0.0015176072235999999,0.0,0.0015176072235999999
QQQ,QQQ260521P00721000,2026-05-21,3,put,721.0,207.0,41.0,0.2656,0.0162,15.58,18.9,,-0.8334,-0.6613,0.1618,https://cdn.cboe.com/api/global/delayed_quotes/options/QQQ.json,0.0162,0.0,-1674060.5472434994,-1674060.5472434994,0.0,-0.0016740605472434994,-0.0016740605472434994
QQQ,QQQ260521C00722000,2026-05-21,3,call,722.0,241.0,448.0,0.2342,0.015,0.9,1.27,,0.1534,-0.5988,0.154,https://cdn.cboe.com/api/global/delayed_quotes/options/QQQ.json,0.015,1804654.6425374998,0.0,1804654.6425374998,0.0018046546425374997,0.0,0.0018046546425374997
QQQ,QQQ260521P00722000,2026-05-21,3,put,722.0,63.0,3.0,0.2612,0.0152,16.53,19.47,,-0.8503,-0.6065,0.1511,https://cdn.cboe.com/api/global/delayed_quotes/options/QQQ.json,0.0152,0.0,-478046.27543399995,-478046.27543399995,0.0,-0.00047804627543399997,-0.00047804627543399997
QQQ,QQQ260521C00723000,2026-05-21,3,call,723.0,231.0,457.0,0.2426,0.0141,0.77,1.33,,0.1378,-0.5449,0.1435,https://cdn.cboe.com/api/global/delayed_quotes/options/QQQ.json,0.0141,1625986.3447327495,0.0,1625986.3447327495,0.0016259863447327496,0.0,0.0016259863447327496
QQQ,QQQ260521P00723000,2026-05-21,3,put,723.0,104.0,6.0,0.2331,0.0143,17.83,19.16,,-0.8661,-0.5525,0.1404,https://cdn.cboe.com/api/global/delayed_quotes/options/QQQ.json,0.0143,0.0,-742429.4285979999,-742429.4285979999,0.0,-0.0007424294285979998,-0.0007424294285979998
QQQ,QQQ260521C00724000,2026-05-21,3,call,724.0,223.0,509.0,0.2418,0.0131,0.66,1.0,,0.1232,-0.4926,0.1331,https://cdn.cboe.com/api/global/delayed_quotes/options/QQQ.json,0.0131,1458350.65207325,0.0,1458350.65207325,0.00145835065207325,0.0,0.00145835065207325
QQQ,QQQ260521P00724000,2026-05-21,3,put,724.0,64.0,5.0,0.2613,0.0133,18.2,21.22,,-0.881,-0.5,0.1295,https://cdn.cboe.com/api/global/delayed_quotes/options/QQQ.json,0.0133,0.0,-424930.0226079999,-424930.0226079999,0.0,-0.0004249300226079999,-0.0004249300226079999
QQQ,QQQ260521C00725000,2026-05-21,3,call,725.0,901.0,898.0,0.2407,0.0121,0.56,0.81,,0.1096,-0.4424,0.1229,https://cdn.cboe.com/api/global/delayed_quotes/options/QQQ.json,0.0121,5442468.984345248,0.0,5442468.984345248,0.005442468984345248,0.0,0.005442468984345248
QQQ,QQQ260521P00725000,2026-05-21,3,put,725.0,134.0,10.0,0.2336,0.0124,19.86,20.64,,-0.8949,-0.4494,0.1193,https://cdn.cboe.com/api/global/delayed_quotes/options/QQQ.json,0.0124,0.0,-829492.1587939998,-829492.1587939998,0.0,-0.0008294921587939998,-0.0008294921587939998
QQQ,QQQ260521C00726000,2026-05-21,3,call,726.0,365.0,384.0,0.2397,0.0111,0.47,0.88,,0.0971,-0.395,0.1127,https://cdn.cboe.com/api/global/delayed_quotes/options/QQQ.json,0.0111,2022561.0744787497,0.0,2022561.0744787497,0.0020225610744787495,0.0,0.0020225610744787495
QQQ,QQQ260521P00726000,2026-05-21,3,put,726.0,4.0,4.0,0.2682,0.0114,19.9,23.23,,-0.9078,-0.4015,0.1082,https://cdn.cboe.com/api/global/delayed_quotes/options/QQQ.json,0.0114,0.0,-22764.108353999996,-22764.108353999996,0.0,-2.2764108353999995e-05,-2.2764108353999995e-05
QQQ,QQQ260521C00727000,2026-05-21,3,call,727.0,196.0,289.0,0.2384,0.0102,0.5,0.65,,0.0856,-0.3506,0.103,https://cdn.cboe.com/api/global/delayed_quotes/options/QQQ.json,0.0102,998026.4346779999,0.0,998026.4346779999,0.000998026434678,0.0,0.000998026434678
QQQ,QQQ260521P00727000,2026-05-21,3,put,727.0,3.0,4.0,0.2714,0.0105,20.86,24.14,,-0.9196,-0.3559,0.0977,https://cdn.cboe.com/api/global/delayed_quotes/options/QQQ.json,0.0105,0.0,-15725.206428749996,-15725.206428749996,0.0,-1.5725206428749995e-05,-1.5725206428749995e-05
QQQ,QQQ260521C00728000,2026-05-21,3,call,728.0,196.0,223.0,0.2386,0.0093,0.5,0.52,,0.0751,-0.3096,0.0937,https://cdn.cboe.com/api/global/delayed_quotes/options/QQQ.json,0.0093,909965.2786769997,0.0,909965.2786769997,0.0009099652786769998,0.0,0.0009099652786769998
QQQ,QQQ260521P00728000,2026-05-21,3,put,728.0,34.0,2.0,0.2253,0.0096,22.29,23.62,,-0.9304,-0.3136,0.0886,https://cdn.cboe.com/api/global/delayed_quotes/options/QQQ.json,0.0096,0.0,-162943.09137599994,-162943.09137599994,0.0,-0.00016294309137599995,-0.00016294309137599995
QQQ,QQQ260521C00729000,2026-05-21,3,call,729.0,176.0,253.0,0.2372,0.0084,0.35,0.58,,0.0657,-0.272,0.0848,https://cdn.cboe.com/api/global/delayed_quotes/options/QQQ.json,0.0084,738036.355056,0.0,738036.355056,0.000738036355056,0.0,0.000738036355056
QQQ,QQQ260521P00729000,2026-05-21,3,put,729.0,5.0,0.0,0.2745,0.0088,22.7,26.19,,-0.9403,-0.2759,0.078,https://cdn.cboe.com/api/global/delayed_quotes/options/QQQ.json,0.0088,0.0,-21965.36771,-21965.36771,0.0,-2.196536771e-05,-2.196536771e-05
QQQ,QQQ260521C00730000,2026-05-21,3,call,730.0,558.0,431.0,0.2364,0.0076,0.35,0.5,,0.0573,-0.2381,0.0765,https://cdn.cboe.com/api/global/delayed_quotes/options/QQQ.json,0.0076,2117062.076922,0.0,2117062.076922,0.002117062076922,0.0,0.002117062076922
QQQ,QQQ260521P00730000,2026-05-21,3,put,730.0,950.0,3660.0,0.2936,0.008,24.0,26.97,,-0.9491,-0.2406,0.0697,https://cdn.cboe.com/api/global/delayed_quotes/options/QQQ.json,0.008,0.0,-3794018.0589999994,-3794018.0589999994,0.0,-0.0037940180589999995,-0.0037940180589999995
QQQ,QQQ260521C00731000,2026-05-21,3,call,731.0,374.0,434.0,0.2358,0.0068,0.1,0.33,,0.0499,-0.2077,0.0687,https://cdn.cboe.com/api/global/delayed_quotes/options/QQQ.json,0.0068,1269598.2536379995,0.0,1269598.2536379995,0.0012695982536379995,0.0,0.0012695982536379995
QQQ,QQQ260521P00731000,2026-05-21,3,put,731.0,7.0,5.0,0.0,0.0072,24.9,26.21,,-0.957,-0.2106,0.061,https://cdn.cboe.com/api/global/delayed_quotes/options/QQQ.json,0.0072,0.0,-25160.330285999993,-25160.330285999993,0.0,-2.5160330285999993e-05,-2.5160330285999993e-05
QQQ,QQQ260521C00732000,2026-05-21,3,call,732.0,217.0,168.0,0.2349,0.0061,0.05,0.29,,0.0434,-0.1807,0.0616,https://cdn.cboe.com/api/global/delayed_quotes/options/QQQ.json,0.0061,660808.1190392498,0.0,660808.1190392498,0.0006608081190392498,0.0,0.0006608081190392498
QQQ,QQQ260521P00732000,2026-05-21,3,put,732.0,20.0,2.0,0.0,0.0065,26.2,27.17,,-0.964,-0.184,0.0521,https://cdn.cboe.com/api/global/delayed_quotes/options/QQQ.json,0.0065,0.0,-64897.67732499999,-64897.67732499999,0.0,-6.489767732499999e-05,-6.489767732499999e-05
QQQ,QQQ260521C00733000,2026-05-21,3,call,733.0,271.0,94.0,0.2336,0.0054,0.18,0.26,,0.0376,-0.157,0.0551,https://cdn.cboe.com/api/global/delayed_quotes/options/QQQ.json,0.0054,730548.1615184998,0.0,730548.1615184998,0.0007305481615184999,0.0,0.0007305481615184999
QQQ,QQQ260521P00733000,2026-05-21,3,put,733.0,15.0,1.0,0.0,0.0058,26.82,28.14,,-0.9701,-0.1603,0.0464,https://cdn.cboe.com/api/global/delayed_quotes/options/QQQ.json,0.0058,0.0,-43431.52251749999,-43431.52251749999,0.0,-4.343152251749999e-05,-4.343152251749999e-05
QQQ,QQQ260521C00734000,2026-05-21,3,call,734.0,333.0,56.0,0.2331,0.0048,0.17,0.22,,0.0326,-0.1363,0.0492,https://cdn.cboe.com/api/global/delayed_quotes/options/QQQ.json,0.0048,797941.9033559997,0.0,797941.9033559997,0.0007979419033559997,0.0,0.0007979419033559997
QQQ,QQQ260521P00734000,2026-05-21,3,put,734.0,14.0,0.0,0.0,0.0051,28.21,29.12,,-0.9754,-0.1424,0.0386,https://cdn.cboe.com/api/global/delayed_quotes/options/QQQ.json,0.0051,0.0,-35643.8012385,-35643.8012385,0.0,-3.56438012385e-05,-3.56438012385e-05
QQQ,QQQ260521C00735000,2026-05-21,3,call,735.0,866.0,355.0,0.2325,0.0043,0.12,0.19,,0.0283,-0.1182,0.0439,https://cdn.cboe.com/api/global/delayed_quotes/options/QQQ.json,0.0043,1858969.0063294999,0.0,1858969.0063294999,0.0018589690063294999,0.0,0.0018589690063294999
QQQ,QQQ260521P00735000,2026-05-21,3,put,735.0,23.0,5.0,0.0,0.0044,28.78,30.09,,-0.9799,-0.1263,0.0322,https://cdn.cboe.com/api/global/delayed_quotes/options/QQQ.json,0.0044,0.0,-50520.345732999995,-50520.345732999995,0.0,-5.052034573299999e-05,-5.052034573299999e-05
QQQ,QQQ260521C00736000,2026-05-21,3,call,736.0,200.0,148.0,0.2336,0.0038,0.09,0.14,,0.0245,-0.1026,0.0391,https://cdn.cboe.com/api/global/delayed_quotes/options/QQQ.json,0.0038,379401.8059,0.0,379401.8059,0.00037940180589999997,0.0,0.00037940180589999997
QQQ,QQQ260521P00736000,2026-05-21,3,put,736.0,2.0,0.0,0.3201,0.0039,29.78,32.66,,-0.9837,-0.1125,0.0286,https://cdn.cboe.com/api/global/delayed_quotes/options/QQQ.json,0.0039,0.0,-3893.860639499999,-3893.860639499999,0.0,-3.893860639499999e-06,-3.893860639499999e-06
QQQ,QQQ260521C00737000,2026-05-21,3,call,737.0,85.0,134.0,0.2338,0.0034,0.1,0.12,,0.0213,-0.0892,0.0348,https://cdn.cboe.com/api/global/delayed_quotes/options/QQQ.json,0.0034,144272.52882249997,0.0,144272.52882249997,0.00014427252882249998,0.0,0.00014427252882249998
QQQ,QQQ260521P00737000,2026-05-21,3,put,737.0,6.0,0.0,0.3403,0.0033,30.98,33.79,,-0.9869,-0.1034,0.0227,https://cdn.cboe.com/api/global/delayed_quotes/options/QQQ.json,0.0033,0.0,-9884.415469499998,-9884.415469499998,0.0,-9.884415469499997e-06,-9.884415469499997e-06
QQQ,QQQ260521C00738000,2026-05-21,3,call,738.0,129.0,132.0,0.233,0.003,0.06,0.1,,0.0185,-0.0775,0.031,https://cdn.cboe.com/api/global/delayed_quotes/options/QQQ.json,0.003,193195.39326749998,0.0,193195.39326749998,0.00019319539326749998,0.0,0.00019319539326749998
QQQ,QQQ260521P00738000,2026-05-21,3,put,738.0,6.0,0.0,0.3164,0.0028,31.47,34.81,,-0.9895,-0.0952,0.018,https://cdn.cboe.com/api/global/delayed_quotes/options/QQQ.json,0.0028,0.0,-8386.776762,-8386.776762,0.0,-8.386776762e-06,-8.386776762e-06
QQQ,QQQ260521C00739000,2026-05-21,3,call,739.0,147.0,120.0,0.2351,0.0026,0.05,0.09,,0.0161,-0.0676,0.0277,https://cdn.cboe.com/api/global/delayed_quotes/options/QQQ.json,0.0026,190799.17133549997,0.0,190799.17133549997,0.00019079917133549997,0.0,0.00019079917133549997
QQQ,QQQ260521P00739000,2026-05-21,3,put,739.0,5.0,0.0,0.361,0.0024,33.08,35.88,,-0.9917,-0.0882,0.016,https://cdn.cboe.com/api/global/delayed_quotes/options/QQQ.json,0.0024,0.0,-5990.554829999999,-5990.554829999999,0.0,-5.990554829999999e-06,-5.990554829999999e-06
QQQ,QQQ260521C00740000,2026-05-21,3,call,740.0,885.0,94.0,0.2366,0.0023,0.03,0.08,,0.0141,-0.059,0.0247,https://cdn.cboe.com/api/global/delayed_quotes/options/QQQ.json,0.0023,1016147.8630387497,0.0,1016147.8630387497,0.0010161478630387496,0.0,0.0010161478630387496
QQQ,QQQ260521P00740000,2026-05-21,3,put,740.0,6.0,0.0,0.0,0.002,34.03,35.32,,-0.9934,-0.0839,0.0128,https://cdn.cboe.com/api/global/delayed_quotes/options/QQQ.json,0.002,0.0,-5990.554829999999,-5990.554829999999,0.0,-5.990554829999999e-06,-5.990554829999999e-06
QQQ,QQQ260521C00741000,2026-05-21,3,call,741.0,38.0,7.0,0.2375,0.0021,0.03,0.07,,0.0123,-0.0516,0.0221,https://cdn.cboe.com/api/global/delayed_quotes/options/QQQ.json,0.0021,39837.18961949999,0.0,39837.18961949999,3.983718961949999e-05,0.0,3.983718961949999e-05
QQQ,QQQ260521P00741000,2026-05-21,3,put,741.0,5.0,0.0,0.0,0.0016,33.48,37.81,,-0.9948,-0.0804,0.0095,https://cdn.cboe.com/api/global/delayed_quotes/options/QQQ.json,0.0016,0.0,-3993.7032199999994,-3993.7032199999994,0.0,-3.99370322e-06,-3.99370322e-06
QQQ,QQQ260521C00742000,2026-05-21,3,call,742.0,125.0,106.0,0.2376,0.0018,0.04,0.06,,0.0108,-0.0452,0.0198,https://cdn.cboe.com/api/global/delayed_quotes/options/QQQ.json,0.0018,112322.90306249999,0.0,112322.90306249999,0.00011232290306249998,0.0,0.00011232290306249998
QQQ,QQQ260521C00743000,2026-05-21,3,call,743.0,44.0,81.0,0.2366,0.0016,0.03,0.25,,0.0095,-0.0398,0.0177,https://cdn.cboe.com/api/global/delayed_quotes/options/QQQ.json,0.0016,35144.58833599999,0.0,35144.58833599999,3.5144588335999996e-05,0.0,3.5144588335999996e-05
QQQ,QQQ260521C00744000,2026-05-21,3,call,744.0,72.0,36.0,0.242,0.0014,0.03,0.05,,0.0084,-0.035,0.0159,https://cdn.cboe.com/api/global/delayed_quotes/options/QQQ.json,0.0014,50320.660571999986,0.0,50320.660571999986,5.0320660571999985e-05,0.0,5.0320660571999985e-05
QQQ,QQQ260521C00745000,2026-05-21,3,call,745.0,452.0,82.0,0.2474,0.0013,0.03,0.05,,0.0074,-0.031,0.0142,https://cdn.cboe.com/api/global/delayed_quotes/options/QQQ.json,0.0013,293337.50150899997,0.0,293337.50150899997,0.000293337501509,0.0,0.000293337501509
QQQ,QQQ260521C00746000,2026-05-21,3,call,746.0,51.0,26.0,0.2445,0.0012,0.02,0.04,,0.0065,-0.0274,0.0128,https://cdn.cboe.com/api/global/delayed_quotes/options/QQQ.json,0.0012,30551.829632999994,0.0,30551.829632999994,3.0551829632999994e-05,0.0,3.0551829632999994e-05
QQQ,QQQ260521C00747000,2026-05-21,3,call,747.0,208.0,14.0,0.2497,0.001,0.0,0.04,,0.0058,-0.0243,0.0116,https://cdn.cboe.com/api/global/delayed_quotes/options/QQQ.json,0.001,103836.28371999998,0.0,103836.28371999998,0.00010383628371999998,0.0,0.00010383628371999998
QQQ,QQQ260521C00748000,2026-05-21,3,call,748.0,151.0,8.0,0.2549,0.0009,0.0,0.04,,0.0051,-0.0217,0.0104,https://cdn.cboe.com/api/global/delayed_quotes/options/QQQ.json,0.0009,67843.03344974999,0.0,67843.03344974999,6.784303344974999e-05,0.0,6.784303344974999e-05
QQQ,QQQ260521C00749000,2026-05-21,3,call,749.0,160.0,0.0,0.2549,0.0008,0.01,0.04,,0.0046,-0.0193,0.0094,https://cdn.cboe.com/api/global/delayed_quotes/options/QQQ.json,0.0008,63899.25151999999,0.0,63899.25151999999,6.389925152e-05,0.0,6.389925152e-05
QQQ,QQQ260521C00750000,2026-05-21,3,call,750.0,702.0,19.0,0.254,0.0007,0.01,0.03,,0.0041,-0.0173,0.0085,https://cdn.cboe.com/api/global/delayed_quotes/options/QQQ.json,0.0007,245313.22028849996,0.0,245313.22028849996,0.00024531322028849994,0.0,0.00024531322028849994
QQQ,QQQ260521P00750000,2026-05-21,3,put,750.0,2.0,0.0,0.3679,0.0002,43.1,46.93,,-0.9995,-0.07,0.001,https://cdn.cboe.com/api/global/delayed_quotes/options/QQQ.json,0.0002,0.0,-199.68516099999997,-199.68516099999997,0.0,-1.9968516099999995e-07,-1.9968516099999995e-07
QQQ,QQQ260521C00755000,2026-05-21,3,call,755.0,686.0,22.0,0.2785,0.0004,0.0,0.03,,0.0024,-0.0102,0.0053,https://cdn.cboe.com/api/global/delayed_quotes/options/QQQ.json,0.0004,136984.020446,0.0,136984.020446,0.000136984020446,0.0,0.000136984020446
QQQ,QQQ260521C00760000,2026-05-21,3,call,760.0,939.0,19.0,0.3027,0.0003,0.0,0.6,,0.0015,-0.0063,0.0034,https://cdn.cboe.com/api/global/delayed_quotes/options/QQQ.json,0.0003,140628.27463424994,0.0,140628.27463424994,0.00014062827463424995,0.0,0.00014062827463424995
QQQ,QQQ260521C00765000,2026-05-21,3,call,765.0,573.0,21.0,0.3061,0.0002,0.0,0.03,,0.0009,-0.004,0.0022,https://cdn.cboe.com/api/global/delayed_quotes/options/QQQ.json,0.0002,57209.7986265,0.0,57209.7986265,5.72097986265e-05,0.0,5.72097986265e-05
QQQ,QQQ260522C00300000,2026-05-22,4,call,300.0,3.0,0.0,2.4655,0.0,403.48,407.83,,0.9999,0.0,0.0003,https://cdn.cboe.com/api/global/delayed_quotes/options/QQQ.json,0.0,0.0,0.0,0.0,0.0,0.0,0.0
QQQ,QQQ260522P00300000,2026-05-22,4,put,300.0,197.0,0.0,2.3105,0.0,0.0,0.01,,-0.0001,-0.0042,0.0003,https://cdn.cboe.com/api/global/delayed_quotes/options/QQQ.json,0.0,0.0,-0.0,0.0,0.0,-0.0,0.0
QQQ,QQQ260522P00305000,2026-05-22,4,put,305.0,53.0,0.0,2.3747,0.0,0.0,0.64,,-0.0001,-0.0042,0.0003,https://cdn.cboe.com/api/global/delayed_quotes/options/QQQ.json,0.0,0.0,-0.0,0.0,0.0,-0.0,0.0
QQQ,QQQ260522P00310000,2026-05-22,4,put,310.0,90.0,0.0,2.2251,0.0,0.0,0.01,,-0.0001,-0.0043,0.0004,https://cdn.cboe.com/api/global/delayed_quotes/options/QQQ.json,0.0,0.0,-0.0,0.0,0.0,-0.0,0.0
QQQ,QQQ260522P00315000,2026-05-22,4,put,315.0,200.0,0.0,2.287,0.0,0.0,0.11,,-0.0001,-0.0044,0.0004,https://cdn.cboe.com/api/global/delayed_quotes/options/QQQ.json,0.0,0.0,-0.0,0.0,0.0,-0.0,0.0
QQQ,QQQ260522P00320000,2026-05-22,4,put,320.0,175.0,0.0,2.2442,0.0,0.0,0.11,,-0.0001,-0.0044,0.0004,https://cdn.cboe.com/api/global/delayed_quotes/options/QQQ.json,0.0,0.0,-0.0,0.0,0.0,-0.0,0.0
QQQ,QQQ260522P00325000,2026-05-22,4,put,325.0,1346.0,0.0,2.202,0.0,0.0,0.12,,-0.0001,-0.0045,0.0004,https://cdn.cboe.com/api/global/delayed_quotes/options/QQQ.json,0.0,0.0,-0.0,0.0,0.0,-0.0,0.0
QQQ,QQQ260522P00330000,2026-05-22,4,put,330.0,188.0,0.0,2.1605,0.0,0.0,0.13,,-0.0001,-0.0046,0.0004,https://cdn.cboe.com/api/global/delayed_quotes/options/QQQ.json,0.0,0.0,-0.0,0.0,0.0,-0.0,0.0
QQQ,QQQ260522P00335000,2026-05-22,4,put,335.0,900.0,0.0,2.1196,0.0,0.0,0.14,,-0.0001,-0.0047,0.0004,https://cdn.cboe.com/api/global/delayed_quotes/options/QQQ.json,0.0,0.0,-0.0,0.0,0.0,-0.0,0.0
QQQ,QQQ260522P00340000,2026-05-22,4,put,340.0,1990.0,0.0,2.0792,0.0,0.0,0.13,,-0.0001,-0.0048,0.0004,https://cdn.cboe.com/api/global/delayed_quotes/options/QQQ.json,0.0,0.0,-0.0,0.0,0.0,-0.0,0.0
QQQ,QQQ260522P00345000,2026-05-22,4,put,345.0,204.0,0.0,2.0395,0.0,0.0,0.15,,-0.0002,-0.0048,0.0004,https://cdn.cboe.com/api/global/delayed_quotes/options/QQQ.json,0.0,0.0,-0.0,0.0,0.0,-0.0,0.0
QQQ,QQQ260522P00350000,2026-05-22,4,put,350.0,125.0,0.0,2.0003,0.0,0.0,0.64,,-0.0002,-0.0049,0.0004,https://cdn.cboe.com/api/global/delayed_quotes/options/QQQ.json,0.0,0.0,-0.0,0.0,0.0,-0.0,0.0
QQQ,QQQ260522P00355000,2026-05-22,4,put,355.0,28.0,0.0,1.9617,0.0,0.0,0.22,,-0.0002,-0.005,0.0005,https://cdn.cboe.com/api/global/delayed_quotes/options/QQQ.json,0.0,0.0,-0.0,0.0,0.0,-0.0,0.0
QQQ,QQQ260522P00360000,2026-05-22,4,put,360.0,585.0,0.0,1.9236,0.0,0.0,0.64,,-0.0002,-0.0051,0.0005,https://cdn.cboe.com/api/global/delayed_quotes/options/QQQ.json,0.0,0.0,-0.0,0.0,0.0,-0.0,0.0
QQQ,QQQ260522P00365000,2026-05-22,4,put,365.0,496.0,0.0,1.886,0.0,0.0,0.22,,-0.0002,-0.0052,0.0005,https://cdn.cboe.com/api/global/delayed_quotes/options/QQQ.json,0.0,0.0,-0.0,0.0,0.0,-0.0,0.0
QQQ,QQQ260522C00370000,2026-05-22,4,call,370.0,1.0,0.0,1.9445,0.0,333.4,337.83,,0.9998,0.0,0.0005,https://cdn.cboe.com/api/global/delayed_quotes/options/QQQ.json,0.0,0.0,0.0,0.0,0.0,0.0,0.0
QQQ,QQQ260522P00370000,2026-05-22,4,put,370.0,792.0,0.0,1.8489,0.0,0.0,0.1,,-0.0002,-0.0053,0.0005,https://cdn.cboe.com/api/global/delayed_quotes/options/QQQ.json,0.0,0.0,-0.0,0.0,0.0,-0.0,0.0
QQQ,QQQ260522P00375000,2026-05-22,4,put,375.0,115.0,0.0,1.8123,0.0,0.0,0.1,,-0.0002,-0.0054,0.0005,https://cdn.cboe.com/api/global/delayed_quotes/options/QQQ.json,0.0,0.0,-0.0,0.0,0.0,-0.0,0.0
QQQ,QQQ260522P00380000,2026-05-22,4,put,380.0,970.0,0.0,1.7762,0.0,0.0,0.11,,-0.0002,-0.0056,0.0006,https://cdn.cboe.com/api/global/delayed_quotes/options/QQQ.json,0.0,0.0,-0.0,0.0,0.0,-0.0,0.0
QQQ,QQQ260522P00385000,2026-05-22,4,put,385.0,596.0,0.0,1.7405,0.0,0.0,0.12,,-0.0002,-0.0057,0.0006,https://cdn.cboe.com/api/global/delayed_quotes/options/QQQ.json,0.0,0.0,-0.0,0.0,0.0,-0.0,0.0
QQQ,QQQ260522P00390000,2026-05-22,4,put,390.0,1071.0,0.0,1.7053,0.0,0.0,0.13,,-0.0002,-0.0058,0.0006,https://cdn.cboe.com/api/global/delayed_quotes/options/QQQ.json,0.0,0.0,-0.0,0.0,0.0,-0.0,0.0
QQQ,QQQ260522P00395000,2026-05-22,4,put,395.0,546.0,0.0,1.6705,0.0,0.0,0.12,,-0.0002,-0.006,0.0006,https://cdn.cboe.com/api/global/delayed_quotes/options/QQQ.json,0.0,0.0,-0.0,0.0,0.0,-0.0,0.0
QQQ,QQQ260522C00400000,2026-05-22,4,call,400.0,11.0,1.0,1.7645,0.0,303.52,307.89,,0.9997,0.0,0.0006,https://cdn.cboe.com/api/global/delayed_quotes/options/QQQ.json,0.0,0.0,0.0,0.0,0.0,0.0,0.0
QQQ,QQQ260522P00400000,2026-05-22,4,put,400.0,367.0,0.0,1.5601,0.0,0.0,0.01,,-0.0002,-0.0061,0.0006,https://cdn.cboe.com/api/global/delayed_quotes/options/QQQ.json,0.0,0.0,-0.0,0.0,0.0,-0.0,0.0
QQQ,QQQ260522C00405000,2026-05-22,4,call,405.0,1.0,0.0,1.7071,0.0,298.53,302.9,,0.9997,0.0,0.0007,https://cdn.cboe.com/api/global/delayed_quotes/options/QQQ.json,0.0,0.0,0.0,0.0,0.0,0.0,0.0
QQQ,QQQ260522P00405000,2026-05-22,4,put,405.0,4.0,0.0,1.5276,0.0,0.0,0.01,,-0.0002,-0.0063,0.0007,https://cdn.cboe.com/api/global/delayed_quotes/options/QQQ.json,0.0,0.0,-0.0,0.0,0.0,-0.0,0.0
QQQ,QQQ260522P00410000,2026-05-22,4,put,410.0,4.0,0.0,1.5686,0.0,0.0,0.15,,-0.0003,-0.0065,0.0007,https://cdn.cboe.com/api/global/delayed_quotes/options/QQQ.json,0.0,0.0,-0.0,0.0,0.0,-0.0,0.0
QQQ,QQQ260522P00415000,2026-05-22,4,put,415.0,234.0,0.0,1.4637,0.0,0.0,0.23,,-0.0003,-0.0066,0.0007,https://cdn.cboe.com/api/global/delayed_quotes/options/QQQ.json,0.0,0.0,-0.0,0.0,0.0,-0.0,0.0
QQQ,QQQ260522P00420000,2026-05-22,4,put,420.0,142.0,0.0,1.5026,0.0,0.0,0.22,,-0.0003,-0.0068,0.0008,https://cdn.cboe.com/api/global/delayed_quotes/options/QQQ.json,0.0,0.0,-0.0,0.0,0.0,-0.0,0.0
QQQ,QQQ260522P00425000,2026-05-22,4,put,425.0,394.0,1.0,1.4701,0.0,0.0,0.22,,-0.0003,-0.007,0.0008,https://cdn.cboe.com/api/global/delayed_quotes/options/QQQ.json,0.0,0.0,-0.0,0.0,0.0,-0.0,0.0
QQQ,QQQ260522C00430000,2026-05-22,4,call,430.0,1.0,0.0,1.5385,0.0,273.56,277.92,,0.9997,0.0,0.0008,https://cdn.cboe.com/api/global/delayed_quotes/options/QQQ.json,0.0,0.0,0.0,0.0,0.0,0.0,0.0
QQQ,QQQ260522P00430000,2026-05-22,4,put,430.0,289.0,0.0,1.4381,0.0,0.0,0.02,,-0.0003,-0.0072,0.0008,https://cdn.cboe.com/api/global/delayed_quotes/options/QQQ.json,0.0,0.0,-0.0,0.0,0.0,-0.0,0.0
QQQ,QQQ260522C00435000,2026-05-22,4,call,435.0,12.0,12.0,1.5333,0.0,268.57,272.92,,0.9996,0.0,0.0009,https://cdn.cboe.com/api/global/delayed_quotes/options/QQQ.json,0.0,0.0,0.0,0.0,0.0,0.0,0.0
QQQ,QQQ260522P00435000,2026-05-22,4,put,435.0,275.0,0.0,1.4063,0.0,0.0,0.22,,-0.0003,-0.0074,0.0009,https://cdn.cboe.com/api/global/delayed_quotes/options/QQQ.json,0.0,0.0,-0.0,0.0,0.0,-0.0,0.0
QQQ,QQQ260522C00440000,2026-05-22,4,call,440.0,2.0,0.0,1.4828,0.0,263.57,267.87,,0.9996,0.0,0.0009,https://cdn.cboe.com/api/global/delayed_quotes/options/QQQ.json,0.0,0.0,0.0,0.0,0.0,0.0,0.0
QQQ,QQQ260522P00440000,2026-05-22,4,put,440.0,154.0,903.0,1.3101,0.0,0.0,0.13,,-0.0004,-0.0077,0.0009,https://cdn.cboe.com/api/global/delayed_quotes/options/QQQ.json,0.0,0.0,-0.0,0.0,0.0,-0.0,0.0
QQQ,QQQ260522C00445000,2026-05-22,4,call,445.0,1.0,0.0,1.4752,0.0,258.59,262.91,,0.9996,0.0,0.001,https://cdn.cboe.com/api/global/delayed_quotes/options/QQQ.json,0.0,0.0,0.0,0.0,0.0,0.0,0.0
QQQ,QQQ260522P00445000,2026-05-22,4,put,445.0,158.0,438.0,1.3852,0.0,0.01,0.02,,-0.0004,-0.0079,0.001,https://cdn.cboe.com/api/global/delayed_quotes/options/QQQ.json,0.0,0.0,-0.0,0.0,0.0,-0.0,0.0
QQQ,QQQ260522C00450000,2026-05-22,4,call,450.0,98.0,0.0,1.4268,0.0,253.56,257.93,,0.9996,0.0,0.001,https://cdn.cboe.com/api/global/delayed_quotes/options/QQQ.json,0.0,0.0,0.0,0.0,0.0,0.0,0.0
QQQ,QQQ260522P00450000,2026-05-22,4,put,450.0,228.0,3820.0,1.3132,0.0,0.0,0.16,,-0.0004,-0.0082,0.001,https://cdn.cboe.com/api/global/delayed_quotes/options/QQQ.json,0.0,0.0,-0.0,0.0,0.0,-0.0,0.0
QQQ,QQQ260522P00455000,2026-05-22,4,put,455.0,38213.0,126.0,1.2827,0.0,0.0,0.16,,-0.0004,-0.0084,0.0011,https://cdn.cboe.com/api/global/delayed_quotes/options/QQQ.json,0.0,0.0,-0.0,0.0,0.0,-0.0,0.0
QQQ,QQQ260522C00460000,2026-05-22,4,call,460.0,7.0,0.0,1.3708,0.0,243.57,247.98,,0.9996,0.0,0.0011,https://cdn.cboe.com/api/global/delayed_quotes/options/QQQ.json,0.0,0.0,0.0,0.0,0.0,0.0,0.0
QQQ,QQQ260522P00460000,2026-05-22,4,put,460.0,117.0,0.0,1.2526,0.0,0.0,0.12,,-0.0004,-0.0087,0.0011,https://cdn.cboe.com/api/global/delayed_quotes/options/QQQ.json,0.0,0.0,-0.0,0.0,0.0,-0.0,0.0
QQQ,QQQ260522P00465000,2026-05-22,4,put,465.0,658.0,300.0,1.2228,0.0,0.0,1.31,,-0.0005,-0.0091,0.0012,https://cdn.cboe.com/api/global/delayed_quotes/options/QQQ.json,0.0,0.0,-0.0,0.0,0.0,-0.0,0.0
QQQ,QQQ260522C00470000,2026-05-22,4,call,470.0,5.0,0.0,1.3148,0.0,233.6,237.89,,0.9995,0.0,0.0013,https://cdn.cboe.com/api/global/delayed_quotes/options/QQQ.json,0.0,0.0,0.0,0.0,0.0,0.0,0.0
QQQ,QQQ260522P00470000,2026-05-22,4,put,470.0,451.0,0.0,1.1933,0.0,0.0,0.22,,-0.0005,-0.0094,0.0012,https://cdn.cboe.com/api/global/delayed_quotes/options/QQQ.json,0.0,0.0,-0.0,0.0,0.0,-0.0,0.0
QQQ,QQQ260522P00475000,2026-05-22,4,put,475.0,336.0,0.0,1.164,0.0,0.0,0.22,,-0.0005,-0.0097,0.0013,https://cdn.cboe.com/api/global/delayed_quotes/options/QQQ.json,0.0,0.0,-0.0,0.0,0.0,-0.0,0.0
QQQ,QQQ260522C00480000,2026-05-22,4,call,480.0,4.0,0.0,1.2589,0.0,223.6,227.94,,0.9994,0.0,0.0014,https://cdn.cboe.com/api/global/delayed_quotes/options/QQQ.json,0.0,0.0,0.0,0.0,0.0,0.0,0.0
QQQ,QQQ260522P00480000,2026-05-22,4,put,480.0,865.0,0.0,1.1706,0.0,0.01,0.22,,-0.0005,-0.0101,0.0014,https://cdn.cboe.com/api/global/delayed_quotes/options/QQQ.json,0.0,0.0,-0.0,0.0,0.0,-0.0,0.0
QQQ,QQQ260522C00485000,2026-05-22,4,call,485.0,9.0,0.0,1.2155,0.0,218.45,222.96,,0.9994,0.0,0.0015,https://cdn.cboe.com/api/global/delayed_quotes/options/QQQ.json,0.0,0.0,0.0,0.0,0.0,0.0,0.0
QQQ,QQQ260522P00485000,2026-05-22,4,put,485.0,657.0,11.0,1.1064,0.0,0.0,0.23,,-0.0006,-0.0105,0.0015,https://cdn.cboe.com/api/global/delayed_quotes/options/QQQ.json,0.0,0.0,-0.0,0.0,0.0,-0.0,0.0
QQQ,QQQ260522C00490000,2026-05-22,4,call,490.0,1.0,0.0,1.2031,0.0,213.61,217.97,,0.9994,0.0,0.0016,https://cdn.cboe.com/api/global/delayed_quotes/options/QQQ.json,0.0,0.0,0.0,0.0,0.0,0.0,0.0
QQQ,QQQ260522P00490000,2026-05-22,4,put,490.0,826.0,2.0,1.1119,0.0,0.0,0.78,,-0.0006,-0.0109,0.0016,https://cdn.cboe.com/api/global/delayed_quotes/options/QQQ.json,0.0,0.0,-0.0,0.0,0.0,-0.0,0.0
QQQ,QQQ260522C00495000,2026-05-22,4,call,495.0,2.0,1.0,1.1613,0.0,208.61,212.91,,0.9993,0.0,0.0017,https://cdn.cboe.com/api/global/delayed_quotes/options/QQQ.json,0.0,0.0,0.0,0.0,0.0,0.0,0.0
QQQ,QQQ260522P00495000,2026-05-22,4,put,495.0,325.0,10.0,1.1083,0.0,0.01,0.23,,-0.0006,-0.0114,0.0017,https://cdn.cboe.com/api/global/delayed_quotes/options/QQQ.json,0.0,0.0,-0.0,0.0,0.0,-0.0,0.0
QQQ,QQQ260522C00500000,2026-05-22,4,call,500.0,175.0,0.0,1.1475,0.0,203.46,207.94,,0.9993,0.0,0.0018,https://cdn.cboe.com/api/global/delayed_quotes/options/QQQ.json,0.0,0.0,0.0,0.0,0.0,0.0,0.0
QQQ,QQQ260522P00500000,2026-05-22,4,put,500.0,769.0,514.0,1.0543,0.0,0.01,0.02,,-0.0007,-0.0119,0.0018,https://cdn.cboe.com/api/global/delayed_quotes/options/QQQ.json,0.0,0.0,-0.0,0.0,0.0,-0.0,0.0
QQQ,QQQ260522P00501000,2026-05-22,4,put,501.0,58.0,0.0,1.0732,0.0,0.0,1.53,,-0.0007,-0.012,0.0018,https://cdn.cboe.com/api/global/delayed_quotes/options/QQQ.json,0.0,0.0,-0.0,0.0,0.0,-0.0,0.0
QQQ,QQQ260522P00502000,2026-05-22,4,put,502.0,142.0,0.0,1.0674,0.0,0.0,0.23,,-0.0007,-0.0121,0.0018,https://cdn.cboe.com/api/global/delayed_quotes/options/QQQ.json,0.0,0.0,-0.0,0.0,0.0,-0.0,0.0
QQQ,QQQ260522P00503000,2026-05-22,4,put,503.0,9.0,0.0,1.0616,0.0,0.0,0.23,,-0.0007,-0.0122,0.0018,https://cdn.cboe.com/api/global/delayed_quotes/options/QQQ.json,0.0,0.0,-0.0,0.0,0.0,-0.0,0.0
QQQ,QQQ260522P00504000,2026-05-22,4,put,504.0,1534.0,0.0,1.0558,0.0,0.0,1.31,,-0.0007,-0.0123,0.0018,https://cdn.cboe.com/api/global/delayed_quotes/options/QQQ.json,0.0,0.0,-0.0,0.0,0.0,-0.0,0.0
QQQ,QQQ260522C00505000,2026-05-22,4,call,505.0,1.0,0.0,1.1071,0.0,198.48,202.97,,0.9992,0.0,0.0019,https://cdn.cboe.com/api/global/delayed_quotes/options/QQQ.json,0.0,0.0,0.0,0.0,0.0,0.0,0.0
QQQ,QQQ260522P00505000,2026-05-22,4,put,505.0,5188.0,0.0,1.05,0.0,0.0,0.23,,-0.0007,-0.0124,0.0019,https://cdn.cboe.com/api/global/delayed_quotes/options/QQQ.json,0.0,0.0,-0.0,0.0,0.0,-0.0,0.0
QQQ,QQQ260522P00506000,2026-05-22,4,put,506.0,277.0,0.0,1.0442,0.0,0.0,0.23,,-0.0008,-0.0125,0.0019,https://cdn.cboe.com/api/global/delayed_quotes/options/QQQ.json,0.0,0.0,-0.0,0.0,0.0,-0.0,0.0
QQQ,QQQ260522P00507000,2026-05-22,4,put,507.0,290.0,0.0,1.0384,0.0,0.0,0.77,,-0.0008,-0.0126,0.0019,https://cdn.cboe.com/api/global/delayed_quotes/options/QQQ.json,0.0,0.0,-0.0,0.0,0.0,-0.0,0.0
QQQ,QQQ260522P00508000,2026-05-22,4,put,508.0,277.0,0.0,1.0327,0.0,0.0,0.23,,-0.0008,-0.0127,0.0019,https://cdn.cboe.com/api/global/delayed_quotes/options/QQQ.json,0.0,0.0,-0.0,0.0,0.0,-0.0,0.0
QQQ,QQQ260522P00509000,2026-05-22,4,put,509.0,72.0,0.0,1.0269,0.0,0.01,0.23,,-0.0008,-0.0128,0.002,https://cdn.cboe.com/api/global/delayed_quotes/options/QQQ.json,0.0,0.0,-0.0,0.0,0.0,-0.0,0.0
QQQ,QQQ260522C00510000,2026-05-22,4,call,510.0,49.0,0.0,1.0922,0.0,193.52,197.99,,0.9992,0.0,0.002,https://cdn.cboe.com/api/global/delayed_quotes/options/QQQ.json,0.0,0.0,0.0,0.0,0.0,0.0,0.0
QQQ,QQQ260522P00510000,2026-05-22,4,put,510.0,13049.0,0.0,1.0212,0.0,0.01,0.77,,-0.0008,-0.013,0.002,https://cdn.cboe.com/api/global/delayed_quotes/options/QQQ.json,0.0,0.0,-0.0,0.0,0.0,-0.0,0.0
QQQ,QQQ260522P00511000,2026-05-22,4,put,511.0,242.0,0.0,1.0154,0.0,0.0,0.23,,-0.0008,-0.0131,0.002,https://cdn.cboe.com/api/global/delayed_quotes/options/QQQ.json,0.0,0.0,-0.0,0.0,0.0,-0.0,0.0
QQQ,QQQ260522P00512000,2026-05-22,4,put,512.0,101.0,0.0,1.0097,0.0,0.0,0.23,,-0.0008,-0.0132,0.002,https://cdn.cboe.com/api/global/delayed_quotes/options/QQQ.json,0.0,0.0,-0.0,0.0,0.0,-0.0,0.0
QQQ,QQQ260522P00513000,2026-05-22,4,put,513.0,3.0,0.0,1.004,0.0,0.0,0.23,,-0.0008,-0.0133,0.0021,https://cdn.cboe.com/api/global/delayed_quotes/options/QQQ.json,0.0,0.0,-0.0,0.0,0.0,-0.0,0.0
QQQ,QQQ260522P00514000,2026-05-22,4,put,514.0,310.0,0.0,0.9983,0.0,0.0,0.23,,-0.0008,-0.0134,0.0021,https://cdn.cboe.com/api/global/delayed_quotes/options/QQQ.json,0.0,0.0,-0.0,0.0,0.0,-0.0,0.0
QQQ,QQQ260522C00515000,2026-05-22,4,call,515.0,48.0,0.0,1.053,0.0,188.61,192.99,,0.9991,0.0,0.0021,https://cdn.cboe.com/api/global/delayed_quotes/options/QQQ.json,0.0,0.0,0.0,0.0,0.0,0.0,0.0
QQQ,QQQ260522P00515000,2026-05-22,4,put,515.0,414.0,2.0,0.9926,0.0,0.0,0.23,,-0.0008,-0.0136,0.0021,https://cdn.cboe.com/api/global/delayed_quotes/options/QQQ.json,0.0,0.0,-0.0,0.0,0.0,-0.0,0.0
QQQ,QQQ260522P00516000,2026-05-22,4,put,516.0,447.0,0.0,0.9869,0.0,0.0,0.23,,-0.0009,-0.0137,0.0022,https://cdn.cboe.com/api/global/delayed_quotes/options/QQQ.json,0.0,0.0,-0.0,0.0,0.0,-0.0,0.0
QQQ,QQQ260522P00517000,2026-05-22,4,put,517.0,362.0,0.0,0.9813,0.0,0.0,0.23,,-0.0009,-0.0138,0.0022,https://cdn.cboe.com/api/global/delayed_quotes/options/QQQ.json,0.0,0.0,-0.0,0.0,0.0,-0.0,0.0
QQQ,QQQ260522P00518000,2026-05-22,4,put,518.0,64.0,0.0,0.9756,0.0,0.0,0.23,,-0.0009,-0.0139,0.0022,https://cdn.cboe.com/api/global/delayed_quotes/options/QQQ.json,0.0,0.0,-0.0,0.0,0.0,-0.0,0.0
QQQ,QQQ260522C00520000,2026-05-22,4,call,520.0,114.0,6.0,1.0259,0.0,183.53,187.99,,0.9991,0.0,0.0023,https://cdn.cboe.com/api/global/delayed_quotes/options/QQQ.json,0.0,0.0,0.0,0.0,0.0,0.0,0.0
QQQ,QQQ260522P00520000,2026-05-22,4,put,520.0,565.0,0.0,0.9643,0.0,0.0,0.08,,-0.0009,-0.0142,0.0023,https://cdn.cboe.com/api/global/delayed_quotes/options/QQQ.json,0.0,0.0,-0.0,0.0,0.0,-0.0,0.0
QQQ,QQQ260522C00521000,2026-05-22,4,call,521.0,1.0,0.0,1.0294,0.0,182.68,187.0,,0.9991,0.0,0.0023,https://cdn.cboe.com/api/global/delayed_quotes/options/QQQ.json,0.0,0.0,0.0,0.0,0.0,0.0,0.0
QQQ,QQQ260522P00521000,2026-05-22,4,put,521.0,106.0,0.0,0.9587,0.0,0.0,0.23,,-0.0009,-0.0143,0.0023,https://cdn.cboe.com/api/global/delayed_quotes/options/QQQ.json,0.0,0.0,-0.0,0.0,0.0,-0.0,0.0
QQQ,QQQ260522P00522000,2026-05-22,4,put,522.0,3.0,0.0,0.953,0.0,0.0,0.23,,-0.0009,-0.0145,0.0023,https://cdn.cboe.com/api/global/delayed_quotes/options/QQQ.json,0.0,0.0,-0.0,0.0,0.0,-0.0,0.0
QQQ,QQQ260522C00523000,2026-05-22,4,call,523.0,1.0,0.0,1.0142,0.0,180.58,184.97,,0.999,0.0,0.0024,https://cdn.cboe.com/api/global/delayed_quotes/options/QQQ.json,0.0,0.0,0.0,0.0,0.0,0.0,0.0
QQQ,QQQ260522P00523000,2026-05-22,4,put,523.0,12.0,0.0,0.9474,0.0,0.0,0.23,,-0.001,-0.0146,0.0024,https://cdn.cboe.com/api/global/delayed_quotes/options/QQQ.json,0.0,0.0,-0.0,0.0,0.0,-0.0,0.0
QQQ,QQQ260522C00525000,2026-05-22,4,call,525.0,5.0,29.0,0.999,0.0,178.62,183.0,,0.999,0.0,0.0024,https://cdn.cboe.com/api/global/delayed_quotes/options/QQQ.json,0.0,0.0,0.0,0.0,0.0,0.0,0.0
QQQ,QQQ260522P00525000,2026-05-22,4,put,525.0,892.0,1385.0,0.9362,0.0,0.0,0.23,,-0.001,-0.0149,0.0024,https://cdn.cboe.com/api/global/delayed_quotes/options/QQQ.json,0.0,0.0,-0.0,0.0,0.0,-0.0,0.0
QQQ,QQQ260522C00528000,2026-05-22,4,call,528.0,1.0,0.0,0.9762,0.0,175.62,179.94,,0.999,0.0,0.0025,https://cdn.cboe.com/api/global/delayed_quotes/options/QQQ.json,0.0,0.0,0.0,0.0,0.0,0.0,0.0
QQQ,QQQ260522P00529000,2026-05-22,4,put,529.0,29.0,1.0,0.9139,0.0,0.01,0.23,,-0.001,-0.0155,0.0026,https://cdn.cboe.com/api/global/delayed_quotes/options/QQQ.json,0.0,0.0,-0.0,0.0,0.0,-0.0,0.0
QQQ,QQQ260522C00530000,2026-05-22,4,call,530.0,12.0,0.0,0.972,0.0,173.49,177.95,,0.9989,0.0,0.0026,https://cdn.cboe.com/api/global/delayed_quotes/options/QQQ.json,0.0,0.0,0.0,0.0,0.0,0.0,0.0
QQQ,QQQ260522P00530000,2026-05-22,4,put,530.0,1249.0,101.0,0.9084,0.0,0.0,0.77,,-0.001,-0.0156,0.0026,https://cdn.cboe.com/api/global/delayed_quotes/options/QQQ.json,0.0,0.0,-0.0,0.0,0.0,-0.0,0.0
QQQ,QQQ260522P00531000,2026-05-22,4,put,531.0,1.0,0.0,0.9028,0.0,0.0,0.23,,-0.0011,-0.0158,0.0026,https://cdn.cboe.com/api/global/delayed_quotes/options/QQQ.json,0.0,0.0,-0.0,0.0,0.0,-0.0,0.0
QQQ,QQQ260522P00532000,2026-05-22,4,put,532.0,82.0,0.0,0.8973,0.0,0.0,0.23,,-0.0011,-0.016,0.0027,https://cdn.cboe.com/api/global/delayed_quotes/options/QQQ.json,0.0,0.0,-0.0,0.0,0.0,-0.0,0.0
QQQ,QQQ260522C00533000,2026-05-22,4,call,533.0,2.0,0.0,0.9599,0.0001,170.69,174.97,,0.9989,0.0,0.0027,https://cdn.cboe.com/api/global/delayed_quotes/options/QQQ.json,0.0001,99.84258049999998,0.0,99.84258049999998,9.984258049999998e-08,0.0,9.984258049999998e-08
QQQ,QQQ260522C00534000,2026-05-22,4,call,534.0,2.0,0.0,0.9525,0.0001,169.65,173.98,,0.9989,0.0,0.0027,https://cdn.cboe.com/api/global/delayed_quotes/options/QQQ.json,0.0001,99.84258049999998,0.0,99.84258049999998,9.984258049999998e-08,0.0,9.984258049999998e-08
QQQ,QQQ260522C00535000,2026-05-22,4,call,535.0,11.0,0.0,0.9451,0.0001,168.65,173.0,,0.9989,0.0,0.0028,https://cdn.cboe.com/api/global/delayed_quotes/options/QQQ.json,0.0001,549.1341927499999,0.0,549.1341927499999,5.491341927499999e-07,0.0,5.491341927499999e-07
QQQ,QQQ260522P00535000,2026-05-22,4,put,535.0,456.0,0.0,0.8807,0.0001,0.0,0.23,,-0.0011,-0.0164,0.0028,https://cdn.cboe.com/api/global/delayed_quotes/options/QQQ.json,0.0001,0.0,-22764.108353999996,-22764.108353999996,0.0,-2.2764108353999995e-05,-2.2764108353999995e-05
QQQ,QQQ260522P00537000,2026-05-22,4,put,537.0,1.0,0.0,0.8697,0.0001,0.0,0.23,,-0.0012,-0.0168,0.0029,https://cdn.cboe.com/api/global/delayed_quotes/options/QQQ.json,0.0001,0.0,-49.92129024999999,-49.92129024999999,0.0,-4.992129024999999e-08,-4.992129024999999e-08
QQQ,QQQ260522P00538000,2026-05-22,4,put,538.0,100.0,0.0,0.8642,0.0001,0.0,0.03,,-0.0012,-0.017,0.0029,https://cdn.cboe.com/api/global/delayed_quotes/options/QQQ.json,0.0001,0.0,-4992.129024999999,-4992.129024999999,0.0,-4.992129024999999e-06,-4.992129024999999e-06
QQQ,QQQ260522P00539000,2026-05-22,4,put,539.0,10.0,0.0,0.8588,0.0001,0.0,0.23,,-0.0012,-0.0171,0.0029,https://cdn.cboe.com/api/global/delayed_quotes/options/QQQ.json,0.0001,0.0,-499.2129024999999,-499.2129024999999,0.0,-4.992129025e-07,-4.992129025e-07
QQQ,QQQ260522C00540000,2026-05-22,4,call,540.0,12.0,0.0,0.9183,0.0001,163.63,168.0,,0.9988,0.0,0.003,https://cdn.cboe.com/api/global/delayed_quotes/options/QQQ.json,0.0001,599.055483,0.0,599.055483,5.99055483e-07,0.0,5.99055483e-07
QQQ,QQQ260522P00540000,2026-05-22,4,put,540.0,625.0,9.0,0.8533,0.0001,0.01,1.31,,-0.0012,-0.0173,0.003,https://cdn.cboe.com/api/global/delayed_quotes/options/QQQ.json,0.0001,0.0,-31200.806406249994,-31200.806406249994,0.0,-3.1200806406249996e-05,-3.1200806406249996e-05
QQQ,QQQ260522P00541000,2026-05-22,4,put,541.0,200.0,0.0,0.8478,0.0001,0.0,0.23,,-0.0012,-0.0175,0.003,https://cdn.cboe.com/api/global/delayed_quotes/options/QQQ.json,0.0001,0.0,-9984.258049999999,-9984.258049999999,0.0,-9.984258049999998e-06,-9.984258049999998e-06
QQQ,QQQ260522P00542000,2026-05-22,4,put,542.0,10.0,0.0,0.8424,0.0001,0.0,0.23,,-0.0012,-0.0177,0.0031,https://cdn.cboe.com/api/global/delayed_quotes/options/QQQ.json,0.0001,0.0,-499.2129024999999,-499.2129024999999,0.0,-4.992129025e-07,-4.992129025e-07
QQQ,QQQ260522P00543000,2026-05-22,4,put,543.0,200.0,0.0,0.8369,0.0001,0.0,0.23,,-0.0013,-0.0179,0.0031,https://cdn.cboe.com/api/global/delayed_quotes/options/QQQ.json,0.0001,0.0,-9984.258049999999,-9984.258049999999,0.0,-9.984258049999998e-06,-9.984258049999998e-06
QQQ,QQQ260522C00545000,2026-05-22,4,call,545.0,12.0,0.0,0.8714,0.0001,158.78,162.72,,0.9987,-0.0014,0.0032,https://cdn.cboe.com/api/global/delayed_quotes/options/QQQ.json,0.0001,599.055483,0.0,599.055483,5.99055483e-07,0.0,5.99055483e-07
QQQ,QQQ260522P00545000,2026-05-22,4,put,545.0,276.0,6.0,0.8261,0.0001,0.0,0.23,,-0.0013,-0.0183,0.0032,https://cdn.cboe.com/api/global/delayed_quotes/options/QQQ.json,0.0001,0.0,-13778.276109,-13778.276109,0.0,-1.3778276109e-05,-1.3778276109e-05
QQQ,QQQ260522P00546000,2026-05-22,4,put,546.0,29.0,0.0,0.8206,0.0001,0.0,0.23,,-0.0013,-0.0185,0.0032,https://cdn.cboe.com/api/global/delayed_quotes/options/QQQ.json,0.0001,0.0,-1447.71741725,-1447.71741725,0.0,-1.44771741725e-06,-1.44771741725e-06
QQQ,QQQ260522P00547000,2026-05-22,4,put,547.0,76.0,0.0,0.8152,0.0001,0.0,1.53,,-0.0014,-0.0187,0.0033,https://cdn.cboe.com/api/global/delayed_quotes/options/QQQ.json,0.0001,0.0,-3794.018058999999,-3794.018058999999,0.0,-3.794018058999999e-06,-3.794018058999999e-06
QQQ,QQQ260522P00548000,2026-05-22,4,put,548.0,155.0,0.0,0.8098,0.0001,0.0,0.77,,-0.0014,-0.0189,0.0034,https://cdn.cboe.com/api/global/delayed_quotes/options/QQQ.json,0.0001,0.0,-7737.799988749999,-7737.799988749999,0.0,-7.737799988749999e-06,-7.737799988749999e-06
QQQ,QQQ260522P00549000,2026-05-22,4,put,549.0,2.0,0.0,0.804,0.0001,0.0,1.31,,-0.0014,-0.0191,0.0034,https://cdn.cboe.com/api/global/delayed_quotes/options/QQQ.json,0.0001,0.0,-99.84258049999998,-99.84258049999998,0.0,-9.984258049999998e-08,-9.984258049999998e-08
QQQ,QQQ260522C00550000,2026-05-22,4,call,550.0,8.0,6.0,0.8346,0.0001,153.78,157.72,,0.9986,-0.0029,0.0034,https://cdn.cboe.com/api/global/delayed_quotes/options/QQQ.json,0.0001,399.37032199999993,0.0,399.37032199999993,3.993703219999999e-07,0.0,3.993703219999999e-07
QQQ,QQQ260522P00550000,2026-05-22,4,put,550.0,3239.0,104.0,0.8146,0.0001,0.02,1.31,,-0.0014,-0.0193,0.0034,https://cdn.cboe.com/api/global/delayed_quotes/options/QQQ.json,0.0001,0.0,-161695.05911975,-161695.05911975,0.0,-0.00016169505911974998,-0.00016169505911974998
QQQ,QQQ260522P00551000,2026-05-22,4,put,551.0,72.0,0.0,0.8092,0.0001,0.0,0.24,,-0.0014,-0.0195,0.0035,https://cdn.cboe.com/api/global/delayed_quotes/options/QQQ.json,0.0001,0.0,-3594.3328979999997,-3594.3328979999997,0.0,-3.5943328979999997e-06,-3.5943328979999997e-06
QQQ,QQQ260522P00552000,2026-05-22,4,put,552.0,2.0,0.0,0.8037,0.0001,0.0,0.24,,-0.0015,-0.0197,0.0036,https://cdn.cboe.com/api/global/delayed_quotes/options/QQQ.json,0.0001,0.0,-99.84258049999998,-99.84258049999998,0.0,-9.984258049999998e-08,-9.984258049999998e-08
QQQ,QQQ260522P00553000,2026-05-22,4,put,553.0,104.0,1.0,0.7982,0.0001,0.0,0.77,,-0.0015,-0.0199,0.0036,https://cdn.cboe.com/api/global/delayed_quotes/options/QQQ.json,0.0001,0.0,-5191.814186,-5191.814186,0.0,-5.1918141859999996e-06,-5.1918141859999996e-06
QQQ,QQQ260522P00554000,2026-05-22,4,put,554.0,135.0,0.0,0.7928,0.0001,0.0,0.24,,-0.0015,-0.0202,0.0037,https://cdn.cboe.com/api/global/delayed_quotes/options/QQQ.json,0.0001,0.0,-6739.374183749999,-6739.374183749999,0.0,-6.73937418375e-06,-6.73937418375e-06
QQQ,QQQ260522C00555000,2026-05-22,4,call,555.0,261.0,250.0,0.8673,0.0001,148.85,152.73,,0.9984,-0.0045,0.0037,https://cdn.cboe.com/api/global/delayed_quotes/options/QQQ.json,0.0001,13029.45675525,0.0,13029.45675525,1.302945675525e-05,0.0,1.302945675525e-05
QQQ,QQQ260522P00555000,2026-05-22,4,put,555.0,522.0,0.0,0.7874,0.0001,0.0,0.24,,-0.0016,-0.0204,0.0037,https://cdn.cboe.com/api/global/delayed_quotes/options/QQQ.json,0.0001,0.0,-26058.9135105,-26058.9135105,0.0,-2.60589135105e-05,-2.60589135105e-05
QQQ,QQQ260522C00556000,2026-05-22,4,call,556.0,7.0,0.0,0.8604,0.0001,147.85,151.73,,0.9984,-0.0049,0.0038,https://cdn.cboe.com/api/global/delayed_quotes/options/QQQ.json,0.0001,349.4490317499999,0.0,349.4490317499999,3.494490317499999e-07,0.0,3.494490317499999e-07
QQQ,QQQ260522P00556000,2026-05-22,4,put,556.0,372.0,0.0,0.7819,0.0001,0.0,0.24,,-0.0016,-0.0206,0.0038,https://cdn.cboe.com/api/global/delayed_quotes/options/QQQ.json,0.0001,0.0,-18570.719972999996,-18570.719972999996,0.0,-1.8570719972999994e-05,-1.8570719972999994e-05
QQQ,QQQ260522C00557000,2026-05-22,4,call,557.0,11.0,0.0,0.0,0.0001,146.85,150.52,,0.9984,-0.0052,0.0038,https://cdn.cboe.com/api/global/delayed_quotes/options/QQQ.json,0.0001,549.1341927499999,0.0,549.1341927499999,5.491341927499999e-07,0.0,5.491341927499999e-07
QQQ,QQQ260522P00557000,2026-05-22,4,put,557.0,129.0,5.0,0.7765,0.0001,0.0,1.53,,-0.0016,-0.0208,0.0038,https://cdn.cboe.com/api/global/delayed_quotes/options/QQQ.json,0.0001,0.0,-6439.846442249999,-6439.846442249999,0.0,-6.4398464422499995e-06,-6.4398464422499995e-06
QQQ,QQQ260522C00558000,2026-05-22,4,call,558.0,4.0,0.0,0.8466,0.0001,145.85,149.73,,0.9984,-0.0056,0.0039,https://cdn.cboe.com/api/global/delayed_quotes/options/QQQ.json,0.0001,199.68516099999997,0.0,199.68516099999997,1.9968516099999995e-07,0.0,1.9968516099999995e-07
QQQ,QQQ260522P00558000,2026-05-22,4,put,558.0,606.0,2288.0,0.7706,0.0001,0.0,0.24,,-0.0016,-0.0211,0.0039,https://cdn.cboe.com/api/global/delayed_quotes/options/QQQ.json,0.0001,0.0,-30252.301891499996,-30252.301891499996,0.0,-3.0252301891499996e-05,-3.0252301891499996e-05
QQQ,QQQ260522C00559000,2026-05-22,4,call,559.0,1.0,0.0,0.8398,0.0001,144.85,148.73,,0.9983,-0.0059,0.004,https://cdn.cboe.com/api/global/delayed_quotes/options/QQQ.json,0.0001,49.92129024999999,0.0,49.92129024999999,4.992129024999999e-08,0.0,4.992129024999999e-08
QQQ,QQQ260522P00559000,2026-05-22,4,put,559.0,192.0,1881.0,0.7657,0.0001,0.0,0.24,,-0.0017,-0.0213,0.004,https://cdn.cboe.com/api/global/delayed_quotes/options/QQQ.json,0.0001,0.0,-9584.887728,-9584.887728,0.0,-9.584887728e-06,-9.584887728e-06
QQQ,QQQ260522C00560000,2026-05-22,4,call,560.0,69.0,1.0,0.8329,0.0001,143.85,147.73,,0.9983,-0.0063,0.004,https://cdn.cboe.com/api/global/delayed_quotes/options/QQQ.json,0.0001,3444.56902725,0.0,3444.56902725,3.44456902725e-06,0.0,3.44456902725e-06
QQQ,QQQ260522P00560000,2026-05-22,4,put,560.0,336.0,8.0,0.7728,0.0001,0.02,0.77,,-0.0017,-0.0216,0.004,https://cdn.cboe.com/api/global/delayed_quotes/options/QQQ.json,0.0001,0.0,-16773.553524,-16773.553524,0.0,-1.6773553524e-05,-1.6773553524e-05
QQQ,QQQ260522C00561000,2026-05-22,4,call,561.0,2.0,0.0,0.8325,0.0001,142.85,146.74,,0.9983,-0.0066,0.0041,https://cdn.cboe.com/api/global/delayed_quotes/options/QQQ.json,0.0001,99.84258049999998,0.0,99.84258049999998,9.984258049999998e-08,0.0,9.984258049999998e-08
QQQ,QQQ260522P00561000,2026-05-22,4,put,561.0,57.0,4.0,0.7674,0.0001,0.0,1.31,,-0.0017,-0.0218,0.0041,https://cdn.cboe.com/api/global/delayed_quotes/options/QQQ.json,0.0001,0.0,-2845.5135442499995,-2845.5135442499995,0.0,-2.8455135442499994e-06,-2.8455135442499994e-06
QQQ,QQQ260522C00562000,2026-05-22,4,call,562.0,13.0,0.0,0.8193,0.0001,141.85,145.73,,0.9982,-0.007,0.0042,https://cdn.cboe.com/api/global/delayed_quotes/options/QQQ.json,0.0001,648.97677325,0.0,648.97677325,6.489767732499999e-07,0.0,6.489767732499999e-07
QQQ,QQQ260522P00562000,2026-05-22,4,put,562.0,79.0,0.0,0.7619,0.0001,0.0,0.24,,-0.0017,-0.0221,0.0042,https://cdn.cboe.com/api/global/delayed_quotes/options/QQQ.json,0.0001,0.0,-3943.7819297499996,-3943.7819297499996,0.0,-3.94378192975e-06,-3.94378192975e-06
QQQ,QQQ260522C00563000,2026-05-22,4,call,563.0,1.0,0.0,0.7821,0.0001,140.8,144.74,,0.9982,-0.0074,0.0042,https://cdn.cboe.com/api/global/delayed_quotes/options/QQQ.json,0.0001,49.92129024999999,0.0,49.92129024999999,4.992129024999999e-08,0.0,4.992129024999999e-08
QQQ,QQQ260522P00563000,2026-05-22,4,put,563.0,237.0,0.0,0.7564,0.0001,0.01,0.24,,-0.0018,-0.0224,0.0042,https://cdn.cboe.com/api/global/delayed_quotes/options/QQQ.json,0.0001,0.0,-11831.34578925,-11831.34578925,0.0,-1.1831345789249999e-05,-1.1831345789249999e-05
QQQ,QQQ260522P00564000,2026-05-22,4,put,564.0,129.0,1.0,0.751,0.0001,0.0,0.24,,-0.0018,-0.0226,0.0043,https://cdn.cboe.com/api/global/delayed_quotes/options/QQQ.json,0.0001,0.0,-6439.846442249999,-6439.846442249999,0.0,-6.4398464422499995e-06,-6.4398464422499995e-06
QQQ,QQQ260522C00565000,2026-05-22,4,call,565.0,13.0,1.0,0.7682,0.0001,138.8,142.74,,0.9982,-0.0081,0.0044,https://cdn.cboe.com/api/global/delayed_quotes/options/QQQ.json,0.0001,648.97677325,0.0,648.97677325,6.489767732499999e-07,0.0,6.489767732499999e-07
QQQ,QQQ260522P00565000,2026-05-22,4,put,565.0,538.0,1.0,0.7455,0.0001,0.0,0.24,,-0.0018,-0.0229,0.0044,https://cdn.cboe.com/api/global/delayed_quotes/options/QQQ.json,0.0001,0.0,-26857.654154499993,-26857.654154499993,0.0,-2.685765415449999e-05,-2.685765415449999e-05
QQQ,QQQ260522C00566000,2026-05-22,4,call,566.0,3.0,0.0,0.7699,0.0001,137.8,141.75,,0.9981,-0.0085,0.0044,https://cdn.cboe.com/api/global/delayed_quotes/options/QQQ.json,0.0001,149.76387075,0.0,149.76387075,1.4976387075e-07,0.0,1.4976387075e-07
QQQ,QQQ260522P00566000,2026-05-22,4,put,566.0,183.0,1.0,0.7401,0.0001,0.0,0.24,,-0.0019,-0.0232,0.0044,https://cdn.cboe.com/api/global/delayed_quotes/options/QQQ.json,0.0001,0.0,-9135.596115749999,-9135.596115749999,0.0,-9.135596115749998e-06,-9.135596115749998e-06
QQQ,QQQ260522P00567000,2026-05-22,4,put,567.0,122.0,8.0,0.7347,0.0001,0.0,0.24,,-0.0019,-0.0234,0.0045,https://cdn.cboe.com/api/global/delayed_quotes/options/QQQ.json,0.0001,0.0,-6090.397410499999,-6090.397410499999,0.0,-6.090397410499999e-06,-6.090397410499999e-06
QQQ,QQQ260522C00568000,2026-05-22,4,call,568.0,24.0,13.0,0.785,0.0001,136.24,139.35,,0.998,-0.0093,0.0046,https://cdn.cboe.com/api/global/delayed_quotes/options/QQQ.json,0.0001,1198.110966,0.0,1198.110966,1.198110966e-06,0.0,1.198110966e-06
QQQ,QQQ260522P00568000,2026-05-22,4,put,568.0,201.0,6.0,0.7292,0.0001,0.0,0.77,,-0.0019,-0.0237,0.0046,https://cdn.cboe.com/api/global/delayed_quotes/options/QQQ.json,0.0001,0.0,-10034.179340249997,-10034.179340249997,0.0,-1.0034179340249996e-05,-1.0034179340249996e-05
QQQ,QQQ260522C00569000,2026-05-22,4,call,569.0,4.0,0.0,0.7405,0.0001,134.8,138.74,,0.998,-0.0097,0.0047,https://cdn.cboe.com/api/global/delayed_quotes/options/QQQ.json,0.0001,199.68516099999997,0.0,199.68516099999997,1.9968516099999995e-07,0.0,1.9968516099999995e-07
QQQ,QQQ260522P00569000,2026-05-22,4,put,569.0,87.0,0.0,0.7238,0.0001,0.0,0.24,,-0.002,-0.024,0.0047,https://cdn.cboe.com/api/global/delayed_quotes/options/QQQ.json,0.0001,0.0,-4343.15225175,-4343.15225175,0.0,-4.34315225175e-06,-4.34315225175e-06
QQQ,QQQ260522C00570000,2026-05-22,4,call,570.0,105.0,0.0,0.7336,0.0001,133.8,137.74,,0.998,-0.0101,0.0048,https://cdn.cboe.com/api/global/delayed_quotes/options/QQQ.json,0.0001,5241.73547625,0.0,5241.73547625,5.24173547625e-06,0.0,5.24173547625e-06
QQQ,QQQ260522P00570000,2026-05-22,4,put,570.0,960.0,3.0,0.7184,0.0001,0.0,0.45,,-0.002,-0.0243,0.0048,https://cdn.cboe.com/api/global/delayed_quotes/options/QQQ.json,0.0001,0.0,-47924.43863999999,-47924.43863999999,0.0,-4.792443863999999e-05,-4.792443863999999e-05
QQQ,QQQ260522C00571000,2026-05-22,4,call,571.0,1.0,0.0,0.7267,0.0001,132.8,136.74,,0.9979,-0.0105,0.0048,https://cdn.cboe.com/api/global/delayed_quotes/options/QQQ.json,0.0001,49.92129024999999,0.0,49.92129024999999,4.992129024999999e-08,0.0,4.992129024999999e-08
QQQ,QQQ260522P00571000,2026-05-22,4,put,571.0,166.0,0.0,0.713,0.0001,0.02,0.24,,-0.002,-0.0246,0.0048,https://cdn.cboe.com/api/global/delayed_quotes/options/QQQ.json,0.0001,0.0,-8286.934181499999,-8286.934181499999,0.0,-8.286934181499999e-06,-8.286934181499999e-06
QQQ,QQQ260522C00572000,2026-05-22,4,call,572.0,111.0,0.0,0.737,0.0001,131.81,135.75,,0.9979,-0.0109,0.0049,https://cdn.cboe.com/api/global/delayed_quotes/options/QQQ.json,0.0001,5541.26321775,0.0,5541.26321775,5.54126321775e-06,0.0,5.54126321775e-06
QQQ,QQQ260522P00572000,2026-05-22,4,put,572.0,83.0,0.0,0.7076,0.0001,0.0,0.24,,-0.0021,-0.0249,0.0049,https://cdn.cboe.com/api/global/delayed_quotes/options/QQQ.json,0.0001,0.0,-4143.467090749999,-4143.467090749999,0.0,-4.1434670907499995e-06,-4.1434670907499995e-06
QQQ,QQQ260522C00573000,2026-05-22,4,call,573.0,36.0,0.0,0.7302,0.0001,130.81,134.75,,0.9979,-0.0113,0.005,https://cdn.cboe.com/api/global/delayed_quotes/options/QQQ.json,0.0001,1797.1664489999998,0.0,1797.1664489999998,1.7971664489999999e-06,0.0,1.7971664489999999e-06
QQQ,QQQ260522P00573000,2026-05-22,4,put,573.0,186.0,2.0,0.7022,0.0001,0.0,1.31,,-0.0021,-0.0253,0.005,https://cdn.cboe.com/api/global/delayed_quotes/options/QQQ.json,0.0001,0.0,-9285.359986499998,-9285.359986499998,0.0,-9.285359986499997e-06,-9.285359986499997e-06
QQQ,QQQ260522C00574000,2026-05-22,4,call,574.0,10.0,0.0,0.7511,0.0001,130.24,133.36,,0.9978,-0.0117,0.0051,https://cdn.cboe.com/api/global/delayed_quotes/options/QQQ.json,0.0001,499.2129024999999,0.0,499.2129024999999,4.992129025e-07,0.0,4.992129025e-07
QQQ,QQQ260522P00574000,2026-05-22,4,put,574.0,55.0,0.0,0.6968,0.0001,0.0,0.24,,-0.0022,-0.0256,0.0051,https://cdn.cboe.com/api/global/delayed_quotes/options/QQQ.json,0.0001,0.0,-2745.67096375,-2745.67096375,0.0,-2.74567096375e-06,-2.74567096375e-06
QQQ,QQQ260522C00575000,2026-05-22,4,call,575.0,124.0,5.0,0.7167,0.0001,128.81,132.75,,0.9978,-0.0122,0.0052,https://cdn.cboe.com/api/global/delayed_quotes/options/QQQ.json,0.0001,6190.239991,0.0,6190.239991,6.190239991e-06,0.0,6.190239991e-06
QQQ,QQQ260522P00575000,2026-05-22,4,put,575.0,416.0,1.0,0.6915,0.0001,0.0,1.52,,-0.0022,-0.0259,0.0052,https://cdn.cboe.com/api/global/delayed_quotes/options/QQQ.json,0.0001,0.0,-20767.256744,-20767.256744,0.0,-2.0767256743999998e-05,-2.0767256743999998e-05
QQQ,QQQ260522C00576000,2026-05-22,4,call,576.0,5.0,0.0,0.0,0.0001,127.98,131.36,,0.9977,-0.0126,0.0053,https://cdn.cboe.com/api/global/delayed_quotes/options/QQQ.json,0.0001,249.60645124999996,0.0,249.60645124999996,2.4960645125e-07,0.0,2.4960645125e-07
QQQ,QQQ260522P00576000,2026-05-22,4,put,576.0,159.0,0.0,0.6861,0.0001,0.01,0.24,,-0.0022,-0.0262,0.0053,https://cdn.cboe.com/api/global/delayed_quotes/options/QQQ.json,0.0001,0.0,-7937.485149749999,-7937.485149749999,0.0,-7.93748514975e-06,-7.93748514975e-06
QQQ,QQQ260522C00577000,2026-05-22,4,call,577.0,32.0,0.0,0.7427,0.0001,126.87,130.75,,0.9977,-0.013,0.0054,https://cdn.cboe.com/api/global/delayed_quotes/options/QQQ.json,0.0001,1597.4812879999997,0.0,1597.4812879999997,1.5974812879999996e-06,0.0,1.5974812879999996e-06
QQQ,QQQ260522P00577000,2026-05-22,4,put,577.0,205.0,3.0,0.6807,0.0001,0.0,0.24,,-0.0023,-0.0266,0.0054,https://cdn.cboe.com/api/global/delayed_quotes/options/QQQ.json,0.0001,0.0,-10233.86450125,-10233.86450125,0.0,-1.023386450125e-05,-1.023386450125e-05
QQQ,QQQ260522C00578000,2026-05-22,4,call,578.0,25.0,0.0,0.7361,0.0001,125.87,129.75,,0.9976,-0.0135,0.0054,https://cdn.cboe.com/api/global/delayed_quotes/options/QQQ.json,0.0001,1248.0322562499998,0.0,1248.0322562499998,1.2480322562499997e-06,0.0,1.2480322562499997e-06
QQQ,QQQ260522P00578000,2026-05-22,4,put,578.0,292.0,100.0,0.6754,0.0001,0.0,0.24,,-0.0023,-0.0269,0.0054,https://cdn.cboe.com/api/global/delayed_quotes/options/QQQ.json,0.0001,0.0,-14577.016752999998,-14577.016752999998,0.0,-1.4577016752999998e-05,-1.4577016752999998e-05
QQQ,QQQ260522C00579000,2026-05-22,4,call,579.0,83.0,0.0,0.778,0.0001,124.97,128.76,,0.9976,-0.014,0.0056,https://cdn.cboe.com/api/global/delayed_quotes/options/QQQ.json,0.0001,4143.467090749999,0.0,4143.467090749999,4.1434670907499995e-06,0.0,4.1434670907499995e-06
QQQ,QQQ260522P00579000,2026-05-22,4,put,579.0,142.0,0.0,0.67,0.0001,0.0,0.25,,-0.0024,-0.0273,0.0055,https://cdn.cboe.com/api/global/delayed_quotes/options/QQQ.json,0.0001,0.0,-7088.8232155000005,-7088.8232155000005,0.0,-7.088823215500001e-06,-7.088823215500001e-06
QQQ,QQQ260522C00580000,2026-05-22,4,call,580.0,218.0,3.0,0.0,0.0001,123.87,127.5,,0.9976,-0.0144,0.0056,https://cdn.cboe.com/api/global/delayed_quotes/options/QQQ.json,0.0001,10882.841274499999,0.0,10882.841274499999,1.0882841274499999e-05,0.0,1.0882841274499999e-05
QQQ,QQQ260522P00580000,2026-05-22,4,put,580.0,3185.0,1.0,0.6744,0.0001,0.03,0.04,,-0.0024,-0.0276,0.0056,https://cdn.cboe.com/api/global/delayed_quotes/options/QQQ.json,0.0001,0.0,-158999.30944624997,-158999.30944624997,0.0,-0.00015899930944624998,-0.00015899930944624998
QQQ,QQQ260522C00581000,2026-05-22,4,call,581.0,34.0,0.0,0.7217,0.0001,122.87,126.76,,0.9975,-0.0149,0.0057,https://cdn.cboe.com/api/global/delayed_quotes/options/QQQ.json,0.0001,1697.3238685,0.0,1697.3238685,1.6973238685e-06,0.0,1.6973238685e-06
QQQ,QQQ260522P00581000,2026-05-22,4,put,581.0,138.0,1.0,0.669,0.0001,0.01,0.25,,-0.0025,-0.028,0.0057,https://cdn.cboe.com/api/global/delayed_quotes/options/QQQ.json,0.0001,0.0,-6889.1380545,-6889.1380545,0.0,-6.8891380545e-06,-6.8891380545e-06
QQQ,QQQ260522C00582000,2026-05-22,4,call,582.0,25.0,3.0,0.7582,0.0002,121.97,125.76,,0.9975,-0.0154,0.0058,https://cdn.cboe.com/api/global/delayed_quotes/options/QQQ.json,0.0002,2496.0645124999996,0.0,2496.0645124999996,2.4960645124999995e-06,0.0,2.4960645124999995e-06
QQQ,QQQ260522P00582000,2026-05-22,4,put,582.0,142.0,1.0,0.6636,0.0002,0.0,1.52,,-0.0025,-0.0284,0.0058,https://cdn.cboe.com/api/global/delayed_quotes/options/QQQ.json,0.0002,0.0,-14177.646431000001,-14177.646431000001,0.0,-1.4177646431000002e-05,-1.4177646431000002e-05
QQQ,QQQ260522C00583000,2026-05-22,4,call,583.0,28.0,10.0,0.5371,0.0002,121.12,124.37,,0.9974,-0.0158,0.006,https://cdn.cboe.com/api/global/delayed_quotes/options/QQQ.json,0.0002,2795.5922539999992,0.0,2795.5922539999992,2.795592253999999e-06,0.0,2.795592253999999e-06
QQQ,QQQ260522P00583000,2026-05-22,4,put,583.0,125.0,0.0,0.6582,0.0002,0.0,0.25,,-0.0026,-0.0287,0.006,https://cdn.cboe.com/api/global/delayed_quotes/options/QQQ.json,0.0002,0.0,-12480.3225625,-12480.3225625,0.0,-1.24803225625e-05,-1.24803225625e-05
QQQ,QQQ260522C00584000,2026-05-22,4,call,584.0,7.0,0.0,0.7021,0.0002,119.87,123.76,,0.9974,-0.0163,0.0061,https://cdn.cboe.com/api/global/delayed_quotes/options/QQQ.json,0.0002,698.8980634999998,0.0,698.8980634999998,6.988980634999998e-07,0.0,6.988980634999998e-07
QQQ,QQQ260522P00584000,2026-05-22,4,put,584.0,479.0,0.0,0.6528,0.0002,0.0,0.25,,-0.0026,-0.0291,0.0061,https://cdn.cboe.com/api/global/delayed_quotes/options/QQQ.json,0.0002,0.0,-47824.5960595,-47824.5960595,0.0,-4.78245960595e-05,-4.78245960595e-05
QQQ,QQQ260522C00585000,2026-05-22,4,call,585.0,84.0,0.0,0.0,0.0002,118.82,122.56,,0.9973,-0.0168,0.0062,https://cdn.cboe.com/api/global/delayed_quotes/options/QQQ.json,0.0002,8386.776762,0.0,8386.776762,8.386776762e-06,0.0,8.386776762e-06
QQQ,QQQ260522P00585000,2026-05-22,4,put,585.0,2919.0,15.0,0.6474,0.0002,0.0,0.17,,-0.0027,-0.0295,0.0062,https://cdn.cboe.com/api/global/delayed_quotes/options/QQQ.json,0.0002,0.0,-291440.4924794999,-291440.4924794999,0.0,-0.0002914404924794999,-0.0002914404924794999
QQQ,QQQ260522C00586000,2026-05-22,4,call,586.0,34.0,0.0,0.0,0.0002,117.83,121.55,,0.9973,-0.0173,0.0063,https://cdn.cboe.com/api/global/delayed_quotes/options/QQQ.json,0.0002,3394.647737,0.0,3394.647737,3.394647737e-06,0.0,3.394647737e-06
QQQ,QQQ260522P00586000,2026-05-22,4,put,586.0,82.0,5.0,0.6421,0.0002,0.0,1.31,,-0.0027,-0.0299,0.0063,https://cdn.cboe.com/api/global/delayed_quotes/options/QQQ.json,0.0002,0.0,-8187.091600999999,-8187.091600999999,0.0,-8.187091600999999e-06,-8.187091600999999e-06
QQQ,QQQ260522C00587000,2026-05-22,4,call,587.0,46.0,0.0,0.0,0.0002,116.87,120.55,,0.9972,-0.0178,0.0064,https://cdn.cboe.com/api/global/delayed_quotes/options/QQQ.json,0.0002,4592.758702999999,0.0,4592.758702999999,4.592758702999998e-06,0.0,4.592758702999998e-06
QQQ,QQQ260522P00587000,2026-05-22,4,put,587.0,114.0,2.0,0.645,0.0002,0.0,0.25,,-0.0028,-0.0303,0.0064,https://cdn.cboe.com/api/global/delayed_quotes/options/QQQ.json,0.0002,0.0,-11382.054176999998,-11382.054176999998,0.0,-1.1382054176999997e-05,-1.1382054176999997e-05
QQQ,QQQ260522C00588000,2026-05-22,4,call,588.0,85.0,0.0,0.0,0.0002,115.83,119.55,,0.9972,-0.0184,0.0065,https://cdn.cboe.com/api/global/delayed_quotes/options/QQQ.json,0.0002,8486.6193425,0.0,8486.6193425,8.4866193425e-06,0.0,8.4866193425e-06
QQQ,QQQ260522P00588000,2026-05-22,4,put,588.0,122.0,56.0,0.6396,0.0002,0.0,1.31,,-0.0028,-0.0307,0.0065,https://cdn.cboe.com/api/global/delayed_quotes/options/QQQ.json,0.0002,0.0,-12180.794820999998,-12180.794820999998,0.0,-1.2180794820999998e-05,-1.2180794820999998e-05
QQQ,QQQ260522C00589000,2026-05-22,4,call,589.0,67.0,0.0,0.0,0.0002,114.87,118.55,,0.9971,-0.0189,0.0066,https://cdn.cboe.com/api/global/delayed_quotes/options/QQQ.json,0.0002,6689.452893499999,0.0,6689.452893499999,6.689452893499999e-06,0.0,6.689452893499999e-06
QQQ,QQQ260522P00589000,2026-05-22,4,put,589.0,231.0,52.0,0.6342,0.0002,0.0,0.25,,-0.0029,-0.0312,0.0066,https://cdn.cboe.com/api/global/delayed_quotes/options/QQQ.json,0.0002,0.0,-23063.6360955,-23063.6360955,0.0,-2.30636360955e-05,-2.30636360955e-05
QQQ,QQQ260522C00590000,2026-05-22,4,call,590.0,175.0,4.0,0.0,0.0002,113.83,117.55,,0.997,-0.0194,0.0068,https://cdn.cboe.com/api/global/delayed_quotes/options/QQQ.json,0.0002,17472.4515875,0.0,17472.4515875,1.74724515875e-05,0.0,1.74724515875e-05
QQQ,QQQ260522P00590000,2026-05-22,4,put,590.0,1055.0,138.0,0.6288,0.0002,0.0,1.52,,-0.003,-0.0316,0.0068,https://cdn.cboe.com/api/global/delayed_quotes/options/QQQ.json,0.0002,0.0,-105333.92242749999,-105333.92242749999,0.0,-0.00010533392242749999,-0.00010533392242749999
QQQ,QQQ260522C00591000,2026-05-22,4,call,591.0,87.0,0.0,0.0,0.0002,112.91,116.55,,0.997,-0.02,0.0069,https://cdn.cboe.com/api/global/delayed_quotes/options/QQQ.json,0.0002,8686.3045035,0.0,8686.3045035,8.6863045035e-06,0.0,8.6863045035e-06
QQQ,QQQ260522P00591000,2026-05-22,4,put,591.0,300.0,1.0,0.6229,0.0002,0.0,0.76,,-0.003,-0.032,0.0069,https://cdn.cboe.com/api/global/delayed_quotes/options/QQQ.json,0.0002,0.0,-29952.77415,-29952.77415,0.0,-2.9952774150000002e-05,-2.9952774150000002e-05
QQQ,QQQ260522C00592000,2026-05-22,4,call,592.0,55.0,1.0,0.6603,0.0002,112.26,115.39,,0.9969,-0.0205,0.007,https://cdn.cboe.com/api/global/delayed_quotes/options/QQQ.json,0.0002,5491.3419275,0.0,5491.3419275,5.4913419275e-06,0.0,5.4913419275e-06
QQQ,QQQ260522P00592000,2026-05-22,4,put,592.0,185.0,7.0,0.6175,0.0002,0.0,0.25,,-0.0031,-0.0325,0.007,https://cdn.cboe.com/api/global/delayed_quotes/options/QQQ.json,0.0002,0.0,-18470.8773925,-18470.8773925,0.0,-1.8470877392499997e-05,-1.8470877392499997e-05
QQQ,QQQ260522C00593000,2026-05-22,4,call,593.0,24.0,4.0,0.0,0.0002,110.91,114.55,,0.9968,-0.0211,0.0072,https://cdn.cboe.com/api/global/delayed_quotes/options/QQQ.json,0.0002,2396.221932,0.0,2396.221932,2.396221932e-06,0.0,2.396221932e-06
QQQ,QQQ260522P00593000,2026-05-22,4,put,593.0,97.0,11.0,0.6121,0.0002,0.0,1.31,,-0.0032,-0.033,0.0072,https://cdn.cboe.com/api/global/delayed_quotes/options/QQQ.json,0.0002,0.0,-9684.730308499999,-9684.730308499999,0.0,-9.684730308499999e-06,-9.684730308499999e-06
QQQ,QQQ260522C00594000,2026-05-22,4,call,594.0,113.0,2.0,0.6319,0.0002,109.84,113.78,,0.9968,-0.0217,0.0073,https://cdn.cboe.com/api/global/delayed_quotes/options/QQQ.json,0.0002,11282.211596499998,0.0,11282.211596499998,1.1282211596499997e-05,0.0,1.1282211596499997e-05
QQQ,QQQ260522P00594000,2026-05-22,4,put,594.0,184.0,15.0,0.6067,0.0002,0.0,0.76,,-0.0032,-0.0334,0.0073,https://cdn.cboe.com/api/global/delayed_quotes/options/QQQ.json,0.0002,0.0,-18371.034811999994,-18371.034811999994,0.0,-1.8371034811999994e-05,-1.8371034811999994e-05
QQQ,QQQ260522C00595000,2026-05-22,4,call,595.0,189.0,0.0,0.6255,0.0002,108.84,112.78,,0.9967,-0.0222,0.0075,https://cdn.cboe.com/api/global/delayed_quotes/options/QQQ.json,0.0002,18870.247714499998,0.0,18870.247714499998,1.88702477145e-05,0.0,1.88702477145e-05
QQQ,QQQ260522P00595000,2026-05-22,4,put,595.0,683.0,156.0,0.6014,0.0002,0.0,0.25,,-0.0033,-0.0339,0.0075,https://cdn.cboe.com/api/global/delayed_quotes/options/QQQ.json,0.0002,0.0,-68192.48248149999,-68192.48248149999,0.0,-6.819248248149998e-05,-6.819248248149998e-05
QQQ,QQQ260522C00596000,2026-05-22,4,call,596.0,21.0,4.0,0.6191,0.0002,107.84,111.78,,0.9966,-0.0228,0.0076,https://cdn.cboe.com/api/global/delayed_quotes/options/QQQ.json,0.0002,2096.6941905,0.0,2096.6941905,2.0966941905e-06,0.0,2.0966941905e-06
QQQ,QQQ260522P00596000,2026-05-22,4,put,596.0,190.0,149.0,0.596,0.0002,0.03,0.05,,-0.0034,-0.0344,0.0076,https://cdn.cboe.com/api/global/delayed_quotes/options/QQQ.json,0.0002,0.0,-18970.090294999995,-18970.090294999995,0.0,-1.8970090294999996e-05,-1.8970090294999996e-05
QQQ,QQQ260522C00597000,2026-05-22,4,call,597.0,25.0,0.0,0.6127,0.0002,106.84,110.78,,0.9966,-0.0234,0.0078,https://cdn.cboe.com/api/global/delayed_quotes/options/QQQ.json,0.0002,2496.0645124999996,0.0,2496.0645124999996,2.4960645124999995e-06,0.0,2.4960645124999995e-06
QQQ,QQQ260522P00597000,2026-05-22,4,put,597.0,536.0,56.0,0.5906,0.0002,0.03,0.05,,-0.0034,-0.0349,0.0078,https://cdn.cboe.com/api/global/delayed_quotes/options/QQQ.json,0.0002,0.0,-53515.62314799999,-53515.62314799999,0.0,-5.351562314799999e-05,-5.351562314799999e-05
QQQ,QQQ260522C00598000,2026-05-22,4,call,598.0,47.0,0.0,0.6063,0.0002,105.84,109.78,,0.9965,-0.0241,0.0079,https://cdn.cboe.com/api/global/delayed_quotes/options/QQQ.json,0.0002,4692.601283499999,0.0,4692.601283499999,4.6926012835e-06,0.0,4.6926012835e-06
QQQ,QQQ260522P00598000,2026-05-22,4,put,598.0,494.0,26.0,0.5852,0.0002,0.03,0.05,,-0.0035,-0.0354,0.0079,https://cdn.cboe.com/api/global/delayed_quotes/options/QQQ.json,0.0002,0.0,-49322.23476699999,-49322.23476699999,0.0,-4.932223476699999e-05,-4.932223476699999e-05
QQQ,QQQ260522C00599000,2026-05-22,4,call,599.0,131.0,1.0,0.5999,0.0002,104.84,108.78,,0.9964,-0.0247,0.0081,https://cdn.cboe.com/api/global/delayed_quotes/options/QQQ.json,0.0002,13079.378045499998,0.0,13079.378045499998,1.3079378045499998e-05,0.0,1.3079378045499998e-05
QQQ,QQQ260522P00599000,2026-05-22,4,put,599.0,465.0,11.0,0.5799,0.0002,0.0,0.05,,-0.0036,-0.0359,0.0081,https://cdn.cboe.com/api/global/delayed_quotes/options/QQQ.json,0.0002,0.0,-46426.79993249999,-46426.79993249999,0.0,-4.642679993249999e-05,-4.642679993249999e-05
QQQ,QQQ260522C00600000,2026-05-22,4,call,600.0,235.0,12.0,0.5935,0.0002,103.84,107.78,,0.9963,-0.0253,0.0082,https://cdn.cboe.com/api/global/delayed_quotes/options/QQQ.json,0.0002,23463.006417499997,0.0,23463.006417499997,2.3463006417499997e-05,0.0,2.3463006417499997e-05
QQQ,QQQ260522P00600000,2026-05-22,4,put,600.0,2666.0,57.0,0.5814,0.0002,0.03,0.06,,-0.0037,-0.0365,0.0082,https://cdn.cboe.com/api/global/delayed_quotes/options/QQQ.json,0.0002,0.0,-266180.31961299997,-266180.31961299997,0.0,-0.000266180319613,-0.000266180319613
QQQ,QQQ260522C00601000,2026-05-22,4,call,601.0,72.0,2.0,0.0,0.0003,102.85,106.62,,0.9962,-0.026,0.0084,https://cdn.cboe.com/api/global/delayed_quotes/options/QQQ.json,0.0003,10782.998693999998,0.0,10782.998693999998,1.0782998693999999e-05,0.0,1.0782998693999999e-05
QQQ,QQQ260522P00601000,2026-05-22,4,put,601.0,392.0,40.0,0.5823,0.0003,0.0,0.06,,-0.0037,-0.037,0.0084,https://cdn.cboe.com/api/global/delayed_quotes/options/QQQ.json,0.0003,0.0,-58707.43733399999,-58707.43733399999,0.0,-5.8707437333999986e-05,-5.8707437333999986e-05
QQQ,QQQ260522C00602000,2026-05-22,4,call,602.0,31.0,2.0,0.6178,0.0003,101.91,105.79,,0.9962,-0.0266,0.0086,https://cdn.cboe.com/api/global/delayed_quotes/options/QQQ.json,0.0003,4642.679993249999,0.0,4642.679993249999,4.642679993249999e-06,0.0,4.642679993249999e-06
QQQ,QQQ260522P00602000,2026-05-22,4,put,602.0,479.0,151.0,0.5768,0.0003,0.0,0.06,,-0.0038,-0.0376,0.0086,https://cdn.cboe.com/api/global/delayed_quotes/options/QQQ.json,0.0003,0.0,-71736.89408925,-71736.89408925,0.0,-7.173689408924999e-05,-7.173689408924999e-05
QQQ,QQQ260522C00603000,2026-05-22,4,call,603.0,98.0,5.0,0.6115,0.0003,100.91,104.79,,0.9961,-0.0273,0.0088,https://cdn.cboe.com/api/global/delayed_quotes/options/QQQ.json,0.0003,14676.859333499997,0.0,14676.859333499997,1.4676859333499997e-05,0.0,1.4676859333499997e-05
QQQ,QQQ260522P00603000,2026-05-22,4,put,603.0,318.0,10.0,0.5714,0.0003,0.0,0.06,,-0.0039,-0.0381,0.0088,https://cdn.cboe.com/api/global/delayed_quotes/options/QQQ.json,0.0003,0.0,-47624.910898499984,-47624.910898499984,0.0,-4.762491089849998e-05,-4.762491089849998e-05
QQQ,QQQ260522C00604000,2026-05-22,4,call,604.0,25.0,0.0,0.6051,0.0003,99.91,103.79,,0.996,-0.028,0.0089,https://cdn.cboe.com/api/global/delayed_quotes/options/QQQ.json,0.0003,3744.0967687499997,0.0,3744.0967687499997,3.74409676875e-06,0.0,3.74409676875e-06
QQQ,QQQ260522P00604000,2026-05-22,4,put,604.0,351.0,9.0,0.5659,0.0003,0.0,0.06,,-0.004,-0.0387,0.0089,https://cdn.cboe.com/api/global/delayed_quotes/options/QQQ.json,0.0003,0.0,-52567.11863324999,-52567.11863324999,0.0,-5.256711863324999e-05,-5.256711863324999e-05
QQQ,QQQ260522C00605000,2026-05-22,4,call,605.0,195.0,3.0,0.0,0.0003,98.85,102.6,,0.9959,-0.0287,0.0091,https://cdn.cboe.com/api/global/delayed_quotes/options/QQQ.json,0.0003,29203.954796249993,0.0,29203.954796249993,2.9203954796249993e-05,0.0,2.9203954796249993e-05
QQQ,QQQ260522P00605000,2026-05-22,4,put,605.0,1284.0,24.0,0.5605,0.0003,0.0,0.06,,-0.0041,-0.0393,0.0091,https://cdn.cboe.com/api/global/delayed_quotes/options/QQQ.json,0.0003,0.0,-192296.81004299995,-192296.81004299995,0.0,-0.00019229681004299994,-0.00019229681004299994
QQQ,QQQ260522C00606000,2026-05-22,4,call,606.0,60.0,1.0,0.5925,0.0003,97.91,101.79,,0.9958,-0.0294,0.0093,https://cdn.cboe.com/api/global/delayed_quotes/options/QQQ.json,0.0003,8985.832244999998,0.0,8985.832244999998,8.985832244999998e-06,0.0,8.985832244999998e-06
QQQ,QQQ260522P00606000,2026-05-22,4,put,606.0,560.0,62.0,0.5551,0.0003,0.02,0.06,,-0.0042,-0.0399,0.0093,https://cdn.cboe.com/api/global/delayed_quotes/options/QQQ.json,0.0003,0.0,-83867.76761999997,-83867.76761999997,0.0,-8.386776761999997e-05,-8.386776761999997e-05
QQQ,QQQ260522C00607000,2026-05-22,4,call,607.0,102.0,0.0,0.565,0.0003,96.86,100.79,,0.9957,-0.0301,0.0095,https://cdn.cboe.com/api/global/delayed_quotes/options/QQQ.json,0.0003,15275.914816499997,0.0,15275.914816499997,1.5275914816499997e-05,0.0,1.5275914816499997e-05
QQQ,QQQ260522P00607000,2026-05-22,4,put,607.0,389.0,13.0,0.5496,0.0003,0.0,0.06,,-0.0043,-0.0405,0.0095,https://cdn.cboe.com/api/global/delayed_quotes/options/QQQ.json,0.0003,0.0,-58258.145721749985,-58258.145721749985,0.0,-5.8258145721749985e-05,-5.8258145721749985e-05
QQQ,QQQ260522C00608000,2026-05-22,4,call,608.0,170.0,4.0,0.594,0.0003,95.94,99.8,,0.9956,-0.0309,0.0097,https://cdn.cboe.com/api/global/delayed_quotes/options/QQQ.json,0.0003,25459.858027499995,0.0,25459.858027499995,2.5459858027499994e-05,0.0,2.5459858027499994e-05
QQQ,QQQ260522P00608000,2026-05-22,4,put,608.0,512.0,12.0,0.5442,0.0003,0.02,0.06,,-0.0044,-0.0412,0.0097,https://cdn.cboe.com/api/global/delayed_quotes/options/QQQ.json,0.0003,0.0,-76679.10182399998,-76679.10182399998,0.0,-7.667910182399999e-05,-7.667910182399999e-05
QQQ,QQQ260522C00609000,2026-05-22,4,call,609.0,74.0,4.0,0.5877,0.0003,94.94,98.8,,0.9955,-0.0316,0.0099,https://cdn.cboe.com/api/global/delayed_quotes/options/QQQ.json,0.0003,11082.526435499996,0.0,11082.526435499996,1.1082526435499996e-05,0.0,1.1082526435499996e-05
QQQ,QQQ260522P00609000,2026-05-22,4,put,609.0,804.0,10.0,0.5388,0.0003,0.04,0.06,,-0.0045,-0.0418,0.0099,https://cdn.cboe.com/api/global/delayed_quotes/options/QQQ.json,0.0003,0.0,-120410.15208299996,-120410.15208299996,0.0,-0.00012041015208299997,-0.00012041015208299997
QQQ,QQQ260522C00610000,2026-05-22,4,call,610.0,437.0,4.0,0.5814,0.0003,93.94,97.8,,0.9954,-0.0324,0.0101,https://cdn.cboe.com/api/global/delayed_quotes/options/QQQ.json,0.0003,65446.811517749986,0.0,65446.811517749986,6.544681151774998e-05,0.0,6.544681151774998e-05
QQQ,QQQ260522P00610000,2026-05-22,4,put,610.0,3592.0,506.0,0.5334,0.0003,0.04,0.06,,-0.0046,-0.0425,0.0101,https://cdn.cboe.com/api/global/delayed_quotes/options/QQQ.json,0.0003,0.0,-537951.8237339999,-537951.8237339999,0.0,-0.0005379518237339999,-0.0005379518237339999
QQQ,QQQ260522C00611000,2026-05-22,4,call,611.0,84.0,5.0,0.0,0.0003,92.94,96.58,,0.9953,-0.0332,0.0103,https://cdn.cboe.com/api/global/delayed_quotes/options/QQQ.json,0.0003,12580.165142999995,0.0,12580.165142999995,1.2580165142999995e-05,0.0,1.2580165142999995e-05
QQQ,QQQ260522P00611000,2026-05-22,4,put,611.0,519.0,30.0,0.528,0.0003,0.04,0.06,,-0.0047,-0.0432,0.0104,https://cdn.cboe.com/api/global/delayed_quotes/options/QQQ.json,0.0003,0.0,-77727.44891924998,-77727.44891924998,0.0,-7.772744891924997e-05,-7.772744891924997e-05
QQQ,QQQ260522C00612000,2026-05-22,4,call,612.0,253.0,4.0,0.0,0.0004,91.94,95.58,,0.9952,-0.034,0.0106,https://cdn.cboe.com/api/global/delayed_quotes/options/QQQ.json,0.0004,50520.34573299999,0.0,50520.34573299999,5.0520345732999986e-05,0.0,5.0520345732999986e-05
QQQ,QQQ260522P00612000,2026-05-22,4,put,612.0,621.0,5.0,0.523,0.0004,0.04,0.07,,-0.0048,-0.0438,0.0106,https://cdn.cboe.com/api/global/delayed_quotes/options/QQQ.json,0.0004,0.0,-124004.48498099997,-124004.48498099997,0.0,-0.00012400448498099998,-0.00012400448498099998
QQQ,QQQ260522C00613000,2026-05-22,4,call,613.0,101.0,2.0,0.0,0.0004,90.94,94.58,,0.995,-0.0348,0.0108,https://cdn.cboe.com/api/global/delayed_quotes/options/QQQ.json,0.0004,20168.201261000002,0.0,20168.201261000002,2.0168201261000003e-05,0.0,2.0168201261000003e-05
QQQ,QQQ260522P00613000,2026-05-22,4,put,613.0,201.0,0.0,0.5225,0.0004,0.04,0.07,,-0.0049,-0.0446,0.0108,https://cdn.cboe.com/api/global/delayed_quotes/options/QQQ.json,0.0004,0.0,-40136.71736099999,-40136.71736099999,0.0,-4.0136717360999985e-05,-4.0136717360999985e-05
QQQ,QQQ260522C00614000,2026-05-22,4,call,614.0,126.0,2.0,0.0,0.0004,89.87,93.59,,0.9949,-0.0356,0.0111,https://cdn.cboe.com/api/global/delayed_quotes/options/QQQ.json,0.0004,25160.330285999993,0.0,25160.330285999993,2.5160330285999993e-05,0.0,2.5160330285999993e-05
QQQ,QQQ260522P00614000,2026-05-22,4,put,614.0,362.0,333.0,0.522,0.0004,0.0,0.07,,-0.0051,-0.0453,0.0111,https://cdn.cboe.com/api/global/delayed_quotes/options/QQQ.json,0.0004,0.0,-72286.02828199998,-72286.02828199998,0.0,-7.228602828199998e-05,-7.228602828199998e-05
QQQ,QQQ260522C00615000,2026-05-22,4,call,615.0,267.0,4.0,0.0,0.0004,88.87,92.58,,0.9948,-0.0365,0.0113,https://cdn.cboe.com/api/global/delayed_quotes/options/QQQ.json,0.0004,53315.93798699999,0.0,53315.93798699999,5.331593798699999e-05,0.0,5.331593798699999e-05
QQQ,QQQ260522P00615000,2026-05-22,4,put,615.0,875.0,36.0,0.5165,0.0004,0.0,0.07,,-0.0052,-0.0461,0.0113,https://cdn.cboe.com/api/global/delayed_quotes/options/QQQ.json,0.0004,0.0,-174724.51587499998,-174724.51587499998,0.0,-0.000174724515875,-0.000174724515875
QQQ,QQQ260522C00616000,2026-05-22,4,call,616.0,51.0,8.0,0.0,0.0004,87.87,91.6,,0.9947,-0.0374,0.0116,https://cdn.cboe.com/api/global/delayed_quotes/options/QQQ.json,0.0004,10183.943210999998,0.0,10183.943210999998,1.0183943210999998e-05,0.0,1.0183943210999998e-05
QQQ,QQQ260522P00616000,2026-05-22,4,put,616.0,409.0,110.0,0.511,0.0004,0.0,0.07,,-0.0053,-0.0469,0.0116,https://cdn.cboe.com/api/global/delayed_quotes/options/QQQ.json,0.0004,0.0,-81671.23084899999,-81671.23084899999,0.0,-8.167123084899999e-05,-8.167123084899999e-05
QQQ,QQQ260522C00617000,2026-05-22,4,call,617.0,47.0,3.0,0.516,0.0004,86.87,90.81,,0.9945,-0.0383,0.0118,https://cdn.cboe.com/api/global/delayed_quotes/options/QQQ.json,0.0004,9385.202566999998,0.0,9385.202566999998,9.385202567e-06,0.0,9.385202567e-06
QQQ,QQQ260522P00617000,2026-05-22,4,put,617.0,261.0,3.0,0.5056,0.0004,0.0,0.07,,-0.0054,-0.0477,0.0118,https://cdn.cboe.com/api/global/delayed_quotes/options/QQQ.json,0.0004,0.0,-52117.827021,-52117.827021,0.0,-5.2117827021e-05,-5.2117827021e-05
QQQ,QQQ260522C00618000,2026-05-22,4,call,618.0,108.0,1.0,0.5098,0.0004,85.87,89.81,,0.9944,-0.0392,0.0121,https://cdn.cboe.com/api/global/delayed_quotes/options/QQQ.json,0.0004,21565.997388,0.0,21565.997388,2.1565997388e-05,0.0,2.1565997388e-05
QQQ,QQQ260522P00618000,2026-05-22,4,put,618.0,252.0,3.0,0.5001,0.0004,0.0,0.07,,-0.0056,-0.0485,0.0121,https://cdn.cboe.com/api/global/delayed_quotes/options/QQQ.json,0.0004,0.0,-50320.660571999986,-50320.660571999986,0.0,-5.0320660571999985e-05,-5.0320660571999985e-05
QQQ,QQQ260522C00619000,2026-05-22,4,call,619.0,52.0,2.0,0.5076,0.0004,84.88,88.81,,0.9942,-0.0402,0.0124,https://cdn.cboe.com/api/global/delayed_quotes/options/QQQ.json,0.0004,10383.628372,0.0,10383.628372,1.0383628371999999e-05,0.0,1.0383628371999999e-05
QQQ,QQQ260522P00619000,2026-05-22,4,put,619.0,1131.0,5.0,0.4946,0.0004,0.05,0.07,,-0.0057,-0.0493,0.0124,https://cdn.cboe.com/api/global/delayed_quotes/options/QQQ.json,0.0004,0.0,-225843.91709099998,-225843.91709099998,0.0,-0.00022584391709099997,-0.00022584391709099997
QQQ,QQQ260522C00620000,2026-05-22,4,call,620.0,1569.0,24.0,0.5052,0.0004,83.88,87.82,,0.9941,-0.0412,0.0127,https://cdn.cboe.com/api/global/delayed_quotes/options/QQQ.json,0.0004,313306.017609,0.0,313306.017609,0.000313306017609,0.0,0.000313306017609
QQQ,QQQ260522P00620000,2026-05-22,4,put,620.0,10249.0,47.0,0.4892,0.0004,0.05,0.07,,-0.0059,-0.0502,0.0127,https://cdn.cboe.com/api/global/delayed_quotes/options/QQQ.json,0.0004,0.0,-2046573.2150889998,-2046573.2150889998,0.0,-0.002046573215089,-0.002046573215089
QQQ,QQQ260522C00621000,2026-05-22,4,call,621.0,29.0,123.0,0.4991,0.0005,82.88,86.82,,0.9939,-0.0422,0.013,https://cdn.cboe.com/api/global/delayed_quotes/options/QQQ.json,0.0005,7238.58708625,0.0,7238.58708625,7.23858708625e-06,0.0,7.23858708625e-06
QQQ,QQQ260522P00621000,2026-05-22,4,put,621.0,346.0,2.0,0.4881,0.0005,0.05,0.08,,-0.006,-0.0511,0.013,https://cdn.cboe.com/api/global/delayed_quotes/options/QQQ.json,0.0005,0.0,-86363.83213249999,-86363.83213249999,0.0,-8.636383213249999e-05,-8.636383213249999e-05
QQQ,QQQ260522C00622000,2026-05-22,4,call,622.0,39.0,0.0,0.4929,0.0005,81.88,85.82,,0.9938,-0.0432,0.0133,https://cdn.cboe.com/api/global/delayed_quotes/options/QQQ.json,0.0005,9734.651598749999,0.0,9734.651598749999,9.734651598749999e-06,0.0,9.734651598749999e-06
QQQ,QQQ260522P00622000,2026-05-22,4,put,622.0,572.0,35.0,0.4867,0.0005,0.0,0.08,,-0.0062,-0.0521,0.0133,https://cdn.cboe.com/api/global/delayed_quotes/options/QQQ.json,0.0005,0.0,-142774.890115,-142774.890115,0.0,-0.000142774890115,-0.000142774890115
QQQ,QQQ260522C00623000,2026-05-22,4,call,623.0,50.0,0.0,0.4791,0.0005,80.88,84.8,,0.9936,-0.0443,0.0136,https://cdn.cboe.com/api/global/delayed_quotes/options/QQQ.json,0.0005,12480.3225625,0.0,12480.3225625,1.24803225625e-05,0.0,1.24803225625e-05
QQQ,QQQ260522P00623000,2026-05-22,4,put,623.0,389.0,37.0,0.4811,0.0005,0.0,0.08,,-0.0064,-0.053,0.0136,https://cdn.cboe.com/api/global/delayed_quotes/options/QQQ.json,0.0005,0.0,-97096.90953624998,-97096.90953624998,0.0,-9.709690953624998e-05,-9.709690953624998e-05
QQQ,QQQ260522C00624000,2026-05-22,4,call,624.0,71.0,3.0,0.4842,0.0005,79.88,83.83,,0.9934,-0.0454,0.014,https://cdn.cboe.com/api/global/delayed_quotes/options/QQQ.json,0.0005,17722.058038749998,0.0,17722.058038749998,1.7722058038749998e-05,0.0,1.7722058038749998e-05
QQQ,QQQ260522P00624000,2026-05-22,4,put,624.0,304.0,108.0,0.4756,0.0005,0.02,0.08,,-0.0066,-0.054,0.014,https://cdn.cboe.com/api/global/delayed_quotes/options/QQQ.json,0.0005,0.0,-75880.36117999998,-75880.36117999998,0.0,-7.588036117999998e-05,-7.588036117999998e-05
QQQ,QQQ260522C00625000,2026-05-22,4,call,625.0,732.0,18.0,0.5073,0.0005,78.98,82.83,,0.9932,-0.0465,0.0143,https://cdn.cboe.com/api/global/delayed_quotes/options/QQQ.json,0.0005,182711.92231499997,0.0,182711.92231499997,0.000182711922315,0.0,0.000182711922315
QQQ,QQQ260522P00625000,2026-05-22,4,put,625.0,6687.0,515.0,0.4738,0.0005,0.07,0.08,,-0.0068,-0.0551,0.0143,https://cdn.cboe.com/api/global/delayed_quotes/options/QQQ.json,0.0005,0.0,-1669118.3395087498,-1669118.3395087498,0.0,-0.0016691183395087497,-0.0016691183395087497
QQQ,QQQ260522C00626000,2026-05-22,4,call,626.0,100.0,1.0,0.5011,0.0006,77.98,81.83,,0.993,-0.0477,0.0147,https://cdn.cboe.com/api/global/delayed_quotes/options/QQQ.json,0.0006,29952.774149999997,0.0,29952.774149999997,2.995277415e-05,0.0,2.995277415e-05
QQQ,QQQ260522P00626000,2026-05-22,4,put,626.0,711.0,39.0,0.4646,0.0006,0.06,0.08,,-0.0069,-0.0561,0.0147,https://cdn.cboe.com/api/global/delayed_quotes/options/QQQ.json,0.0006,0.0,-212964.22420649996,-212964.22420649996,0.0,-0.00021296422420649997,-0.00021296422420649997
QQQ,QQQ260522C00627000,2026-05-22,4,call,627.0,42.0,1.0,0.4948,0.0006,76.98,80.83,,0.9928,-0.0489,0.0151,https://cdn.cboe.com/api/global/delayed_quotes/options/QQQ.json,0.0006,12580.165142999995,0.0,12580.165142999995,1.2580165142999995e-05,0.0,1.2580165142999995e-05
QQQ,QQQ260522P00627000,2026-05-22,4,put,627.0,1152.0,18785.0,0.4595,0.0006,0.06,0.08,,-0.0071,-0.0572,0.015,https://cdn.cboe.com/api/global/delayed_quotes/options/QQQ.json,0.0006,0.0,-345055.95820799994,-345055.95820799994,0.0,-0.00034505595820799996,-0.00034505595820799996
QQQ,QQQ260522C00628000,2026-05-22,4,call,628.0,89.0,4.0,0.4886,0.0006,75.98,79.83,,0.9926,-0.0502,0.0155,https://cdn.cboe.com/api/global/delayed_quotes/options/QQQ.json,0.0006,26657.968993499995,0.0,26657.968993499995,2.6657968993499994e-05,0.0,2.6657968993499994e-05
QQQ,QQQ260522P00628000,2026-05-22,4,put,628.0,821.0,25.0,0.4607,0.0006,0.0,0.09,,-0.0074,-0.0584,0.0155,https://cdn.cboe.com/api/global/delayed_quotes/options/QQQ.json,0.0006,0.0,-245912.27577149996,-245912.27577149996,0.0,-0.00024591227577149997,-0.00024591227577149997
QQQ,QQQ260522C00629000,2026-05-22,4,call,629.0,227.0,2.0,0.4634,0.0006,74.9,78.84,,0.9924,-0.0515,0.0159,https://cdn.cboe.com/api/global/delayed_quotes/options/QQQ.json,0.0006,67992.79732049999,0.0,67992.79732049999,6.799279732049998e-05,0.0,6.799279732049998e-05
QQQ,QQQ260522P00629000,2026-05-22,4,put,629.0,321.0,6.0,0.4551,0.0006,0.07,0.09,,-0.0076,-0.0596,0.0159,https://cdn.cboe.com/api/global/delayed_quotes/options/QQQ.json,0.0006,0.0,-96148.40502149997,-96148.40502149997,0.0,-9.614840502149997e-05,-9.614840502149997e-05
QQQ,QQQ260522C00630000,2026-05-22,4,call,630.0,736.0,9.0,0.3918,0.0006,73.9,77.7,,0.9922,-0.0529,0.0163,https://cdn.cboe.com/api/global/delayed_quotes/options/QQQ.json,0.0006,220452.41774399998,0.0,220452.41774399998,0.00022045241774399998,0.0,0.00022045241774399998
QQQ,QQQ260522P00630000,2026-05-22,4,put,630.0,4765.0,744.0,0.4495,0.0006,0.07,0.09,,-0.0078,-0.0609,0.0163,https://cdn.cboe.com/api/global/delayed_quotes/options/QQQ.json,0.0006,0.0,-1427249.6882474998,-1427249.6882474998,0.0,-0.0014272496882474998,-0.0014272496882474998
QQQ,QQQ260522C00631000,2026-05-22,4,call,631.0,156.0,5.0,0.4542,0.0007,72.9,76.85,,0.9919,-0.0543,0.0168,https://cdn.cboe.com/api/global/delayed_quotes/options/QQQ.json,0.0007,54514.04895299999,0.0,54514.04895299999,5.451404895299999e-05,0.0,5.451404895299999e-05
QQQ,QQQ260522P00631000,2026-05-22,4,put,631.0,468.0,35.0,0.444,0.0007,0.07,0.09,,-0.008,-0.0622,0.0168,https://cdn.cboe.com/api/global/delayed_quotes/options/QQQ.json,0.0007,0.0,-163542.14685899994,-163542.14685899994,0.0,-0.00016354214685899995,-0.00016354214685899995
QQQ,QQQ260522C00632000,2026-05-22,4,call,632.0,563.0,5.0,0.4451,0.0007,71.9,75.84,,0.9917,-0.0558,0.0173,https://cdn.cboe.com/api/global/delayed_quotes/options/QQQ.json,0.0007,196739.80487524997,0.0,196739.80487524997,0.00019673980487524997,0.0,0.00019673980487524997
QQQ,QQQ260522P00632000,2026-05-22,4,put,632.0,212.0,23.0,0.4388,0.0007,0.07,0.1,,-0.0083,-0.0635,0.0173,https://cdn.cboe.com/api/global/delayed_quotes/options/QQQ.json,0.0007,0.0,-74083.19473099998,-74083.19473099998,0.0,-7.408319473099998e-05,-7.408319473099998e-05
QQQ,QQQ260522C00633000,2026-05-22,4,call,633.0,138.0,0.0,0.4419,0.0007,70.91,74.84,,0.9914,-0.0574,0.0178,https://cdn.cboe.com/api/global/delayed_quotes/options/QQQ.json,0.0007,48223.966381499995,0.0,48223.966381499995,4.822396638149999e-05,0.0,4.822396638149999e-05
QQQ,QQQ260522P00633000,2026-05-22,4,put,633.0,422.0,5.0,0.4391,0.0007,0.0,0.1,,-0.0086,-0.0651,0.0178,https://cdn.cboe.com/api/global/delayed_quotes/options/QQQ.json,0.0007,0.0,-147467.49139849996,-147467.49139849996,0.0,-0.00014746749139849996,-0.00014746749139849996
QQQ,QQQ260522C00634000,2026-05-22,4,call,634.0,128.0,6.0,0.0,0.0007,69.91,73.62,,0.9911,-0.059,0.0183,https://cdn.cboe.com/api/global/delayed_quotes/options/QQQ.json,0.0007,44729.47606399999,0.0,44729.47606399999,4.472947606399999e-05,0.0,4.472947606399999e-05
QQQ,QQQ260522P00634000,2026-05-22,4,put,634.0,308.0,7.0,0.4334,0.0007,0.0,0.3,,-0.0089,-0.0666,0.0183,https://cdn.cboe.com/api/global/delayed_quotes/options/QQQ.json,0.0007,0.0,-107630.30177899997,-107630.30177899997,0.0,-0.00010763030177899997,-0.00010763030177899997
QQQ,QQQ260522C00635000,2026-05-22,4,call,635.0,403.0,53.0,0.4326,0.0008,68.91,72.85,,0.9908,-0.0607,0.0188,https://cdn.cboe.com/api/global/delayed_quotes/options/QQQ.json,0.0008,160946.23976599998,0.0,160946.23976599998,0.000160946239766,0.0,0.000160946239766
QQQ,QQQ260522P00635000,2026-05-22,4,put,635.0,3182.0,73.0,0.4278,0.0008,0.0,0.1,,-0.0092,-0.0683,0.0189,https://cdn.cboe.com/api/global/delayed_quotes/options/QQQ.json,0.0008,0.0,-1270796.3646039998,-1270796.3646039998,0.0,-0.0012707963646039998,-0.0012707963646039998
QQQ,QQQ260522C00636000,2026-05-22,4,call,636.0,80.0,54.0,0.4292,0.0008,67.91,71.86,,0.9905,-0.0626,0.0194,https://cdn.cboe.com/api/global/delayed_quotes/options/QQQ.json,0.0008,31949.625759999995,0.0,31949.625759999995,3.194962576e-05,0.0,3.194962576e-05
QQQ,QQQ260522P00636000,2026-05-22,4,put,636.0,427.0,69.0,0.4225,0.0008,0.08,0.11,,-0.0095,-0.0699,0.0194,https://cdn.cboe.com/api/global/delayed_quotes/options/QQQ.json,0.0008,0.0,-170531.127494,-170531.127494,0.0,-0.00017053112749399997,-0.00017053112749399997
QQQ,QQQ260522C00637000,2026-05-22,4,call,637.0,147.0,2.0,0.4281,0.0008,66.92,70.87,,0.9902,-0.0645,0.02,https://cdn.cboe.com/api/global/delayed_quotes/options/QQQ.json,0.0008,58707.437333999995,0.0,58707.437333999995,5.870743733399999e-05,0.0,5.870743733399999e-05
QQQ,QQQ260522P00637000,2026-05-22,4,put,637.0,546.0,9.0,0.4221,0.0008,0.09,0.11,,-0.0098,-0.0718,0.0201,https://cdn.cboe.com/api/global/delayed_quotes/options/QQQ.json,0.0008,0.0,-218056.19581199996,-218056.19581199996,0.0,-0.00021805619581199997,-0.00021805619581199997
QQQ,QQQ260522C00638000,2026-05-22,4,call,638.0,118.0,2.0,0.422,0.0009,65.92,69.87,,0.9898,-0.0665,0.0207,https://cdn.cboe.com/api/global/delayed_quotes/options/QQQ.json,0.0009,53016.410245499996,0.0,53016.410245499996,5.3016410245499994e-05,0.0,5.3016410245499994e-05
QQQ,QQQ260522P00638000,2026-05-22,4,put,638.0,371.0,20.0,0.4164,0.0009,0.09,0.31,,-0.0102,-0.0738,0.0207,https://cdn.cboe.com/api/global/delayed_quotes/options/QQQ.json,0.0009,0.0,-166687.18814475,-166687.18814475,0.0,-0.00016668718814475,-0.00016668718814475
QQQ,QQQ260522C00639000,2026-05-22,4,call,639.0,84.0,0.0,0.4183,0.0009,64.93,68.87,,0.9894,-0.0687,0.0214,https://cdn.cboe.com/api/global/delayed_quotes/options/QQQ.json,0.0009,37740.495428999995,0.0,37740.495428999995,3.7740495429e-05,0.0,3.7740495429e-05
QQQ,QQQ260522P00639000,2026-05-22,4,put,639.0,1120.0,84.0,0.4111,0.0009,0.0,0.12,,-0.0106,-0.0757,0.0214,https://cdn.cboe.com/api/global/delayed_quotes/options/QQQ.json,0.0009,0.0,-503206.6057199999,-503206.6057199999,0.0,-0.0005032066057199998,-0.0005032066057199998
QQQ,QQQ260522C00640000,2026-05-22,4,call,640.0,860.0,42.0,0.368,0.001,63.85,67.74,,0.989,-0.071,0.0221,https://cdn.cboe.com/api/global/delayed_quotes/options/QQQ.json,0.001,429323.09614999994,0.0,429323.09614999994,0.0004293230961499999,0.0,0.0004293230961499999
QQQ,QQQ260522P00640000,2026-05-22,4,put,640.0,3984.0,181.0,0.41,0.001,0.05,0.12,,-0.011,-0.078,0.0221,https://cdn.cboe.com/api/global/delayed_quotes/options/QQQ.json,0.001,0.0,-1988864.2035599996,-1988864.2035599996,0.0,-0.0019888642035599995,-0.0019888642035599995
QQQ,QQQ260522C00641000,2026-05-22,4,call,641.0,117.0,91.0,0.0,0.001,62.79,66.41,,0.9886,-0.0734,0.0229,https://cdn.cboe.com/api/global/delayed_quotes/options/QQQ.json,0.001,58407.90959249999,0.0,58407.90959249999,5.840790959249999e-05,0.0,5.840790959249999e-05
QQQ,QQQ260522P00641000,2026-05-22,4,put,641.0,386.0,219.0,0.4042,0.001,0.1,0.12,,-0.0114,-0.0804,0.0229,https://cdn.cboe.com/api/global/delayed_quotes/options/QQQ.json,0.001,0.0,-192696.18036499995,-192696.18036499995,0.0,-0.00019269618036499994,-0.00019269618036499994
QQQ,QQQ260522C00642000,2026-05-22,4,call,642.0,182.0,0.0,0.372,0.001,62.04,65.66,,0.9881,-0.0761,0.0237,https://cdn.cboe.com/api/global/delayed_quotes/options/QQQ.json,0.001,90856.74825499998,0.0,90856.74825499998,9.085674825499998e-05,0.0,9.085674825499998e-05
QQQ,QQQ260522P00642000,2026-05-22,4,put,642.0,1600.0,125.0,0.4008,0.001,0.1,0.13,,-0.0119,-0.0829,0.0237,https://cdn.cboe.com/api/global/delayed_quotes/options/QQQ.json,0.001,0.0,-798740.644,-798740.644,0.0,-0.000798740644,-0.000798740644
QQQ,QQQ260522C00643000,2026-05-22,4,call,643.0,113.0,22.0,0.4026,0.0011,60.95,64.89,,0.9876,-0.0788,0.0246,https://cdn.cboe.com/api/global/delayed_quotes/options/QQQ.json,0.0011,62052.16378075,0.0,62052.16378075,6.205216378075e-05,0.0,6.205216378075e-05
QQQ,QQQ260522P00643000,2026-05-22,4,put,643.0,276.0,260.0,0.3973,0.0011,0.0,0.13,,-0.0124,-0.0856,0.0246,https://cdn.cboe.com/api/global/delayed_quotes/options/QQQ.json,0.0011,0.0,-151561.03719899998,-151561.03719899998,0.0,-0.000151561037199,-0.000151561037199
QQQ,QQQ260522C00644000,2026-05-22,4,call,644.0,151.0,0.0,0.4164,0.0011,60.06,63.89,,0.987,-0.0818,0.0255,https://cdn.cboe.com/api/global/delayed_quotes/options/QQQ.json,0.0011,82919.26310524998,0.0,82919.26310524998,8.291926310524997e-05,0.0,8.291926310524997e-05
QQQ,QQQ260522P00644000,2026-05-22,4,put,644.0,429.0,84.0,0.3915,0.0011,0.11,0.14,,-0.013,-0.0885,0.0255,https://cdn.cboe.com/api/global/delayed_quotes/options/QQQ.json,0.0011,0.0,-235578.56868974998,-235578.56868974998,0.0,-0.00023557856868974998,-0.00023557856868974998
QQQ,QQQ260522C00645000,2026-05-22,4,call,645.0,2068.0,14.0,0.4068,0.0012,59.03,62.9,,0.9864,-0.085,0.0265,https://cdn.cboe.com/api/global/delayed_quotes/options/QQQ.json,0.0012,1238846.7388439996,0.0,1238846.7388439996,0.0012388467388439995,0.0,0.0012388467388439995
QQQ,QQQ260522P00645000,2026-05-22,4,put,645.0,1215.0,250.0,0.3899,0.0012,0.06,0.34,,-0.0136,-0.0916,0.0265,https://cdn.cboe.com/api/global/delayed_quotes/options/QQQ.json,0.0012,0.0,-727852.4118449998,-727852.4118449998,0.0,-0.0007278524118449998,-0.0007278524118449998
QQQ,QQQ260522C00646000,2026-05-22,4,call,646.0,222.0,3.0,0.3841,0.0012,57.96,61.88,,0.9858,-0.0885,0.0276,https://cdn.cboe.com/api/global/delayed_quotes/options/QQQ.json,0.0012,132990.31722599996,0.0,132990.31722599996,0.00013299031722599996,0.0,0.00013299031722599996
QQQ,QQQ260522P00646000,2026-05-22,4,put,646.0,372.0,196.0,0.3841,0.0012,0.12,0.14,,-0.0142,-0.0949,0.0276,https://cdn.cboe.com/api/global/delayed_quotes/options/QQQ.json,0.0012,0.0,-222848.63967599993,-222848.63967599993,0.0,-0.00022284863967599993,-0.00022284863967599993
QQQ,QQQ260522C00647000,2026-05-22,4,call,647.0,956.0,11.0,0.2947,0.0013,57.08,60.53,,0.9851,-0.0922,0.0287,https://cdn.cboe.com/api/global/delayed_quotes/options/QQQ.json,0.0013,620421.7952269998,0.0,620421.7952269998,0.0006204217952269998,0.0,0.0006204217952269998
QQQ,QQQ260522P00647000,2026-05-22,4,put,647.0,504.0,551.0,0.3821,0.0013,0.0,0.15,,-0.0149,-0.0985,0.0288,https://cdn.cboe.com/api/global/delayed_quotes/options/QQQ.json,0.0013,0.0,-327084.2937179999,-327084.2937179999,0.0,-0.0003270842937179999,-0.0003270842937179999
QQQ,QQQ260522C00648000,2026-05-22,4,call,648.0,431.0,0.0,0.3292,0.0014,55.98,59.7,,0.9844,-0.0961,0.0299,https://cdn.cboe.com/api/global/delayed_quotes/options/QQQ.json,0.0014,301225.0653685,0.0,301225.0653685,0.0003012250653685,0.0,0.0003012250653685
QQQ,QQQ260522P00648000,2026-05-22,4,put,648.0,400.0,204.0,0.3785,0.0014,0.12,0.16,,-0.0156,-0.1021,0.0299,https://cdn.cboe.com/api/global/delayed_quotes/options/QQQ.json,0.0014,0.0,-279559.22539999994,-279559.22539999994,0.0,-0.00027955922539999996,-0.00027955922539999996
QQQ,QQQ260522C00649000,2026-05-22,4,call,649.0,245.0,1.0,0.4018,0.0014,55.15,58.92,,0.9836,-0.1004,0.0312,https://cdn.cboe.com/api/global/delayed_quotes/options/QQQ.json,0.0014,171230.02555749993,0.0,171230.02555749993,0.00017123002555749994,0.0,0.00017123002555749994
QQQ,QQQ260522P00649000,2026-05-22,4,put,649.0,726.0,339.0,0.374,0.0015,0.0,0.17,,-0.0164,-0.1066,0.0312,https://cdn.cboe.com/api/global/delayed_quotes/options/QQQ.json,0.0015,0.0,-543642.8508224998,-543642.8508224998,0.0,-0.0005436428508224998,-0.0005436428508224998
QQQ,QQQ260522C00650000,2026-05-22,4,call,650.0,1110.0,17.0,0.3279,0.0015,53.99,57.72,,0.9828,-0.105,0.0326,https://cdn.cboe.com/api/global/delayed_quotes/options/QQQ.json,0.0015,831189.4826624999,0.0,831189.4826624999,0.0008311894826624999,0.0,0.0008311894826624999
QQQ,QQQ260522P00650000,2026-05-22,4,put,650.0,4942.0,2460.0,0.3714,0.0015,0.0,0.17,,-0.0173,-0.1111,0.0326,https://cdn.cboe.com/api/global/delayed_quotes/options/QQQ.json,0.0015,0.0,-3700665.2462324994,-3700665.2462324994,0.0,-0.0037006652462324994,-0.0037006652462324994
QQQ,QQQ260522C00651000,2026-05-22,4,call,651.0,309.0,1.0,0.3707,0.0016,53.0,56.94,,0.9818,-0.1099,0.0341,https://cdn.cboe.com/api/global/delayed_quotes/options/QQQ.json,0.0016,246810.85899599997,0.0,246810.85899599997,0.00024681085899599996,0.0,0.00024681085899599996
QQQ,QQQ260522P00651000,2026-05-22,4,put,651.0,784.0,50.0,0.3687,0.0016,0.08,0.18,,-0.0182,-0.1159,0.0341,https://cdn.cboe.com/api/global/delayed_quotes/options/QQQ.json,0.0016,0.0,-626212.664896,-626212.664896,0.0,-0.0006262126648959999,-0.0006262126648959999
QQQ,QQQ260522C00652000,2026-05-22,4,call,652.0,139.0,2.0,0.3837,0.0017,52.13,55.95,,0.9808,-0.1152,0.0356,https://cdn.cboe.com/api/global/delayed_quotes/options/QQQ.json,0.0017,117964.00886074998,0.0,117964.00886074998,0.00011796400886074998,0.0,0.00011796400886074998
QQQ,QQQ260522P00652000,2026-05-22,4,put,652.0,756.0,402.0,0.3657,0.0017,0.0,0.19,,-0.0192,-0.1211,0.0357,https://cdn.cboe.com/api/global/delayed_quotes/options/QQQ.json,0.0017,0.0,-641588.4222929998,-641588.4222929998,0.0,-0.0006415884222929998,-0.0006415884222929998
QQQ,QQQ260522C00653000,2026-05-22,4,call,653.0,275.0,11.0,0.3668,0.0018,51.03,54.97,,0.9797,-0.121,0.0374,https://cdn.cboe.com/api/global/delayed_quotes/options/QQQ.json,0.0018,247110.38673749994,0.0,247110.38673749994,0.0002471103867374999,0.0,0.0002471103867374999
QQQ,QQQ260522P00653000,2026-05-22,4,put,653.0,608.0,216.0,0.3612,0.0018,0.17,0.2,,-0.0203,-0.1268,0.0374,https://cdn.cboe.com/api/global/delayed_quotes/options/QQQ.json,0.0018,0.0,-546338.6004959999,-546338.6004959999,0.0,-0.0005463386004959999,-0.0005463386004959999
QQQ,QQQ260522C00654000,2026-05-22,4,call,654.0,238.0,10.0,0.3755,0.0019,50.15,53.97,,0.9786,-0.1271,0.0392,https://cdn.cboe.com/api/global/delayed_quotes/options/QQQ.json,0.0019,225744.07451049995,0.0,225744.07451049995,0.00022574407451049996,0.0,0.00022574407451049996
QQQ,QQQ260522P00654000,2026-05-22,4,put,654.0,1347.0,116.0,0.3593,0.0019,0.09,0.21,,-0.0215,-0.1329,0.0393,https://cdn.cboe.com/api/global/delayed_quotes/options/QQQ.json,0.0019,0.0,-1277635.5813682496,-1277635.5813682496,0.0,-0.0012776355813682496,-0.0012776355813682496
QQQ,QQQ260522C00655000,2026-05-22,4,call,655.0,1689.0,23.0,0.3678,0.002,49.5,52.61,,0.9773,-0.1338,0.0412,https://cdn.cboe.com/api/global/delayed_quotes/options/QQQ.json,0.002,1686341.184645,0.0,1686341.184645,0.0016863411846449999,0.0,0.0016863411846449999
QQQ,QQQ260522P00655000,2026-05-22,4,put,655.0,4216.0,1228.0,0.3558,0.002,0.15,0.22,,-0.0228,-0.1394,0.0412,https://cdn.cboe.com/api/global/delayed_quotes/options/QQQ.json,0.002,0.0,-4209363.193879999,-4209363.193879999,0.0,-0.0042093631938799995,-0.0042093631938799995
QQQ,QQQ260522C00656000,2026-05-22,4,call,656.0,310.0,2.0,0.3554,0.0021,48.06,52.0,,0.9759,-0.1409,0.0433,https://cdn.cboe.com/api/global/delayed_quotes/options/QQQ.json,0.0021,324987.59952749993,0.0,324987.59952749993,0.0003249875995274999,0.0,0.0003249875995274999
QQQ,QQQ260522P00656000,2026-05-22,4,put,656.0,769.0,263.0,0.3522,0.0022,0.11,0.24,,-0.0242,-0.1465,0.0433,https://cdn.cboe.com/api/global/delayed_quotes/options/QQQ.json,0.0022,0.0,-844568.3884495,-844568.3884495,0.0,-0.0008445683884495,-0.0008445683884495
QQQ,QQQ260522C00657000,2026-05-22,4,call,657.0,325.0,134.0,0.3548,0.0023,47.08,51.03,,0.9744,-0.1486,0.0455,https://cdn.cboe.com/api/global/delayed_quotes/options/QQQ.json,0.0023,373161.6446187499,0.0,373161.6446187499,0.0003731616446187499,0.0,0.0003731616446187499
QQQ,QQQ260522P00657000,2026-05-22,4,put,657.0,920.0,321.0,0.3508,0.0023,0.04,0.25,,-0.0257,-0.1541,0.0455,https://cdn.cboe.com/api/global/delayed_quotes/options/QQQ.json,0.0023,0.0,-1056334.5016899998,-1056334.5016899998,0.0,-0.0010563345016899998,-0.0010563345016899998
QQQ,QQQ260522C00658000,2026-05-22,4,call,658.0,447.0,2.0,0.3296,0.0024,46.13,49.83,,0.9728,-0.1568,0.0478,https://cdn.cboe.com/api/global/delayed_quotes/options/QQQ.json,0.0024,535555.6018019998,0.0,535555.6018019998,0.0005355556018019999,0.0,0.0005355556018019999
QQQ,QQQ260522P00658000,2026-05-22,4,put,658.0,504.0,56.0,0.348,0.0024,0.05,0.27,,-0.0273,-0.1623,0.0479,https://cdn.cboe.com/api/global/delayed_quotes/options/QQQ.json,0.0024,0.0,-603847.9268639998,-603847.9268639998,0.0,-0.0006038479268639999,-0.0006038479268639999
QQQ,QQQ260522C00659000,2026-05-22,4,call,659.0,240.0,0.0,0.3492,0.0026,45.12,49.06,,0.971,-0.1656,0.0503,https://cdn.cboe.com/api/global/delayed_quotes/options/QQQ.json,0.0026,311508.85115999996,0.0,311508.85115999996,0.00031150885115999996,0.0,0.00031150885115999996
QQQ,QQQ260522P00659000,2026-05-22,4,put,659.0,890.0,684.0,0.3449,0.0026,0.07,0.31,,-0.0291,-0.171,0.0505,https://cdn.cboe.com/api/global/delayed_quotes/options/QQQ.json,0.0026,0.0,-1155178.6563849999,-1155178.6563849999,0.0,-0.001155178656385,-0.001155178656385
QQQ,QQQ260522C00660000,2026-05-22,4,call,660.0,2159.0,149.0,0.3465,0.0027,44.14,48.08,,0.9691,-0.1751,0.053,https://cdn.cboe.com/api/global/delayed_quotes/options/QQQ.json,0.0027,2910061.772543249,0.0,2910061.772543249,0.0029100617725432492,0.0,0.0029100617725432492
QQQ,QQQ260522P00660000,2026-05-22,4,put,660.0,55816.0,17866.0,0.3426,0.0027,0.28,0.33,,-0.031,-0.1805,0.0532,https://cdn.cboe.com/api/global/delayed_quotes/options/QQQ.json,0.0027,0.0,-75232981.888038,-75232981.888038,0.0,-0.075232981888038,-0.075232981888038
QQQ,QQQ260522C00661000,2026-05-22,4,call,661.0,241.0,1.0,0.3436,0.0029,43.16,47.1,,0.967,-0.1853,0.056,https://cdn.cboe.com/api/global/delayed_quotes/options/QQQ.json,0.0029,348899.89755725,0.0,348899.89755725,0.00034889989755725,0.0,0.00034889989755725
QQQ,QQQ260522P00661000,2026-05-22,4,put,661.0,516.0,224.0,0.341,0.0029,0.15,0.33,,-0.0331,-0.1906,0.0561,https://cdn.cboe.com/api/global/delayed_quotes/options/QQQ.json,0.0029,0.0,-747022.1873009998,-747022.1873009998,0.0,-0.0007470221873009998,-0.0007470221873009998
QQQ,QQQ260522C00662000,2026-05-22,4,call,662.0,333.0,16.0,0.3405,0.0031,42.18,46.12,,0.9648,-0.1961,0.059,https://cdn.cboe.com/api/global/delayed_quotes/options/QQQ.json,0.0031,515337.47925075,0.0,515337.47925075,0.00051533747925075,0.0,0.00051533747925075
QQQ,QQQ260522P00662000,2026-05-22,4,put,662.0,2210.0,123.0,0.3381,0.0031,0.14,0.35,,-0.0353,-0.2014,0.0591,https://cdn.cboe.com/api/global/delayed_quotes/options/QQQ.json,0.0031,0.0,-3420107.5950274994,-3420107.5950274994,0.0,-0.0034201075950274994,-0.0034201075950274994
QQQ,QQQ260522C00663000,2026-05-22,4,call,663.0,837.0,101.0,0.3389,0.0033,41.21,45.15,,0.9624,-0.2077,0.0623,https://cdn.cboe.com/api/global/delayed_quotes/options/QQQ.json,0.0033,1378875.9579952497,0.0,1378875.9579952497,0.0013788759579952496,0.0,0.0013788759579952496
QQQ,QQQ260522P00663000,2026-05-22,4,put,663.0,664.0,618.0,0.3358,0.0033,0.28,0.55,,-0.0377,-0.2129,0.0624,https://cdn.cboe.com/api/global/delayed_quotes/options/QQQ.json,0.0033,0.0,-1093875.3119579996,-1093875.3119579996,0.0,-0.0010938753119579996,-0.0010938753119579996
QQQ,QQQ260522C00664000,2026-05-22,4,call,664.0,310.0,28.0,0.3208,0.0035,40.26,43.97,,0.9598,-0.22,0.0657,https://cdn.cboe.com/api/global/delayed_quotes/options/QQQ.json,0.0035,541645.9992124999,0.0,541645.9992124999,0.0005416459992125,0.0,0.0005416459992125
QQQ,QQQ260522P00664000,2026-05-22,4,put,664.0,1110.0,221.0,0.3341,0.0035,0.19,0.43,,-0.0403,-0.2252,0.0659,https://cdn.cboe.com/api/global/delayed_quotes/options/QQQ.json,0.0035,0.0,-1939442.1262124998,-1939442.1262124998,0.0,-0.0019394421262124999,-0.0019394421262124999
QQQ,QQQ260522C00665000,2026-05-22,4,call,665.0,945.0,36.0,0.3424,0.0037,39.38,43.21,,0.957,-0.2331,0.0693,https://cdn.cboe.com/api/global/delayed_quotes/options/QQQ.json,0.0037,1745497.9135912498,0.0,1745497.9135912498,0.00174549791359125,0.0,0.00174549791359125
QQQ,QQQ260522P00665000,2026-05-22,4,put,665.0,9111.0,2142.0,0.332,0.0037,0.32,0.46,,-0.0431,-0.2382,0.0695,https://cdn.cboe.com/api/global/delayed_quotes/options/QQQ.json,0.0037,0.0,-16828816.39230675,-16828816.39230675,0.0,-0.01682881639230675,-0.01682881639230675
QQQ,QQQ260522C00666000,2026-05-22,4,call,666.0,170.0,82.0,0.3318,0.0039,38.3,42.24,,0.954,-0.247,0.0731,https://cdn.cboe.com/api/global/delayed_quotes/options/QQQ.json,0.0039,330978.1543574999,0.0,330978.1543574999,0.00033097815435749993,0.0,0.00033097815435749993
QQQ,QQQ260522P00666000,2026-05-22,4,put,666.0,817.0,900.0,0.3302,0.0039,0.26,0.47,,-0.0462,-0.2522,0.0734,https://cdn.cboe.com/api/global/delayed_quotes/options/QQQ.json,0.0039,0.0,-1590642.0712357499,-1590642.0712357499,0.0,-0.00159064207123575,-0.00159064207123575
QQQ,QQQ260522C00667000,2026-05-22,4,call,667.0,229.0,66.0,0.3931,0.0042,38.72,41.08,,0.9507,-0.2618,0.0772,https://cdn.cboe.com/api/global/delayed_quotes/options/QQQ.json,0.0042,480142.9696244999,0.0,480142.9696244999,0.0004801429696244999,0.0,0.0004801429696244999
QQQ,QQQ260522P00667000,2026-05-22,4,put,667.0,669.0,634.0,0.3282,0.0042,0.29,0.64,,-0.0494,-0.267,0.0774,https://cdn.cboe.com/api/global/delayed_quotes/options/QQQ.json,0.0042,0.0,-1402688.4134444997,-1402688.4134444997,0.0,-0.0014026884134444998,-0.0014026884134444998
QQQ,QQQ260522C00668000,2026-05-22,4,call,668.0,326.0,109.0,0.347,0.0044,37.74,39.28,,0.9472,-0.2774,0.0815,https://cdn.cboe.com/api/global/delayed_quotes/options/QQQ.json,0.0044,716070.9873459999,0.0,716070.9873459999,0.000716070987346,0.0,0.000716070987346
QQQ,QQQ260522P00668000,2026-05-22,4,put,668.0,541.0,683.0,0.3263,0.0045,0.33,0.7,,-0.0529,-0.2826,0.0817,https://cdn.cboe.com/api/global/delayed_quotes/options/QQQ.json,0.0045,0.0,-1215333.8111362497,-1215333.8111362497,0.0,-0.0012153338111362496,-0.0012153338111362496
QQQ,QQQ260522C00669000,2026-05-22,4,call,669.0,265.0,78.0,0.3469,0.0047,36.84,38.32,,0.9435,-0.2939,0.086,https://cdn.cboe.com/api/global/delayed_quotes/options/QQQ.json,0.0047,621769.6700637499,0.0,621769.6700637499,0.0006217696700637499,0.0,0.0006217696700637499
QQQ,QQQ260522P00669000,2026-05-22,4,put,669.0,576.0,1159.0,0.3242,0.0047,0.38,0.59,,-0.0567,-0.299,0.0862,https://cdn.cboe.com/api/global/delayed_quotes/options/QQQ.json,0.0047,0.0,-1351469.169648,-1351469.169648,0.0,-0.001351469169648,-0.001351469169648
QQQ,QQQ260522C00670000,2026-05-22,4,call,670.0,1791.0,138.0,0.3398,0.005,35.8,37.37,,0.9395,-0.3113,0.0906,https://cdn.cboe.com/api/global/delayed_quotes/options/QQQ.json,0.005,4470451.541887499,0.0,4470451.541887499,0.0044704515418875,0.0,0.0044704515418875
QQQ,QQQ260522P00670000,2026-05-22,4,put,670.0,6765.0,5738.0,0.3222,0.005,0.43,0.63,,-0.0608,-0.3164,0.091,https://cdn.cboe.com/api/global/delayed_quotes/options/QQQ.json,0.005,0.0,-16885876.4270625,-16885876.4270625,0.0,-0.0168858764270625,-0.0168858764270625
QQQ,QQQ260522C00671000,2026-05-22,4,call,671.0,175.0,43.0,0.3475,0.0053,34.9,36.59,,0.9352,-0.3295,0.0955,https://cdn.cboe.com/api/global/delayed_quotes/options/QQQ.json,0.0053,463019.9670687499,0.0,463019.9670687499,0.0004630199670687499,0.0,0.0004630199670687499
QQQ,QQQ260522P00671000,2026-05-22,4,put,671.0,810.0,483.0,0.3204,0.0053,0.48,0.7,,-0.0651,-0.3348,0.0959,https://cdn.cboe.com/api/global/delayed_quotes/options/QQQ.json,0.0053,0.0,-2143120.9904325,-2143120.9904325,0.0,-0.0021431209904325,-0.0021431209904325
QQQ,QQQ260522C00672000,2026-05-22,4,call,672.0,243.0,72.0,0.3369,0.0056,33.99,35.44,,0.9306,-0.3487,0.1007,https://cdn.cboe.com/api/global/delayed_quotes/options/QQQ.json,0.0056,679328.9177219999,0.0,679328.9177219999,0.0006793289177219999,0.0,0.0006793289177219999
QQQ,QQQ260522P00672000,2026-05-22,4,put,672.0,1586.0,2129.0,0.3183,0.0057,0.53,0.89,,-0.0698,-0.354,0.101,https://cdn.cboe.com/api/global/delayed_quotes/options/QQQ.json,0.0057,0.0,-4512984.4811805,-4512984.4811805,0.0,-0.0045129844811805,-0.0045129844811805
QQQ,QQQ260522C00673000,2026-05-22,4,call,673.0,297.0,55.0,0.3249,0.006,33.08,34.26,,0.9256,-0.3687,0.1061,https://cdn.cboe.com/api/global/delayed_quotes/options/QQQ.json,0.006,889597.3922549997,0.0,889597.3922549997,0.0008895973922549997,0.0,0.0008895973922549997
QQQ,QQQ260522P00673000,2026-05-22,4,put,673.0,730.0,525.0,0.3167,0.006,0.58,0.81,,-0.0747,-0.3741,0.1064,https://cdn.cboe.com/api/global/delayed_quotes/options/QQQ.json,0.006,0.0,-2186552.5129499994,-2186552.5129499994,0.0,-0.0021865525129499993,-0.0021865525129499993
QQQ,QQQ260522C00674000,2026-05-22,4,call,674.0,311.0,85.0,0.3315,0.0063,32.13,33.54,,0.9204,-0.3896,0.1117,https://cdn.cboe.com/api/global/delayed_quotes/options/QQQ.json,0.0063,978107.83986825,0.0,978107.83986825,0.00097810783986825,0.0,0.00097810783986825
QQQ,QQQ260522P00674000,2026-05-22,4,put,674.0,625.0,643.0,0.3147,0.0064,0.64,1.0,,-0.08,-0.395,0.112,https://cdn.cboe.com/api/global/delayed_quotes/options/QQQ.json,0.0064,0.0,-1996851.6099999996,-1996851.6099999996,0.0,-0.0019968516099999997,-0.0019968516099999997
QQQ,QQQ260522C00675000,2026-05-22,4,call,675.0,3908.0,134.0,0.3296,0.0067,31.21,32.61,,0.9147,-0.4113,0.1174,https://cdn.cboe.com/api/global/delayed_quotes/options/QQQ.json,0.0067,13071190.953898998,0.0,13071190.953898998,0.013071190953898998,0.0,0.013071190953898998
QQQ,QQQ260522P00675000,2026-05-22,4,put,675.0,9446.0,4228.0,0.3123,0.0068,0.88,1.0,,-0.0857,-0.4168,0.118,https://cdn.cboe.com/api/global/delayed_quotes/options/QQQ.json,0.0068,0.0,-32065842.523701992,-32065842.523701992,0.0,-0.03206584252370199,-0.03206584252370199
QQQ,QQQ260522C00676000,2026-05-22,4,call,676.0,292.0,74.0,0.3273,0.0071,30.26,31.71,,0.9088,-0.4339,0.1234,https://cdn.cboe.com/api/global/delayed_quotes/options/QQQ.json,0.0071,1034968.1894629999,0.0,1034968.1894629999,0.001034968189463,0.0,0.001034968189463
QQQ,QQQ260522P00676000,2026-05-22,4,put,676.0,859.0,876.0,0.3104,0.0071,0.95,1.18,,-0.0917,-0.4396,0.1238,https://cdn.cboe.com/api/global/delayed_quotes/options/QQQ.json,0.0071,0.0,-3044649.57105725,-3044649.57105725,0.0,-0.0030446495710572496,-0.0030446495710572496
QQQ,QQQ260522C00677000,2026-05-22,4,call,677.0,209.0,70.0,0.3085,0.0075,29.37,30.33,,0.9024,-0.4573,0.1296,https://cdn.cboe.com/api/global/delayed_quotes/options/QQQ.json,0.0075,782516.2246687498,0.0,782516.2246687498,0.0007825162246687499,0.0,0.0007825162246687499
QQQ,QQQ260522P00677000,2026-05-22,4,put,677.0,1311.0,976.0,0.3089,0.0076,0.87,1.07,,-0.0981,-0.4632,0.13,https://cdn.cboe.com/api/global/delayed_quotes/options/QQQ.json,0.0076,0.0,-4973957.675348998,-4973957.675348998,0.0,-0.004973957675348998,-0.004973957675348998
QQQ,QQQ260522C00678000,2026-05-22,4,call,678.0,136.0,127.0,0.3114,0.0079,28.46,29.53,,0.8956,-0.4814,0.136,https://cdn.cboe.com/api/global/delayed_quotes/options/QQQ.json,0.0079,536354.342446,0.0,536354.342446,0.000536354342446,0.0,0.000536354342446
QQQ,QQQ260522P00678000,2026-05-22,4,put,678.0,1928.0,1244.0,0.3069,0.008,1.11,1.15,,-0.1049,-0.4874,0.1363,https://cdn.cboe.com/api/global/delayed_quotes/options/QQQ.json,0.008,0.0,-7699859.808159998,-7699859.808159998,0.0,-0.007699859808159998,-0.007699859808159998
QQQ,QQQ260522C00679000,2026-05-22,4,call,679.0,267.0,113.0,0.3245,0.0084,27.57,29.04,,0.8884,-0.5062,0.1426,https://cdn.cboe.com/api/global/delayed_quotes/options/QQQ.json,0.0084,1119634.6977269999,0.0,1119634.6977269999,0.0011196346977269999,0.0,0.0011196346977269999
QQQ,QQQ260522P00679000,2026-05-22,4,put,679.0,1505.0,1574.0,0.3052,0.0084,0.99,1.24,,-0.1121,-0.5123,0.1432,https://cdn.cboe.com/api/global/delayed_quotes/options/QQQ.json,0.0084,0.0,-6311049.513404999,-6311049.513404999,0.0,-0.006311049513404999,-0.006311049513404999
QQQ,QQQ260522C00680000,2026-05-22,4,call,680.0,1695.0,425.0,0.3034,0.0088,26.65,27.59,,0.8808,-0.5317,0.1492,https://cdn.cboe.com/api/global/delayed_quotes/options/QQQ.json,0.0088,7446259.65369,0.0,7446259.65369,0.00744625965369,0.0,0.00744625965369
QQQ,QQQ260522P00680000,2026-05-22,4,put,680.0,17503.0,6336.0,0.3031,0.0089,1.29,1.37,,-0.1198,-0.5381,0.1499,https://cdn.cboe.com/api/global/delayed_quotes/options/QQQ.json,0.0089,0.0,-77765738.54887174,-77765738.54887174,0.0,-0.07776573854887174,-0.07776573854887174
QQQ,QQQ260522C00681000,2026-05-22,4,call,681.0,123.0,135.0,0.3022,0.0093,25.81,26.65,,0.8728,-0.5578,0.1561,https://cdn.cboe.com/api/global/delayed_quotes/options/QQQ.json,0.0093,571049.6391697498,0.0,571049.6391697498,0.0005710496391697498,0.0,0.0005710496391697498
QQQ,QQQ260522P00681000,2026-05-22,4,put,681.0,501.0,1793.0,0.3015,0.0094,1.18,1.68,,-0.128,-0.5645,0.1566,https://cdn.cboe.com/api/global/delayed_quotes/options/QQQ.json,0.0094,0.0,-2350993.2430335,-2350993.2430335,0.0,-0.0023509932430335,-0.0023509932430335
QQQ,QQQ260522C00682000,2026-05-22,4,call,682.0,337.0,139.0,0.3176,0.0098,24.93,26.32,,0.8643,-0.5844,0.1632,https://cdn.cboe.com/api/global/delayed_quotes/options/QQQ.json,0.0098,1648700.5317964999,0.0,1648700.5317964999,0.0016487005317964998,0.0,0.0016487005317964998
QQQ,QQQ260522P00682000,2026-05-22,4,put,682.0,1922.0,1016.0,0.2998,0.0098,1.27,1.82,,-0.1365,-0.5913,0.1636,https://cdn.cboe.com/api/global/delayed_quotes/options/QQQ.json,0.0098,0.0,-9402974.546328997,-9402974.546328997,0.0,-0.009402974546328997,-0.009402974546328997
QQQ,QQQ260522C00683000,2026-05-22,4,call,683.0,567.0,109.0,0.3032,0.0102,24.06,25.01,,0.8553,-0.6114,0.1703,https://cdn.cboe.com/api/global/delayed_quotes/options/QQQ.json,0.0102,2887147.9003184997,0.0,2887147.9003184997,0.0028871479003184995,0.0,0.0028871479003184995
QQQ,QQQ260522P00683000,2026-05-22,4,put,683.0,1368.0,1308.0,0.2979,0.0103,1.37,1.66,,-0.1456,-0.6185,0.1707,https://cdn.cboe.com/api/global/delayed_quotes/options/QQQ.json,0.0103,0.0,-7034109.481385998,-7034109.481385998,0.0,-0.007034109481385998,-0.007034109481385998
QQQ,QQQ260522C00684000,2026-05-22,4,call,684.0,478.0,258.0,0.3018,0.0108,23.19,24.15,,0.8458,-0.6387,0.1775,https://cdn.cboe.com/api/global/delayed_quotes/options/QQQ.json,0.0108,2577136.6878659995,0.0,2577136.6878659995,0.0025771366878659997,0.0,0.0025771366878659997
QQQ,QQQ260522P00684000,2026-05-22,4,put,684.0,463.0,1433.0,0.2961,0.0108,1.47,1.79,,-0.1551,-0.646,0.1784,https://cdn.cboe.com/api/global/delayed_quotes/options/QQQ.json,0.0108,0.0,-2496264.197661,-2496264.197661,0.0,-0.0024962641976609998,-0.0024962641976609998
QQQ,QQQ260522C00685000,2026-05-22,4,call,685.0,1079.0,1934.0,0.2963,0.0113,22.3,23.18,,0.8358,-0.6663,0.1847,https://cdn.cboe.com/api/global/delayed_quotes/options/QQQ.json,0.0113,6086753.156311749,0.0,6086753.156311749,0.006086753156311749,0.0,0.006086753156311749
QQQ,QQQ260522P00685000,2026-05-22,4,put,685.0,17403.0,13988.0,0.2944,0.0114,1.88,2.21,,-0.1652,-0.6741,0.1854,https://cdn.cboe.com/api/global/delayed_quotes/options/QQQ.json,0.0114,0.0,-99040944.42116548,-99040944.42116548,0.0,-0.09904094442116548,-0.09904094442116548
QQQ,QQQ260522C00686000,2026-05-22,4,call,686.0,169.0,219.0,0.298,0.0118,21.49,22.41,,0.8254,-0.6939,0.1921,https://cdn.cboe.com/api/global/delayed_quotes/options/QQQ.json,0.0118,995530.3701654997,0.0,995530.3701654997,0.0009955303701654997,0.0,0.0009955303701654997
QQQ,QQQ260522P00686000,2026-05-22,4,put,686.0,756.0,1021.0,0.2927,0.0119,2.02,2.36,,-0.1759,-0.7021,0.1927,https://cdn.cboe.com/api/global/delayed_quotes/options/QQQ.json,0.0119,0.0,-4491118.956050999,-4491118.956050999,0.0,-0.004491118956050999,-0.004491118956050999
QQQ,QQQ260522C00687000,2026-05-22,4,call,687.0,171.0,319.0,0.2933,0.0123,20.63,21.47,,0.8143,-0.7216,0.1996,https://cdn.cboe.com/api/global/delayed_quotes/options/QQQ.json,0.0123,1049994.4978282498,0.0,1049994.4978282498,0.0010499944978282498,0.0,0.0010499944978282498
QQQ,QQQ260522P00687000,2026-05-22,4,put,687.0,726.0,1334.0,0.291,0.0125,2.18,2.59,,-0.187,-0.73,0.2,https://cdn.cboe.com/api/global/delayed_quotes/options/QQQ.json,0.0125,0.0,-4530357.090187499,-4530357.090187499,0.0,-0.0045303570901874994,-0.0045303570901874994
QQQ,QQQ260522C00688000,2026-05-22,4,call,688.0,1581.0,468.0,0.3026,0.0129,19.83,21.06,,0.8028,-0.7491,0.207,https://cdn.cboe.com/api/global/delayed_quotes/options/QQQ.json,0.0129,10181397.225197248,0.0,10181397.225197248,0.010181397225197248,0.0,0.010181397225197248
QQQ,QQQ260522P00688000,2026-05-22,4,put,688.0,1409.0,3042.0,0.2893,0.013,2.04,2.77,,-0.1986,-0.7578,0.208,https://cdn.cboe.com/api/global/delayed_quotes/options/QQQ.json,0.013,0.0,-9144082.735092498,-9144082.735092498,0.0,-0.009144082735092499,-0.009144082735092499
QQQ,QQQ260522C00689000,2026-05-22,4,call,689.0,179.0,14.0,0.2705,0.0134,17.36,20.62,,0.7906,-0.7763,0.2142,https://cdn.cboe.com/api/global/delayed_quotes/options/QQQ.json,0.0134,1197412.0679364998,0.0,1197412.0679364998,0.0011974120679364999,0.0,0.0011974120679364999
QQQ,QQQ260522P00689000,2026-05-22,4,put,689.0,819.0,2273.0,0.2878,0.0136,2.21,2.6,,-0.211,-0.7856,0.215,https://cdn.cboe.com/api/global/delayed_quotes/options/QQQ.json,0.0136,0.0,-5560432.993205999,-5560432.993205999,0.0,-0.005560432993205999,-0.005560432993205999
QQQ,QQQ260522C00690000,2026-05-22,4,call,690.0,1444.0,975.0,0.3018,0.014,18.01,19.71,,0.7779,-0.8031,0.2215,https://cdn.cboe.com/api/global/delayed_quotes/options/QQQ.json,0.014,10092088.03694,0.0,10092088.03694,0.010092088036939999,0.0,0.010092088036939999
QQQ,QQQ260522P00690000,2026-05-22,4,put,690.0,11798.0,25130.0,0.286,0.0141,2.7,2.76,,-0.2238,-0.8128,0.2221,https://cdn.cboe.com/api/global/delayed_quotes/options/QQQ.json,0.0141,0.0,-83044964.91409948,-83044964.91409948,0.0,-0.08304496491409949,-0.08304496491409949
QQQ,QQQ260522C00691000,2026-05-22,4,call,691.0,205.0,79.0,0.291,0.0145,17.37,18.4,,0.7647,-0.8292,0.2288,https://cdn.cboe.com/api/global/delayed_quotes/options/QQQ.json,0.0145,1483910.3526812496,0.0,1483910.3526812496,0.0014839103526812496,0.0,0.0014839103526812496
QQQ,QQQ260522P00691000,2026-05-22,4,put,691.0,1153.0,3166.0,0.2845,0.0147,2.59,3.41,,-0.2372,-0.8393,0.2292,https://cdn.cboe.com/api/global/delayed_quotes/options/QQQ.json,0.0147,0.0,-8461209.405762747,-8461209.405762747,0.0,-0.008461209405762747,-0.008461209405762747
QQQ,QQQ260522C00692000,2026-05-22,4,call,692.0,174.0,40.0,0.2544,0.0151,14.96,17.64,,0.7509,-0.8546,0.2358,https://cdn.cboe.com/api/global/delayed_quotes/options/QQQ.json,0.0151,1311631.9800284998,0.0,1311631.9800284998,0.0013116319800285,0.0,0.0013116319800285
QQQ,QQQ260522P00692000,2026-05-22,4,put,692.0,437.0,1933.0,0.2827,0.0152,2.89,3.36,,-0.2511,-0.865,0.2369,https://cdn.cboe.com/api/global/delayed_quotes/options/QQQ.json,0.0152,0.0,-3315971.7835659995,-3315971.7835659995,0.0,-0.0033159717835659994,-0.0033159717835659994
QQQ,QQQ260522C00693000,2026-05-22,4,call,693.0,278.0,43.0,0.2839,0.0156,15.65,16.83,,0.7365,-0.8791,0.2426,https://cdn.cboe.com/api/global/delayed_quotes/options/QQQ.json,0.0156,2164986.5155619998,0.0,2164986.5155619998,0.0021649865155619996,0.0,0.0021649865155619996
QQQ,QQQ260522P00693000,2026-05-22,4,put,693.0,808.0,1169.0,0.2812,0.0158,3.35,3.74,,-0.2657,-0.8901,0.2434,https://cdn.cboe.com/api/global/delayed_quotes/options/QQQ.json,0.0158,0.0,-6373151.598476,-6373151.598476,0.0,-0.006373151598476,-0.006373151598476
QQQ,QQQ260522C00694000,2026-05-22,4,call,694.0,227.0,124.0,0.2818,0.0162,14.91,16.02,,0.7215,-0.9024,0.2492,https://cdn.cboe.com/api/global/delayed_quotes/options/QQQ.json,0.0162,1835805.5276535,0.0,1835805.5276535,0.0018358055276535,0.0,0.0018358055276535
QQQ,QQQ260522P00694000,2026-05-22,4,put,694.0,1363.0,1831.0,0.2797,0.0163,3.58,4.0,,-0.2809,-0.9139,0.2498,https://cdn.cboe.com/api/global/delayed_quotes/options/QQQ.json,0.0163,0.0,-11090963.13355225,-11090963.13355225,0.0,-0.01109096313355225,-0.01109096313355225
QQQ,QQQ260522C00695000,2026-05-22,4,call,695.0,2805.0,1179.0,0.2832,0.0167,14.58,15.03,,0.706,-0.9244,0.2556,https://cdn.cboe.com/api/global/delayed_quotes/options/QQQ.json,0.0167,23384879.598258745,0.0,23384879.598258745,0.023384879598258745,0.0,0.023384879598258745
QQQ,QQQ260522P00695000,2026-05-22,4,put,695.0,4149.0,5281.0,0.278,0.0169,3.85,3.92,,-0.2966,-0.9363,0.2561,https://cdn.cboe.com/api/global/delayed_quotes/options/QQQ.json,0.0169,0.0,-35003860.21878524,-35003860.21878524,0.0,-0.035003860218785245,-0.035003860218785245
QQQ,QQQ260522C00696000,2026-05-22,4,call,696.0,188.0,225.0,0.2771,0.0172,13.48,14.5,,0.6899,-0.9449,0.2617,https://cdn.cboe.com/api/global/delayed_quotes/options/QQQ.json,0.0172,1614254.8415239998,0.0,1614254.8415239998,0.0016142548415239999,0.0,0.0016142548415239999
QQQ,QQQ260522P00696000,2026-05-22,4,put,696.0,1135.0,1755.0,0.2765,0.0174,3.77,4.41,,-0.3129,-0.9572,0.2627,https://cdn.cboe.com/api/global/delayed_quotes/options/QQQ.json,0.0174,0.0,-9858955.611472497,-9858955.611472497,0.0,-0.009858955611472497,-0.009858955611472497
QQQ,QQQ260522C00697000,2026-05-22,4,call,697.0,590.0,420.0,0.2754,0.0177,12.99,13.79,,0.6732,-0.9637,0.2673,https://cdn.cboe.com/api/global/delayed_quotes/options/QQQ.json,0.0177,5213280.340807498,0.0,5213280.340807498,0.005213280340807498,0.0,0.005213280340807498
QQQ,QQQ260522P00697000,2026-05-22,4,put,697.0,1107.0,1073.0,0.2749,0.0179,4.01,4.82,,-0.3298,-0.9765,0.268,https://cdn.cboe.com/api/global/delayed_quotes/options/QQQ.json,0.0179,0.0,-9892053.426908247,-9892053.426908247,0.0,-0.009892053426908248,-0.009892053426908248
QQQ,QQQ260522C00698000,2026-05-22,4,call,698.0,1763.0,263.0,0.2739,0.0181,12.07,13.0,,0.656,-0.9807,0.2726,https://cdn.cboe.com/api/global/delayed_quotes/options/QQQ.json,0.0181,15930033.482645748,0.0,15930033.482645748,0.01593003348264575,0.0,0.01593003348264575
QQQ,QQQ260522P00698000,2026-05-22,4,put,698.0,1123.0,1163.0,0.2733,0.0184,4.42,4.82,,-0.3472,-0.9938,0.2731,https://cdn.cboe.com/api/global/delayed_quotes/options/QQQ.json,0.0184,0.0,-10315336.046937998,-10315336.046937998,0.0,-0.010315336046937998,-0.010315336046937998
QQQ,QQQ260522C00699000,2026-05-22,4,call,699.0,3011.0,690.0,0.2723,0.0186,11.63,12.0,,0.6383,-0.9955,0.2776,https://cdn.cboe.com/api/global/delayed_quotes/options/QQQ.json,0.0186,27958218.919351496,0.0,27958218.919351496,0.027958218919351494,0.0,0.027958218919351494
QQQ,QQQ260522P00699000,2026-05-22,4,put,699.0,1994.0,1929.0,0.2719,0.0188,4.96,5.15,,-0.3652,-1.009,0.2778,https://cdn.cboe.com/api/global/delayed_quotes/options/QQQ.json,0.0188,0.0,-18714093.918598,-18714093.918598,0.0,-0.018714093918598,-0.018714093918598
QQQ,QQQ260522C00700000,2026-05-22,4,call,700.0,2958.0,3381.0,0.2705,0.019,10.98,11.5,,0.6201,-1.0081,0.2819,https://cdn.cboe.com/api/global/delayed_quotes/options/QQQ.json,0.019,28056763.546304993,0.0,28056763.546304993,0.028056763546304993,0.0,0.028056763546304993
QQQ,QQQ260522P00700000,2026-05-22,4,put,700.0,15964.0,16950.0,0.2701,0.0192,5.37,5.46,,-0.3837,-1.0219,0.2824,https://cdn.cboe.com/api/global/delayed_quotes/options/QQQ.json,0.0192,0.0,-153013147.68979195,-153013147.68979195,0.0,-0.15301314768979193,-0.15301314768979193
QQQ,QQQ260522C00701000,2026-05-22,4,call,701.0,217.0,1678.0,0.2692,0.0194,10.1,11.08,,0.6014,-1.0183,0.2856,https://cdn.cboe.com/api/global/delayed_quotes/options/QQQ.json,0.0194,2101586.4769444996,0.0,2101586.4769444996,0.0021015864769445,0.0,0.0021015864769445
QQQ,QQQ260522P00701000,2026-05-22,4,put,701.0,1185.0,2575.0,0.2685,0.0196,5.45,6.0,,-0.4026,-1.0324,0.2859,https://cdn.cboe.com/api/global/delayed_quotes/options/QQQ.json,0.0196,0.0,-11594718.873464998,-11594718.873464998,0.0,-0.011594718873464999,-0.011594718873464999
QQQ,QQQ260522C00702000,2026-05-22,4,call,702.0,300.0,1417.0,0.2677,0.0197,9.72,10.92,,0.5822,-1.0259,0.2889,https://cdn.cboe.com/api/global/delayed_quotes/options/QQQ.json,0.0197,2950348.2537749987,0.0,2950348.2537749987,0.0029503482537749986,0.0,0.0029503482537749986
QQQ,QQQ260522P00702000,2026-05-22,4,put,702.0,791.0,3955.0,0.2671,0.02,5.82,6.95,,-0.422,-1.0403,0.289,https://cdn.cboe.com/api/global/delayed_quotes/options/QQQ.json,0.02,0.0,-7897548.117549999,-7897548.117549999,0.0,-0.007897548117549998,-0.007897548117549998
QQQ,QQQ260522C00703000,2026-05-22,4,call,703.0,651.0,3352.0,0.266,0.02,8.89,10.0,,0.5627,-1.0307,0.2915,https://cdn.cboe.com/api/global/delayed_quotes/options/QQQ.json,0.02,6499751.990549998,0.0,6499751.990549998,0.006499751990549999,0.0,0.006499751990549999
QQQ,QQQ260522P00703000,2026-05-22,4,put,703.0,446.0,2853.0,0.2656,0.0203,6.42,6.96,,-0.4418,-1.0453,0.2914,https://cdn.cboe.com/api/global/delayed_quotes/options/QQQ.json,0.0203,0.0,-4519773.776654499,-4519773.776654499,0.0,-0.004519773776654499,-0.004519773776654499
QQQ,QQQ260522C00704000,2026-05-22,4,call,704.0,375.0,2050.0,0.2645,0.0202,8.31,9.0,,0.5428,-1.0326,0.2934,https://cdn.cboe.com/api/global/delayed_quotes/options/QQQ.json,0.0202,3781537.736437499,0.0,3781537.736437499,0.0037815377364374993,0.0,0.0037815377364374993
QQQ,QQQ260522P00704000,2026-05-22,4,put,704.0,726.0,4440.0,0.264,0.0205,6.49,7.38,,-0.462,-1.0472,0.2931,https://cdn.cboe.com/api/global/delayed_quotes/options/QQQ.json,0.0205,0.0,-7429785.6279075,-7429785.6279075,0.0,-0.0074297856279075,-0.0074297856279075
QQQ,QQQ260522C00705000,2026-05-22,4,call,705.0,5220.0,9127.0,0.2628,0.0205,8.0,8.2,,0.5226,-1.0317,0.2946,https://cdn.cboe.com/api/global/delayed_quotes/options/QQQ.json,0.0205,53420772.69652499,0.0,53420772.69652499,0.053420772696524996,0.0,0.053420772696524996
QQQ,QQQ260522P00705000,2026-05-22,4,put,705.0,18603.0,9400.0,0.2623,0.0207,7.05,7.5,,-0.4826,-1.0463,0.2942,https://cdn.cboe.com/api/global/delayed_quotes/options/QQQ.json,0.0207,0.0,-192237952.8417952,-192237952.8417952,0.0,-0.1922379528417952,-0.1922379528417952
QQQ,QQQ260522C00706000,2026-05-22,4,call,706.0,904.0,1785.0,0.2614,0.0206,7.33,7.87,,0.5022,-1.0276,0.295,https://cdn.cboe.com/api/global/delayed_quotes/options/QQQ.json,0.0206,9296542.355515998,0.0,9296542.355515998,0.009296542355515998,0.0,0.009296542355515998
QQQ,QQQ260522P00706000,2026-05-22,4,put,706.0,804.0,1617.0,0.2609,0.0209,7.35,8.29,,-0.5033,-1.0424,0.2947,https://cdn.cboe.com/api/global/delayed_quotes/options/QQQ.json,0.0209,0.0,-8388573.928448998,-8388573.928448998,0.0,-0.008388573928448998,-0.008388573928448998
QQQ,QQQ260522C00707000,2026-05-22,4,call,707.0,1034.0,2136.0,0.2599,0.0207,7.01,7.57,,0.4815,-1.0204,0.2947,https://cdn.cboe.com/api/global/delayed_quotes/options/QQQ.json,0.0207,10685053.1225295,0.0,10685053.1225295,0.010685053122529499,0.0,0.010685053122529499
QQQ,QQQ260522P00707000,2026-05-22,4,put,707.0,1578.0,2414.0,0.2594,0.021,7.82,8.77,,-0.5243,-1.0349,0.2935,https://cdn.cboe.com/api/global/delayed_quotes/options/QQQ.json,0.021,0.0,-16542917.163045002,-16542917.163045002,0.0,-0.016542917163045002,-0.016542917163045002
QQQ,QQQ260522C00708000,2026-05-22,4,call,708.0,1478.0,2523.0,0.2583,0.0207,6.31,6.6,,0.4606,-1.0102,0.2937,https://cdn.cboe.com/api/global/delayed_quotes/options/QQQ.json,0.0207,15273219.066826498,0.0,15273219.066826498,0.015273219066826499,0.0,0.015273219066826499
QQQ,QQQ260522P00708000,2026-05-22,4,put,708.0,1658.0,1607.0,0.2576,0.021,8.35,9.7,,-0.5455,-1.0243,0.2924,https://cdn.cboe.com/api/global/delayed_quotes/options/QQQ.json,0.021,0.0,-17381594.839245,-17381594.839245,0.0,-0.017381594839245,-0.017381594839245
QQQ,QQQ260522C00709000,2026-05-22,4,call,709.0,1710.0,1794.0,0.2567,0.0207,5.69,6.53,,0.4397,-0.9968,0.2918,https://cdn.cboe.com/api/global/delayed_quotes/options/QQQ.json,0.0207,17670639.109792493,0.0,17670639.109792493,0.017670639109792493,0.0,0.017670639109792493
QQQ,QQQ260522P00709000,2026-05-22,4,put,709.0,681.0,1551.0,0.256,0.021,8.86,10.23,,-0.5667,-1.0108,0.2907,https://cdn.cboe.com/api/global/delayed_quotes/options/QQQ.json,0.021,0.0,-7139243.718652499,-7139243.718652499,0.0,-0.007139243718652499,-0.007139243718652499
QQQ,QQQ260522C00710000,2026-05-22,4,call,710.0,7264.0,11529.0,0.255,0.0206,5.6,5.73,,0.4188,-0.9802,0.289,https://cdn.cboe.com/api/global/delayed_quotes/options/QQQ.json,0.0206,74701419.98945598,0.0,74701419.98945598,0.07470141998945598,0.0,0.07470141998945598
QQQ,QQQ260522P00710000,2026-05-22,4,put,710.0,8627.0,4305.0,0.2546,0.0209,9.51,10.55,,-0.5879,-0.9939,0.2864,https://cdn.cboe.com/api/global/delayed_quotes/options/QQQ.json,0.0209,0.0,-90010232.93623072,-90010232.93623072,0.0,-0.09001023293623071,-0.09001023293623071
QQQ,QQQ260522C00711000,2026-05-22,4,call,711.0,3260.0,2810.0,0.2538,0.0205,4.8,5.31,,0.3979,-0.9607,0.2856,https://cdn.cboe.com/api/global/delayed_quotes/options/QQQ.json,0.0205,33362398.274074994,0.0,33362398.274074994,0.03336239827407499,0.0,0.03336239827407499
QQQ,QQQ260522P00711000,2026-05-22,4,put,711.0,2426.0,1011.0,0.2531,0.0208,9.95,11.32,,-0.6092,-0.9735,0.2831,https://cdn.cboe.com/api/global/delayed_quotes/options/QQQ.json,0.0208,0.0,-25190682.430471998,-25190682.430471998,0.0,-0.025190682430471997,-0.025190682430471997
QQQ,QQQ260522C00712000,2026-05-22,4,call,712.0,4539.0,3330.0,0.2523,0.0203,4.6,4.87,,0.377,-0.9382,0.2813,https://cdn.cboe.com/api/global/delayed_quotes/options/QQQ.json,0.0203,45998325.49828424,0.0,45998325.49828424,0.04599832549828424,0.0,0.04599832549828424
QQQ,QQQ260522P00712000,2026-05-22,4,put,712.0,1315.0,844.0,0.2514,0.0206,10.53,11.57,,-0.6303,-0.9506,0.2792,https://cdn.cboe.com/api/global/delayed_quotes/options/QQQ.json,0.0206,0.0,-13523178.315822497,-13523178.315822497,0.0,-0.013523178315822497,-0.013523178315822497
QQQ,QQQ260522C00713000,2026-05-22,4,call,713.0,3300.0,2183.0,0.2507,0.02,4.1,4.6,,0.3564,-0.913,0.2762,https://cdn.cboe.com/api/global/delayed_quotes/options/QQQ.json,0.02,32948051.564999998,0.0,32948051.564999998,0.032948051565,0.0,0.032948051565
QQQ,QQQ260522P00713000,2026-05-22,4,put,713.0,2338.0,478.0,0.2499,0.0203,11.13,12.13,,-0.6513,-0.925,0.2735,https://cdn.cboe.com/api/global/delayed_quotes/options/QQQ.json,0.0203,0.0,-23693343.250713494,-23693343.250713494,0.0,-0.023693343250713494,-0.023693343250713494
QQQ,QQQ260522C00714000,2026-05-22,4,call,714.0,5547.0,1065.0,0.2492,0.0197,3.64,4.76,,0.336,-0.8851,0.2704,https://cdn.cboe.com/api/global/delayed_quotes/options/QQQ.json,0.0197,54551939.21229974,0.0,54551939.21229974,0.05455193921229974,0.0,0.05455193921229974
QQQ,QQQ260522P00714000,2026-05-22,4,put,714.0,872.0,396.0,0.2484,0.0199,11.75,12.83,,-0.672,-0.8958,0.2664,https://cdn.cboe.com/api/global/delayed_quotes/options/QQQ.json,0.0199,0.0,-8662741.654502,-8662741.654502,0.0,-0.008662741654502001,-0.008662741654502001
QQQ,QQQ260522C00715000,2026-05-22,4,call,715.0,8234.0,8801.0,0.2475,0.0193,3.62,3.68,,0.3159,-0.8548,0.2639,https://cdn.cboe.com/api/global/delayed_quotes/options/QQQ.json,0.0193,79333017.45627049,0.0,79333017.45627049,0.07933301745627049,0.0,0.07933301745627049
QQQ,QQQ260522P00715000,2026-05-22,4,put,715.0,3427.0,2165.0,0.2468,0.0195,12.8,13.35,,-0.6924,-0.8647,0.2604,https://cdn.cboe.com/api/global/delayed_quotes/options/QQQ.json,0.0195,0.0,-33360651.02891624,-33360651.02891624,0.0,-0.03336065102891624,-0.03336065102891624
QQQ,QQQ260522C00716000,2026-05-22,4,call,716.0,1685.0,702.0,0.2462,0.0188,3.07,3.72,,0.2961,-0.8223,0.2567,https://cdn.cboe.com/api/global/delayed_quotes/options/QQQ.json,0.0188,15814066.325394997,0.0,15814066.325394997,0.015814066325394997,0.0,0.015814066325394997
QQQ,QQQ260522P00716000,2026-05-22,4,put,716.0,756.0,122.0,0.2492,0.0191,13.06,14.53,,-0.7125,-0.8318,0.2536,https://cdn.cboe.com/api/global/delayed_quotes/options/QQQ.json,0.0191,0.0,-7208434.626938998,-7208434.626938998,0.0,-0.007208434626938998,-0.007208434626938998
QQQ,QQQ260522C00717000,2026-05-22,4,call,717.0,541.0,1173.0,0.2448,0.0184,2.76,3.09,,0.2768,-0.7877,0.2487,https://cdn.cboe.com/api/global/delayed_quotes/options/QQQ.json,0.0184,4969364.916645999,0.0,4969364.916645999,0.004969364916645999,0.0,0.004969364916645999
QQQ,QQQ260522P00717000,2026-05-22,4,put,717.0,783.0,78.0,0.2423,0.0186,13.72,14.82,,-0.7321,-0.7958,0.243,https://cdn.cboe.com/api/global/delayed_quotes/options/QQQ.json,0.0186,0.0,-7270436.869429498,-7270436.869429498,0.0,-0.007270436869429498,-0.007270436869429498
QQQ,QQQ260522C00718000,2026-05-22,4,call,718.0,2431.0,1761.0,0.2434,0.0178,2.66,2.8,,0.2579,-0.7515,0.2404,https://cdn.cboe.com/api/global/delayed_quotes/options/QQQ.json,0.0178,21601840.8743995,0.0,21601840.8743995,0.0216018408743995,0.0,0.0216018408743995
QQQ,QQQ260522P00718000,2026-05-22,4,put,718.0,419.0,534.0,0.2184,0.018,13.0,15.97,,-0.7513,-0.7585,0.2352,https://cdn.cboe.com/api/global/delayed_quotes/options/QQQ.json,0.018,0.0,-3765063.710654999,-3765063.710654999,0.0,-0.003765063710654999,-0.003765063710654999
QQQ,QQQ260522C00719000,2026-05-22,4,call,719.0,2551.0,3743.0,0.2417,0.0172,2.13,2.47,,0.2395,-0.7138,0.2313,https://cdn.cboe.com/api/global/delayed_quotes/options/QQQ.json,0.0172,21904064.365572996,0.0,21904064.365572996,0.021904064365572996,0.0,0.021904064365572996
QQQ,QQQ260522P00719000,2026-05-22,4,put,719.0,534.0,99.0,0.2155,0.0174,13.76,16.81,,-0.7699,-0.7203,0.2269,https://cdn.cboe.com/api/global/delayed_quotes/options/QQQ.json,0.0174,0.0,-4638486.604868999,-4638486.604868999,0.0,-0.0046384866048689985,-0.0046384866048689985
QQQ,QQQ260522C00720000,2026-05-22,4,call,720.0,6931.0,11270.0,0.2408,0.0166,2.16,2.27,,0.2217,-0.675,0.2218,https://cdn.cboe.com/api/global/delayed_quotes/options/QQQ.json,0.0166,57436740.81197649,0.0,57436740.81197649,0.05743674081197649,0.0,0.05743674081197649
QQQ,QQQ260522P00720000,2026-05-22,4,put,720.0,1321.0,2300.0,0.2368,0.0167,16.13,16.8,,-0.7879,-0.6803,0.214,https://cdn.cboe.com/api/global/delayed_quotes/options/QQQ.json,0.0167,0.0,-11012986.07818175,-11012986.07818175,0.0,-0.01101298607818175,-0.01101298607818175
QQQ,QQQ260522C00721000,2026-05-22,4,call,721.0,3246.0,1457.0,0.2391,0.0159,1.74,2.04,,0.2045,-0.6354,0.212,https://cdn.cboe.com/api/global/delayed_quotes/options/QQQ.json,0.0159,25765076.796088494,0.0,25765076.796088494,0.025765076796088495,0.0,0.025765076796088495
QQQ,QQQ260522P00721000,2026-05-22,4,put,721.0,984.0,62.0,0.2092,0.016,15.22,18.37,,-0.8053,-0.6395,0.205,https://cdn.cboe.com/api/global/delayed_quotes/options/QQQ.json,0.016,0.0,-7859607.936959999,-7859607.936959999,0.0,-0.007859607936959999,-0.007859607936959999
QQQ,QQQ260522C00722000,2026-05-22,4,call,722.0,1592.0,1056.0,0.2379,0.0152,1.48,2.0,,0.188,-0.5953,0.2017,https://cdn.cboe.com/api/global/delayed_quotes/options/QQQ.json,0.0152,12080153.499855997,0.0,12080153.499855997,0.012080153499855997,0.0,0.012080153499855997
QQQ,QQQ260522P00722000,2026-05-22,4,put,722.0,211.0,32.0,0.2074,0.0153,16.09,19.07,,-0.8221,-0.599,0.1956,https://cdn.cboe.com/api/global/delayed_quotes/options/QQQ.json,0.0153,0.0,-1611609.0131407497,-1611609.0131407497,0.0,-0.0016116090131407497,-0.0016116090131407497
QQQ,QQQ260522C00723000,2026-05-22,4,call,723.0,375.0,834.0,0.2364,0.0144,1.46,1.94,,0.1722,-0.555,0.1911,https://cdn.cboe.com/api/global/delayed_quotes/options/QQQ.json,0.0144,2695749.6734999996,0.0,2695749.6734999996,0.0026957496734999996,0.0,0.0026957496734999996
QQQ,QQQ260522P00723000,2026-05-22,4,put,723.0,154.0,6.0,0.2038,0.0146,16.91,19.89,,-0.8381,-0.5579,0.1814,https://cdn.cboe.com/api/global/delayed_quotes/options/QQQ.json,0.0146,0.0,-1122430.289981,-1122430.289981,0.0,-0.001122430289981,-0.001122430289981
QQQ,QQQ260522C00724000,2026-05-22,4,call,724.0,383.0,657.0,0.2354,0.0137,1.12,1.5,,0.1571,-0.515,0.1805,https://cdn.cboe.com/api/global/delayed_quotes/options/QQQ.json,0.0137,2619420.0207077498,0.0,2619420.0207077498,0.0026194200207077497,0.0,0.0026194200207077497
QQQ,QQQ260522P00724000,2026-05-22,4,put,724.0,165.0,8.0,0.2289,0.0138,19.09,20.3,,-0.8533,-0.5167,0.1719,https://cdn.cboe.com/api/global/delayed_quotes/options/QQQ.json,0.0138,0.0,-1136707.7789925,-1136707.7789925,0.0,-0.0011367077789924999,-0.0011367077789924999
QQQ,QQQ260522C00725000,2026-05-22,4,call,725.0,4483.0,4420.0,0.2343,0.0129,1.2,1.28,,0.1428,-0.4755,0.1697,https://cdn.cboe.com/api/global/delayed_quotes/options/QQQ.json,0.0129,28869831.600606743,0.0,28869831.600606743,0.028869831600606743,0.0,0.028869831600606743
QQQ,QQQ260522P00725000,2026-05-22,4,put,725.0,209.0,103.0,0.2433,0.013,20.19,21.33,,-0.8679,-0.477,0.1612,https://cdn.cboe.com/api/global/delayed_quotes/options/QQQ.json,0.013,0.0,-1356361.4560925,-1356361.4560925,0.0,-0.0013563614560924999,-0.0013563614560924999
QQQ,QQQ260522C00726000,2026-05-22,4,call,726.0,747.0,553.0,0.2336,0.0121,0.82,1.34,,0.1293,-0.4369,0.1588,https://cdn.cboe.com/api/global/delayed_quotes/options/QQQ.json,0.0121,4512235.661826749,0.0,4512235.661826749,0.0045122356618267495,0.0,0.0045122356618267495
QQQ,QQQ260522P00726000,2026-05-22,4,put,726.0,166.0,5.0,0.2429,0.0122,20.8,22.56,,-0.8815,-0.4376,0.1472,https://cdn.cboe.com/api/global/delayed_quotes/options/QQQ.json,0.0122,0.0,-1011005.970143,-1011005.970143,0.0,-0.001011005970143,-0.001011005970143
QQQ,QQQ260522C00727000,2026-05-22,4,call,727.0,794.0,473.0,0.2327,0.0113,0.71,1.2,,0.1166,-0.3995,0.1482,https://cdn.cboe.com/api/global/delayed_quotes/options/QQQ.json,0.0113,4479038.003810499,0.0,4479038.003810499,0.004479038003810499,0.0,0.004479038003810499
QQQ,QQQ260522P00727000,2026-05-22,4,put,727.0,19.0,5.0,0.223,0.0114,21.66,22.9,,-0.8943,-0.3993,0.1381,https://cdn.cboe.com/api/global/delayed_quotes/options/QQQ.json,0.0114,0.0,-108129.51468149998,-108129.51468149998,0.0,-0.00010812951468149997,-0.00010812951468149997
QQQ,QQQ260522C00728000,2026-05-22,4,call,728.0,659.0,529.0,0.2316,0.0106,0.8,1.08,,0.1048,-0.3636,0.1376,https://cdn.cboe.com/api/global/delayed_quotes/options/QQQ.json,0.0106,3487201.8091235003,0.0,3487201.8091235003,0.0034872018091235,0.0,0.0034872018091235
QQQ,QQQ260522P00728000,2026-05-22,4,put,728.0,63.0,16.0,0.1684,0.0107,21.19,24.3,,-0.9064,-0.3628,0.1262,https://cdn.cboe.com/api/global/delayed_quotes/options/QQQ.json,0.0107,0.0,-336519.4175752499,-336519.4175752499,0.0,-0.0003365194175752499,-0.0003365194175752499
QQQ,QQQ260522C00729000,2026-05-22,4,call,729.0,344.0,599.0,0.2312,0.0098,0.52,0.91,,0.0939,-0.3295,0.1272,https://cdn.cboe.com/api/global/delayed_quotes/options/QQQ.json,0.0098,1682946.5369079998,0.0,1682946.5369079998,0.0016829465369079999,0.0,0.0016829465369079999
QQQ,QQQ260522P00729000,2026-05-22,4,put,729.0,39.0,74.0,0.0,0.0099,22.16,25.25,,-0.9174,-0.3279,0.1138,https://cdn.cboe.com/api/global/delayed_quotes/options/QQQ.json,0.0099,0.0,-192746.10165525,-192746.10165525,0.0,-0.00019274610165525001,-0.00019274610165525001
QQQ,QQQ260522C00730000,2026-05-22,4,call,730.0,11236.0,5940.0,0.2298,0.009,0.6,0.7,,0.0838,-0.2974,0.1173,https://cdn.cboe.com/api/global/delayed_quotes/options/QQQ.json,0.009,50482405.55240999,0.0,50482405.55240999,0.050482405552409994,0.0,0.050482405552409994
QQQ,QQQ260522P00730000,2026-05-22,4,put,730.0,80.0,122.0,0.23,0.0092,24.37,25.8,,-0.9277,-0.2947,0.1057,https://cdn.cboe.com/api/global/delayed_quotes/options/QQQ.json,0.0092,0.0,-367420.6962399999,-367420.6962399999,0.0,-0.00036742069623999993,-0.00036742069623999993
QQQ,QQQ260522C00731000,2026-05-22,4,call,731.0,587.0,578.0,0.2294,0.0083,0.35,0.59,,0.0746,-0.2674,0.1077,https://cdn.cboe.com/api/global/delayed_quotes/options/QQQ.json,0.0083,2432215.1822702494,0.0,2432215.1822702494,0.0024322151822702494,0.0,0.0024322151822702494
QQQ,QQQ260522P00731000,2026-05-22,4,put,731.0,16.0,13.0,0.2264,0.0085,25.47,26.57,,-0.9373,-0.2638,0.0931,https://cdn.cboe.com/api/global/delayed_quotes/options/QQQ.json,0.0085,0.0,-67892.95474,-67892.95474,0.0,-6.789295474e-05,-6.789295474e-05
QQQ,QQQ260522C00732000,2026-05-22,4,call,732.0,1456.0,919.0,0.2291,0.0076,0.46,0.5,,0.0662,-0.2396,0.0986,https://cdn.cboe.com/api/global/delayed_quotes/options/QQQ.json,0.0076,5524090.293903998,0.0,5524090.293903998,0.005524090293903998,0.0,0.005524090293903998
QQQ,QQQ260522P00732000,2026-05-22,4,put,732.0,14.0,5.0,0.2924,0.0078,26.4,29.12,,-0.9458,-0.2353,0.083,https://cdn.cboe.com/api/global/delayed_quotes/options/QQQ.json,0.0078,0.0,-54514.04895299999,-54514.04895299999,0.0,-5.451404895299999e-05,-5.451404895299999e-05
QQQ,QQQ260522C00733000,2026-05-22,4,call,733.0,391.0,526.0,0.2285,0.0069,0.4,0.58,,0.0587,-0.2142,0.09,https://cdn.cboe.com/api/global/delayed_quotes/options/QQQ.json,0.0069,1346826.4896547496,0.0,1346826.4896547496,0.0013468264896547497,0.0,0.0013468264896547497
QQQ,QQQ260522P00733000,2026-05-22,4,put,733.0,22.0,7.0,0.2484,0.0072,27.45,28.68,,-0.9536,-0.2089,0.0758,https://cdn.cboe.com/api/global/delayed_quotes/options/QQQ.json,0.0072,0.0,-79075.32375599998,-79075.32375599998,0.0,-7.907532375599998e-05,-7.907532375599998e-05
QQQ,QQQ260522C00734000,2026-05-22,4,call,734.0,861.0,349.0,0.2276,0.0063,0.25,0.38,,0.0519,-0.191,0.082,https://cdn.cboe.com/api/global/delayed_quotes/options/QQQ.json,0.0063,2707880.5470307493,0.0,2707880.5470307493,0.0027078805470307494,0.0,0.0027078805470307494
QQQ,QQQ260522P00734000,2026-05-22,4,put,734.0,13.0,9.0,0.248,0.0065,28.41,29.6,,-0.9608,-0.1858,0.064,https://cdn.cboe.com/api/global/delayed_quotes/options/QQQ.json,0.0065,0.0,-42183.49026124999,-42183.49026124999,0.0,-4.218349026124999e-05,-4.218349026124999e-05
QQQ,QQQ260522C00735000,2026-05-22,4,call,735.0,5120.0,1428.0,0.2271,0.0057,0.3,0.33,,0.0459,-0.1701,0.0744,https://cdn.cboe.com/api/global/delayed_quotes/options/QQQ.json,0.0057,14569029.34656,0.0,14569029.34656,0.01456902934656,0.0,0.01456902934656
QQQ,QQQ260522P00735000,2026-05-22,4,put,735.0,80.0,5.0,0.2507,0.0059,29.37,30.58,,-0.967,-0.1652,0.0561,https://cdn.cboe.com/api/global/delayed_quotes/options/QQQ.json,0.0059,0.0,-235628.48997999993,-235628.48997999993,0.0,-0.00023562848997999992,-0.00023562848997999992
QQQ,QQQ260522C00736000,2026-05-22,4,call,736.0,425.0,255.0,0.2272,0.0052,0.26,0.31,,0.0405,-0.1512,0.0676,https://cdn.cboe.com/api/global/delayed_quotes/options/QQQ.json,0.0052,1103260.5145249998,0.0,1103260.5145249998,0.0011032605145249999,0.0,0.0011032605145249999
QQQ,QQQ260522P00736000,2026-05-22,4,put,736.0,2.0,0.0,0.2545,0.0053,30.37,31.54,,-0.9725,-0.1467,0.0505,https://cdn.cboe.com/api/global/delayed_quotes/options/QQQ.json,0.0053,0.0,-5291.656766499999,-5291.656766499999,0.0,-5.291656766499999e-06,-5.291656766499999e-06
QQQ,QQQ260522C00737000,2026-05-22,4,call,737.0,295.0,275.0,0.2265,0.0047,0.19,0.27,,0.0357,-0.1343,0.0612,https://cdn.cboe.com/api/global/delayed_quotes/options/QQQ.json,0.0047,692158.6893162499,0.0,692158.6893162499,0.0006921586893162499,0.0,0.0006921586893162499
QQQ,QQQ260522P00737000,2026-05-22,4,put,737.0,9.0,0.0,0.2568,0.0047,31.33,32.52,,-0.9774,-0.132,0.0407,https://cdn.cboe.com/api/global/delayed_quotes/options/QQQ.json,0.0047,0.0,-21116.70577575,-21116.70577575,0.0,-2.111670577575e-05,-2.111670577575e-05
QQQ,QQQ260522C00738000,2026-05-22,4,call,738.0,426.0,428.0,0.2268,0.0042,0.19,0.21,,0.0315,-0.1193,0.0554,https://cdn.cboe.com/api/global/delayed_quotes/options/QQQ.json,0.0042,893191.7251529997,0.0,893191.7251529997,0.0008931917251529997,0.0,0.0008931917251529997
QQQ,QQQ260522P00738000,2026-05-22,4,put,738.0,8.0,0.0,0.2608,0.0041,32.33,33.49,,-0.9815,-0.1193,0.034,https://cdn.cboe.com/api/global/delayed_quotes/options/QQQ.json,0.0041,0.0,-16374.183201999998,-16374.183201999998,0.0,-1.6374183201999997e-05,-1.6374183201999997e-05
QQQ,QQQ260522C00739000,2026-05-22,4,call,739.0,628.0,481.0,0.2263,0.0038,0.13,0.18,,0.0278,-0.106,0.0501,https://cdn.cboe.com/api/global/delayed_quotes/options/QQQ.json,0.0038,1191321.6705259997,0.0,1191321.6705259997,0.0011913216705259997,0.0,0.0011913216705259997
QQQ,QQQ260522P00739000,2026-05-22,4,put,739.0,2.0,0.0,0.0,0.0036,33.29,34.08,,-0.9852,-0.1078,0.0311,https://cdn.cboe.com/api/global/delayed_quotes/options/QQQ.json,0.0036,0.0,-3594.332897999999,-3594.332897999999,0.0,-3.5943328979999993e-06,-3.5943328979999993e-06
QQQ,QQQ260522C00740000,2026-05-22,4,call,740.0,6447.0,2436.0,0.2272,0.0034,0.11,0.16,,0.0246,-0.0942,0.0454,https://cdn.cboe.com/api/global/delayed_quotes/options/QQQ.json,0.0034,10942646.980219498,0.0,10942646.980219498,0.010942646980219498,0.0,0.010942646980219498
QQQ,QQQ260522P00740000,2026-05-22,4,put,740.0,10.0,2.0,0.0,0.0031,33.97,35.26,,-0.988,-0.1002,0.0243,https://cdn.cboe.com/api/global/delayed_quotes/options/QQQ.json,0.0031,0.0,-15475.599977499998,-15475.599977499998,0.0,-1.5475599977499998e-05,-1.5475599977499998e-05
QQQ,QQQ260522C00741000,2026-05-22,4,call,741.0,215.0,151.0,0.2276,0.0031,0.11,0.14,,0.0218,-0.0838,0.041,https://cdn.cboe.com/api/global/delayed_quotes/options/QQQ.json,0.0031,332725.3995162499,0.0,332725.3995162499,0.0003327253995162499,0.0,0.0003327253995162499
QQQ,QQQ260522C00742000,2026-05-22,4,call,742.0,460.0,229.0,0.2272,0.0028,0.1,0.12,,0.0193,-0.0746,0.0371,https://cdn.cboe.com/api/global/delayed_quotes/options/QQQ.json,0.0028,642986.2184199999,0.0,642986.2184199999,0.00064298621842,0.0,0.00064298621842
QQQ,QQQ260522C00743000,2026-05-22,4,call,743.0,423.0,301.0,0.2276,0.0025,0.08,0.11,,0.0171,-0.0665,0.0336,https://cdn.cboe.com/api/global/delayed_quotes/options/QQQ.json,0.0025,527917.64439375,0.0,527917.64439375,0.00052791764439375,0.0,0.00052791764439375
QQQ,QQQ260522C00744000,2026-05-22,4,call,744.0,546.0,355.0,0.2272,0.0022,0.07,0.29,,0.0152,-0.0594,0.0304,https://cdn.cboe.com/api/global/delayed_quotes/options/QQQ.json,0.0022,599654.538483,0.0,599654.538483,0.000599654538483,0.0,0.000599654538483
QQQ,QQQ260522P00744000,2026-05-22,4,put,744.0,7.0,0.0,0.0,0.0015,36.51,40.95,,-0.9954,-0.0814,0.01,https://cdn.cboe.com/api/global/delayed_quotes/options/QQQ.json,0.0015,0.0,-5241.73547625,-5241.73547625,0.0,-5.24173547625e-06,-5.24173547625e-06
QQQ,QQQ260522C00745000,2026-05-22,4,call,745.0,1935.0,2439.0,0.2259,0.002,0.04,0.07,,0.0135,-0.0532,0.0276,https://cdn.cboe.com/api/global/delayed_quotes/options/QQQ.json,0.002,1931953.9326749996,0.0,1931953.9326749996,0.0019319539326749997,0.0,0.0019319539326749997
QQQ,QQQ260522P00745000,2026-05-22,4,put,745.0,26.0,15.0,0.3074,0.0012,38.2,41.78,,-0.9965,-0.0792,0.0068,https://cdn.cboe.com/api/global/delayed_quotes/options/QQQ.json,0.0012,0.0,-15575.442557999995,-15575.442557999995,0.0,-1.5575442557999994e-05,-1.5575442557999994e-05
QQQ,QQQ260522C00746000,2026-05-22,4,call,746.0,205.0,51.0,0.2308,0.0018,0.05,0.08,,0.012,-0.0476,0.025,https://cdn.cboe.com/api/global/delayed_quotes/options/QQQ.json,0.0018,184209.56102249995,0.0,184209.56102249995,0.00018420956102249995,0.0,0.00018420956102249995
QQQ,QQQ260522C00747000,2026-05-22,4,call,747.0,362.0,753.0,0.2333,0.0016,0.05,0.07,,0.0107,-0.0428,0.0228,https://cdn.cboe.com/api/global/delayed_quotes/options/QQQ.json,0.0016,289144.11312799994,0.0,289144.11312799994,0.00028914411312799994,0.0,0.00028914411312799994
QQQ,QQQ260522C00748000,2026-05-22,4,call,748.0,131.0,28.0,0.2327,0.0015,0.04,0.26,,0.0096,-0.0384,0.0207,https://cdn.cboe.com/api/global/delayed_quotes/options/QQQ.json,0.0015,98095.33534124999,0.0,98095.33534124999,9.809533534124998e-05,0.0,9.809533534124998e-05
QQQ,QQQ260522C00749000,2026-05-22,4,call,749.0,299.0,437.0,0.2374,0.0013,0.03,0.06,,0.0086,-0.0346,0.0189,https://cdn.cboe.com/api/global/delayed_quotes/options/QQQ.json,0.0013,194044.05520174996,0.0,194044.05520174996,0.00019404405520174995,0.0,0.00019404405520174995
QQQ,QQQ260522C00750000,2026-05-22,4,call,750.0,5639.0,1979.0,0.2391,0.0012,0.04,0.18,,0.0077,-0.0313,0.0172,https://cdn.cboe.com/api/global/delayed_quotes/options/QQQ.json,0.0012,3378073.8686369993,0.0,3378073.8686369993,0.0033780738686369992,0.0,0.0033780738686369992
QQQ,QQQ260522P00750000,2026-05-22,4,put,750.0,11.0,0.0,0.0,0.0004,42.48,46.86,,-0.9991,-0.0742,0.0018,https://cdn.cboe.com/api/global/delayed_quotes/options/QQQ.json,0.0004,0.0,-2196.5367709999996,-2196.5367709999996,0.0,-2.1965367709999997e-06,-2.1965367709999997e-06
QQQ,QQQ260522C00755000,2026-05-22,4,call,755.0,2035.0,780.0,0.2503,0.0007,0.02,0.04,,0.0047,-0.0194,0.0111,https://cdn.cboe.com/api/global/delayed_quotes/options/QQQ.json,0.0007,711128.7796112499,0.0,711128.7796112499,0.0007111287796112499,0.0,0.0007111287796112499
QQQ,QQQ260522C00760000,2026-05-22,4,call,760.0,3262.0,923.0,0.2609,0.0005,0.0,0.23,,0.0029,-0.0125,0.0074,https://cdn.cboe.com/api/global/delayed_quotes/options/QQQ.json,0.0005,814216.2439774998,0.0,814216.2439774998,0.0008142162439774998,0.0,0.0008142162439774998
QQQ,QQQ260522P00760000,2026-05-22,4,put,760.0,3.0,3.0,0.3736,0.0,53.01,56.95,,-1.0,-0.0731,0.0001,https://cdn.cboe.com/api/global/delayed_quotes/options/QQQ.json,0.0,0.0,-0.0,0.0,0.0,-0.0,0.0
QQQ,QQQ260522C00770000,2026-05-22,4,call,770.0,3100.0,192.0,0.3019,0.0002,0.0,0.06,,0.0013,-0.0058,0.0036,https://cdn.cboe.com/api/global/delayed_quotes/options/QQQ.json,0.0002,309511.99954999995,0.0,309511.99954999995,0.00030951199954999995,0.0,0.00030951199954999995
QQQ,QQQ260522C00780000,2026-05-22,4,call,780.0,1569.0,136.0,0.321,0.0001,0.0,0.02,,0.0006,-0.003,0.0019,https://cdn.cboe.com/api/global/delayed_quotes/options/QQQ.json,0.0001,78326.50440225,0.0,78326.50440225,7.832650440225e-05,0.0,7.832650440225e-05
QQQ,QQQ260522C00790000,2026-05-22,4,call,790.0,1152.0,28.0,0.358,0.0,0.0,0.02,,0.0003,-0.0017,0.001,https://cdn.cboe.com/api/global/delayed_quotes/options/QQQ.json,0.0,0.0,0.0,0.0,0.0,0.0,0.0
QQQ,QQQ260522C00800000,2026-05-22,4,call,800.0,2713.0,84.0,0.3943,0.0,0.0,0.2,,0.0002,-0.001,0.0006,https://cdn.cboe.com/api/global/delayed_quotes/options/QQQ.json,0.0,0.0,0.0,0.0,0.0,0.0,0.0
QQQ,QQQ260522P00800000,2026-05-22,4,put,800.0,7.0,7.0,0.0,0.0,92.48,96.94,,-1.0,-0.0731,0.0,https://cdn.cboe.com/api/global/delayed_quotes/options/QQQ.json,0.0,0.0,-0.0,0.0,0.0,-0.0,0.0
QQQ,QQQ260522C00810000,2026-05-22,4,call,810.0,379.0,50.0,0.4071,0.0,0.0,0.21,,0.0001,-0.0006,0.0004,https://cdn.cboe.com/api/global/delayed_quotes/options/QQQ.json,0.0,0.0,0.0,0.0,0.0,0.0,0.0
QQQ,QQQ260522C00820000,2026-05-22,4,call,820.0,141.0,0.0,0.4404,0.0,0.0,0.21,,0.0001,-0.0004,0.0002,https://cdn.cboe.com/api/global/delayed_quotes/options/QQQ.json,0.0,0.0,0.0,0.0,0.0,0.0,0.0
QQQ,QQQ260522C00830000,2026-05-22,4,call,830.0,189.0,20.0,0.4731,0.0,0.0,0.21,,0.0,-0.0002,0.0001,https://cdn.cboe.com/api/global/delayed_quotes/options/QQQ.json,0.0,0.0,0.0,0.0,0.0,0.0,0.0
QQQ,QQQ260522C00840000,2026-05-22,4,call,840.0,24.0,0.0,0.5053,0.0,0.0,0.21,,0.0,-0.0002,0.0001,https://cdn.cboe.com/api/global/delayed_quotes/options/QQQ.json,0.0,0.0,0.0,0.0,0.0,0.0,0.0
QQQ,QQQ260522C00850000,2026-05-22,4,call,850.0,2.0,0.0,0.5368,0.0,0.0,0.21,,0.0,-0.0001,0.0001,https://cdn.cboe.com/api/global/delayed_quotes/options/QQQ.json,0.0,0.0,0.0,0.0,0.0,0.0,0.0
QQQ,QQQ260522C00860000,2026-05-22,4,call,860.0,1305.0,3.0,0.5679,0.0,0.0,0.01,,0.0,-0.0001,0.0,https://cdn.cboe.com/api/global/delayed_quotes/options/QQQ.json,0.0,0.0,0.0,0.0,0.0,0.0,0.0
QQQ,QQQ260522C00870000,2026-05-22,4,call,870.0,145.0,0.0,0.5985,0.0,0.0,0.07,,0.0,0.0,0.0,https://cdn.cboe.com/api/global/delayed_quotes/options/QQQ.json,0.0,0.0,0.0,0.0,0.0,0.0,0.0
QQQ,QQQ260526P00525000,2026-05-26,8,put,525.0,155.0,0.0,0.6859,0.0001,0.0,0.24,,-0.0016,-0.0177,0.0056,https://cdn.cboe.com/api/global/delayed_quotes/options/QQQ.json,0.0001,0.0,-7737.799988749999,-7737.799988749999,0.0,-7.737799988749999e-06,-7.737799988749999e-06
QQQ,QQQ260526P00530000,2026-05-26,8,put,530.0,21.0,0.0,0.6658,0.0001,0.0,0.24,,-0.0017,-0.0184,0.0059,https://cdn.cboe.com/api/global/delayed_quotes/options/QQQ.json,0.0001,0.0,-1048.34709525,-1048.34709525,0.0,-1.04834709525e-06,-1.04834709525e-06
QQQ,QQQ260526P00535000,2026-05-26,8,put,535.0,216.0,0.0,0.6456,0.0001,0.0,0.24,,-0.0018,-0.019,0.0063,https://cdn.cboe.com/api/global/delayed_quotes/options/QQQ.json,0.0001,0.0,-10782.998694,-10782.998694,0.0,-1.0782998694e-05,-1.0782998694e-05
QQQ,QQQ260526P00540000,2026-05-26,8,put,540.0,126.0,0.0,0.6256,0.0001,0.0,0.24,,-0.002,-0.0196,0.0067,https://cdn.cboe.com/api/global/delayed_quotes/options/QQQ.json,0.0001,0.0,-6290.082571499998,-6290.082571499998,0.0,-6.290082571499998e-06,-6.290082571499998e-06
QQQ,QQQ260526P00545000,2026-05-26,8,put,545.0,169.0,0.0,0.6141,0.0001,0.0,1.32,,-0.0021,-0.0203,0.0071,https://cdn.cboe.com/api/global/delayed_quotes/options/QQQ.json,0.0001,0.0,-8436.69805225,-8436.69805225,0.0,-8.43669805225e-06,-8.43669805225e-06
QQQ,QQQ260526P00550000,2026-05-26,8,put,550.0,234.0,0.0,0.5941,0.0001,0.0,0.78,,-0.0022,-0.021,0.0075,https://cdn.cboe.com/api/global/delayed_quotes/options/QQQ.json,0.0001,0.0,-11681.581918499998,-11681.581918499998,0.0,-1.1681581918499998e-05,-1.1681581918499998e-05
QQQ,QQQ260526P00555000,2026-05-26,8,put,555.0,250.0,150.0,0.5815,0.0001,0.0,0.25,,-0.0024,-0.0217,0.008,https://cdn.cboe.com/api/global/delayed_quotes/options/QQQ.json,0.0001,0.0,-12480.3225625,-12480.3225625,0.0,-1.24803225625e-05,-1.24803225625e-05
QQQ,QQQ260526P00560000,2026-05-26,8,put,560.0,97.0,0.0,0.5616,0.0001,0.0,0.25,,-0.0026,-0.0225,0.0085,https://cdn.cboe.com/api/global/delayed_quotes/options/QQQ.json,0.0001,0.0,-4842.365154249999,-4842.365154249999,0.0,-4.842365154249999e-06,-4.842365154249999e-06
QQQ,QQQ260526P00570000,2026-05-26,8,put,570.0,1.0,5.0,0.5282,0.0002,0.0,0.26,,-0.003,-0.0241,0.0097,https://cdn.cboe.com/api/global/delayed_quotes/options/QQQ.json,0.0002,0.0,-99.84258049999998,-99.84258049999998,0.0,-9.984258049999998e-08,-9.984258049999998e-08
QQQ,QQQ260526P00575000,2026-05-26,8,put,575.0,32.0,37.0,0.5188,0.0002,0.05,0.06,,-0.0032,-0.0251,0.0104,https://cdn.cboe.com/api/global/delayed_quotes/options/QQQ.json,0.0002,0.0,-3194.9625759999994,-3194.9625759999994,0.0,-3.1949625759999992e-06,-3.1949625759999992e-06
QQQ,QQQ260526P00580000,2026-05-26,8,put,580.0,2.0,0.0,0.4941,0.0002,0.0,0.09,,-0.0034,-0.0261,0.0111,https://cdn.cboe.com/api/global/delayed_quotes/options/QQQ.json,0.0002,0.0,-199.68516099999997,-199.68516099999997,0.0,-1.9968516099999995e-07,-1.9968516099999995e-07
QQQ,QQQ260526P00590000,2026-05-26,8,put,590.0,1.0,101.0,0.4636,0.0002,0.0,0.27,,-0.0041,-0.0288,0.013,https://cdn.cboe.com/api/global/delayed_quotes/options/QQQ.json,0.0002,0.0,-99.84258049999998,-99.84258049999998,0.0,-9.984258049999998e-08,-9.984258049999998e-08
QQQ,QQQ260526P00595000,2026-05-26,8,put,595.0,1.0,0.0,0.4513,0.0003,0.0,0.11,,-0.0045,-0.0304,0.0142,https://cdn.cboe.com/api/global/delayed_quotes/options/QQQ.json,0.0003,0.0,-149.76387074999997,-149.76387074999997,0.0,-1.4976387074999997e-07,-1.4976387074999997e-07
QQQ,QQQ260526C00600000,2026-05-26,8,call,600.0,1.0,0.0,0.4616,0.0003,103.76,108.19,,0.995,-0.0213,0.0157,https://cdn.cboe.com/api/global/delayed_quotes/options/QQQ.json,0.0003,149.76387074999997,0.0,149.76387074999997,1.4976387074999997e-07,0.0,1.4976387074999997e-07
QQQ,QQQ260526P00600000,2026-05-26,8,put,600.0,117.0,130.0,0.4317,0.0003,0.0,0.29,,-0.005,-0.0324,0.0156,https://cdn.cboe.com/api/global/delayed_quotes/options/QQQ.json,0.0003,0.0,-17522.372877749996,-17522.372877749996,0.0,-1.7522372877749998e-05,-1.7522372877749998e-05
QQQ,QQQ260526C00605000,2026-05-26,8,call,605.0,1.0,1.0,0.445,0.0004,98.83,103.19,,0.9943,-0.0243,0.0174,https://cdn.cboe.com/api/global/delayed_quotes/options/QQQ.json,0.0004,199.68516099999997,0.0,199.68516099999997,1.9968516099999995e-07,0.0,1.9968516099999995e-07
QQQ,QQQ260526P00605000,2026-05-26,8,put,605.0,39.0,4.0,0.4177,0.0004,0.0,0.29,,-0.0056,-0.0349,0.0174,https://cdn.cboe.com/api/global/delayed_quotes/options/QQQ.json,0.0004,0.0,-7787.7212789999985,-7787.7212789999985,0.0,-7.787721278999999e-06,-7.787721278999999e-06
QQQ,QQQ260526P00610000,2026-05-26,8,put,610.0,205.0,20.0,0.4031,0.0004,0.0,0.3,,-0.0064,-0.0379,0.0195,https://cdn.cboe.com/api/global/delayed_quotes/options/QQQ.json,0.0004,0.0,-40935.458005,-40935.458005,0.0,-4.0935458005e-05,-4.0935458005e-05
QQQ,QQQ260526P00615000,2026-05-26,8,put,615.0,5.0,10.0,0.3878,0.0005,0.0,0.31,,-0.0073,-0.0418,0.0221,https://cdn.cboe.com/api/global/delayed_quotes/options/QQQ.json,0.0005,0.0,-1248.0322562499998,-1248.0322562499998,0.0,-1.2480322562499997e-06,-1.2480322562499997e-06
QQQ,QQQ260526C00620000,2026-05-26,8,call,620.0,1.0,1.0,0.3911,0.0006,83.87,88.24,,0.9914,-0.0375,0.0254,https://cdn.cboe.com/api/global/delayed_quotes/options/QQQ.json,0.0006,299.52774149999993,0.0,299.52774149999993,2.9952774149999994e-07,0.0,2.9952774149999994e-07
QQQ,QQQ260526P00620000,2026-05-26,8,put,620.0,15.0,51.0,0.3722,0.0006,0.0,0.33,,-0.0085,-0.0465,0.0253,https://cdn.cboe.com/api/global/delayed_quotes/options/QQQ.json,0.0006,0.0,-4492.916122499999,-4492.916122499999,0.0,-4.492916122499999e-06,-4.492916122499999e-06
QQQ,QQQ260526C00625000,2026-05-26,8,call,625.0,2.0,60.0,0.3745,0.0007,78.89,83.25,,0.9898,-0.0442,0.0295,https://cdn.cboe.com/api/global/delayed_quotes/options/QQQ.json,0.0007,698.8980634999998,0.0,698.8980634999998,6.988980634999998e-07,0.0,6.988980634999998e-07
QQQ,QQQ260526P00625000,2026-05-26,8,put,625.0,65.0,100.0,0.3589,0.0007,0.0,0.34,,-0.0102,-0.0528,0.0295,https://cdn.cboe.com/api/global/delayed_quotes/options/QQQ.json,0.0007,0.0,-22714.187063749996,-22714.187063749996,0.0,-2.2714187063749995e-05,-2.2714187063749995e-05
QQQ,QQQ260526P00630000,2026-05-26,8,put,630.0,134.0,40.0,0.3446,0.0009,0.0,0.25,,-0.0122,-0.0606,0.0347,https://cdn.cboe.com/api/global/delayed_quotes/options/QQQ.json,0.0009,0.0,-60205.07604149999,-60205.07604149999,0.0,-6.020507604149999e-05,-6.020507604149999e-05
QQQ,QQQ260526C00635000,2026-05-26,8,call,635.0,2.0,1.0,0.3439,0.0011,68.94,73.42,,0.9849,-0.0631,0.0413,https://cdn.cboe.com/api/global/delayed_quotes/options/QQQ.json,0.0011,1098.2683854999998,0.0,1098.2683854999998,1.0982683854999999e-06,0.0,1.0982683854999999e-06
QQQ,QQQ260526P00635000,2026-05-26,8,put,635.0,778.0,622.0,0.3319,0.0011,0.0,0.39,,-0.015,-0.0707,0.0414,https://cdn.cboe.com/api/global/delayed_quotes/options/QQQ.json,0.0011,0.0,-427226.4019594999,-427226.4019594999,0.0,-0.0004272264019594999,-0.0004272264019594999
QQQ,QQQ260526C00640000,2026-05-26,8,call,640.0,6.0,7.0,0.329,0.0014,63.98,68.35,,0.9812,-0.0765,0.0498,https://cdn.cboe.com/api/global/delayed_quotes/options/QQQ.json,0.0014,4193.388381,0.0,4193.388381,4.193388381e-06,0.0,4.193388381e-06
QQQ,QQQ260526P00640000,2026-05-26,8,put,640.0,421.0,114.0,0.3197,0.0014,0.01,0.43,,-0.0187,-0.0835,0.0498,https://cdn.cboe.com/api/global/delayed_quotes/options/QQQ.json,0.0014,0.0,-294236.08473349997,-294236.08473349997,0.0,-0.00029423608473349997,-0.00029423608473349997
QQQ,QQQ260526C00645000,2026-05-26,8,call,645.0,15.0,1.0,0.3161,0.0017,59.1,63.5,,0.9763,-0.0933,0.0606,https://cdn.cboe.com/api/global/delayed_quotes/options/QQQ.json,0.0017,12729.929013749997,0.0,12729.929013749997,1.2729929013749997e-05,0.0,1.2729929013749997e-05
QQQ,QQQ260526P00645000,2026-05-26,8,put,645.0,190.0,501.0,0.3073,0.0017,0.07,0.29,,-0.0237,-0.0998,0.0607,https://cdn.cboe.com/api/global/delayed_quotes/options/QQQ.json,0.0017,0.0,-161245.7675075,-161245.7675075,0.0,-0.00016124576750749998,-0.00016124576750749998
QQQ,QQQ260526C00650000,2026-05-26,8,call,650.0,20.0,0.0,0.304,0.0022,54.16,58.5,,0.9697,-0.1145,0.0743,https://cdn.cboe.com/api/global/delayed_quotes/options/QQQ.json,0.0022,21965.36771,0.0,21965.36771,2.196536771e-05,0.0,2.196536771e-05
QQQ,QQQ260526P00650000,2026-05-26,8,put,650.0,256.0,674.0,0.2978,0.0022,0.31,0.36,,-0.0302,-0.1201,0.074,https://cdn.cboe.com/api/global/delayed_quotes/options/QQQ.json,0.0022,0.0,-281156.70668799995,-281156.70668799995,0.0,-0.00028115670668799996,-0.00028115670668799996
QQQ,QQQ260526C00655000,2026-05-26,8,call,655.0,10.0,27.0,0.2939,0.0028,49.1,53.57,,0.9607,-0.1412,0.0917,https://cdn.cboe.com/api/global/delayed_quotes/options/QQQ.json,0.0028,13977.96127,0.0,13977.96127,1.397796127e-05,0.0,1.397796127e-05
QQQ,QQQ260526P00655000,2026-05-26,8,put,655.0,128.0,304.0,0.2873,0.0028,0.44,0.47,,-0.0393,-0.1467,0.0918,https://cdn.cboe.com/api/global/delayed_quotes/options/QQQ.json,0.0028,0.0,-178917.90425599995,-178917.90425599995,0.0,-0.00017891790425599995,-0.00017891790425599995
QQQ,QQQ260526C00660000,2026-05-26,8,call,660.0,72.0,22.0,0.2847,0.0036,44.34,48.83,,0.9487,-0.1742,0.1134,https://cdn.cboe.com/api/global/delayed_quotes/options/QQQ.json,0.0036,129395.98432799998,0.0,129395.98432799998,0.00012939598432799997,0.0,0.00012939598432799997
QQQ,QQQ260526P00660000,2026-05-26,8,put,660.0,502.0,2081.0,0.2788,0.0036,0.57,0.79,,-0.0513,-0.1792,0.1135,https://cdn.cboe.com/api/global/delayed_quotes/options/QQQ.json,0.0036,0.0,-902177.5573979998,-902177.5573979998,0.0,-0.0009021775573979998,-0.0009021775573979998
QQQ,QQQ260526C00665000,2026-05-26,8,call,665.0,2.0,2.0,0.2424,0.0046,39.69,42.95,,0.9325,-0.2144,0.14,https://cdn.cboe.com/api/global/delayed_quotes/options/QQQ.json,0.0046,4592.758702999999,0.0,4592.758702999999,4.592758702999998e-06,0.0,4.592758702999998e-06
QQQ,QQQ260526P00665000,2026-05-26,8,put,665.0,414.0,784.0,0.2708,0.0046,0.81,0.99,,-0.0675,-0.2191,0.14,https://cdn.cboe.com/api/global/delayed_quotes/options/QQQ.json,0.0046,0.0,-950701.0515209999,-950701.0515209999,0.0,-0.0009507010515209999,-0.0009507010515209999
QQQ,QQQ260526C00670000,2026-05-26,8,call,670.0,65.0,74.0,0.2413,0.0058,34.97,38.25,,0.9112,-0.2622,0.1718,https://cdn.cboe.com/api/global/delayed_quotes/options/QQQ.json,0.0058,188203.2642425,0.0,188203.2642425,0.00018820326424250002,0.0,0.00018820326424250002
QQQ,QQQ260526P00670000,2026-05-26,8,put,670.0,204.0,5744.0,0.2631,0.0058,1.1,1.2,,-0.0889,-0.2665,0.1719,https://cdn.cboe.com/api/global/delayed_quotes/options/QQQ.json,0.0058,0.0,-590668.7062379998,-590668.7062379998,0.0,-0.0005906687062379999,-0.0005906687062379999
QQQ,QQQ260526C00671000,2026-05-26,8,call,671.0,1.0,7.0,0.244,0.0061,34.0,37.42,,0.9061,-0.2727,0.1788,https://cdn.cboe.com/api/global/delayed_quotes/options/QQQ.json,0.0061,3045.1987052499994,0.0,3045.1987052499994,3.0451987052499996e-06,0.0,3.0451987052499996e-06
QQQ,QQQ260526P00671000,2026-05-26,8,put,671.0,48.0,80.0,0.2618,0.0061,1.0,1.4,,-0.094,-0.2768,0.1789,https://cdn.cboe.com/api/global/delayed_quotes/options/QQQ.json,0.0061,0.0,-146169.53785199998,-146169.53785199998,0.0,-0.00014616953785199997,-0.00014616953785199997
QQQ,QQQ260526C00672000,2026-05-26,8,call,672.0,10.0,18.0,0.2395,0.0064,33.17,36.37,,0.9008,-0.2834,0.1861,https://cdn.cboe.com/api/global/delayed_quotes/options/QQQ.json,0.0064,31949.625759999995,0.0,31949.625759999995,3.194962576e-05,0.0,3.194962576e-05
QQQ,QQQ260526P00672000,2026-05-26,8,put,672.0,86.0,111.0,0.26,0.0064,1.07,1.5,,-0.0992,-0.2874,0.1862,https://cdn.cboe.com/api/global/delayed_quotes/options/QQQ.json,0.0064,0.0,-274766.78153599997,-274766.78153599997,0.0,-0.00027476678153599994,-0.00027476678153599994
QQQ,QQQ260526C00673000,2026-05-26,8,call,673.0,5.0,2.0,0.2738,0.0067,33.88,35.11,,0.8952,-0.2944,0.1936,https://cdn.cboe.com/api/global/delayed_quotes/options/QQQ.json,0.0067,16723.63223375,0.0,16723.63223375,1.672363223375e-05,0.0,1.672363223375e-05
QQQ,QQQ260526P00673000,2026-05-26,8,put,673.0,47.0,71.0,0.2585,0.0067,1.14,1.58,,-0.1048,-0.2983,0.1938,https://cdn.cboe.com/api/global/delayed_quotes/options/QQQ.json,0.0067,0.0,-157202.14299725,-157202.14299725,0.0,-0.00015720214299724998,-0.00015720214299724998
QQQ,QQQ260526P00674000,2026-05-26,8,put,674.0,32.0,199.0,0.2573,0.007,1.42,1.46,,-0.1107,-0.3095,0.2014,https://cdn.cboe.com/api/global/delayed_quotes/options/QQQ.json,0.007,0.0,-111823.69016,-111823.69016,0.0,-0.00011182369016,-0.00011182369016
QQQ,QQQ260526C00675000,2026-05-26,8,call,675.0,11.0,29.0,0.2599,0.0073,32.03,32.89,,0.8832,-0.3171,0.2088,https://cdn.cboe.com/api/global/delayed_quotes/options/QQQ.json,0.0073,40086.79607074999,0.0,40086.79607074999,4.0086796070749985e-05,0.0,4.0086796070749985e-05
QQQ,QQQ260526P00675000,2026-05-26,8,put,675.0,361.0,315.0,0.2558,0.0073,1.31,1.76,,-0.1169,-0.3209,0.209,https://cdn.cboe.com/api/global/delayed_quotes/options/QQQ.json,0.0073,0.0,-1315575.7619582496,-1315575.7619582496,0.0,-0.0013155757619582496,-0.0013155757619582496
QQQ,QQQ260526C00676000,2026-05-26,8,call,676.0,1.0,24.0,0.2572,0.0076,31.08,31.99,,0.8767,-0.3288,0.2167,https://cdn.cboe.com/api/global/delayed_quotes/options/QQQ.json,0.0076,3794.018058999999,0.0,3794.018058999999,3.794018058999999e-06,0.0,3.794018058999999e-06
QQQ,QQQ260526P00676000,2026-05-26,8,put,676.0,41.0,216.0,0.2545,0.0076,1.4,1.65,,-0.1234,-0.3325,0.2169,https://cdn.cboe.com/api/global/delayed_quotes/options/QQQ.json,0.0076,0.0,-155554.74041899998,-155554.74041899998,0.0,-0.00015555474041899998,-0.00015555474041899998
QQQ,QQQ260526P00677000,2026-05-26,8,put,677.0,99.0,165.0,0.253,0.008,1.71,2.02,,-0.1303,-0.3443,0.225,https://cdn.cboe.com/api/global/delayed_quotes/options/QQQ.json,0.008,0.0,-395376.6187799999,-395376.6187799999,0.0,-0.0003953766187799999,-0.0003953766187799999
QQQ,QQQ260526P00678000,2026-05-26,8,put,678.0,13.0,97.0,0.2516,0.0083,1.57,2.13,,-0.1375,-0.3562,0.2333,https://cdn.cboe.com/api/global/delayed_quotes/options/QQQ.json,0.0083,0.0,-53865.072179749994,-53865.072179749994,0.0,-5.386507217974999e-05,-5.386507217974999e-05
QQQ,QQQ260526P00679000,2026-05-26,8,put,679.0,19.0,357.0,0.2502,0.0087,1.7,1.98,,-0.145,-0.3683,0.242,https://cdn.cboe.com/api/global/delayed_quotes/options/QQQ.json,0.0087,0.0,-82519.89278324999,-82519.89278324999,0.0,-8.251989278324998e-05,-8.251989278324998e-05
QQQ,QQQ260526C00680000,2026-05-26,8,call,680.0,22.0,65.0,0.2531,0.009,27.63,28.44,,0.8473,-0.3771,0.25,https://cdn.cboe.com/api/global/delayed_quotes/options/QQQ.json,0.009,98844.15469499996,0.0,98844.15469499996,9.884415469499996e-05,0.0,9.884415469499996e-05
QQQ,QQQ260526P00680000,2026-05-26,8,put,680.0,530.0,2760.0,0.2491,0.009,2.06,2.11,,-0.1529,-0.3806,0.2504,https://cdn.cboe.com/api/global/delayed_quotes/options/QQQ.json,0.009,0.0,-2381245.544924999,-2381245.544924999,0.0,-0.002381245544924999,-0.002381245544924999
QQQ,QQQ260526C00681000,2026-05-26,8,call,681.0,1.0,10.0,0.2535,0.0094,26.75,27.68,,0.8391,-0.3894,0.2585,https://cdn.cboe.com/api/global/delayed_quotes/options/QQQ.json,0.0094,4692.601283499999,0.0,4692.601283499999,4.6926012835e-06,0.0,4.6926012835e-06
QQQ,QQQ260526P00681000,2026-05-26,8,put,681.0,46.0,131.0,0.2477,0.0094,2.18,2.27,,-0.1612,-0.3929,0.2588,https://cdn.cboe.com/api/global/delayed_quotes/options/QQQ.json,0.0094,0.0,-215859.65904099998,-215859.65904099998,0.0,-0.000215859659041,-0.000215859659041
QQQ,QQQ260526C00682000,2026-05-26,8,call,682.0,1.0,34.0,0.2514,0.0098,25.89,26.79,,0.8304,-0.4018,0.2672,https://cdn.cboe.com/api/global/delayed_quotes/options/QQQ.json,0.0098,4892.2864445,0.0,4892.2864445,4.892286444499999e-06,0.0,4.892286444499999e-06
QQQ,QQQ260526P00682000,2026-05-26,8,put,682.0,69.0,177.0,0.2462,0.0098,2.04,2.68,,-0.1698,-0.4052,0.2673,https://cdn.cboe.com/api/global/delayed_quotes/options/QQQ.json,0.0098,0.0,-337567.76467049995,-337567.76467049995,0.0,-0.0003375677646704999,-0.0003375677646704999
QQQ,QQQ260526P00683000,2026-05-26,8,put,683.0,105.0,145.0,0.2448,0.0102,2.36,2.82,,-0.1788,-0.4175,0.2761,https://cdn.cboe.com/api/global/delayed_quotes/options/QQQ.json,0.0102,0.0,-534657.0185775,-534657.0185775,0.0,-0.0005346570185775,-0.0005346570185775
QQQ,QQQ260526P00684000,2026-05-26,8,put,684.0,115.0,164.0,0.2437,0.0106,2.57,2.91,,-0.1882,-0.4298,0.2852,https://cdn.cboe.com/api/global/delayed_quotes/options/QQQ.json,0.0106,0.0,-608540.5281474999,-608540.5281474999,0.0,-0.0006085405281474999,-0.0006085405281474999
QQQ,QQQ260526C00685000,2026-05-26,8,call,685.0,70.0,59.0,0.2521,0.0109,23.36,24.56,,0.8022,-0.4388,0.2935,https://cdn.cboe.com/api/global/delayed_quotes/options/QQQ.json,0.0109,380899.4446074999,0.0,380899.4446074999,0.00038089944460749993,0.0,0.00038089944460749993
QQQ,QQQ260526P00685000,2026-05-26,8,put,685.0,887.0,694.0,0.2422,0.011,2.49,3.2,,-0.1981,-0.442,0.2939,https://cdn.cboe.com/api/global/delayed_quotes/options/QQQ.json,0.011,0.0,-4870820.289692499,-4870820.289692499,0.0,-0.004870820289692499,-0.004870820289692499
QQQ,QQQ260526P00686000,2026-05-26,8,put,686.0,112.0,101.0,0.2408,0.0114,2.66,3.32,,-0.2083,-0.454,0.3024,https://cdn.cboe.com/api/global/delayed_quotes/options/QQQ.json,0.0114,0.0,-637395.033912,-637395.033912,0.0,-0.000637395033912,-0.000637395033912
QQQ,QQQ260526P00687000,2026-05-26,8,put,687.0,57.0,326.0,0.2395,0.0118,3.11,3.44,,-0.2189,-0.4659,0.311,https://cdn.cboe.com/api/global/delayed_quotes/options/QQQ.json,0.0118,0.0,-335770.59822149994,-335770.59822149994,0.0,-0.00033577059822149994,-0.00033577059822149994
QQQ,QQQ260526C00688000,2026-05-26,8,call,688.0,5.0,4.0,0.2274,0.0121,19.26,22.5,,0.7704,-0.4746,0.3195,https://cdn.cboe.com/api/global/delayed_quotes/options/QQQ.json,0.0121,30202.380601249995,0.0,30202.380601249995,3.0202380601249996e-05,0.0,3.0202380601249996e-05
QQQ,QQQ260526P00688000,2026-05-26,8,put,688.0,118.0,140.0,0.2383,0.0122,2.99,3.62,,-0.23,-0.4776,0.3196,https://cdn.cboe.com/api/global/delayed_quotes/options/QQQ.json,0.0122,0.0,-718666.8944389999,-718666.8944389999,0.0,-0.0007186668944389999,-0.0007186668944389999
QQQ,QQQ260526P00689000,2026-05-26,8,put,689.0,190.0,737.0,0.2369,0.0126,3.53,3.93,,-0.2415,-0.4889,0.3286,https://cdn.cboe.com/api/global/delayed_quotes/options/QQQ.json,0.0126,0.0,-1195115.6885849999,-1195115.6885849999,0.0,-0.0011951156885849998,-0.0011951156885849998
QQQ,QQQ260526C00690000,2026-05-26,8,call,690.0,29.0,9.0,0.2248,0.0129,17.66,20.89,,0.7471,-0.497,0.3363,https://cdn.cboe.com/api/global/delayed_quotes/options/QQQ.json,0.0129,186755.54682524994,0.0,186755.54682524994,0.00018675554682524994,0.0,0.00018675554682524994
QQQ,QQQ260526P00690000,2026-05-26,8,put,690.0,761.0,2165.0,0.2356,0.013,3.44,3.82,,-0.2534,-0.4999,0.3366,https://cdn.cboe.com/api/global/delayed_quotes/options/QQQ.json,0.013,0.0,-4938713.244432499,-4938713.244432499,0.0,-0.0049387132444324985,-0.0049387132444324985
QQQ,QQQ260526C00691000,2026-05-26,8,call,691.0,4.0,0.0,0.2367,0.0133,18.39,19.5,,0.7348,-0.5076,0.3443,https://cdn.cboe.com/api/global/delayed_quotes/options/QQQ.json,0.0133,26558.126412999994,0.0,26558.126412999994,2.6558126412999994e-05,0.0,2.6558126412999994e-05
QQQ,QQQ260526P00691000,2026-05-26,8,put,691.0,55.0,253.0,0.2343,0.0134,3.75,4.38,,-0.2657,-0.5105,0.3446,https://cdn.cboe.com/api/global/delayed_quotes/options/QQQ.json,0.0134,0.0,-367919.90914249996,-367919.90914249996,0.0,-0.00036791990914249997,-0.00036791990914249997
QQQ,QQQ260526P00692000,2026-05-26,8,put,692.0,27.0,330.0,0.2329,0.0138,3.98,4.61,,-0.2785,-0.5206,0.3524,https://cdn.cboe.com/api/global/delayed_quotes/options/QQQ.json,0.0138,0.0,-186006.72747149997,-186006.72747149997,0.0,-0.00018600672747149996,-0.00018600672747149996
QQQ,QQQ260526P00693000,2026-05-26,8,put,693.0,162.0,481.0,0.2283,0.0141,4.09,4.86,,-0.2916,-0.5302,0.3601,https://cdn.cboe.com/api/global/delayed_quotes/options/QQQ.json,0.0141,0.0,-1140302.1118904997,-1140302.1118904997,0.0,-0.0011403021118904996,-0.0011403021118904996
QQQ,QQQ260526C00694000,2026-05-26,8,call,694.0,13.0,11.0,0.2442,0.0145,16.15,17.74,,0.6954,-0.5365,0.3673,https://cdn.cboe.com/api/global/delayed_quotes/options/QQQ.json,0.0145,94101.63212125,0.0,94101.63212125,9.410163212125001e-05,0.0,9.410163212125001e-05
QQQ,QQQ260526P00694000,2026-05-26,8,put,694.0,61.0,206.0,0.2275,0.0145,4.34,5.13,,-0.3052,-0.5391,0.3678,https://cdn.cboe.com/api/global/delayed_quotes/options/QQQ.json,0.0145,0.0,-441553.8122612499,-441553.8122612499,0.0,-0.0004415538122612499,-0.0004415538122612499
QQQ,QQQ260526C00695000,2026-05-26,8,call,695.0,41.0,105.0,0.23,0.0148,15.67,16.91,,0.6814,-0.5448,0.3742,https://cdn.cboe.com/api/global/delayed_quotes/options/QQQ.json,0.0148,302922.38923699997,0.0,302922.38923699997,0.00030292238923699996,0.0,0.00030292238923699996
QQQ,QQQ260526P00695000,2026-05-26,8,put,695.0,601.0,471.0,0.2291,0.0149,4.99,5.68,,-0.3192,-0.5475,0.3745,https://cdn.cboe.com/api/global/delayed_quotes/options/QQQ.json,0.0149,0.0,-4470401.620597249,-4470401.620597249,0.0,-0.004470401620597249,-0.004470401620597249
QQQ,QQQ260526C00696000,2026-05-26,8,call,696.0,167.0,32.0,0.2275,0.0152,14.72,15.76,,0.6671,-0.5525,0.3808,https://cdn.cboe.com/api/global/delayed_quotes/options/QQQ.json,0.0152,1267202.031706,0.0,1267202.031706,0.001267202031706,0.0,0.001267202031706
QQQ,QQQ260526P00696000,2026-05-26,8,put,696.0,138.0,177.0,0.2248,0.0152,4.89,5.7,,-0.3336,-0.5552,0.381,https://cdn.cboe.com/api/global/delayed_quotes/options/QQQ.json,0.0152,0.0,-1047148.9842839998,-1047148.9842839998,0.0,-0.0010471489842839997,-0.0010471489842839997
QQQ,QQQ260526P00697000,2026-05-26,8,put,697.0,53.0,233.0,0.2266,0.0156,5.56,6.36,,-0.3484,-0.5621,0.3871,https://cdn.cboe.com/api/global/delayed_quotes/options/QQQ.json,0.0156,0.0,-412749.2277869999,-412749.2277869999,0.0,-0.0004127492277869999,-0.0004127492277869999
QQQ,QQQ260526C00698000,2026-05-26,8,call,698.0,1.0,279.0,0.2234,0.0159,13.36,14.36,,0.6372,-0.5654,0.3928,https://cdn.cboe.com/api/global/delayed_quotes/options/QQQ.json,0.0159,7937.485149749999,0.0,7937.485149749999,7.93748514975e-06,0.0,7.93748514975e-06
QQQ,QQQ260526P00698000,2026-05-26,8,put,698.0,83.0,219.0,0.2219,0.0159,5.49,6.32,,-0.3636,-0.5681,0.3932,https://cdn.cboe.com/api/global/delayed_quotes/options/QQQ.json,0.0159,0.0,-658811.26742925,-658811.26742925,0.0,-0.0006588112674292499,-0.0006588112674292499
QQQ,QQQ260526C00699000,2026-05-26,8,call,699.0,3.0,151.0,0.2261,0.0162,12.7,14.19,,0.6217,-0.5706,0.398,https://cdn.cboe.com/api/global/delayed_quotes/options/QQQ.json,0.0162,24261.74706149999,0.0,24261.74706149999,2.426174706149999e-05,0.0,2.426174706149999e-05
QQQ,QQQ260526P00699000,2026-05-26,8,put,699.0,97.0,277.0,0.2231,0.0162,5.94,6.9,,-0.3792,-0.5732,0.3982,https://cdn.cboe.com/api/global/delayed_quotes/options/QQQ.json,0.0162,0.0,-784463.1549884997,-784463.1549884997,0.0,-0.0007844631549884997,-0.0007844631549884997
QQQ,QQQ260526C00700000,2026-05-26,8,call,700.0,481.0,315.0,0.2233,0.0165,12.28,12.91,,0.6058,-0.5748,0.4026,https://cdn.cboe.com/api/global/delayed_quotes/options/QQQ.json,0.0165,3962003.20069125,0.0,3962003.20069125,0.0039620032006912505,0.0,0.0039620032006912505
QQQ,QQQ260526P00700000,2026-05-26,8,put,700.0,615.0,788.0,0.2226,0.0165,6.3,6.67,,-0.3952,-0.5775,0.4027,https://cdn.cboe.com/api/global/delayed_quotes/options/QQQ.json,0.0165,0.0,-5065762.9281187495,-5065762.9281187495,0.0,-0.00506576292811875,-0.00506576292811875
QQQ,QQQ260526C00701000,2026-05-26,8,call,701.0,12.0,317.0,0.2195,0.0167,11.52,12.38,,0.5896,-0.578,0.4066,https://cdn.cboe.com/api/global/delayed_quotes/options/QQQ.json,0.0167,100042.26566099998,0.0,100042.26566099998,0.00010004226566099998,0.0,0.00010004226566099998
QQQ,QQQ260526P00701000,2026-05-26,8,put,701.0,127.0,364.0,0.2177,0.0168,6.6,7.61,,-0.4114,-0.5808,0.4067,https://cdn.cboe.com/api/global/delayed_quotes/options/QQQ.json,0.0168,0.0,-1065120.6487739997,-1065120.6487739997,0.0,-0.0010651206487739997,-0.0010651206487739997
QQQ,QQQ260526P00702000,2026-05-26,8,put,702.0,119.0,269.0,0.2164,0.0171,6.9,7.76,,-0.428,-0.583,0.4102,https://cdn.cboe.com/api/global/delayed_quotes/options/QQQ.json,0.0171,0.0,-1015848.3352972497,-1015848.3352972497,0.0,-0.0010158483352972498,-0.0010158483352972498
QQQ,QQQ260526C00703000,2026-05-26,8,call,703.0,17.0,311.0,0.2273,0.0172,10.19,11.61,,0.5563,-0.5812,0.4129,https://cdn.cboe.com/api/global/delayed_quotes/options/QQQ.json,0.0172,145969.85269099998,0.0,145969.85269099998,0.00014596985269099997,0.0,0.00014596985269099997
QQQ,QQQ260526P00703000,2026-05-26,8,put,703.0,46.0,162.0,0.2175,0.0173,7.27,8.17,,-0.4449,-0.584,0.413,https://cdn.cboe.com/api/global/delayed_quotes/options/QQQ.json,0.0173,0.0,-397273.6278095,-397273.6278095,0.0,-0.0003972736278095,-0.0003972736278095
QQQ,QQQ260526C00704000,2026-05-26,8,call,704.0,22.0,327.0,0.2293,0.0174,9.61,11.01,,0.5392,-0.5811,0.415,https://cdn.cboe.com/api/global/delayed_quotes/options/QQQ.json,0.0174,191098.69907699994,0.0,191098.69907699994,0.00019109869907699993,0.0,0.00019109869907699993
QQQ,QQQ260526P00704000,2026-05-26,8,put,704.0,69.0,121.0,0.2125,0.0175,7.72,8.99,,-0.4621,-0.5841,0.4149,https://cdn.cboe.com/api/global/delayed_quotes/options/QQQ.json,0.0175,0.0,-602799.5797687499,-602799.5797687499,0.0,-0.0006027995797687499,-0.0006027995797687499
QQQ,QQQ260526C00705000,2026-05-26,8,call,705.0,676.0,1252.0,0.2169,0.0175,9.28,9.66,,0.5219,-0.5799,0.4163,https://cdn.cboe.com/api/global/delayed_quotes/options/QQQ.json,0.0175,5905688.636575,0.0,5905688.636575,0.005905688636575,0.0,0.005905688636575
QQQ,QQQ260526P00705000,2026-05-26,8,put,705.0,715.0,731.0,0.2164,0.0176,8.24,9.4,,-0.4796,-0.5831,0.4162,https://cdn.cboe.com/api/global/delayed_quotes/options/QQQ.json,0.0176,0.0,-6282095.16506,-6282095.16506,0.0,-0.006282095165059999,-0.006282095165059999
QQQ,QQQ260526C00706000,2026-05-26,8,call,706.0,37.0,135.0,0.2121,0.0177,8.5,9.41,,0.5043,-0.5775,0.4169,https://cdn.cboe.com/api/global/delayed_quotes/options/QQQ.json,0.0177,326934.52984724997,0.0,326934.52984724997,0.00032693452984725,0.0,0.00032693452984725
QQQ,QQQ260526P00706000,2026-05-26,8,put,706.0,153.0,274.0,0.2203,0.0178,8.54,9.86,,-0.4972,-0.5808,0.4168,https://cdn.cboe.com/api/global/delayed_quotes/options/QQQ.json,0.0178,0.0,-1359556.4186684997,-1359556.4186684997,0.0,-0.0013595564186684997,-0.0013595564186684997
QQQ,QQQ260526C00707000,2026-05-26,8,call,707.0,44.0,563.0,0.2123,0.0178,7.96,9.3,,0.4866,-0.5738,0.4167,https://cdn.cboe.com/api/global/delayed_quotes/options/QQQ.json,0.0178,390983.54523799993,0.0,390983.54523799993,0.00039098354523799995,0.0,0.00039098354523799995
QQQ,QQQ260526P00707000,2026-05-26,8,put,707.0,71.0,198.0,0.2124,0.0179,9.01,9.94,,-0.5151,-0.5772,0.4164,https://cdn.cboe.com/api/global/delayed_quotes/options/QQQ.json,0.0179,0.0,-634449.6777872498,-634449.6777872498,0.0,-0.0006344496777872498,-0.0006344496777872498
QQQ,QQQ260526C00708000,2026-05-26,8,call,708.0,147.0,164.0,0.2096,0.0178,7.56,8.0,,0.4687,-0.5689,0.4157,https://cdn.cboe.com/api/global/delayed_quotes/options/QQQ.json,0.0178,1306240.4806815,0.0,1306240.4806815,0.0013062404806815,0.0,0.0013062404806815
QQQ,QQQ260526P00708000,2026-05-26,8,put,708.0,191.0,124.0,0.2112,0.018,9.48,10.83,,-0.5332,-0.5727,0.4152,https://cdn.cboe.com/api/global/delayed_quotes/options/QQQ.json,0.018,0.0,-1716293.9587949994,-1716293.9587949994,0.0,-0.0017162939587949994,-0.0017162939587949994
QQQ,QQQ260526C00709000,2026-05-26,8,call,709.0,113.0,336.0,0.2112,0.0178,6.97,7.77,,0.4507,-0.5628,0.4139,https://cdn.cboe.com/api/global/delayed_quotes/options/QQQ.json,0.0178,1004116.8320885,0.0,1004116.8320885,0.0010041168320885,0.0,0.0010041168320885
QQQ,QQQ260526P00709000,2026-05-26,8,put,709.0,126.0,349.0,0.21,0.018,9.98,10.94,,-0.5514,-0.567,0.4134,https://cdn.cboe.com/api/global/delayed_quotes/options/QQQ.json,0.018,0.0,-1132214.8628699998,-1132214.8628699998,0.0,-0.00113221486287,-0.00113221486287
QQQ,QQQ260526C00710000,2026-05-26,8,call,710.0,665.0,1588.0,0.2102,0.0178,6.71,7.2,,0.4326,-0.5555,0.4112,https://cdn.cboe.com/api/global/delayed_quotes/options/QQQ.json,0.0178,5909183.126892499,0.0,5909183.126892499,0.005909183126892498,0.0,0.005909183126892498
QQQ,QQQ260526P00710000,2026-05-26,8,put,710.0,529.0,334.0,0.2119,0.018,10.87,11.23,,-0.5697,-0.56,0.4107,https://cdn.cboe.com/api/global/delayed_quotes/options/QQQ.json,0.018,0.0,-4753505.257604999,-4753505.257604999,0.0,-0.004753505257604999,-0.004753505257604999
QQQ,QQQ260526C00711000,2026-05-26,8,call,711.0,136.0,274.0,0.2058,0.0178,6.13,6.86,,0.4144,-0.547,0.4077,https://cdn.cboe.com/api/global/delayed_quotes/options/QQQ.json,0.0178,1208494.5943719996,0.0,1208494.5943719996,0.0012084945943719996,0.0,0.0012084945943719996
QQQ,QQQ260526P00711000,2026-05-26,8,put,711.0,270.0,113.0,0.2124,0.018,11.03,12.02,,-0.588,-0.5518,0.4064,https://cdn.cboe.com/api/global/delayed_quotes/options/QQQ.json,0.018,0.0,-2426174.706149999,-2426174.706149999,0.0,-0.002426174706149999,-0.002426174706149999
QQQ,QQQ260526C00712000,2026-05-26,8,call,712.0,179.0,324.0,0.2071,0.0177,5.6,6.82,,0.3963,-0.5372,0.4033,https://cdn.cboe.com/api/global/delayed_quotes/options/QQQ.json,0.0177,1581656.2389907497,0.0,1581656.2389907497,0.0015816562389907498,0.0,0.0015816562389907498
QQQ,QQQ260526P00712000,2026-05-26,8,put,712.0,83.0,145.0,0.211,0.0179,11.58,12.99,,-0.6064,-0.5426,0.4019,https://cdn.cboe.com/api/global/delayed_quotes/options/QQQ.json,0.0179,0.0,-741680.6092442498,-741680.6092442498,0.0,-0.0007416806092442498,-0.0007416806092442498
QQQ,QQQ260526C00713000,2026-05-26,8,call,713.0,93.0,368.0,0.2033,0.0175,5.16,5.99,,0.3782,-0.5264,0.3981,https://cdn.cboe.com/api/global/delayed_quotes/options/QQQ.json,0.0175,812468.9988187499,0.0,812468.9988187499,0.0008124689988187499,0.0,0.0008124689988187499
QQQ,QQQ260526P00713000,2026-05-26,8,put,713.0,130.0,102.0,0.2136,0.0178,12.17,13.63,,-0.6248,-0.5322,0.3969,https://cdn.cboe.com/api/global/delayed_quotes/options/QQQ.json,0.0178,0.0,-1155178.6563849999,-1155178.6563849999,0.0,-0.001155178656385,-0.001155178656385
QQQ,QQQ260526C00714000,2026-05-26,8,call,714.0,158.0,236.0,0.2021,0.0174,4.76,5.82,,0.3602,-0.5144,0.392,https://cdn.cboe.com/api/global/delayed_quotes/options/QQQ.json,0.0174,1372436.1115529996,0.0,1372436.1115529996,0.0013724361115529996,0.0,0.0013724361115529996
QQQ,QQQ260526P00714000,2026-05-26,8,put,714.0,1313.0,62.0,0.2034,0.0176,12.75,14.24,,-0.6431,-0.5208,0.3906,https://cdn.cboe.com/api/global/delayed_quotes/options/QQQ.json,0.0176,0.0,-11536211.121291997,-11536211.121291997,0.0,-0.011536211121291997,-0.011536211121291997
QQQ,QQQ260526C00715000,2026-05-26,8,call,715.0,596.0,1341.0,0.204,0.0171,4.5,4.79,,0.3423,-0.5013,0.3851,https://cdn.cboe.com/api/global/delayed_quotes/options/QQQ.json,0.0171,5087778.217119,0.0,5087778.217119,0.005087778217119,0.0,0.005087778217119
QQQ,QQQ260526P00715000,2026-05-26,8,put,715.0,288.0,151.0,0.2098,0.0174,12.94,14.4,,-0.6613,-0.5083,0.3821,https://cdn.cboe.com/api/global/delayed_quotes/options/QQQ.json,0.0174,0.0,-2501655.6970079993,-2501655.6970079993,0.0,-0.0025016556970079993,-0.0025016556970079993
QQQ,QQQ260526C00716000,2026-05-26,8,call,716.0,519.0,142.0,0.2023,0.0169,4.04,4.42,,0.3246,-0.4873,0.3775,https://cdn.cboe.com/api/global/delayed_quotes/options/QQQ.json,0.0169,4378646.289117749,0.0,4378646.289117749,0.004378646289117749,0.0,0.004378646289117749
QQQ,QQQ260526P00716000,2026-05-26,8,put,716.0,615.0,86.0,0.2057,0.0172,14.02,15.13,,-0.6794,-0.4949,0.3748,https://cdn.cboe.com/api/global/delayed_quotes/options/QQQ.json,0.0172,0.0,-5280674.082644999,-5280674.082644999,0.0,-0.005280674082644999,-0.005280674082644999
QQQ,QQQ260526C00717000,2026-05-26,8,call,717.0,113.0,356.0,0.2024,0.0166,3.7,4.13,,0.3071,-0.4723,0.3691,https://cdn.cboe.com/api/global/delayed_quotes/options/QQQ.json,0.0166,936423.5625094998,0.0,936423.5625094998,0.0009364235625094998,0.0,0.0009364235625094998
QQQ,QQQ260526P00717000,2026-05-26,8,put,717.0,167.0,6.0,0.208,0.0169,14.67,15.72,,-0.6972,-0.4808,0.3665,https://cdn.cboe.com/api/global/delayed_quotes/options/QQQ.json,0.0169,0.0,-1408928.5747257494,-1408928.5747257494,0.0,-0.0014089285747257495,-0.0014089285747257495
QQQ,QQQ260526C00718000,2026-05-26,8,call,718.0,159.0,305.0,0.1962,0.0162,3.4,3.92,,0.2899,-0.4566,0.3598,https://cdn.cboe.com/api/global/delayed_quotes/options/QQQ.json,0.0162,1285872.5942594998,0.0,1285872.5942594998,0.0012858725942594999,0.0,0.0012858725942594999
QQQ,QQQ260526P00718000,2026-05-26,8,put,718.0,169.0,45.0,0.1826,0.0166,14.11,16.51,,-0.7148,-0.4657,0.3561,https://cdn.cboe.com/api/global/delayed_quotes/options/QQQ.json,0.0166,0.0,-1400491.8766735,-1400491.8766735,0.0,-0.0014004918766735,-0.0014004918766735
QQQ,QQQ260526C00719000,2026-05-26,8,call,719.0,203.0,283.0,0.1961,0.0159,3.07,3.7,,0.2731,-0.44,0.3499,https://cdn.cboe.com/api/global/delayed_quotes/options/QQQ.json,0.0159,1611309.4853992495,0.0,1611309.4853992495,0.0016113094853992494,0.0,0.0016113094853992494
QQQ,QQQ260526P00719000,2026-05-26,8,put,719.0,45.0,54.0,0.1843,0.0163,14.61,17.55,,-0.7322,-0.4498,0.3447,https://cdn.cboe.com/api/global/delayed_quotes/options/QQQ.json,0.0163,0.0,-366172.6639837499,-366172.6639837499,0.0,-0.00036617266398374993,-0.00036617266398374993
QQQ,QQQ260526C00720000,2026-05-26,8,call,720.0,668.0,964.0,0.1982,0.0155,3.07,3.49,,0.2565,-0.4229,0.3395,https://cdn.cboe.com/api/global/delayed_quotes/options/QQQ.json,0.0155,5168850.392484998,0.0,5168850.392484998,0.0051688503924849985,0.0,0.0051688503924849985
QQQ,QQQ260526P00720000,2026-05-26,8,put,720.0,2258.0,244.0,0.1992,0.0159,16.95,17.71,,-0.7492,-0.4333,0.3349,https://cdn.cboe.com/api/global/delayed_quotes/options/QQQ.json,0.0159,0.0,-17922841.4681355,-17922841.4681355,0.0,-0.017922841468135498,-0.017922841468135498
QQQ,QQQ260526C00721000,2026-05-26,8,call,721.0,202.0,540.0,0.193,0.015,2.55,3.22,,0.2404,-0.4052,0.3284,https://cdn.cboe.com/api/global/delayed_quotes/options/QQQ.json,0.015,1512615.0945749998,0.0,1512615.0945749998,0.0015126150945749997,0.0,0.0015126150945749997
QQQ,QQQ260526P00721000,2026-05-26,8,put,721.0,34.0,2.0,0.1793,0.0155,15.96,19.1,,-0.7658,-0.4166,0.3238,https://cdn.cboe.com/api/global/delayed_quotes/options/QQQ.json,0.0155,0.0,-263085.19961749995,-263085.19961749995,0.0,-0.00026308519961749997,-0.00026308519961749997
QQQ,QQQ260526C00722000,2026-05-26,8,call,722.0,2138.0,335.0,0.1959,0.0145,2.28,2.91,,0.2248,-0.3871,0.3166,https://cdn.cboe.com/api/global/delayed_quotes/options/QQQ.json,0.0145,15476099.190402497,0.0,15476099.190402497,0.015476099190402496,0.0,0.015476099190402496
QQQ,QQQ260526P00722000,2026-05-26,8,put,722.0,76.0,3.0,0.1829,0.015,17.02,19.76,,-0.782,-0.399,0.3087,https://cdn.cboe.com/api/global/delayed_quotes/options/QQQ.json,0.015,0.0,-569102.7088499998,-569102.7088499998,0.0,-0.0005691027088499998,-0.0005691027088499998
QQQ,QQQ260526C00723000,2026-05-26,8,call,723.0,94.0,430.0,0.2004,0.014,2.07,2.71,,0.2096,-0.3686,0.3047,https://cdn.cboe.com/api/global/delayed_quotes/options/QQQ.json,0.014,656964.1796899998,0.0,656964.1796899998,0.0006569641796899998,0.0,0.0006569641796899998
QQQ,QQQ260526P00723000,2026-05-26,8,put,723.0,80.0,4.0,0.1796,0.0146,17.7,20.53,,-0.7978,-0.3809,0.297,https://cdn.cboe.com/api/global/delayed_quotes/options/QQQ.json,0.0146,0.0,-583080.6701199999,-583080.6701199999,0.0,-0.0005830806701199999,-0.0005830806701199999
QQQ,QQQ260526C00724000,2026-05-26,8,call,724.0,89.0,578.0,0.1952,0.0135,1.84,2.49,,0.195,-0.35,0.2924,https://cdn.cboe.com/api/global/delayed_quotes/options/QQQ.json,0.0135,599804.30235375,0.0,599804.30235375,0.00059980430235375,0.0,0.00059980430235375
QQQ,QQQ260526P00724000,2026-05-26,8,put,724.0,47.0,0.0,0.2182,0.014,19.72,22.36,,-0.813,-0.363,0.2847,https://cdn.cboe.com/api/global/delayed_quotes/options/QQQ.json,0.014,0.0,-328482.0898449999,-328482.0898449999,0.0,-0.0003284820898449999,-0.0003284820898449999
QQQ,QQQ260526C00725000,2026-05-26,8,call,725.0,2509.0,481.0,0.1932,0.013,1.89,2.26,,0.1809,-0.3313,0.2796,https://cdn.cboe.com/api/global/delayed_quotes/options/QQQ.json,0.013,16282827.240842495,0.0,16282827.240842495,0.016282827240842495,0.0,0.016282827240842495
QQQ,QQQ260526P00725000,2026-05-26,8,put,725.0,72.0,3.0,0.1945,0.0135,20.77,21.58,,-0.8278,-0.3451,0.2695,https://cdn.cboe.com/api/global/delayed_quotes/options/QQQ.json,0.0135,0.0,-485234.94123,-485234.94123,0.0,-0.00048523494123,-0.00048523494123
QQQ,QQQ260526C00726000,2026-05-26,8,call,726.0,44.0,201.0,0.1921,0.0124,1.7,2.04,,0.1674,-0.3127,0.2666,https://cdn.cboe.com/api/global/delayed_quotes/options/QQQ.json,0.0124,272370.55960399995,0.0,272370.55960399995,0.00027237055960399994,0.0,0.00027237055960399994
QQQ,QQQ260526P00726000,2026-05-26,8,put,726.0,7.0,1.0,0.1697,0.013,19.82,23.07,,-0.8419,-0.3265,0.2542,https://cdn.cboe.com/api/global/delayed_quotes/options/QQQ.json,0.013,0.0,-45428.37412749999,-45428.37412749999,0.0,-4.542837412749999e-05,-4.542837412749999e-05
QQQ,QQQ260526C00727000,2026-05-26,8,call,727.0,56.0,100.0,0.1914,0.0118,1.31,1.62,,0.1545,-0.2942,0.2537,https://cdn.cboe.com/api/global/delayed_quotes/options/QQQ.json,0.0118,329879.8859719999,0.0,329879.8859719999,0.0003298798859719999,0.0,0.0003298798859719999
QQQ,QQQ260526P00727000,2026-05-26,8,put,727.0,21.0,0.0,0.1695,0.0124,20.86,23.86,,-0.8554,-0.3081,0.242,https://cdn.cboe.com/api/global/delayed_quotes/options/QQQ.json,0.0124,0.0,-129995.03981099995,-129995.03981099995,0.0,-0.00012999503981099995,-0.00012999503981099995
QQQ,QQQ260526C00728000,2026-05-26,8,call,728.0,1155.0,91.0,0.1908,0.0112,1.37,1.7,,0.1423,-0.2759,0.2406,https://cdn.cboe.com/api/global/delayed_quotes/options/QQQ.json,0.0112,6457818.106739998,0.0,6457818.106739998,0.006457818106739998,0.0,0.006457818106739998
QQQ,QQQ260526P00728000,2026-05-26,8,put,728.0,18.0,0.0,0.1645,0.0118,21.49,24.73,,-0.8684,-0.2908,0.2278,https://cdn.cboe.com/api/global/delayed_quotes/options/QQQ.json,0.0118,0.0,-106032.82049099999,-106032.82049099999,0.0,-0.00010603282049099999,-0.00010603282049099999
QQQ,QQQ260526C00729000,2026-05-26,8,call,729.0,144.0,134.0,0.1901,0.0106,1.23,1.54,,0.1307,-0.258,0.2274,https://cdn.cboe.com/api/global/delayed_quotes/options/QQQ.json,0.0106,761998.5743759997,0.0,761998.5743759997,0.0007619985743759997,0.0,0.0007619985743759997
QQQ,QQQ260526C00730000,2026-05-26,8,call,730.0,716.0,484.0,0.1893,0.01,0.89,1.19,,0.1197,-0.2405,0.2145,https://cdn.cboe.com/api/global/delayed_quotes/options/QQQ.json,0.01,3574364.3818999995,0.0,3574364.3818999995,0.0035743643818999995,0.0,0.0035743643818999995
QQQ,QQQ260526P00730000,2026-05-26,8,put,730.0,5.0,2.0,0.2196,0.0106,24.74,27.35,,-0.8923,-0.2549,0.1978,https://cdn.cboe.com/api/global/delayed_quotes/options/QQQ.json,0.0106,0.0,-26458.283832499994,-26458.283832499994,0.0,-2.6458283832499994e-05,-2.6458283832499994e-05
QQQ,QQQ260526C00731000,2026-05-26,8,call,731.0,50.0,129.0,0.1887,0.0094,0.78,1.06,,0.1094,-0.2236,0.2018,https://cdn.cboe.com/api/global/delayed_quotes/options/QQQ.json,0.0094,234630.06417499998,0.0,234630.06417499998,0.00023463006417499997,0.0,0.00023463006417499997
QQQ,QQQ260526C00732000,2026-05-26,8,call,732.0,125.0,171.0,0.188,0.0089,0.69,0.96,,0.0997,-0.2072,0.1892,https://cdn.cboe.com/api/global/delayed_quotes/options/QQQ.json,0.0089,555374.3540312499,0.0,555374.3540312499,0.0005553743540312499,0.0,0.0005553743540312499
QQQ,QQQ260526C00733000,2026-05-26,8,call,733.0,231.0,202.0,0.1877,0.0083,0.59,0.86,,0.0907,-0.1915,0.1769,https://cdn.cboe.com/api/global/delayed_quotes/options/QQQ.json,0.0083,957140.8979632498,0.0,957140.8979632498,0.0009571408979632499,0.0,0.0009571408979632499
QQQ,QQQ260526C00734000,2026-05-26,8,call,734.0,42.0,103.0,0.1872,0.0077,0.51,0.77,,0.0823,-0.1765,0.1651,https://cdn.cboe.com/api/global/delayed_quotes/options/QQQ.json,0.0077,161445.4526685,0.0,161445.4526685,0.00016144545266849998,0.0,0.00016144545266849998
QQQ,QQQ260526P00734000,2026-05-26,8,put,734.0,2.0,5.0,0.1865,0.0085,28.49,29.63,,-0.9328,-0.1893,0.1418,https://cdn.cboe.com/api/global/delayed_quotes/options/QQQ.json,0.0085,0.0,-8486.6193425,-8486.6193425,0.0,-8.4866193425e-06,-8.4866193425e-06
QQQ,QQQ260526C00735000,2026-05-26,8,call,735.0,513.0,392.0,0.1861,0.0072,0.42,0.68,,0.0745,-0.1622,0.1536,https://cdn.cboe.com/api/global/delayed_quotes/options/QQQ.json,0.0072,1843892.7766739998,0.0,1843892.7766739998,0.0018438927766739998,0.0,0.0018438927766739998
QQQ,QQQ260526P00735000,2026-05-26,8,put,735.0,8.0,4.0,0.1775,0.008,29.32,30.42,,-0.9414,-0.1735,0.1267,https://cdn.cboe.com/api/global/delayed_quotes/options/QQQ.json,0.008,0.0,-31949.625759999995,-31949.625759999995,0.0,-3.194962576e-05,-3.194962576e-05
QQQ,QQQ260526C00736000,2026-05-26,8,call,736.0,54.0,85.0,0.1858,0.0067,0.35,0.61,,0.0673,-0.1487,0.1424,https://cdn.cboe.com/api/global/delayed_quotes/options/QQQ.json,0.0067,180615.22812449996,0.0,180615.22812449996,0.00018061522812449997,0.0,0.00018061522812449997
QQQ,QQQ260526C00737000,2026-05-26,8,call,737.0,43.0,13.0,0.1854,0.0062,0.28,0.68,,0.0607,-0.136,0.1319,https://cdn.cboe.com/api/global/delayed_quotes/options/QQQ.json,0.0062,133090.15980649999,0.0,133090.15980649999,0.0001330901598065,0.0,0.0001330901598065
QQQ,QQQ260526C00738000,2026-05-26,8,call,738.0,47.0,255.0,0.1853,0.0057,0.23,0.48,,0.0546,-0.1241,0.1219,https://cdn.cboe.com/api/global/delayed_quotes/options/QQQ.json,0.0057,133739.13657975,0.0,133739.13657975,0.00013373913657975,0.0,0.00013373913657975
QQQ,QQQ260526C00739000,2026-05-26,8,call,739.0,28.0,8.0,0.1847,0.0052,0.36,0.4,,0.049,-0.113,0.1123,https://cdn.cboe.com/api/global/delayed_quotes/options/QQQ.json,0.0052,72685.39860399999,0.0,72685.39860399999,7.268539860399999e-05,0.0,7.268539860399999e-05
QQQ,QQQ260526P00739000,2026-05-26,8,put,739.0,1.0,5.0,0.1616,0.006,33.09,34.38,,-0.9699,-0.1182,0.0757,https://cdn.cboe.com/api/global/delayed_quotes/options/QQQ.json,0.006,0.0,-2995.2774149999996,-2995.2774149999996,0.0,-2.9952774149999994e-06,-2.9952774149999994e-06
QQQ,QQQ260526C00740000,2026-05-26,8,call,740.0,207.0,290.0,0.1845,0.0048,0.16,0.35,,0.044,-0.1027,0.1033,https://cdn.cboe.com/api/global/delayed_quotes/options/QQQ.json,0.0048,496017.9399239999,0.0,496017.9399239999,0.0004960179399239999,0.0,0.0004960179399239999
QQQ,QQQ260526P00740000,2026-05-26,8,put,740.0,26.0,0.0,0.0,0.0053,32.74,35.9,,-0.9756,-0.1092,0.0645,https://cdn.cboe.com/api/global/delayed_quotes/options/QQQ.json,0.0053,0.0,-68791.53796449999,-68791.53796449999,0.0,-6.879153796449999e-05,-6.879153796449999e-05
QQQ,QQQ260526C00741000,2026-05-26,8,call,741.0,17.0,13.0,0.1838,0.0044,0.12,0.31,,0.0394,-0.0931,0.0949,https://cdn.cboe.com/api/global/delayed_quotes/options/QQQ.json,0.0044,37341.12510699999,0.0,37341.12510699999,3.734112510699999e-05,0.0,3.734112510699999e-05
QQQ,QQQ260526C00742000,2026-05-26,8,call,742.0,74.0,90.0,0.1837,0.004,0.09,0.27,,0.0353,-0.0844,0.087,https://cdn.cboe.com/api/global/delayed_quotes/options/QQQ.json,0.004,147767.01913999996,0.0,147767.01913999996,0.00014776701913999995,0.0,0.00014776701913999995
QQQ,QQQ260526C00743000,2026-05-26,8,call,743.0,113.0,11.0,0.183,0.0037,0.06,0.24,,0.0316,-0.0764,0.0796,https://cdn.cboe.com/api/global/delayed_quotes/options/QQQ.json,0.0037,208720.91453524996,0.0,208720.91453524996,0.00020872091453524996,0.0,0.00020872091453524996
QQQ,QQQ260526C00744000,2026-05-26,8,call,744.0,13.0,13.0,0.1833,0.0033,0.18,0.21,,0.0282,-0.0692,0.0729,https://cdn.cboe.com/api/global/delayed_quotes/options/QQQ.json,0.0033,21416.233517249995,0.0,21416.233517249995,2.1416233517249994e-05,0.0,2.1416233517249994e-05
QQQ,QQQ260526C00745000,2026-05-26,8,call,745.0,206.0,80.0,0.1832,0.003,0.05,0.38,,0.0253,-0.0626,0.0668,https://cdn.cboe.com/api/global/delayed_quotes/options/QQQ.json,0.003,308513.57374499994,0.0,308513.57374499994,0.0003085135737449999,0.0,0.0003085135737449999
QQQ,QQQ260526C00746000,2026-05-26,8,call,746.0,41.0,17.0,0.1834,0.0028,0.0,0.34,,0.0226,-0.0567,0.0611,https://cdn.cboe.com/api/global/delayed_quotes/options/QQQ.json,0.0028,57309.64120699999,0.0,57309.64120699999,5.7309641206999995e-05,0.0,5.7309641206999995e-05
QQQ,QQQ260526C00747000,2026-05-26,8,call,747.0,23.0,83.0,0.1829,0.0025,0.12,0.15,,0.0205,-0.0519,0.0563,https://cdn.cboe.com/api/global/delayed_quotes/options/QQQ.json,0.0025,28704.741893749997,0.0,28704.741893749997,2.8704741893749998e-05,0.0,2.8704741893749998e-05
QQQ,QQQ260526C00750000,2026-05-26,8,call,750.0,656.0,358.0,0.1844,0.0019,0.08,0.1,,0.0148,-0.0387,0.0431,https://cdn.cboe.com/api/global/delayed_quotes/options/QQQ.json,0.0019,622218.9616759999,0.0,622218.9616759999,0.0006222189616759999,0.0,0.0006222189616759999
QQQ,QQQ260526C00755000,2026-05-26,8,call,755.0,165.0,114.0,0.1915,0.0012,0.05,0.07,,0.0092,-0.0254,0.0289,https://cdn.cboe.com/api/global/delayed_quotes/options/QQQ.json,0.0012,98844.15469499996,0.0,98844.15469499996,9.884415469499996e-05,0.0,9.884415469499996e-05
QQQ,QQQ260526C00760000,2026-05-26,8,call,760.0,287.0,518.0,0.1983,0.0008,0.0,0.25,,0.0059,-0.0171,0.0197,https://cdn.cboe.com/api/global/delayed_quotes/options/QQQ.json,0.0008,114619.28241399999,0.0,114619.28241399999,0.00011461928241399999,0.0,0.00011461928241399999
QQQ,QQQ260526C00765000,2026-05-26,8,call,765.0,250.0,1.0,0.2073,0.0005,0.0,0.24,,0.0039,-0.0119,0.0138,https://cdn.cboe.com/api/global/delayed_quotes/options/QQQ.json,0.0005,62401.61281249999,0.0,62401.61281249999,6.240161281249999e-05,0.0,6.240161281249999e-05
QQQ,QQQ260526C00770000,2026-05-26,8,call,770.0,63.0,55.0,0.2179,0.0004,0.0,0.24,,0.0027,-0.0086,0.01,https://cdn.cboe.com/api/global/delayed_quotes/options/QQQ.json,0.0004,12580.165142999997,0.0,12580.165142999997,1.2580165142999996e-05,0.0,1.2580165142999996e-05
QQQ,QQQ260526C00775000,2026-05-26,8,call,775.0,191.0,99.0,0.2276,0.0003,0.0,0.23,,0.002,-0.0067,0.0076,https://cdn.cboe.com/api/global/delayed_quotes/options/QQQ.json,0.0003,28604.899313249993,0.0,28604.899313249993,2.8604899313249994e-05,0.0,2.8604899313249994e-05
QQQ,QQQ260526C00780000,2026-05-26,8,call,780.0,21.0,0.0,0.2416,0.0002,0.0,0.23,,0.0016,-0.0055,0.0061,https://cdn.cboe.com/api/global/delayed_quotes/options/QQQ.json,0.0002,2096.6941905,0.0,2096.6941905,2.0966941905e-06,0.0,2.0966941905e-06
QQQ,QQQ260526C00790000,2026-05-26,8,call,790.0,16.0,26.0,0.2532,0.0001,0.0,0.25,,0.0012,-0.0044,0.0046,https://cdn.cboe.com/api/global/delayed_quotes/options/QQQ.json,0.0001,798.7406439999999,0.0,798.7406439999999,7.987406439999998e-07,0.0,7.987406439999998e-07
QQQ,QQQ260526C00795000,2026-05-26,8,call,795.0,100.0,1.0,0.2659,0.0001,0.0,0.22,,0.001,-0.0042,0.0042,https://cdn.cboe.com/api/global/delayed_quotes/options/QQQ.json,0.0001,4992.129024999999,0.0,4992.129024999999,4.992129024999999e-06,0.0,4.992129024999999e-06
QQQ,QQQ260526C00800000,2026-05-26,8,call,800.0,169.0,59.0,0.2786,0.0001,0.0,0.22,,0.001,-0.004,0.0038,https://cdn.cboe.com/api/global/delayed_quotes/options/QQQ.json,0.0001,8436.69805225,0.0,8436.69805225,8.43669805225e-06,0.0,8.43669805225e-06
QQQ,QQQ260527P00515000,2026-05-27,9,put,515.0,100.0,1.0,0.6858,0.0001,0.0,0.25,,-0.0015,-0.0155,0.0054,https://cdn.cboe.com/api/global/delayed_quotes/options/QQQ.json,0.0001,0.0,-4992.129024999999,-4992.129024999999,0.0,-4.992129024999999e-06,-4.992129024999999e-06
QQQ,QQQ260527P00525000,2026-05-27,9,put,525.0,8.0,0.0,0.656,0.0001,0.02,0.25,,-0.0018,-0.0179,0.0064,https://cdn.cboe.com/api/global/delayed_quotes/options/QQQ.json,0.0001,0.0,-399.37032199999993,-399.37032199999993,0.0,-3.993703219999999e-07,-3.993703219999999e-07
QQQ,QQQ260527P00530000,2026-05-27,9,put,530.0,4.0,0.0,0.6444,0.0001,0.0,0.25,,-0.002,-0.0192,0.007,https://cdn.cboe.com/api/global/delayed_quotes/options/QQQ.json,0.0001,0.0,-199.68516099999997,-199.68516099999997,0.0,-1.9968516099999995e-07,-1.9968516099999995e-07
QQQ,QQQ260527P00535000,2026-05-27,9,put,535.0,86.0,0.0,0.625,0.0001,0.0,0.79,,-0.0022,-0.0206,0.0077,https://cdn.cboe.com/api/global/delayed_quotes/options/QQQ.json,0.0001,0.0,-4293.2309614999995,-4293.2309614999995,0.0,-4.293230961499999e-06,-4.293230961499999e-06
QQQ,QQQ260527P00580000,2026-05-27,9,put,580.0,21.0,0.0,0.493,0.0003,0.08,0.8,,-0.0049,-0.0353,0.0162,https://cdn.cboe.com/api/global/delayed_quotes/options/QQQ.json,0.0003,0.0,-3145.0412857499987,-3145.0412857499987,0.0,-3.1450412857499987e-06,-3.1450412857499987e-06
QQQ,QQQ260527P00585000,2026-05-27,9,put,585.0,2.0,1.0,0.4705,0.0003,0.0,0.3,,-0.0054,-0.0374,0.0177,https://cdn.cboe.com/api/global/delayed_quotes/options/QQQ.json,0.0003,0.0,-299.52774149999993,-299.52774149999993,0.0,-2.9952774149999994e-07,-2.9952774149999994e-07
QQQ,QQQ260527P00600000,2026-05-27,9,put,600.0,4.0,3.0,0.4286,0.0004,0.1,0.83,,-0.0074,-0.0451,0.0233,https://cdn.cboe.com/api/global/delayed_quotes/options/QQQ.json,0.0004,0.0,-798.7406439999999,-798.7406439999999,0.0,-7.987406439999998e-07,-7.987406439999998e-07
QQQ,QQQ260527P00605000,2026-05-27,9,put,605.0,2.0,1.0,0.4134,0.0005,0.0,0.33,,-0.0082,-0.0484,0.0258,https://cdn.cboe.com/api/global/delayed_quotes/options/QQQ.json,0.0005,0.0,-499.2129024999999,-499.2129024999999,0.0,-4.992129025e-07,-4.992129025e-07
QQQ,QQQ260527P00615000,2026-05-27,9,put,615.0,14.0,77.0,0.385,0.0006,0.0,0.36,,-0.0106,-0.057,0.0322,https://cdn.cboe.com/api/global/delayed_quotes/options/QQQ.json,0.0006,0.0,-4193.388381,-4193.388381,0.0,-4.193388381e-06,-4.193388381e-06
QQQ,QQQ260527P00620000,2026-05-27,9,put,620.0,3.0,30.0,0.3724,0.0008,0.11,0.39,,-0.0122,-0.0625,0.0364,https://cdn.cboe.com/api/global/delayed_quotes/options/QQQ.json,0.0008,0.0,-1198.110966,-1198.110966,0.0,-1.198110966e-06,-1.198110966e-06
QQQ,QQQ260527P00625000,2026-05-27,9,put,625.0,4.0,193.0,0.3575,0.0009,0.0,0.41,,-0.0142,-0.0695,0.0417,https://cdn.cboe.com/api/global/delayed_quotes/options/QQQ.json,0.0009,0.0,-1797.1664489999996,-1797.1664489999996,0.0,-1.7971664489999997e-06,-1.7971664489999997e-06
QQQ,QQQ260527C00630000,2026-05-27,9,call,630.0,13.0,14.0,0.3494,0.0011,74.09,78.42,,0.9831,-0.0702,0.0482,https://cdn.cboe.com/api/global/delayed_quotes/options/QQQ.json,0.0011,7138.744505749998,0.0,7138.744505749998,7.1387445057499985e-06,0.0,7.1387445057499985e-06
QQQ,QQQ260527P00630000,2026-05-27,9,put,630.0,98.0,115.0,0.3452,0.0011,0.21,0.43,,-0.0169,-0.0784,0.0483,https://cdn.cboe.com/api/global/delayed_quotes/options/QQQ.json,0.0011,0.0,-53815.1508895,-53815.1508895,0.0,-5.3815150889500004e-05,-5.3815150889500004e-05
QQQ,QQQ260527C00635000,2026-05-27,9,call,635.0,1.0,0.0,0.3369,0.0013,69.15,73.49,,0.9796,-0.0819,0.0565,https://cdn.cboe.com/api/global/delayed_quotes/options/QQQ.json,0.0013,648.97677325,0.0,648.97677325,6.489767732499999e-07,0.0,6.489767732499999e-07
QQQ,QQQ260527P00635000,2026-05-27,9,put,635.0,68.0,80.0,0.3333,0.0013,0.07,0.29,,-0.0204,-0.0896,0.0565,https://cdn.cboe.com/api/global/delayed_quotes/options/QQQ.json,0.0013,0.0,-44130.42058099999,-44130.42058099999,0.0,-4.413042058099999e-05,-4.413042058099999e-05
QQQ,QQQ260527P00640000,2026-05-27,9,put,640.0,10.0,18.0,0.3213,0.0016,0.13,0.35,,-0.0249,-0.1038,0.067,https://cdn.cboe.com/api/global/delayed_quotes/options/QQQ.json,0.0016,0.0,-7987.406439999999,-7987.406439999999,0.0,-7.98740644e-06,-7.98740644e-06
QQQ,QQQ260527P00645000,2026-05-27,9,put,645.0,26.0,25.0,0.3102,0.002,0.2,0.42,,-0.0309,-0.1216,0.0799,https://cdn.cboe.com/api/global/delayed_quotes/options/QQQ.json,0.002,0.0,-25959.070929999994,-25959.070929999994,0.0,-2.5959070929999995e-05,-2.5959070929999995e-05
QQQ,QQQ260527C00650000,2026-05-27,9,call,650.0,2.0,2.0,0.3025,0.0025,54.39,58.69,,0.9612,-0.1375,0.0962,https://cdn.cboe.com/api/global/delayed_quotes/options/QQQ.json,0.0025,2496.0645124999996,0.0,2496.0645124999996,2.4960645124999995e-06,0.0,2.4960645124999995e-06
QQQ,QQQ260527P00650000,2026-05-27,9,put,650.0,98.0,53.0,0.3002,0.0025,0.47,0.53,,-0.0388,-0.1438,0.0962,https://cdn.cboe.com/api/global/delayed_quotes/options/QQQ.json,0.0025,0.0,-122307.16111249999,-122307.16111249999,0.0,-0.0001223071611125,-0.0001223071611125
QQQ,QQQ260527P00655000,2026-05-27,9,put,655.0,106.0,27.0,0.2915,0.0031,0.64,0.67,,-0.0491,-0.1706,0.1161,https://cdn.cboe.com/api/global/delayed_quotes/options/QQQ.json,0.0031,0.0,-164041.35976149997,-164041.35976149997,0.0,-0.00016404135976149997,-0.00016404135976149997
QQQ,QQQ260527C00660000,2026-05-27,9,call,660.0,6.0,11.0,0.3169,0.0039,46.01,48.54,,0.9372,-0.1988,0.1404,https://cdn.cboe.com/api/global/delayed_quotes/options/QQQ.json,0.0039,11681.581918499998,0.0,11681.581918499998,1.1681581918499998e-05,0.0,1.1681581918499998e-05
QQQ,QQQ260527P00660000,2026-05-27,9,put,660.0,392.0,168.0,0.2822,0.0039,0.83,1.0,,-0.0629,-0.2041,0.1405,https://cdn.cboe.com/api/global/delayed_quotes/options/QQQ.json,0.0039,0.0,-763196.6853419999,-763196.6853419999,0.0,-0.0007631966853419999,-0.0007631966853419999
QQQ,QQQ260527C00665000,2026-05-27,9,call,665.0,3.0,22.0,0.307,0.0049,40.96,44.38,,0.9194,-0.2382,0.1696,https://cdn.cboe.com/api/global/delayed_quotes/options/QQQ.json,0.0049,7338.429666749998,0.0,7338.429666749998,7.338429666749998e-06,0.0,7.338429666749998e-06
QQQ,QQQ260527P00665000,2026-05-27,9,put,665.0,147.0,117.0,0.2741,0.0049,1.06,1.2,,-0.0808,-0.2432,0.1698,https://cdn.cboe.com/api/global/delayed_quotes/options/QQQ.json,0.0049,0.0,-359583.05367074994,-359583.05367074994,0.0,-0.00035958305367074994,-0.00035958305367074994
QQQ,QQQ260527C00670000,2026-05-27,9,call,670.0,27.0,12.0,0.2664,0.006,37.0,37.81,,0.8966,-0.2836,0.2034,https://cdn.cboe.com/api/global/delayed_quotes/options/QQQ.json,0.006,80872.49020499998,0.0,80872.49020499998,8.087249020499999e-05,0.0,8.087249020499999e-05
QQQ,QQQ260527P00670000,2026-05-27,9,put,670.0,47.0,174.0,0.2667,0.0061,1.41,1.69,,-0.1037,-0.2882,0.2038,https://cdn.cboe.com/api/global/delayed_quotes/options/QQQ.json,0.0061,0.0,-143124.33914675,-143124.33914675,0.0,-0.00014312433914675,-0.00014312433914675
QQQ,QQQ260527C00675000,2026-05-27,9,call,675.0,8.0,0.0,0.2514,0.0074,32.09,33.3,,0.8676,-0.3337,0.2413,https://cdn.cboe.com/api/global/delayed_quotes/options/QQQ.json,0.0074,29553.403827999995,0.0,29553.403827999995,2.9553403827999994e-05,0.0,2.9553403827999994e-05
QQQ,QQQ260527P00675000,2026-05-27,9,put,675.0,78.0,137.0,0.2597,0.0074,1.69,1.96,,-0.1327,-0.338,0.2419,https://cdn.cboe.com/api/global/delayed_quotes/options/QQQ.json,0.0074,0.0,-288145.687323,-288145.687323,0.0,-0.000288145687323,-0.000288145687323
QQQ,QQQ260527P00676000,2026-05-27,9,put,676.0,20.0,95.0,0.2582,0.0077,1.78,2.07,,-0.1394,-0.3484,0.2499,https://cdn.cboe.com/api/global/delayed_quotes/options/QQQ.json,0.0077,0.0,-76878.786985,-76878.786985,0.0,-7.6878786985e-05,-7.6878786985e-05
QQQ,QQQ260527P00677000,2026-05-27,9,put,677.0,4.0,105.0,0.2568,0.008,1.86,2.46,,-0.1464,-0.3589,0.2579,https://cdn.cboe.com/api/global/delayed_quotes/options/QQQ.json,0.008,0.0,-15974.812879999998,-15974.812879999998,0.0,-1.597481288e-05,-1.597481288e-05
QQQ,QQQ260527P00678000,2026-05-27,9,put,678.0,42.0,74.0,0.2555,0.0084,2.26,2.54,,-0.1536,-0.3695,0.2659,https://cdn.cboe.com/api/global/delayed_quotes/options/QQQ.json,0.0084,0.0,-176122.312002,-176122.312002,0.0,-0.000176122312002,-0.000176122312002
QQQ,QQQ260527P00679000,2026-05-27,9,put,679.0,10.0,103.0,0.2541,0.0087,2.34,2.44,,-0.1612,-0.3801,0.2741,https://cdn.cboe.com/api/global/delayed_quotes/options/QQQ.json,0.0087,0.0,-43431.52251749999,-43431.52251749999,0.0,-4.343152251749999e-05,-4.343152251749999e-05
QQQ,QQQ260527C00680000,2026-05-27,9,call,680.0,21.0,4.0,0.2458,0.009,27.7,28.93,,0.8314,-0.3867,0.2823,https://cdn.cboe.com/api/global/delayed_quotes/options/QQQ.json,0.009,94351.23857249998,0.0,94351.23857249998,9.435123857249998e-05,0.0,9.435123857249998e-05
QQQ,QQQ260527P00680000,2026-05-27,9,put,680.0,206.0,230.0,0.2525,0.009,2.22,2.6,,-0.169,-0.3907,0.2828,https://cdn.cboe.com/api/global/delayed_quotes/options/QQQ.json,0.009,0.0,-925540.7212349997,-925540.7212349997,0.0,-0.0009255407212349998,-0.0009255407212349998
QQQ,QQQ260527P00681000,2026-05-27,9,put,681.0,279.0,365.0,0.2514,0.0093,2.36,2.72,,-0.1772,-0.4014,0.2916,https://cdn.cboe.com/api/global/delayed_quotes/options/QQQ.json,0.0093,0.0,-1295307.71811675,-1295307.71811675,0.0,-0.00129530771811675,-0.00129530771811675
QQQ,QQQ260527C00682000,2026-05-27,9,call,682.0,1.0,1.0,0.2452,0.0096,26.09,27.23,,0.8147,-0.408,0.2994,https://cdn.cboe.com/api/global/delayed_quotes/options/QQQ.json,0.0096,4792.443863999999,0.0,4792.443863999999,4.792443863999999e-06,0.0,4.792443863999999e-06
QQQ,QQQ260527P00682000,2026-05-27,9,put,682.0,105.0,215.0,0.25,0.0096,2.5,2.88,,-0.1858,-0.412,0.2999,https://cdn.cboe.com/api/global/delayed_quotes/options/QQQ.json,0.0096,0.0,-503206.6057199999,-503206.6057199999,0.0,-0.0005032066057199998,-0.0005032066057199998
QQQ,QQQ260527P00683000,2026-05-27,9,put,683.0,35.0,72.0,0.2485,0.01,2.63,3.26,,-0.1947,-0.4225,0.3083,https://cdn.cboe.com/api/global/delayed_quotes/options/QQQ.json,0.01,0.0,-174724.51587499998,-174724.51587499998,0.0,-0.000174724515875,-0.000174724515875
QQQ,QQQ260527P00684000,2026-05-27,9,put,684.0,34.0,127.0,0.247,0.0103,3.09,3.43,,-0.2039,-0.4329,0.3165,https://cdn.cboe.com/api/global/delayed_quotes/options/QQQ.json,0.0103,0.0,-174824.35845549998,-174824.35845549998,0.0,-0.00017482435845549997,-0.00017482435845549997
QQQ,QQQ260527C00685000,2026-05-27,9,call,685.0,17.0,14.0,0.245,0.0106,23.78,24.77,,0.7871,-0.4393,0.3247,https://cdn.cboe.com/api/global/delayed_quotes/options/QQQ.json,0.0106,89958.16503049998,0.0,89958.16503049998,8.995816503049998e-05,0.0,8.995816503049998e-05
QQQ,QQQ260527P00685000,2026-05-27,9,put,685.0,356.0,133.0,0.2458,0.0107,3.32,3.36,,-0.2135,-0.4432,0.3249,https://cdn.cboe.com/api/global/delayed_quotes/options/QQQ.json,0.0107,0.0,-1901601.7882029996,-1901601.7882029996,0.0,-0.0019016017882029996,-0.0019016017882029996
QQQ,QQQ260527C00686000,2026-05-27,9,call,686.0,1.0,1.0,0.2641,0.011,22.97,25.32,,0.7772,-0.4495,0.3331,https://cdn.cboe.com/api/global/delayed_quotes/options/QQQ.json,0.011,5491.341927499998,0.0,5491.341927499998,5.491341927499998e-06,0.0,5.491341927499998e-06
QQQ,QQQ260527P00686000,2026-05-27,9,put,686.0,71.0,167.0,0.2444,0.011,3.09,3.57,,-0.2234,-0.4532,0.334,https://cdn.cboe.com/api/global/delayed_quotes/options/QQQ.json,0.011,0.0,-389885.2768524999,-389885.2768524999,0.0,-0.00038988527685249994,-0.00038988527685249994
QQQ,QQQ260527P00687000,2026-05-27,9,put,687.0,51.0,177.0,0.243,0.0114,3.27,3.99,,-0.2337,-0.4631,0.3422,https://cdn.cboe.com/api/global/delayed_quotes/options/QQQ.json,0.0114,0.0,-290242.38151349995,-290242.38151349995,0.0,-0.00029024238151349995,-0.00029024238151349995
QQQ,QQQ260527P00688000,2026-05-27,9,put,688.0,163.0,126.0,0.2417,0.0117,3.47,4.19,,-0.2444,-0.4728,0.3502,https://cdn.cboe.com/api/global/delayed_quotes/options/QQQ.json,0.0117,0.0,-952048.9263577498,-952048.9263577498,0.0,-0.0009520489263577499,-0.0009520489263577499
QQQ,QQQ260527C00689000,2026-05-27,9,call,689.0,1.0,0.0,0.2536,0.012,20.17,22.97,,0.7454,-0.4784,0.3578,https://cdn.cboe.com/api/global/delayed_quotes/options/QQQ.json,0.012,5990.554829999999,0.0,5990.554829999999,5.990554829999999e-06,0.0,5.990554829999999e-06
QQQ,QQQ260527P00689000,2026-05-27,9,put,689.0,656.0,137.0,0.2404,0.012,3.64,4.43,,-0.2554,-0.482,0.3581,https://cdn.cboe.com/api/global/delayed_quotes/options/QQQ.json,0.012,0.0,-3929803.9684799993,-3929803.9684799993,0.0,-0.003929803968479999,-0.003929803968479999
QQQ,QQQ260527C00690000,2026-05-27,9,call,690.0,25.0,0.0,0.2589,0.0123,19.82,22.28,,0.7341,-0.4874,0.3656,https://cdn.cboe.com/api/global/delayed_quotes/options/QQQ.json,0.0123,153507.96751874997,0.0,153507.96751874997,0.00015350796751874998,0.0,0.00015350796751874998
QQQ,QQQ260527P00690000,2026-05-27,9,put,690.0,845.0,205.0,0.239,0.0124,3.86,4.63,,-0.2667,-0.491,0.3658,https://cdn.cboe.com/api/global/delayed_quotes/options/QQQ.json,0.0124,0.0,-5230752.7923949985,-5230752.7923949985,0.0,-0.0052307527923949985,-0.0052307527923949985
QQQ,QQQ260527C00691000,2026-05-27,9,call,691.0,4.0,4.0,0.2569,0.0127,19.06,21.49,,0.7224,-0.496,0.3733,https://cdn.cboe.com/api/global/delayed_quotes/options/QQQ.json,0.0127,25360.015446999994,0.0,25360.015446999994,2.5360015446999993e-05,0.0,2.5360015446999993e-05
QQQ,QQQ260527P00691000,2026-05-27,9,put,691.0,38.0,108.0,0.2378,0.0127,4.05,4.87,,-0.2785,-0.4996,0.3742,https://cdn.cboe.com/api/global/delayed_quotes/options/QQQ.json,0.0127,0.0,-240920.14674649996,-240920.14674649996,0.0,-0.00024092014674649995,-0.00024092014674649995
QQQ,QQQ260527P00692000,2026-05-27,9,put,692.0,43.0,32.0,0.2359,0.0131,4.21,5.11,,-0.2906,-0.5077,0.3815,https://cdn.cboe.com/api/global/delayed_quotes/options/QQQ.json,0.0131,0.0,-281206.62797825,-281206.62797825,0.0,-0.00028120662797824996,-0.00028120662797824996
QQQ,QQQ260527P00693000,2026-05-27,9,put,693.0,16.0,57.0,0.2282,0.0134,4.46,5.47,,-0.3031,-0.5154,0.3886,https://cdn.cboe.com/api/global/delayed_quotes/options/QQQ.json,0.0134,0.0,-107031.24629599998,-107031.24629599998,0.0,-0.00010703124629599998,-0.00010703124629599998
QQQ,QQQ260527P00694000,2026-05-27,9,put,694.0,217.0,33.0,0.2338,0.0137,4.97,5.64,,-0.3159,-0.5225,0.3953,https://cdn.cboe.com/api/global/delayed_quotes/options/QQQ.json,0.0137,0.0,-1484110.03784225,-1484110.03784225,0.0,-0.00148411003784225,-0.00148411003784225
QQQ,QQQ260527C00695000,2026-05-27,9,call,695.0,21.0,83.0,0.2286,0.014,15.93,16.99,,0.672,-0.5256,0.4015,https://cdn.cboe.com/api/global/delayed_quotes/options/QQQ.json,0.014,146768.59333499995,0.0,146768.59333499995,0.00014676859333499995,0.0,0.00014676859333499995
QQQ,QQQ260527P00695000,2026-05-27,9,put,695.0,196.0,131.0,0.2324,0.014,5.23,5.93,,-0.3291,-0.5291,0.4017,https://cdn.cboe.com/api/global/delayed_quotes/options/QQQ.json,0.014,0.0,-1369840.20446,-1369840.20446,0.0,-0.00136984020446,-0.00136984020446
QQQ,QQQ260527C00696000,2026-05-27,9,call,696.0,1.0,3.0,0.2272,0.0143,15.03,16.45,,0.6585,-0.5316,0.4077,https://cdn.cboe.com/api/global/delayed_quotes/options/QQQ.json,0.0143,7138.744505749998,0.0,7138.744505749998,7.1387445057499985e-06,0.0,7.1387445057499985e-06
QQQ,QQQ260527P00696000,2026-05-27,9,put,696.0,61.0,90.0,0.2227,0.0144,5.11,6.22,,-0.3426,-0.5351,0.4084,https://cdn.cboe.com/api/global/delayed_quotes/options/QQQ.json,0.0144,0.0,-438508.6135559999,-438508.6135559999,0.0,-0.0004385086135559999,-0.0004385086135559999
QQQ,QQQ260527C00697000,2026-05-27,9,call,697.0,172.0,182.0,0.2259,0.0146,14.34,15.77,,0.6447,-0.5369,0.4136,https://cdn.cboe.com/api/global/delayed_quotes/options/QQQ.json,0.0146,1253623.440758,0.0,1253623.440758,0.001253623440758,0.0,0.001253623440758
QQQ,QQQ260527P00697000,2026-05-27,9,put,697.0,67.0,89.0,0.2289,0.0146,5.41,6.53,,-0.3566,-0.5404,0.4141,https://cdn.cboe.com/api/global/delayed_quotes/options/QQQ.json,0.0146,0.0,-488330.0612254999,-488330.0612254999,0.0,-0.0004883300612254999,-0.0004883300612254999
QQQ,QQQ260527C00698000,2026-05-27,9,call,698.0,2.0,28.0,0.2308,0.0148,14.14,15.13,,0.6306,-0.5416,0.419,https://cdn.cboe.com/api/global/delayed_quotes/options/QQQ.json,0.0148,14776.701913999997,0.0,14776.701913999997,1.4776701913999997e-05,0.0,1.4776701913999997e-05
QQQ,QQQ260527P00698000,2026-05-27,9,put,698.0,62.0,96.0,0.2285,0.0149,6.46,6.86,,-0.3708,-0.545,0.4193,https://cdn.cboe.com/api/global/delayed_quotes/options/QQQ.json,0.0149,0.0,-461172.8793294999,-461172.8793294999,0.0,-0.00046117287932949993,-0.00046117287932949993
QQQ,QQQ260527P00699000,2026-05-27,9,put,699.0,113.0,49.0,0.2271,0.0152,6.03,7.31,,-0.3854,-0.5488,0.4241,https://cdn.cboe.com/api/global/delayed_quotes/options/QQQ.json,0.0152,0.0,-857448.0813339998,-857448.0813339998,0.0,-0.0008574480813339998,-0.0008574480813339998
QQQ,QQQ260527C00700000,2026-05-27,9,call,700.0,93.0,207.0,0.2221,0.0154,12.57,13.55,,0.6013,-0.5485,0.4283,https://cdn.cboe.com/api/global/delayed_quotes/options/QQQ.json,0.0154,714972.7189605001,0.0,714972.7189605001,0.0007149727189605001,0.0,0.0007149727189605001
QQQ,QQQ260527P00700000,2026-05-27,9,put,700.0,1751.0,456.0,0.2258,0.0154,6.37,7.44,,-0.4002,-0.5519,0.4284,https://cdn.cboe.com/api/global/delayed_quotes/options/QQQ.json,0.0154,0.0,-13461475.6010735,-13461475.6010735,0.0,-0.0134614756010735,-0.0134614756010735
QQQ,QQQ260527C00701000,2026-05-27,9,call,701.0,3.0,104.0,0.2226,0.0156,11.94,13.06,,0.5862,-0.5508,0.4321,https://cdn.cboe.com/api/global/delayed_quotes/options/QQQ.json,0.0156,23363.163836999996,0.0,23363.163836999996,2.3363163836999997e-05,0.0,2.3363163836999997e-05
QQQ,QQQ260527P00701000,2026-05-27,9,put,701.0,72.0,58.0,0.2145,0.0157,6.73,7.81,,-0.4154,-0.5542,0.4324,https://cdn.cboe.com/api/global/delayed_quotes/options/QQQ.json,0.0157,0.0,-564310.2649859999,-564310.2649859999,0.0,-0.0005643102649859999,-0.0005643102649859999
QQQ,QQQ260527C00702000,2026-05-27,9,call,702.0,12.0,120.0,0.2239,0.0158,11.52,12.47,,0.5708,-0.5522,0.4355,https://cdn.cboe.com/api/global/delayed_quotes/options/QQQ.json,0.0158,94650.766314,0.0,94650.766314,9.465076631399999e-05,0.0,9.465076631399999e-05
QQQ,QQQ260527P00702000,2026-05-27,9,put,702.0,50.0,95.0,0.2239,0.0159,7.09,8.42,,-0.431,-0.5557,0.4356,https://cdn.cboe.com/api/global/delayed_quotes/options/QQQ.json,0.0159,0.0,-396874.25748749997,-396874.25748749997,0.0,-0.0003968742574875,-0.0003968742574875
QQQ,QQQ260527C00703000,2026-05-27,9,call,703.0,2.0,260.0,0.2173,0.016,10.49,11.82,,0.5551,-0.5528,0.4381,https://cdn.cboe.com/api/global/delayed_quotes/options/QQQ.json,0.016,15974.812879999998,0.0,15974.812879999998,1.597481288e-05,0.0,1.597481288e-05
QQQ,QQQ260527P00703000,2026-05-27,9,put,703.0,77.0,774.0,0.2226,0.0161,7.47,8.82,,-0.4467,-0.5562,0.4382,https://cdn.cboe.com/api/global/delayed_quotes/options/QQQ.json,0.0161,0.0,-618874.2352292499,-618874.2352292499,0.0,-0.00061887423522925,-0.00061887423522925
QQQ,QQQ260527C00704000,2026-05-27,9,call,704.0,2.0,207.0,0.2145,0.0162,9.9,11.26,,0.5392,-0.5524,0.4401,https://cdn.cboe.com/api/global/delayed_quotes/options/QQQ.json,0.0162,16174.498040999997,0.0,16174.498040999997,1.6174498040999996e-05,0.0,1.6174498040999996e-05
QQQ,QQQ260527P00704000,2026-05-27,9,put,704.0,79.0,1542.0,0.2196,0.0163,7.87,9.23,,-0.4627,-0.5558,0.4401,https://cdn.cboe.com/api/global/delayed_quotes/options/QQQ.json,0.0163,0.0,-642836.4545492498,-642836.4545492498,0.0,-0.0006428364545492498,-0.0006428364545492498
QQQ,QQQ260527C00705000,2026-05-27,9,call,705.0,99.0,635.0,0.2194,0.0163,9.48,10.55,,0.5231,-0.551,0.4415,https://cdn.cboe.com/api/global/delayed_quotes/options/QQQ.json,0.0163,805579.8607642499,0.0,805579.8607642499,0.00080557986076425,0.0,0.00080557986076425
QQQ,QQQ260527P00705000,2026-05-27,9,put,705.0,432.0,269.0,0.2196,0.0164,8.74,9.43,,-0.479,-0.5546,0.4411,https://cdn.cboe.com/api/global/delayed_quotes/options/QQQ.json,0.0164,0.0,-3536823.5716319997,-3536823.5716319997,0.0,-0.0035368235716319997,-0.0035368235716319997
QQQ,QQQ260527C00706000,2026-05-27,9,call,706.0,21.0,93.0,0.2215,0.0164,8.98,10.1,,0.5068,-0.5487,0.4422,https://cdn.cboe.com/api/global/delayed_quotes/options/QQQ.json,0.0164,171928.923621,0.0,171928.923621,0.000171928923621,0.0,0.000171928923621
QQQ,QQQ260527P00706000,2026-05-27,9,put,706.0,45.0,112.0,0.2186,0.0166,9.18,10.12,,-0.4955,-0.5524,0.4418,https://cdn.cboe.com/api/global/delayed_quotes/options/QQQ.json,0.0166,0.0,-372912.0381675,-372912.0381675,0.0,-0.0003729120381675,-0.0003729120381675
QQQ,QQQ260527C00707000,2026-05-27,9,call,707.0,128.0,208.0,0.215,0.0165,8.65,9.5,,0.4902,-0.5454,0.4421,https://cdn.cboe.com/api/global/delayed_quotes/options/QQQ.json,0.0165,1054337.6500799998,0.0,1054337.6500799998,0.0010543376500799998,0.0,0.0010543376500799998
QQQ,QQQ260527P00707000,2026-05-27,9,put,707.0,103.0,201.0,0.2156,0.0167,9.15,10.57,,-0.5122,-0.5492,0.4417,https://cdn.cboe.com/api/global/delayed_quotes/options/QQQ.json,0.0167,0.0,-858696.1135902499,-858696.1135902499,0.0,-0.0008586961135902499,-0.0008586961135902499
QQQ,QQQ260527C00708000,2026-05-27,9,call,708.0,46.0,110.0,0.2111,0.0166,8.15,8.99,,0.4736,-0.5412,0.4413,https://cdn.cboe.com/api/global/delayed_quotes/options/QQQ.json,0.0166,381198.97234899993,0.0,381198.97234899993,0.00038119897234899995,0.0,0.00038119897234899995
QQQ,QQQ260527P00708000,2026-05-27,9,put,708.0,49.0,118.0,0.2162,0.0168,9.62,11.05,,-0.529,-0.545,0.441,https://cdn.cboe.com/api/global/delayed_quotes/options/QQQ.json,0.0168,0.0,-410952.06133799994,-410952.06133799994,0.0,-0.00041095206133799996,-0.00041095206133799996
QQQ,QQQ260527C00709000,2026-05-27,9,call,709.0,42.0,24.0,0.2075,0.0167,7.25,8.52,,0.4568,-0.5359,0.4398,https://cdn.cboe.com/api/global/delayed_quotes/options/QQQ.json,0.0167,350147.92981349997,0.0,350147.92981349997,0.0003501479298135,0.0,0.0003501479298135
QQQ,QQQ260527P00709000,2026-05-27,9,put,709.0,115.0,438.0,0.2132,0.0168,10.1,11.55,,-0.5459,-0.54,0.4389,https://cdn.cboe.com/api/global/delayed_quotes/options/QQQ.json,0.0168,0.0,-964479.3276299998,-964479.3276299998,0.0,-0.0009644793276299998,-0.0009644793276299998
QQQ,QQQ260527C00710000,2026-05-27,9,call,710.0,267.0,504.0,0.2129,0.0167,7.38,7.64,,0.4399,-0.5296,0.4374,https://cdn.cboe.com/api/global/delayed_quotes/options/QQQ.json,0.0167,2225940.4109572493,0.0,2225940.4109572493,0.002225940410957249,0.0,0.002225940410957249
QQQ,QQQ260527P00710000,2026-05-27,9,put,710.0,204.0,45.0,0.2081,0.0168,10.97,11.86,,-0.563,-0.534,0.4361,https://cdn.cboe.com/api/global/delayed_quotes/options/QQQ.json,0.0168,0.0,-1710902.4594479997,-1710902.4594479997,0.0,-0.0017109024594479996,-0.0017109024594479996
QQQ,QQQ260527C00711000,2026-05-27,9,call,711.0,53.0,411.0,0.2075,0.0166,6.7,7.5,,0.4229,-0.5224,0.4342,https://cdn.cboe.com/api/global/delayed_quotes/options/QQQ.json,0.0166,439207.51161949994,0.0,439207.51161949994,0.00043920751161949996,0.0,0.00043920751161949996
QQQ,QQQ260527P00711000,2026-05-27,9,put,711.0,51.0,33.0,0.2062,0.0168,11.13,12.61,,-0.5802,-0.5269,0.4331,https://cdn.cboe.com/api/global/delayed_quotes/options/QQQ.json,0.0168,0.0,-427725.61486199993,-427725.61486199993,0.0,-0.0004277256148619999,-0.0004277256148619999
QQQ,QQQ260527C00712000,2026-05-27,9,call,712.0,39.0,102.0,0.2023,0.0166,5.91,7.08,,0.406,-0.5142,0.4303,https://cdn.cboe.com/api/global/delayed_quotes/options/QQQ.json,0.0166,323190.4330784999,0.0,323190.4330784999,0.00032319043307849993,0.0,0.00032319043307849993
QQQ,QQQ260527P00712000,2026-05-27,9,put,712.0,97.0,66.0,0.2026,0.0168,11.65,13.17,,-0.5973,-0.5189,0.4294,https://cdn.cboe.com/api/global/delayed_quotes/options/QQQ.json,0.0168,0.0,-813517.3459139997,-813517.3459139997,0.0,-0.0008135173459139997,-0.0008135173459139997
QQQ,QQQ260527C00713000,2026-05-27,9,call,713.0,21.0,42.0,0.2089,0.0165,5.46,6.5,,0.389,-0.505,0.4257,https://cdn.cboe.com/api/global/delayed_quotes/options/QQQ.json,0.0165,172977.27071624997,0.0,172977.27071624997,0.00017297727071624998,0.0,0.00017297727071624998
QQQ,QQQ260527P00713000,2026-05-27,9,put,713.0,52.0,10.0,0.208,0.0167,12.69,13.75,,-0.6146,-0.5102,0.424,https://cdn.cboe.com/api/global/delayed_quotes/options/QQQ.json,0.0167,0.0,-433516.4845309999,-433516.4845309999,0.0,-0.0004335164845309999,-0.0004335164845309999
QQQ,QQQ260527C00714000,2026-05-27,9,call,714.0,36.0,40.0,0.2074,0.0163,5.05,6.08,,0.3721,-0.4949,0.4202,https://cdn.cboe.com/api/global/delayed_quotes/options/QQQ.json,0.0163,292938.13118699996,0.0,292938.13118699996,0.000292938131187,0.0,0.000292938131187
QQQ,QQQ260527P00714000,2026-05-27,9,put,714.0,116.0,18.0,0.2003,0.0166,12.78,14.33,,-0.6318,-0.5006,0.4174,https://cdn.cboe.com/api/global/delayed_quotes/options/QQQ.json,0.0166,0.0,-961284.3650539999,-961284.3650539999,0.0,-0.0009612843650539999,-0.0009612843650539999
QQQ,QQQ260527C00715000,2026-05-27,9,call,715.0,206.0,708.0,0.2068,0.0162,5.34,5.68,,0.3553,-0.484,0.4138,https://cdn.cboe.com/api/global/delayed_quotes/options/QQQ.json,0.0162,1665973.2982229996,0.0,1665973.2982229996,0.0016659732982229995,0.0,0.0016659732982229995
QQQ,QQQ260527P00715000,2026-05-27,9,put,715.0,299.0,11.0,0.2063,0.0164,14.11,14.77,,-0.6489,-0.49,0.4115,https://cdn.cboe.com/api/global/delayed_quotes/options/QQQ.json,0.0164,0.0,-2447940.388699,-2447940.388699,0.0,-0.0024479403886989996,-0.0024479403886989996
QQQ,QQQ260527C00716000,2026-05-27,9,call,716.0,32.0,169.0,0.2056,0.016,4.3,5.29,,0.3386,-0.4722,0.4068,https://cdn.cboe.com/api/global/delayed_quotes/options/QQQ.json,0.016,255597.00607999996,0.0,255597.00607999996,0.00025559700608,0.0,0.00025559700608
QQQ,QQQ260527P00716000,2026-05-27,9,put,716.0,72.0,1.0,0.198,0.0163,13.99,15.56,,-0.6659,-0.4786,0.4049,https://cdn.cboe.com/api/global/delayed_quotes/options/QQQ.json,0.0163,0.0,-585876.2623739999,-585876.2623739999,0.0,-0.000585876262374,-0.000585876262374
QQQ,QQQ260527C00717000,2026-05-27,9,call,717.0,73.0,60.0,0.1977,0.0158,4.09,4.92,,0.322,-0.4596,0.3991,https://cdn.cboe.com/api/global/delayed_quotes/options/QQQ.json,0.0158,575792.1617435,0.0,575792.1617435,0.0005757921617435,0.0,0.0005757921617435
QQQ,QQQ260527P00717000,2026-05-27,9,put,717.0,111.0,30.0,0.2148,0.0161,14.6,17.66,,-0.6828,-0.4668,0.3956,https://cdn.cboe.com/api/global/delayed_quotes/options/QQQ.json,0.0161,0.0,-892143.3780577497,-892143.3780577497,0.0,-0.0008921433780577497,-0.0008921433780577497
QQQ,QQQ260527C00718000,2026-05-27,9,call,718.0,75.0,47.0,0.2032,0.0155,3.63,4.4,,0.3057,-0.4463,0.3906,https://cdn.cboe.com/api/global/delayed_quotes/options/QQQ.json,0.0155,580334.99915625,0.0,580334.99915625,0.00058033499915625,0.0,0.00058033499915625
QQQ,QQQ260527P00718000,2026-05-27,9,put,718.0,72.0,0.0,0.2128,0.0158,15.23,18.26,,-0.6995,-0.454,0.3858,https://cdn.cboe.com/api/global/delayed_quotes/options/QQQ.json,0.0158,0.0,-567904.597884,-567904.597884,0.0,-0.0005679045978840001,-0.0005679045978840001
QQQ,QQQ260527C00719000,2026-05-27,9,call,719.0,54.0,139.0,0.1949,0.0152,3.36,4.33,,0.2896,-0.4323,0.3813,https://cdn.cboe.com/api/global/delayed_quotes/options/QQQ.json,0.0152,409753.9503719999,0.0,409753.9503719999,0.00040975395037199985,0.0,0.00040975395037199985
QQQ,QQQ260527P00719000,2026-05-27,9,put,719.0,127.0,133.0,0.2187,0.0156,16.44,18.92,,-0.716,-0.4407,0.3773,https://cdn.cboe.com/api/global/delayed_quotes/options/QQQ.json,0.0156,0.0,-989040.6024329998,-989040.6024329998,0.0,-0.0009890406024329998,-0.0009890406024329998
QQQ,QQQ260527C00720000,2026-05-27,9,call,720.0,184.0,600.0,0.201,0.0149,3.32,3.98,,0.2738,-0.4177,0.3715,https://cdn.cboe.com/api/global/delayed_quotes/options/QQQ.json,0.0149,1368642.093494,0.0,1368642.093494,0.0013686420934939999,0.0,0.0013686420934939999
QQQ,QQQ260527P00720000,2026-05-27,9,put,720.0,152.0,8.0,0.195,0.0152,16.97,18.09,,-0.7322,-0.4268,0.3678,https://cdn.cboe.com/api/global/delayed_quotes/options/QQQ.json,0.0152,0.0,-1153381.4899359997,-1153381.4899359997,0.0,-0.0011533814899359997,-0.0011533814899359997
QQQ,QQQ260527C00721000,2026-05-27,9,call,721.0,81.0,76.0,0.1999,0.0145,2.79,3.71,,0.2583,-0.4026,0.3613,https://cdn.cboe.com/api/global/delayed_quotes/options/QQQ.json,0.0145,586325.5539862501,0.0,586325.5539862501,0.0005863255539862501,0.0,0.0005863255539862501
QQQ,QQQ260527P00721000,2026-05-27,9,put,721.0,46.0,0.0,0.2096,0.0149,17.29,20.31,,-0.7482,-0.4124,0.3546,https://cdn.cboe.com/api/global/delayed_quotes/options/QQQ.json,0.0149,0.0,-342160.5233735,-342160.5233735,0.0,-0.00034216052337349997,-0.00034216052337349997
QQQ,QQQ260527C00722000,2026-05-27,9,call,722.0,116.0,99.0,0.1948,0.0141,2.77,3.44,,0.2432,-0.3871,0.3504,https://cdn.cboe.com/api/global/delayed_quotes/options/QQQ.json,0.0141,816512.6233289998,0.0,816512.6233289998,0.0008165126233289999,0.0,0.0008165126233289999
QQQ,QQQ260527P00722000,2026-05-27,9,put,722.0,43.0,0.0,0.2088,0.0146,18.01,21.05,,-0.7638,-0.3976,0.3426,https://cdn.cboe.com/api/global/delayed_quotes/options/QQQ.json,0.0146,0.0,-313405.8601895,-313405.8601895,0.0,-0.0003134058601895,-0.0003134058601895
QQQ,QQQ260527C00723000,2026-05-27,9,call,723.0,52.0,72.0,0.1938,0.0137,2.2,3.12,,0.2285,-0.3712,0.3388,https://cdn.cboe.com/api/global/delayed_quotes/options/QQQ.json,0.0137,355639.27174099995,0.0,355639.27174099995,0.00035563927174099997,0.0,0.00035563927174099997
QQQ,QQQ260527P00723000,2026-05-27,9,put,723.0,49.0,0.0,0.208,0.0142,18.75,21.8,,-0.779,-0.3824,0.3323,https://cdn.cboe.com/api/global/delayed_quotes/options/QQQ.json,0.0142,0.0,-347352.33755949995,-347352.33755949995,0.0,-0.00034735233755949993,-0.00034735233755949993
QQQ,QQQ260527C00724000,2026-05-27,9,call,724.0,54.0,123.0,0.1966,0.0133,2.3,2.92,,0.2142,-0.355,0.327,https://cdn.cboe.com/api/global/delayed_quotes/options/QQQ.json,0.0133,358534.7065754999,0.0,358534.7065754999,0.0003585347065754999,0.0,0.0003585347065754999
QQQ,QQQ260527P00724000,2026-05-27,9,put,724.0,10.0,0.0,0.2073,0.0138,19.51,22.56,,-0.7939,-0.367,0.3195,https://cdn.cboe.com/api/global/delayed_quotes/options/QQQ.json,0.0138,0.0,-68891.38054499999,-68891.38054499999,0.0,-6.889138054499999e-05,-6.889138054499999e-05
QQQ,QQQ260527C00725000,2026-05-27,9,call,725.0,235.0,508.0,0.196,0.0128,1.96,2.68,,0.2003,-0.3387,0.315,https://cdn.cboe.com/api/global/delayed_quotes/options/QQQ.json,0.0128,1501632.4107199998,0.0,1501632.4107199998,0.0015016324107199998,0.0,0.0015016324107199998
QQQ,QQQ260527P00725000,2026-05-27,9,put,725.0,70.0,36.0,0.1939,0.0134,20.99,21.86,,-0.8084,-0.3512,0.3034,https://cdn.cboe.com/api/global/delayed_quotes/options/QQQ.json,0.0134,0.0,-468261.70254499995,-468261.70254499995,0.0,-0.00046826170254499997,-0.00046826170254499997
QQQ,QQQ260527C00726000,2026-05-27,9,call,726.0,22.0,28.0,0.1948,0.0124,2.11,2.34,,0.1869,-0.3223,0.3024,https://cdn.cboe.com/api/global/delayed_quotes/options/QQQ.json,0.0124,136185.27980199998,0.0,136185.27980199998,0.00013618527980199997,0.0,0.00013618527980199997
QQQ,QQQ260527P00726000,2026-05-27,9,put,726.0,48.0,0.0,0.2089,0.0129,21.07,24.31,,-0.8224,-0.3354,0.2909,https://cdn.cboe.com/api/global/delayed_quotes/options/QQQ.json,0.0129,0.0,-309112.62922799995,-309112.62922799995,0.0,-0.00030911262922799995,-0.00030911262922799995
QQQ,QQQ260527C00727000,2026-05-27,9,call,727.0,38.0,61.0,0.1898,0.0119,1.69,2.26,,0.1741,-0.3058,0.2896,https://cdn.cboe.com/api/global/delayed_quotes/options/QQQ.json,0.0119,225744.07451049998,0.0,225744.07451049998,0.00022574407451049998,0.0,0.00022574407451049998
QQQ,QQQ260527P00727000,2026-05-27,9,put,727.0,67.0,0.0,0.194,0.0124,22.46,23.72,,-0.8358,-0.3196,0.2798,https://cdn.cboe.com/api/global/delayed_quotes/options/QQQ.json,0.0124,0.0,-414746.0793969999,-414746.0793969999,0.0,-0.0004147460793969999,-0.0004147460793969999
QQQ,QQQ260527C00728000,2026-05-27,9,call,728.0,61.0,64.0,0.1873,0.0114,1.44,2.05,,0.1618,-0.2895,0.2768,https://cdn.cboe.com/api/global/delayed_quotes/options/QQQ.json,0.0114,347152.6523985,0.0,347152.6523985,0.0003471526523985,0.0,0.0003471526523985
QQQ,QQQ260527P00728000,2026-05-27,9,put,728.0,6.0,0.0,0.2108,0.012,22.81,26.01,,-0.849,-0.3036,0.2631,https://cdn.cboe.com/api/global/delayed_quotes/options/QQQ.json,0.012,0.0,-35943.32898,-35943.32898,0.0,-3.594332898e-05,-3.594332898e-05
QQQ,QQQ260527C00729000,2026-05-27,9,call,729.0,37.0,81.0,0.1927,0.0108,1.57,1.91,,0.15,-0.2733,0.264,https://cdn.cboe.com/api/global/delayed_quotes/options/QQQ.json,0.0108,199485.47583899996,0.0,199485.47583899996,0.00019948547583899996,0.0,0.00019948547583899996
QQQ,QQQ260527P00729000,2026-05-27,9,put,729.0,4.0,0.0,0.2101,0.0115,23.65,26.78,,-0.8615,-0.2877,0.2465,https://cdn.cboe.com/api/global/delayed_quotes/options/QQQ.json,0.0115,0.0,-22963.793514999994,-22963.793514999994,0.0,-2.2963793514999995e-05,-2.2963793514999995e-05
QQQ,QQQ260527C00730000,2026-05-27,9,call,730.0,309.0,148.0,0.1917,0.0103,1.17,1.75,,0.1387,-0.2573,0.2509,https://cdn.cboe.com/api/global/delayed_quotes/options/QQQ.json,0.0103,1588844.9047867495,0.0,1588844.9047867495,0.0015888449047867495,0.0,0.0015888449047867495
QQQ,QQQ260527P00730000,2026-05-27,9,put,730.0,23.0,1.0,0.1819,0.011,24.8,26.03,,-0.8734,-0.272,0.2349,https://cdn.cboe.com/api/global/delayed_quotes/options/QQQ.json,0.011,0.0,-126300.86433249999,-126300.86433249999,0.0,-0.00012630086433249998,-0.00012630086433249998
QQQ,QQQ260527C00731000,2026-05-27,9,call,731.0,58.0,139.0,0.1911,0.0098,1.28,1.56,,0.1281,-0.2417,0.2379,https://cdn.cboe.com/api/global/delayed_quotes/options/QQQ.json,0.0098,283752.61378099996,0.0,283752.61378099996,0.00028375261378099995,0.0,0.00028375261378099995
QQQ,QQQ260527C00732000,2026-05-27,9,call,732.0,29.0,14.0,0.1904,0.0093,1.15,1.42,,0.118,-0.2264,0.2253,https://cdn.cboe.com/api/global/delayed_quotes/options/QQQ.json,0.0093,134637.71980424997,0.0,134637.71980424997,0.00013463771980424996,0.0,0.00013463771980424996
QQQ,QQQ260527P00732000,2026-05-27,9,put,732.0,1.0,0.0,0.2115,0.01,26.24,29.54,,-0.8957,-0.2416,0.2025,https://cdn.cboe.com/api/global/delayed_quotes/options/QQQ.json,0.01,0.0,-4992.129024999999,-4992.129024999999,0.0,-4.992129024999999e-06,-4.992129024999999e-06
QQQ,QQQ260527C00733000,2026-05-27,9,call,733.0,119.0,251.0,0.1898,0.0088,0.83,1.28,,0.1084,-0.2116,0.2127,https://cdn.cboe.com/api/global/delayed_quotes/options/QQQ.json,0.0088,522775.75149799994,0.0,522775.75149799994,0.000522775751498,0.0,0.000522775751498
QQQ,QQQ260527C00734000,2026-05-27,9,call,734.0,170.0,37.0,0.1894,0.0083,0.74,1.02,,0.0995,-0.1972,0.2002,https://cdn.cboe.com/api/global/delayed_quotes/options/QQQ.json,0.0083,704389.4054274999,0.0,704389.4054274999,0.0007043894054274999,0.0,0.0007043894054274999
QQQ,QQQ260527C00735000,2026-05-27,9,call,735.0,400.0,159.0,0.1888,0.0078,0.83,0.92,,0.0911,-0.1835,0.1881,https://cdn.cboe.com/api/global/delayed_quotes/options/QQQ.json,0.0078,1557544.2557999995,0.0,1557544.2557999995,0.0015575442557999994,0.0,0.0015575442557999994
QQQ,QQQ260527P00735000,2026-05-27,9,put,735.0,4.0,0.0,0.2139,0.0086,28.95,32.31,,-0.9251,-0.1989,0.1621,https://cdn.cboe.com/api/global/delayed_quotes/options/QQQ.json,0.0086,0.0,-17172.923845999998,-17172.923845999998,0.0,-1.7172923845999996e-05,-1.7172923845999996e-05
QQQ,QQQ260527C00736000,2026-05-27,9,call,736.0,48.0,174.0,0.1882,0.0073,0.54,0.94,,0.0832,-0.1703,0.1765,https://cdn.cboe.com/api/global/delayed_quotes/options/QQQ.json,0.0073,174924.20103599995,0.0,174924.20103599995,0.00017492420103599996,0.0,0.00017492420103599996
QQQ,QQQ260527C00737000,2026-05-27,9,call,737.0,25.0,113.0,0.1879,0.0068,0.65,0.87,,0.076,-0.1577,0.1652,https://cdn.cboe.com/api/global/delayed_quotes/options/QQQ.json,0.0068,84866.19342499999,0.0,84866.19342499999,8.486619342499999e-05,0.0,8.486619342499999e-05
QQQ,QQQ260527C00738000,2026-05-27,9,call,738.0,93.0,351.0,0.1874,0.0064,0.59,0.67,,0.0692,-0.1458,0.1542,https://cdn.cboe.com/api/global/delayed_quotes/options/QQQ.json,0.0064,297131.51956799993,0.0,297131.51956799993,0.0002971315195679999,0.0,0.0002971315195679999
QQQ,QQQ260527C00739000,2026-05-27,9,call,739.0,11.0,10.0,0.1871,0.0059,0.33,0.6,,0.0629,-0.1345,0.1437,https://cdn.cboe.com/api/global/delayed_quotes/options/QQQ.json,0.0059,32398.917372249995,0.0,32398.917372249995,3.239891737224999e-05,0.0,3.239891737224999e-05
QQQ,QQQ260527C00740000,2026-05-27,9,call,740.0,127.0,29.0,0.1867,0.0055,0.47,0.54,,0.0572,-0.1239,0.1338,https://cdn.cboe.com/api/global/delayed_quotes/options/QQQ.json,0.0055,348700.21239624993,0.0,348700.21239624993,0.0003487002123962499,0.0,0.0003487002123962499
QQQ,QQQ260527C00741000,2026-05-27,9,call,741.0,120.0,53.0,0.1868,0.0051,0.41,0.45,,0.0519,-0.114,0.1243,https://cdn.cboe.com/api/global/delayed_quotes/options/QQQ.json,0.0051,305518.29633,0.0,305518.29633,0.00030551829633,0.0,0.00030551829633
QQQ,QQQ260527C00742000,2026-05-27,9,call,742.0,26.0,37.0,0.1864,0.0047,0.37,0.56,,0.047,-0.1047,0.1152,https://cdn.cboe.com/api/global/delayed_quotes/options/QQQ.json,0.0047,61003.816685499994,0.0,61003.816685499994,6.1003816685499994e-05,0.0,6.1003816685499994e-05
QQQ,QQQ260527C00743000,2026-05-27,9,call,743.0,65.0,186.0,0.1865,0.0044,0.33,0.36,,0.0426,-0.0961,0.1068,https://cdn.cboe.com/api/global/delayed_quotes/options/QQQ.json,0.0044,142774.890115,0.0,142774.890115,0.000142774890115,0.0,0.000142774890115
QQQ,QQQ260527C00744000,2026-05-27,9,call,744.0,95.0,7.0,0.1862,0.004,0.29,0.32,,0.0386,-0.0881,0.0988,https://cdn.cboe.com/api/global/delayed_quotes/options/QQQ.json,0.004,189700.90295,0.0,189700.90295,0.00018970090294999998,0.0,0.00018970090294999998
QQQ,QQQ260527C00745000,2026-05-27,9,call,745.0,171.0,176.0,0.186,0.0037,0.26,0.29,,0.0349,-0.0807,0.0914,https://cdn.cboe.com/api/global/delayed_quotes/options/QQQ.json,0.0037,315852.00341174996,0.0,315852.00341174996,0.00031585200341175,0.0,0.00031585200341175
QQQ,QQQ260527C00746000,2026-05-27,9,call,746.0,70.0,1.0,0.186,0.0034,0.23,0.26,,0.0316,-0.0739,0.0844,https://cdn.cboe.com/api/global/delayed_quotes/options/QQQ.json,0.0034,118812.67079499997,0.0,118812.67079499997,0.00011881267079499996,0.0,0.00011881267079499996
QQQ,QQQ260527C00747000,2026-05-27,9,call,747.0,19.0,1.0,0.1863,0.0031,0.2,0.23,,0.0286,-0.0677,0.0779,https://cdn.cboe.com/api/global/delayed_quotes/options/QQQ.json,0.0031,29403.639957249994,0.0,29403.639957249994,2.9403639957249993e-05,0.0,2.9403639957249993e-05
QQQ,QQQ260527C00750000,2026-05-27,9,call,750.0,295.0,116.0,0.1875,0.0024,0.14,0.37,,0.0212,-0.052,0.0613,https://cdn.cboe.com/api/global/delayed_quotes/options/QQQ.json,0.0024,353442.73496999993,0.0,353442.73496999993,0.00035344273496999994,0.0,0.00035344273496999994
QQQ,QQQ260527C00755000,2026-05-27,9,call,755.0,51.0,19.0,0.1911,0.0016,0.08,0.11,,0.0134,-0.0347,0.0419,https://cdn.cboe.com/api/global/delayed_quotes/options/QQQ.json,0.0016,40735.77284399999,0.0,40735.77284399999,4.0735772843999994e-05,0.0,4.0735772843999994e-05
QQQ,QQQ260527C00760000,2026-05-27,9,call,760.0,37.0,99.0,0.1956,0.0011,0.0,0.27,,0.0087,-0.0238,0.0291,https://cdn.cboe.com/api/global/delayed_quotes/options/QQQ.json,0.0011,20317.96513175,0.0,20317.96513175,2.031796513175e-05,0.0,2.031796513175e-05
QQQ,QQQ260527C00765000,2026-05-27,9,call,765.0,297.0,374.0,0.2013,0.0008,0.0,0.74,,0.006,-0.0172,0.0212,https://cdn.cboe.com/api/global/delayed_quotes/options/QQQ.json,0.0008,118612.98563399998,0.0,118612.98563399998,0.00011861298563399998,0.0,0.00011861298563399998
QQQ,QQQ260527C00770000,2026-05-27,9,call,770.0,356.0,13.0,0.2089,0.0006,0.0,0.73,,0.0044,-0.0134,0.0162,https://cdn.cboe.com/api/global/delayed_quotes/options/QQQ.json,0.0006,106631.87597399998,0.0,106631.87597399998,0.00010663187597399998,0.0,0.00010663187597399998
QQQ,QQQ260527C00775000,2026-05-27,9,call,775.0,101.0,1.0,0.2191,0.0004,0.0,0.72,,0.0034,-0.011,0.013,https://cdn.cboe.com/api/global/delayed_quotes/options/QQQ.json,0.0004,20168.201261000002,0.0,20168.201261000002,2.0168201261000003e-05,0.0,2.0168201261000003e-05
QQQ,QQQ260527C00780000,2026-05-27,9,call,780.0,15.0,23.0,0.2325,0.0003,0.0,0.24,,0.0028,-0.0095,0.0108,https://cdn.cboe.com/api/global/delayed_quotes/options/QQQ.json,0.0003,2246.4580612499994,0.0,2246.4580612499994,2.2464580612499995e-06,0.0,2.2464580612499995e-06
QQQ,QQQ260527C00785000,2026-05-27,9,call,785.0,65.0,0.0,0.2406,0.0003,0.0,0.23,,0.0024,-0.0085,0.0094,https://cdn.cboe.com/api/global/delayed_quotes/options/QQQ.json,0.0003,9734.651598749999,0.0,9734.651598749999,9.734651598749999e-06,0.0,9.734651598749999e-06
QQQ,QQQ260527C00790000,2026-05-27,9,call,790.0,16.0,7.0,0.2536,0.0002,0.0,0.23,,0.0021,-0.0078,0.0083,https://cdn.cboe.com/api/global/delayed_quotes/options/QQQ.json,0.0002,1597.4812879999997,0.0,1597.4812879999997,1.5974812879999996e-06,0.0,1.5974812879999996e-06
QQQ,QQQ260527C00795000,2026-05-27,9,call,795.0,5.0,0.0,0.2595,0.0002,0.0,0.23,,0.0019,-0.0073,0.0075,https://cdn.cboe.com/api/global/delayed_quotes/options/QQQ.json,0.0002,499.2129024999999,0.0,499.2129024999999,4.992129025e-07,0.0,4.992129025e-07
QQQ,QQQ260528P00500000,2026-05-28,10,put,500.0,1.0,0.0,0.717,0.0,0.0,0.25,,-0.0013,-0.0137,0.005,https://cdn.cboe.com/api/global/delayed_quotes/options/QQQ.json,0.0,0.0,-0.0,0.0,0.0,-0.0,0.0
QQQ,QQQ260528P00510000,2026-05-28,10,put,510.0,1.0,0.0,0.6786,0.0001,0.0,0.25,,-0.0015,-0.015,0.0057,https://cdn.cboe.com/api/global/delayed_quotes/options/QQQ.json,0.0001,0.0,-49.92129024999999,-49.92129024999999,0.0,-4.992129024999999e-08,-4.992129024999999e-08
QQQ,QQQ260528P00515000,2026-05-28,10,put,515.0,4.0,0.0,0.6678,0.0001,0.0,0.25,,-0.0016,-0.0156,0.0061,https://cdn.cboe.com/api/global/delayed_quotes/options/QQQ.json,0.0001,0.0,-199.68516099999997,-199.68516099999997,0.0,-1.9968516099999995e-07,-1.9968516099999995e-07
QQQ,QQQ260528P00520000,2026-05-28,10,put,520.0,82.0,0.0,0.656,0.0001,0.0,0.79,,-0.0017,-0.0164,0.0065,https://cdn.cboe.com/api/global/delayed_quotes/options/QQQ.json,0.0001,0.0,-4093.5458004999996,-4093.5458004999996,0.0,-4.093545800499999e-06,-4.093545800499999e-06
QQQ,QQQ260528P00525000,2026-05-28,10,put,525.0,152.0,0.0,0.6371,0.0001,0.0,0.79,,-0.0018,-0.0172,0.007,https://cdn.cboe.com/api/global/delayed_quotes/options/QQQ.json,0.0001,0.0,-7588.036117999998,-7588.036117999998,0.0,-7.588036117999998e-06,-7.588036117999998e-06
QQQ,QQQ260528P00560000,2026-05-28,10,put,560.0,7.0,7.0,0.5317,0.0002,0.0,0.81,,-0.0034,-0.0257,0.0122,https://cdn.cboe.com/api/global/delayed_quotes/options/QQQ.json,0.0002,0.0,-698.8980634999998,-698.8980634999998,0.0,-6.988980634999998e-07,-6.988980634999998e-07
QQQ,QQQ260528C00580000,2026-05-28,10,call,580.0,4.0,0.0,0.4935,0.0003,123.95,128.31,,0.9948,-0.0202,0.018,https://cdn.cboe.com/api/global/delayed_quotes/options/QQQ.json,0.0003,599.0554829999999,0.0,599.0554829999999,5.990554829999999e-07,0.0,5.990554829999999e-07
QQQ,QQQ260528P00580000,2026-05-28,10,put,580.0,3.0,6.0,0.4738,0.0003,0.0,0.31,,-0.0052,-0.0344,0.0179,https://cdn.cboe.com/api/global/delayed_quotes/options/QQQ.json,0.0003,0.0,-449.2916122499999,-449.2916122499999,0.0,-4.492916122499999e-07,-4.492916122499999e-07
QQQ,QQQ260528C00585000,2026-05-28,10,call,585.0,18.0,0.0,0.4782,0.0003,118.91,123.36,,0.9942,-0.0238,0.02,https://cdn.cboe.com/api/global/delayed_quotes/options/QQQ.json,0.0003,2695.7496734999995,0.0,2695.7496734999995,2.6957496734999997e-06,0.0,2.6957496734999997e-06
QQQ,QQQ260528C00595000,2026-05-28,10,call,595.0,1.0,0.0,0.4466,0.0004,108.99,113.35,,0.9925,-0.0321,0.0249,https://cdn.cboe.com/api/global/delayed_quotes/options/QQQ.json,0.0004,199.68516099999997,0.0,199.68516099999997,1.9968516099999995e-07,0.0,1.9968516099999995e-07
QQQ,QQQ260528C00600000,2026-05-28,10,call,600.0,1.0,0.0,0.4319,0.0005,104.06,108.42,,0.9914,-0.0371,0.0281,https://cdn.cboe.com/api/global/delayed_quotes/options/QQQ.json,0.0005,249.60645124999996,0.0,249.60645124999996,2.4960645125e-07,0.0,2.4960645125e-07
QQQ,QQQ260528P00600000,2026-05-28,10,put,600.0,11.0,5.0,0.4189,0.0005,0.1,0.35,,-0.0086,-0.049,0.0281,https://cdn.cboe.com/api/global/delayed_quotes/options/QQQ.json,0.0005,0.0,-2745.670963749999,-2745.670963749999,0.0,-2.745670963749999e-06,-2.745670963749999e-06
QQQ,QQQ260528P00605000,2026-05-28,10,put,605.0,16.0,7.0,0.4051,0.0006,0.0,0.37,,-0.0098,-0.0541,0.0318,https://cdn.cboe.com/api/global/delayed_quotes/options/QQQ.json,0.0006,0.0,-4792.443863999999,-4792.443863999999,0.0,-4.792443863999999e-06,-4.792443863999999e-06
QQQ,QQQ260528P00615000,2026-05-28,10,put,615.0,9.0,0.0,0.3797,0.0008,0.0,0.41,,-0.0133,-0.0671,0.0413,https://cdn.cboe.com/api/global/delayed_quotes/options/QQQ.json,0.0008,0.0,-3594.3328979999997,-3594.3328979999997,0.0,-3.5943328979999997e-06,-3.5943328979999997e-06
QQQ,QQQ260528C00620000,2026-05-28,10,call,620.0,1.0,0.0,0.3752,0.0009,84.11,88.48,,0.9843,-0.0656,0.0475,https://cdn.cboe.com/api/global/delayed_quotes/options/QQQ.json,0.0009,449.2916122499999,0.0,449.2916122499999,4.492916122499999e-07,0.0,4.492916122499999e-07
QQQ,QQQ260528P00620000,2026-05-28,10,put,620.0,20.0,25.0,0.3662,0.0009,0.21,0.36,,-0.0156,-0.0753,0.0475,https://cdn.cboe.com/api/global/delayed_quotes/options/QQQ.json,0.0009,0.0,-8985.832244999998,-8985.832244999998,0.0,-8.985832244999998e-06,-8.985832244999998e-06
QQQ,QQQ260528P00625000,2026-05-28,10,put,625.0,135.0,8.0,0.3542,0.0011,0.05,0.48,,-0.0184,-0.0846,0.0545,https://cdn.cboe.com/api/global/delayed_quotes/options/QQQ.json,0.0011,0.0,-74133.11602125,-74133.11602125,0.0,-7.413311602125e-05,-7.413311602125e-05
QQQ,QQQ260528C00630000,2026-05-28,10,call,630.0,1.0,0.0,0.3488,0.0013,74.26,78.57,,0.9779,-0.0878,0.0636,https://cdn.cboe.com/api/global/delayed_quotes/options/QQQ.json,0.0013,648.97677325,0.0,648.97677325,6.489767732499999e-07,0.0,6.489767732499999e-07
QQQ,QQQ260528P00630000,2026-05-28,10,put,630.0,359.0,27.0,0.3422,0.0013,0.15,0.32,,-0.022,-0.0961,0.0635,https://cdn.cboe.com/api/global/delayed_quotes/options/QQQ.json,0.0013,0.0,-232982.66159675,-232982.66159675,0.0,-0.00023298266159675,-0.00023298266159675
QQQ,QQQ260528C00635000,2026-05-28,10,call,635.0,1.0,0.0,0.3375,0.0016,69.13,73.66,,0.9734,-0.1019,0.0741,https://cdn.cboe.com/api/global/delayed_quotes/options/QQQ.json,0.0016,798.7406439999999,0.0,798.7406439999999,7.987406439999998e-07,0.0,7.987406439999998e-07
QQQ,QQQ260528P00635000,2026-05-28,10,put,635.0,376.0,34.0,0.3309,0.0016,0.16,0.38,,-0.0266,-0.11,0.0742,https://cdn.cboe.com/api/global/delayed_quotes/options/QQQ.json,0.0016,0.0,-300326.48214399995,-300326.48214399995,0.0,-0.000300326482144,-0.000300326482144
QQQ,QQQ260528P00640000,2026-05-28,10,put,640.0,17.0,2.0,0.3208,0.0019,0.4,0.46,,-0.0322,-0.1262,0.087,https://cdn.cboe.com/api/global/delayed_quotes/options/QQQ.json,0.0019,0.0,-16124.57675075,-16124.57675075,0.0,-1.612457675075e-05,-1.612457675075e-05
QQQ,QQQ260528P00645000,2026-05-28,10,put,645.0,26.0,5.0,0.3106,0.0023,0.34,0.56,,-0.0394,-0.1455,0.1024,https://cdn.cboe.com/api/global/delayed_quotes/options/QQQ.json,0.0023,0.0,-29852.931569499993,-29852.931569499993,0.0,-2.9852931569499995e-05,-2.9852931569499995e-05
QQQ,QQQ260528P00650000,2026-05-28,10,put,650.0,166.0,20.0,0.3018,0.0028,0.64,0.7,,-0.0485,-0.1685,0.1209,https://cdn.cboe.com/api/global/delayed_quotes/options/QQQ.json,0.0028,0.0,-232034.15708199993,-232034.15708199993,0.0,-0.00023203415708199994,-0.00023203415708199994
QQQ,QQQ260528P00655000,2026-05-28,10,put,655.0,18.0,53.0,0.2931,0.0034,0.67,0.88,,-0.06,-0.1952,0.1426,https://cdn.cboe.com/api/global/delayed_quotes/options/QQQ.json,0.0034,0.0,-30551.829632999994,-30551.829632999994,0.0,-3.0551829632999994e-05,-3.0551829632999994e-05
QQQ,QQQ260528C00660000,2026-05-28,10,call,660.0,18.0,6.0,0.2394,0.0042,45.14,47.84,,0.9253,-0.2213,0.1688,https://cdn.cboe.com/api/global/delayed_quotes/options/QQQ.json,0.0042,37740.495428999995,0.0,37740.495428999995,3.7740495429e-05,0.0,3.7740495429e-05
QQQ,QQQ260528P00660000,2026-05-28,10,put,660.0,177.0,104.0,0.2848,0.0042,1.05,1.24,,-0.0748,-0.227,0.1691,https://cdn.cboe.com/api/global/delayed_quotes/options/QQQ.json,0.0042,0.0,-371114.87171849987,-371114.87171849987,0.0,-0.00037111487171849987,-0.00037111487171849987
QQQ,QQQ260528C00665000,2026-05-28,10,call,665.0,15.0,7.0,0.2419,0.0051,40.41,43.17,,0.9065,-0.2583,0.199,https://cdn.cboe.com/api/global/delayed_quotes/options/QQQ.json,0.0051,38189.78704125,0.0,38189.78704125,3.818978704125e-05,0.0,3.818978704125e-05
QQQ,QQQ260528P00665000,2026-05-28,10,put,665.0,94.0,141.0,0.2773,0.0051,1.22,1.63,,-0.0937,-0.2636,0.1993,https://cdn.cboe.com/api/global/delayed_quotes/options/QQQ.json,0.0051,0.0,-239322.66545849998,-239322.66545849998,0.0,-0.00023932266545849997,-0.00023932266545849997
QQQ,QQQ260528C00670000,2026-05-28,10,call,670.0,21.0,11.0,0.2716,0.0062,37.44,38.3,,0.8828,-0.2998,0.2336,https://cdn.cboe.com/api/global/delayed_quotes/options/QQQ.json,0.0062,64997.519905499976,0.0,64997.519905499976,6.499751990549997e-05,0.0,6.499751990549997e-05
QQQ,QQQ260528P00670000,2026-05-28,10,put,670.0,98.0,116.0,0.2698,0.0062,1.8,1.85,,-0.1174,-0.3047,0.2338,https://cdn.cboe.com/api/global/delayed_quotes/options/QQQ.json,0.0062,0.0,-303321.75955899997,-303321.75955899997,0.0,-0.00030332175955899996,-0.00030332175955899996
QQQ,QQQ260528C00675000,2026-05-28,10,call,675.0,6.0,7.0,0.2571,0.0075,32.62,33.8,,0.8534,-0.3447,0.272,https://cdn.cboe.com/api/global/delayed_quotes/options/QQQ.json,0.0075,22464.580612499998,0.0,22464.580612499998,2.2464580612499997e-05,0.0,2.2464580612499997e-05
QQQ,QQQ260528P00675000,2026-05-28,10,put,675.0,119.0,2212.0,0.2629,0.0075,2.32,2.38,,-0.147,-0.3493,0.2724,https://cdn.cboe.com/api/global/delayed_quotes/options/QQQ.json,0.0075,0.0,-445547.5154812499,-445547.5154812499,0.0,-0.0004455475154812499,-0.0004455475154812499
QQQ,QQQ260528P00676000,2026-05-28,10,put,676.0,19.0,44.0,0.2612,0.0078,2.44,2.73,,-0.1537,-0.3585,0.2802,https://cdn.cboe.com/api/global/delayed_quotes/options/QQQ.json,0.0078,0.0,-73983.3521505,-73983.3521505,0.0,-7.398335215049999e-05,-7.398335215049999e-05
QQQ,QQQ260528P00677000,2026-05-28,10,put,677.0,67.0,55.0,0.2599,0.008,2.3,2.86,,-0.1606,-0.3678,0.2883,https://cdn.cboe.com/api/global/delayed_quotes/options/QQQ.json,0.008,0.0,-267578.11574,-267578.11574,0.0,-0.00026757811574,-0.00026757811574
QQQ,QQQ260528P00678000,2026-05-28,10,put,678.0,73.0,79.0,0.2625,0.0083,2.4,2.99,,-0.1678,-0.377,0.2965,https://cdn.cboe.com/api/global/delayed_quotes/options/QQQ.json,0.0083,0.0,-302473.09762474993,-302473.09762474993,0.0,-0.00030247309762474996,-0.00030247309762474996
QQQ,QQQ260528C00679000,2026-05-28,10,call,679.0,1.0,3.0,0.2581,0.0086,29.49,30.34,,0.8249,-0.3824,0.3046,https://cdn.cboe.com/api/global/delayed_quotes/options/QQQ.json,0.0086,4293.2309614999995,0.0,4293.2309614999995,4.293230961499999e-06,0.0,4.293230961499999e-06
QQQ,QQQ260528P00679000,2026-05-28,10,put,679.0,32.0,32.0,0.2525,0.0086,2.56,3.14,,-0.1754,-0.3863,0.3052,https://cdn.cboe.com/api/global/delayed_quotes/options/QQQ.json,0.0086,0.0,-137383.39076799998,-137383.39076799998,0.0,-0.00013738339076799997,-0.00013738339076799997
QQQ,QQQ260528P00680000,2026-05-28,10,put,680.0,220.0,6792.0,0.256,0.0089,3.0,3.28,,-0.1834,-0.3961,0.3135,https://cdn.cboe.com/api/global/delayed_quotes/options/QQQ.json,0.0089,0.0,-977458.8630949998,-977458.8630949998,0.0,-0.0009774588630949998,-0.0009774588630949998
QQQ,QQQ260528C00681000,2026-05-28,10,call,681.0,1.0,1.0,0.2593,0.0091,27.76,28.93,,0.8091,-0.4009,0.3212,https://cdn.cboe.com/api/global/delayed_quotes/options/QQQ.json,0.0091,4542.837412749999,0.0,4542.837412749999,4.542837412749999e-06,0.0,4.542837412749999e-06
QQQ,QQQ260528P00681000,2026-05-28,10,put,681.0,23.0,29.0,0.2497,0.0092,2.85,3.44,,-0.1913,-0.4048,0.3215,https://cdn.cboe.com/api/global/delayed_quotes/options/QQQ.json,0.0092,0.0,-105633.45016899997,-105633.45016899997,0.0,-0.00010563345016899997,-0.00010563345016899997
QQQ,QQQ260528P00682000,2026-05-28,10,put,682.0,13.0,49.0,0.2532,0.0095,3.26,3.62,,-0.1999,-0.4144,0.3298,https://cdn.cboe.com/api/global/delayed_quotes/options/QQQ.json,0.0095,0.0,-61652.79345874999,-61652.79345874999,0.0,-6.165279345875e-05,-6.165279345875e-05
QQQ,QQQ260528P00683000,2026-05-28,10,put,683.0,18.0,41.0,0.2518,0.0098,3.1,3.85,,-0.2086,-0.4235,0.338,https://cdn.cboe.com/api/global/delayed_quotes/options/QQQ.json,0.0098,0.0,-88061.156001,-88061.156001,0.0,-8.8061156001e-05,-8.8061156001e-05
QQQ,QQQ260528P00684000,2026-05-28,10,put,684.0,16.0,47.0,0.2508,0.0101,3.24,3.96,,-0.2175,-0.432,0.3462,https://cdn.cboe.com/api/global/delayed_quotes/options/QQQ.json,0.0101,0.0,-80672.805044,-80672.805044,0.0,-8.0672805044e-05,-8.0672805044e-05
QQQ,QQQ260528P00685000,2026-05-28,10,put,685.0,108.0,127.0,0.2491,0.0104,3.53,4.15,,-0.227,-0.4412,0.3549,https://cdn.cboe.com/api/global/delayed_quotes/options/QQQ.json,0.0104,0.0,-560715.9320879999,-560715.9320879999,0.0,-0.0005607159320879999,-0.0005607159320879999
QQQ,QQQ260528P00686000,2026-05-28,10,put,686.0,30.0,36.0,0.2419,0.0107,3.6,4.34,,-0.2365,-0.4495,0.3628,https://cdn.cboe.com/api/global/delayed_quotes/options/QQQ.json,0.0107,0.0,-160247.34170249998,-160247.34170249998,0.0,-0.00016024734170249998,-0.00016024734170249998
QQQ,QQQ260528P00687000,2026-05-28,10,put,687.0,20.0,39.0,0.2496,0.011,4.21,4.55,,-0.2465,-0.4578,0.3707,https://cdn.cboe.com/api/global/delayed_quotes/options/QQQ.json,0.011,0.0,-109826.83854999997,-109826.83854999997,0.0,-0.00010982683854999997,-0.00010982683854999997
QQQ,QQQ260528P00688000,2026-05-28,10,put,688.0,38.0,49.0,0.2475,0.0113,3.96,4.76,,-0.2568,-0.466,0.3785,https://cdn.cboe.com/api/global/delayed_quotes/options/QQQ.json,0.0113,0.0,-214362.02033349994,-214362.02033349994,0.0,-0.00021436202033349994,-0.00021436202033349994
QQQ,QQQ260528P00689000,2026-05-28,10,put,689.0,31.0,92.0,0.2422,0.0116,4.32,5.09,,-0.2675,-0.4739,0.3862,https://cdn.cboe.com/api/global/delayed_quotes/options/QQQ.json,0.0116,0.0,-179516.95973899998,-179516.95973899998,0.0,-0.00017951695973899998,-0.00017951695973899998
QQQ,QQQ260528C00690000,2026-05-28,10,call,690.0,26.0,226.0,0.2565,0.0118,20.25,22.8,,0.7224,-0.4777,0.3934,https://cdn.cboe.com/api/global/delayed_quotes/options/QQQ.json,0.0118,153158.518487,0.0,153158.518487,0.000153158518487,0.0,0.000153158518487
QQQ,QQQ260528P00690000,2026-05-28,10,put,690.0,225.0,214.0,0.2424,0.0119,4.5,5.22,,-0.2785,-0.4818,0.3941,https://cdn.cboe.com/api/global/delayed_quotes/options/QQQ.json,0.0119,0.0,-1336642.54644375,-1336642.54644375,0.0,-0.00133664254644375,-0.00133664254644375
QQQ,QQQ260528C00691000,2026-05-28,10,call,691.0,25.0,130.0,0.2599,0.0121,19.89,22.05,,0.7112,-0.4849,0.4008,https://cdn.cboe.com/api/global/delayed_quotes/options/QQQ.json,0.0121,151011.90300624998,0.0,151011.90300624998,0.00015101190300624998,0.0,0.00015101190300624998
QQQ,QQQ260528P00691000,2026-05-28,10,put,691.0,79.0,24.0,0.2434,0.0122,5.11,5.46,,-0.2897,-0.4886,0.4014,https://cdn.cboe.com/api/global/delayed_quotes/options/QQQ.json,0.0122,0.0,-481141.3954295,-481141.3954295,0.0,-0.0004811413954295,-0.0004811413954295
QQQ,QQQ260528P00692000,2026-05-28,10,put,692.0,47.0,19.0,0.2391,0.0124,5.04,5.82,,-0.3013,-0.4954,0.4084,https://cdn.cboe.com/api/global/delayed_quotes/options/QQQ.json,0.0124,0.0,-290941.27957699995,-290941.27957699995,0.0,-0.00029094127957699997,-0.00029094127957699997
QQQ,QQQ260528P00693000,2026-05-28,10,put,693.0,60.0,22.0,0.2408,0.0127,5.02,5.99,,-0.3132,-0.5018,0.4152,https://cdn.cboe.com/api/global/delayed_quotes/options/QQQ.json,0.0127,0.0,-380400.231705,-380400.231705,0.0,-0.000380400231705,-0.000380400231705
QQQ,QQQ260528P00694000,2026-05-28,10,put,694.0,205.0,191.0,0.2303,0.013,5.41,6.26,,-0.3254,-0.5078,0.4217,https://cdn.cboe.com/api/global/delayed_quotes/options/QQQ.json,0.013,0.0,-1330402.3851624997,-1330402.3851624997,0.0,-0.0013304023851624998,-0.0013304023851624998
QQQ,QQQ260528C00695000,2026-05-28,10,call,695.0,42.0,331.0,0.2347,0.0132,16.81,17.7,,0.6632,-0.5095,0.4275,https://cdn.cboe.com/api/global/delayed_quotes/options/QQQ.json,0.0132,276763.633146,0.0,276763.633146,0.000276763633146,0.0,0.000276763633146
QQQ,QQQ260528P00695000,2026-05-28,10,put,695.0,325.0,1668.0,0.2356,0.0133,6.16,6.57,,-0.338,-0.5135,0.4278,https://cdn.cboe.com/api/global/delayed_quotes/options/QQQ.json,0.0133,0.0,-2157847.7710562497,-2157847.7710562497,0.0,-0.0021578477710562497,-0.0021578477710562497
QQQ,QQQ260528C00696000,2026-05-28,10,call,696.0,25.0,20.0,0.236,0.0135,16.15,17.18,,0.6506,-0.5141,0.4334,https://cdn.cboe.com/api/global/delayed_quotes/options/QQQ.json,0.0135,168484.35459374997,0.0,168484.35459374997,0.00016848435459374997,0.0,0.00016848435459374997
QQQ,QQQ260528P00696000,2026-05-28,10,put,696.0,51.0,82.0,0.2365,0.0136,6.49,6.85,,-0.3508,-0.5181,0.434,https://cdn.cboe.com/api/global/delayed_quotes/options/QQQ.json,0.0136,0.0,-346254.06917399995,-346254.06917399995,0.0,-0.00034625406917399997,-0.00034625406917399997
QQQ,QQQ260528P00697000,2026-05-28,10,put,697.0,55.0,29.0,0.235,0.0138,6.08,7.17,,-0.364,-0.5224,0.4393,https://cdn.cboe.com/api/global/delayed_quotes/options/QQQ.json,0.0138,0.0,-378902.5929974999,-378902.5929974999,0.0,-0.0003789025929974999,-0.0003789025929974999
QQQ,QQQ260528P00698000,2026-05-28,10,put,698.0,65.0,62.0,0.2309,0.014,6.5,7.61,,-0.3774,-0.5261,0.4443,https://cdn.cboe.com/api/global/delayed_quotes/options/QQQ.json,0.014,0.0,-454283.7412749999,-454283.7412749999,0.0,-0.0004542837412749999,-0.0004542837412749999
QQQ,QQQ260528C00699000,2026-05-28,10,call,699.0,1.0,234.0,0.2318,0.0142,14.14,15.13,,0.6105,-0.5253,0.4486,https://cdn.cboe.com/api/global/delayed_quotes/options/QQQ.json,0.0142,7088.8232155000005,0.0,7088.8232155000005,7.088823215500001e-06,0.0,7.088823215500001e-06
QQQ,QQQ260528P00699000,2026-05-28,10,put,699.0,40.0,176.0,0.2294,0.0143,6.73,7.73,,-0.3912,-0.5292,0.4489,https://cdn.cboe.com/api/global/delayed_quotes/options/QQQ.json,0.0143,0.0,-285549.78023,-285549.78023,0.0,-0.00028554978023,-0.00028554978023
QQQ,QQQ260528C00700000,2026-05-28,10,call,700.0,48.0,342.0,0.2293,0.0144,13.75,14.12,,0.5966,-0.528,0.4527,https://cdn.cboe.com/api/global/delayed_quotes/options/QQQ.json,0.0144,345055.958208,0.0,345055.958208,0.000345055958208,0.0,0.000345055958208
QQQ,QQQ260528P00700000,2026-05-28,10,put,700.0,405.0,247.0,0.2289,0.0145,7.22,8.08,,-0.4052,-0.5319,0.4529,https://cdn.cboe.com/api/global/delayed_quotes/options/QQQ.json,0.0145,0.0,-2931627.76993125,-2931627.76993125,0.0,-0.00293162776993125,-0.00293162776993125
QQQ,QQQ260528C00701000,2026-05-28,10,call,701.0,2.0,31.0,0.2298,0.0146,12.98,13.79,,0.5824,-0.5297,0.4564,https://cdn.cboe.com/api/global/delayed_quotes/options/QQQ.json,0.0146,14577.016752999998,0.0,14577.016752999998,1.4577016752999998e-05,0.0,1.4577016752999998e-05
QQQ,QQQ260528P00701000,2026-05-28,10,put,701.0,92.0,125.0,0.2266,0.0147,7.36,8.68,,-0.4194,-0.5334,0.4566,https://cdn.cboe.com/api/global/delayed_quotes/options/QQQ.json,0.0147,0.0,-675135.5293409999,-675135.5293409999,0.0,-0.0006751355293409998,-0.0006751355293409998
QQQ,QQQ260528C00702000,2026-05-28,10,call,702.0,2.0,28.0,0.2278,0.0148,12.25,13.22,,0.568,-0.5305,0.4595,https://cdn.cboe.com/api/global/delayed_quotes/options/QQQ.json,0.0148,14776.701913999997,0.0,14776.701913999997,1.4776701913999997e-05,0.0,1.4776701913999997e-05
QQQ,QQQ260528P00702000,2026-05-28,10,put,702.0,52.0,404.0,0.2254,0.0149,8.18,9.06,,-0.434,-0.5344,0.4596,https://cdn.cboe.com/api/global/delayed_quotes/options/QQQ.json,0.0149,0.0,-386790.1568569999,-386790.1568569999,0.0,-0.0003867901568569999,-0.0003867901568569999
QQQ,QQQ260528C00703000,2026-05-28,10,call,703.0,1.0,111.0,0.226,0.015,11.21,12.59,,0.5534,-0.5308,0.4621,https://cdn.cboe.com/api/global/delayed_quotes/options/QQQ.json,0.015,7488.193537499999,0.0,7488.193537499999,7.4881935375e-06,0.0,7.4881935375e-06
QQQ,QQQ260528P00703000,2026-05-28,10,put,703.0,132.0,327.0,0.2256,0.0151,8.16,9.46,,-0.4487,-0.5347,0.462,https://cdn.cboe.com/api/global/delayed_quotes/options/QQQ.json,0.0151,0.0,-995031.1572629999,-995031.1572629999,0.0,-0.0009950311572629999,-0.0009950311572629999
QQQ,QQQ260528C00704000,2026-05-28,10,call,704.0,1.0,89.0,0.2245,0.0151,11.05,11.97,,0.5385,-0.5303,0.464,https://cdn.cboe.com/api/global/delayed_quotes/options/QQQ.json,0.0151,7538.11482775,0.0,7538.11482775,7.53811482775e-06,0.0,7.53811482775e-06
QQQ,QQQ260528P00704000,2026-05-28,10,put,704.0,40.0,420.0,0.2226,0.0152,8.97,9.87,,-0.4637,-0.5342,0.4638,https://cdn.cboe.com/api/global/delayed_quotes/options/QQQ.json,0.0152,0.0,-303521.4447199999,-303521.4447199999,0.0,-0.00030352144471999993,-0.00030352144471999993
QQQ,QQQ260528C00705000,2026-05-28,10,call,705.0,23.0,1404.0,0.2229,0.0152,10.8,11.2,,0.5234,-0.5291,0.4653,https://cdn.cboe.com/api/global/delayed_quotes/options/QQQ.json,0.0152,174524.83071399998,0.0,174524.83071399998,0.000174524830714,0.0,0.000174524830714
QQQ,QQQ260528P00705000,2026-05-28,10,put,705.0,347.0,385.0,0.2225,0.0154,8.94,10.07,,-0.4789,-0.5329,0.4651,https://cdn.cboe.com/api/global/delayed_quotes/options/QQQ.json,0.0154,0.0,-2667693.9083795,-2667693.9083795,0.0,-0.0026676939083794997,-0.0026676939083794997
QQQ,QQQ260528C00706000,2026-05-28,10,call,706.0,31.0,76.0,0.2143,0.0154,9.54,10.7,,0.5082,-0.5269,0.466,https://cdn.cboe.com/api/global/delayed_quotes/options/QQQ.json,0.0154,238324.2396535,0.0,238324.2396535,0.0002383242396535,0.0,0.0002383242396535
QQQ,QQQ260528P00706000,2026-05-28,10,put,706.0,93.0,92.0,0.2206,0.0155,9.35,10.76,,-0.4943,-0.5308,0.4656,https://cdn.cboe.com/api/global/delayed_quotes/options/QQQ.json,0.0155,0.0,-719615.3989537498,-719615.3989537498,0.0,-0.0007196153989537498,-0.0007196153989537498
QQQ,QQQ260528C00707000,2026-05-28,10,call,707.0,23.0,338.0,0.2165,0.0154,9.41,10.28,,0.4928,-0.5239,0.466,https://cdn.cboe.com/api/global/delayed_quotes/options/QQQ.json,0.0154,176821.2100655,0.0,176821.2100655,0.0001768212100655,0.0,0.0001768212100655
QQQ,QQQ260528P00707000,2026-05-28,10,put,707.0,41.0,171.0,0.2187,0.0156,9.79,11.2,,-0.5098,-0.528,0.4657,https://cdn.cboe.com/api/global/delayed_quotes/options/QQQ.json,0.0156,0.0,-319296.5724389999,-319296.5724389999,0.0,-0.0003192965724389999,-0.0003192965724389999
QQQ,QQQ260528C00708000,2026-05-28,10,call,708.0,44.0,113.0,0.2131,0.0155,8.69,9.6,,0.4772,-0.5202,0.4654,https://cdn.cboe.com/api/global/delayed_quotes/options/QQQ.json,0.0155,340463.1995049999,0.0,340463.1995049999,0.0003404631995049999,0.0,0.0003404631995049999
QQQ,QQQ260528P00708000,2026-05-28,10,put,708.0,74.0,90.0,0.2191,0.0156,10.79,11.69,,-0.5255,-0.5243,0.4648,https://cdn.cboe.com/api/global/delayed_quotes/options/QQQ.json,0.0156,0.0,-576291.3746459999,-576291.3746459999,0.0,-0.0005762913746459998,-0.0005762913746459998
QQQ,QQQ260528C00709000,2026-05-28,10,call,709.0,20.0,92.0,0.2098,0.0155,7.98,9.09,,0.4616,-0.5155,0.4641,https://cdn.cboe.com/api/global/delayed_quotes/options/QQQ.json,0.0155,154755.99977499997,0.0,154755.99977499997,0.00015475599977499998,0.0,0.00015475599977499998
QQQ,QQQ260528P00709000,2026-05-28,10,put,709.0,102.0,253.0,0.2179,0.0157,11.59,11.94,,-0.5414,-0.5197,0.4632,https://cdn.cboe.com/api/global/delayed_quotes/options/QQQ.json,0.0157,0.0,-799439.5420634998,-799439.5420634998,0.0,-0.0007994395420634998,-0.0007994395420634998
QQQ,QQQ260528C00710000,2026-05-28,10,call,710.0,274.0,450.0,0.2165,0.0156,7.47,8.31,,0.4458,-0.5102,0.462,https://cdn.cboe.com/api/global/delayed_quotes/options/QQQ.json,0.0156,2133835.6304459996,0.0,2133835.6304459996,0.0021338356304459994,0.0,0.0021338356304459994
QQQ,QQQ260528P00710000,2026-05-28,10,put,710.0,235.0,210.0,0.2154,0.0157,11.93,12.5,,-0.5573,-0.5145,0.4607,https://cdn.cboe.com/api/global/delayed_quotes/options/QQQ.json,0.0157,0.0,-1841846.0037737496,-1841846.0037737496,0.0,-0.0018418460037737496,-0.0018418460037737496
QQQ,QQQ260528C00711000,2026-05-28,10,call,711.0,42.0,90.0,0.2147,0.0156,7.39,8.09,,0.43,-0.5038,0.4592,https://cdn.cboe.com/api/global/delayed_quotes/options/QQQ.json,0.0156,327084.2937179999,0.0,327084.2937179999,0.0003270842937179999,0.0,0.0003270842937179999
QQQ,QQQ260528P00711000,2026-05-28,10,put,711.0,59.0,103.0,0.2096,0.0157,11.75,13.21,,-0.5734,-0.5083,0.4579,https://cdn.cboe.com/api/global/delayed_quotes/options/QQQ.json,0.0157,0.0,-462420.91158574994,-462420.91158574994,0.0,-0.0004624209115857499,-0.0004624209115857499
QQQ,QQQ260528C00712000,2026-05-28,10,call,712.0,113.0,405.0,0.2135,0.0155,6.54,7.62,,0.4141,-0.4967,0.4556,https://cdn.cboe.com/api/global/delayed_quotes/options/QQQ.json,0.0155,874371.39872875,0.0,874371.39872875,0.00087437139872875,0.0,0.00087437139872875
QQQ,QQQ260528P00712000,2026-05-28,10,put,712.0,75.0,498.0,0.2108,0.0157,12.68,13.78,,-0.5895,-0.5014,0.4542,https://cdn.cboe.com/api/global/delayed_quotes/options/QQQ.json,0.0157,0.0,-587823.1926937499,-587823.1926937499,0.0,-0.0005878231926937499,-0.0005878231926937499
QQQ,QQQ260528C00713000,2026-05-28,10,call,713.0,132.0,82.0,0.2132,0.0154,6.1,6.99,,0.3982,-0.4888,0.4514,https://cdn.cboe.com/api/global/delayed_quotes/options/QQQ.json,0.0154,1014799.9882019998,0.0,1014799.9882019998,0.0010147999882019999,0.0,0.0010147999882019999
QQQ,QQQ260528P00713000,2026-05-28,10,put,713.0,37.0,262.0,0.2107,0.0156,13.35,14.32,,-0.6056,-0.4936,0.4496,https://cdn.cboe.com/api/global/delayed_quotes/options/QQQ.json,0.0156,0.0,-288145.68732299993,-288145.68732299993,0.0,-0.0002881456873229999,-0.0002881456873229999
QQQ,QQQ260528C00714000,2026-05-28,10,call,714.0,43.0,63.0,0.2111,0.0154,5.7,6.56,,0.3823,-0.4801,0.4465,https://cdn.cboe.com/api/global/delayed_quotes/options/QQQ.json,0.0154,330578.78403549996,0.0,330578.78403549996,0.0003305787840355,0.0,0.0003305787840355
QQQ,QQQ260528P00714000,2026-05-28,10,put,714.0,74.0,454.0,0.2102,0.0156,13.88,14.91,,-0.6217,-0.4851,0.4445,https://cdn.cboe.com/api/global/delayed_quotes/options/QQQ.json,0.0156,0.0,-576291.3746459999,-576291.3746459999,0.0,-0.0005762913746459998,-0.0005762913746459998
QQQ,QQQ260528C00715000,2026-05-28,10,call,715.0,148.0,1575.0,0.2104,0.0152,5.96,6.09,,0.3665,-0.4707,0.4407,https://cdn.cboe.com/api/global/delayed_quotes/options/QQQ.json,0.0152,1123029.3454639998,0.0,1123029.3454639998,0.0011230293454639999,0.0,0.0011230293454639999
QQQ,QQQ260528P00715000,2026-05-28,10,put,715.0,614.0,58.0,0.2052,0.0155,14.33,15.31,,-0.6378,-0.4761,0.438,https://cdn.cboe.com/api/global/delayed_quotes/options/QQQ.json,0.0155,0.0,-4751009.193092499,-4751009.193092499,0.0,-0.004751009193092499,-0.004751009193092499
QQQ,QQQ260528C00716000,2026-05-28,10,call,716.0,66.0,9.0,0.2014,0.0151,4.94,5.91,,0.3507,-0.4604,0.4342,https://cdn.cboe.com/api/global/delayed_quotes/options/QQQ.json,0.0151,497515.57863149996,0.0,497515.57863149996,0.0004975155786314999,0.0,0.0004975155786314999
QQQ,QQQ260528P00716000,2026-05-28,10,put,716.0,22.0,1.0,0.2033,0.0154,14.55,16.11,,-0.6539,-0.4662,0.4316,https://cdn.cboe.com/api/global/delayed_quotes/options/QQQ.json,0.0154,0.0,-169133.33136699995,-169133.33136699995,0.0,-0.00016913333136699994,-0.00016913333136699994
QQQ,QQQ260528C00717000,2026-05-28,10,call,717.0,64.0,59.0,0.2113,0.0149,5.2,5.68,,0.335,-0.4495,0.427,https://cdn.cboe.com/api/global/delayed_quotes/options/QQQ.json,0.0149,476049.42382399994,0.0,476049.42382399994,0.00047604942382399997,0.0,0.00047604942382399997
QQQ,QQQ260528P00717000,2026-05-28,10,put,717.0,35.0,13.0,0.2179,0.0152,15.12,18.27,,-0.6698,-0.4557,0.424,https://cdn.cboe.com/api/global/delayed_quotes/options/QQQ.json,0.0152,0.0,-265581.26412999997,-265581.26412999997,0.0,-0.00026558126412999997,-0.00026558126412999997
QQQ,QQQ260528C00718000,2026-05-28,10,call,718.0,48.0,170.0,0.1995,0.0147,4.56,5.17,,0.3195,-0.438,0.4193,https://cdn.cboe.com/api/global/delayed_quotes/options/QQQ.json,0.0147,352244.624004,0.0,352244.624004,0.000352244624004,0.0,0.000352244624004
QQQ,QQQ260528P00718000,2026-05-28,10,put,718.0,84.0,54.0,0.1972,0.015,15.93,17.12,,-0.6856,-0.4445,0.416,https://cdn.cboe.com/api/global/delayed_quotes/options/QQQ.json,0.015,0.0,-629008.2571499998,-629008.2571499998,0.0,-0.0006290082571499999,-0.0006290082571499999
QQQ,QQQ260528C00719000,2026-05-28,10,call,719.0,69.0,40.0,0.2056,0.0145,3.88,4.82,,0.3041,-0.4258,0.4108,https://cdn.cboe.com/api/global/delayed_quotes/options/QQQ.json,0.0145,499462.5089512499,0.0,499462.5089512499,0.0004994625089512498,0.0,0.0004994625089512498
QQQ,QQQ260528P00719000,2026-05-28,10,put,719.0,50.0,50.0,0.2206,0.0148,16.91,19.46,,-0.7014,-0.4329,0.4057,https://cdn.cboe.com/api/global/delayed_quotes/options/QQQ.json,0.0148,0.0,-369417.54785,-369417.54785,0.0,-0.00036941754785,-0.00036941754785
QQQ,QQQ260528C00720000,2026-05-28,10,call,720.0,275.0,510.0,0.2046,0.0142,4.18,4.49,,0.289,-0.4132,0.4015,https://cdn.cboe.com/api/global/delayed_quotes/options/QQQ.json,0.0142,1949426.3842624996,0.0,1949426.3842624996,0.0019494263842624996,0.0,0.0019494263842624996
QQQ,QQQ260528P00720000,2026-05-28,10,put,720.0,76.0,43.0,0.2008,0.0146,17.75,18.46,,-0.7169,-0.4208,0.397,https://cdn.cboe.com/api/global/delayed_quotes/options/QQQ.json,0.0146,0.0,-553926.636614,-553926.636614,0.0,-0.000553926636614,-0.000553926636614
QQQ,QQQ260528C00721000,2026-05-28,10,call,721.0,113.0,49.0,0.2036,0.014,3.57,4.27,,0.2741,-0.4,0.3918,https://cdn.cboe.com/api/global/delayed_quotes/options/QQQ.json,0.014,789754.8117549999,0.0,789754.8117549999,0.000789754811755,0.0,0.000789754811755
QQQ,QQQ260528P00721000,2026-05-28,10,put,721.0,51.0,2.0,0.214,0.0143,17.93,20.78,,-0.7322,-0.408,0.3866,https://cdn.cboe.com/api/global/delayed_quotes/options/QQQ.json,0.0143,0.0,-364075.96979324997,-364075.96979324997,0.0,-0.00036407596979325,-0.00036407596979325
QQQ,QQQ260528C00722000,2026-05-28,10,call,722.0,195.0,154.0,0.2,0.0136,3.08,3.97,,0.2595,-0.3862,0.3816,https://cdn.cboe.com/api/global/delayed_quotes/options/QQQ.json,0.0136,1323912.6174299996,0.0,1323912.6174299996,0.0013239126174299997,0.0,0.0013239126174299997
QQQ,QQQ260528P00722000,2026-05-28,10,put,722.0,78.0,17.0,0.2145,0.014,18.74,21.49,,-0.7472,-0.395,0.3757,https://cdn.cboe.com/api/global/delayed_quotes/options/QQQ.json,0.014,0.0,-545140.4895299999,-545140.4895299999,0.0,-0.0005451404895299999,-0.0005451404895299999
QQQ,QQQ260528C00723000,2026-05-28,10,call,723.0,43.0,132.0,0.1978,0.0133,3.04,3.66,,0.2452,-0.3723,0.3708,https://cdn.cboe.com/api/global/delayed_quotes/options/QQQ.json,0.0133,285499.85893974995,0.0,285499.85893974995,0.00028549985893974993,0.0,0.00028549985893974993
QQQ,QQQ260528P00723000,2026-05-28,10,put,723.0,67.0,0.0,0.1996,0.0137,19.76,20.95,,-0.762,-0.3817,0.3624,https://cdn.cboe.com/api/global/delayed_quotes/options/QQQ.json,0.0137,0.0,-458227.52320475,-458227.52320475,0.0,-0.00045822752320475,-0.00045822752320475
QQQ,QQQ260528C00724000,2026-05-28,10,call,724.0,98.0,118.0,0.1966,0.013,2.78,3.37,,0.2312,-0.358,0.3594,https://cdn.cboe.com/api/global/delayed_quotes/options/QQQ.json,0.013,635997.2377849999,0.0,635997.2377849999,0.0006359972377849999,0.0,0.0006359972377849999
QQQ,QQQ260528P00724000,2026-05-28,10,put,724.0,22.0,1.0,0.2103,0.0134,19.93,23.03,,-0.7764,-0.368,0.3518,https://cdn.cboe.com/api/global/delayed_quotes/options/QQQ.json,0.0134,0.0,-147167.963657,-147167.963657,0.0,-0.00014716796365699998,-0.00014716796365699998
QQQ,QQQ260528C00725000,2026-05-28,10,call,725.0,220.0,204.0,0.1996,0.0126,2.79,2.87,,0.2177,-0.3437,0.3478,https://cdn.cboe.com/api/global/delayed_quotes/options/QQQ.json,0.0126,1383818.1657299998,0.0,1383818.1657299998,0.0013838181657299998,0.0,0.0013838181657299998
QQQ,QQQ260528P00725000,2026-05-28,10,put,725.0,84.0,4.0,0.1953,0.013,21.38,22.13,,-0.7905,-0.3542,0.3393,https://cdn.cboe.com/api/global/delayed_quotes/options/QQQ.json,0.013,0.0,-545140.4895299999,-545140.4895299999,0.0,-0.0005451404895299999,-0.0005451404895299999
QQQ,QQQ260528C00726000,2026-05-28,10,call,726.0,273.0,51.0,0.1947,0.0122,2.32,2.93,,0.2045,-0.3289,0.3359,https://cdn.cboe.com/api/global/delayed_quotes/options/QQQ.json,0.0122,1662678.4930665,0.0,1662678.4930665,0.0016626784930664999,0.0,0.0016626784930664999
QQQ,QQQ260528P00726000,2026-05-28,10,put,726.0,4.0,0.0,0.2098,0.0127,21.45,24.63,,-0.8042,-0.3402,0.3259,https://cdn.cboe.com/api/global/delayed_quotes/options/QQQ.json,0.0127,0.0,-25360.015446999994,-25360.015446999994,0.0,-2.5360015446999993e-05,-2.5360015446999993e-05
QQQ,QQQ260528C00727000,2026-05-28,10,call,727.0,52.0,49.0,0.1978,0.0118,2.35,2.66,,0.1918,-0.3144,0.3237,https://cdn.cboe.com/api/global/delayed_quotes/options/QQQ.json,0.0118,306317.036974,0.0,306317.036974,0.000306317036974,0.0,0.000306317036974
QQQ,QQQ260528P00727000,2026-05-28,10,put,727.0,5.0,0.0,0.2112,0.0123,22.35,25.43,,-0.8176,-0.326,0.3106,https://cdn.cboe.com/api/global/delayed_quotes/options/QQQ.json,0.0123,0.0,-30701.593503749995,-30701.593503749995,0.0,-3.0701593503749994e-05,-3.0701593503749994e-05
QQQ,QQQ260528C00728000,2026-05-28,10,call,728.0,1309.0,1073.0,0.2009,0.0113,1.92,2.45,,0.1795,-0.2995,0.311,https://cdn.cboe.com/api/global/delayed_quotes/options/QQQ.json,0.0113,7384207.489909248,0.0,7384207.489909248,0.007384207489909249,0.0,0.007384207489909249
QQQ,QQQ260528C00729000,2026-05-28,10,call,729.0,2539.0,1035.0,0.1962,0.0109,1.96,2.29,,0.1677,-0.2849,0.2983,https://cdn.cboe.com/api/global/delayed_quotes/options/QQQ.json,0.0109,13815766.997977749,0.0,13815766.997977749,0.01381576699797775,0.0,0.01381576699797775
QQQ,QQQ260528C00730000,2026-05-28,10,call,730.0,2165.0,2281.0,0.1956,0.0105,1.57,2.02,,0.1564,-0.2705,0.2857,https://cdn.cboe.com/api/global/delayed_quotes/options/QQQ.json,0.0105,11348357.306081248,0.0,11348357.306081248,0.011348357306081249,0.0,0.011348357306081249
QQQ,QQQ260528P00730000,2026-05-28,10,put,730.0,6.0,30.0,0.1859,0.011,25.09,26.3,,-0.8548,-0.2839,0.27,https://cdn.cboe.com/api/global/delayed_quotes/options/QQQ.json,0.011,0.0,-32948.051564999994,-32948.051564999994,0.0,-3.2948051564999995e-05,-3.2948051564999995e-05
QQQ,QQQ260528C00731000,2026-05-28,10,call,731.0,39.0,31.0,0.1947,0.01,1.4,1.97,,0.1458,-0.2565,0.2731,https://cdn.cboe.com/api/global/delayed_quotes/options/QQQ.json,0.01,194693.031975,0.0,194693.031975,0.000194693031975,0.0,0.000194693031975
QQQ,QQQ260528C00732000,2026-05-28,10,call,732.0,508.0,228.0,0.194,0.0096,1.48,1.76,,0.1355,-0.2426,0.2603,https://cdn.cboe.com/api/global/delayed_quotes/options/QQQ.json,0.0096,2434561.4829119993,0.0,2434561.4829119993,0.0024345614829119995,0.0,0.0024345614829119995
QQQ,QQQ260528P00732000,2026-05-28,10,put,732.0,2.0,0.0,0.2111,0.0102,26.5,29.64,,-0.8772,-0.2569,0.2421,https://cdn.cboe.com/api/global/delayed_quotes/options/QQQ.json,0.0102,0.0,-10183.943210999998,-10183.943210999998,0.0,-1.0183943210999998e-05,-1.0183943210999998e-05
QQQ,QQQ260528C00733000,2026-05-28,10,call,733.0,29.0,7.0,0.1933,0.0091,1.34,1.6,,0.1258,-0.229,0.2477,https://cdn.cboe.com/api/global/delayed_quotes/options/QQQ.json,0.0091,131742.28496974998,0.0,131742.28496974998,0.00013174228496975,0.0,0.00013174228496975
QQQ,QQQ260528P00733000,2026-05-28,10,put,733.0,1.0,2.0,0.2214,0.0097,27.88,30.53,,-0.8876,-0.2437,0.2284,https://cdn.cboe.com/api/global/delayed_quotes/options/QQQ.json,0.0097,0.0,-4842.365154249999,-4842.365154249999,0.0,-4.842365154249999e-06,-4.842365154249999e-06
QQQ,QQQ260528C00734000,2026-05-28,10,call,734.0,6.0,127.0,0.1928,0.0086,1.15,1.48,,0.1166,-0.2157,0.2354,https://cdn.cboe.com/api/global/delayed_quotes/options/QQQ.json,0.0086,25759.385768999997,0.0,25759.385768999997,2.5759385768999998e-05,0.0,2.5759385768999998e-05
QQQ,QQQ260528C00735000,2026-05-28,10,call,735.0,3695.0,174.0,0.1924,0.0082,1.1,1.2,,0.1078,-0.2029,0.2233,https://cdn.cboe.com/api/global/delayed_quotes/options/QQQ.json,0.0082,15125651.732847497,0.0,15125651.732847497,0.015125651732847497,0.0,0.015125651732847497
QQQ,QQQ260528P00735000,2026-05-28,10,put,735.0,7.0,0.0,0.2127,0.0088,29.15,32.32,,-0.9069,-0.2174,0.1973,https://cdn.cboe.com/api/global/delayed_quotes/options/QQQ.json,0.0088,0.0,-30751.514793999995,-30751.514793999995,0.0,-3.0751514793999994e-05,-3.0751514793999994e-05
QQQ,QQQ260528C00736000,2026-05-28,10,call,736.0,38.0,103.0,0.1918,0.0078,1.0,1.22,,0.0997,-0.1905,0.2112,https://cdn.cboe.com/api/global/delayed_quotes/options/QQQ.json,0.0078,147966.704301,0.0,147966.704301,0.00014796670430099998,0.0,0.00014796670430099998
QQQ,QQQ260528C00737000,2026-05-28,10,call,737.0,1400.0,17.0,0.1914,0.0073,0.9,0.99,,0.092,-0.1786,0.1996,https://cdn.cboe.com/api/global/delayed_quotes/options/QQQ.json,0.0073,5101955.86355,0.0,5101955.86355,0.00510195586355,0.0,0.00510195586355
QQQ,QQQ260528C00738000,2026-05-28,10,call,738.0,45.0,146.0,0.191,0.0069,0.81,1.04,,0.0848,-0.1672,0.1884,https://cdn.cboe.com/api/global/delayed_quotes/options/QQQ.json,0.0069,155005.60622624998,0.0,155005.60622624998,0.00015500560622624997,0.0,0.00015500560622624997
QQQ,QQQ260528P00738000,2026-05-28,10,put,738.0,1.0,0.0,0.1855,0.0076,32.34,33.63,,-0.9319,-0.1803,0.1583,https://cdn.cboe.com/api/global/delayed_quotes/options/QQQ.json,0.0076,0.0,-3794.018058999999,-3794.018058999999,0.0,-3.794018058999999e-06,-3.794018058999999e-06
QQQ,QQQ260528C00739000,2026-05-28,10,call,739.0,158.0,40.0,0.1908,0.0065,0.73,0.94,,0.078,-0.1562,0.1775,https://cdn.cboe.com/api/global/delayed_quotes/options/QQQ.json,0.0065,512691.6508674999,0.0,512691.6508674999,0.0005126916508674999,0.0,0.0005126916508674999
QQQ,QQQ260528C00740000,2026-05-28,10,call,740.0,95.0,167.0,0.1904,0.0061,0.66,0.74,,0.0718,-0.1458,0.1668,https://cdn.cboe.com/api/global/delayed_quotes/options/QQQ.json,0.0061,289293.87699874997,0.0,289293.87699874997,0.00028929387699874997,0.0,0.00028929387699874997
QQQ,QQQ260528C00741000,2026-05-28,10,call,741.0,21.0,101.0,0.1903,0.0057,0.42,0.79,,0.0659,-0.1359,0.1566,https://cdn.cboe.com/api/global/delayed_quotes/options/QQQ.json,0.0057,59755.784429249994,0.0,59755.784429249994,5.9755784429249997e-05,0.0,5.9755784429249997e-05
QQQ,QQQ260528C00742000,2026-05-28,10,call,742.0,13.0,0.0,0.1902,0.0054,0.53,0.73,,0.0605,-0.1265,0.147,https://cdn.cboe.com/api/global/delayed_quotes/options/QQQ.json,0.0054,35044.74575549999,0.0,35044.74575549999,3.5044745755499995e-05,0.0,3.5044745755499995e-05
QQQ,QQQ260528C00743000,2026-05-28,10,call,743.0,18.0,41.0,0.1896,0.005,0.48,0.68,,0.0555,-0.1176,0.1377,https://cdn.cboe.com/api/global/delayed_quotes/options/QQQ.json,0.005,44929.161224999996,0.0,44929.161224999996,4.4929161224999994e-05,0.0,4.4929161224999994e-05
QQQ,QQQ260528C00744000,2026-05-28,10,call,744.0,144.0,26.0,0.1895,0.0047,0.43,0.5,,0.0508,-0.1092,0.1288,https://cdn.cboe.com/api/global/delayed_quotes/options/QQQ.json,0.0047,337867.292412,0.0,337867.292412,0.000337867292412,0.0,0.000337867292412
QQQ,QQQ260528C00745000,2026-05-28,10,call,745.0,86.0,29.0,0.1894,0.0044,0.39,0.42,,0.0465,-0.1013,0.1202,https://cdn.cboe.com/api/global/delayed_quotes/options/QQQ.json,0.0044,188902.16230599998,0.0,188902.16230599998,0.00018890216230599998,0.0,0.00018890216230599998
QQQ,QQQ260528C00746000,2026-05-28,10,call,746.0,54.0,141.0,0.1894,0.004,0.35,0.38,,0.0425,-0.0938,0.1122,https://cdn.cboe.com/api/global/delayed_quotes/options/QQQ.json,0.004,107829.98693999999,0.0,107829.98693999999,0.00010782998694,0.0,0.00010782998694
QQQ,QQQ260528C00747000,2026-05-28,10,call,747.0,106.0,3.0,0.1895,0.0038,0.31,0.34,,0.0389,-0.0868,0.1047,https://cdn.cboe.com/api/global/delayed_quotes/options/QQQ.json,0.0038,201082.95712699997,0.0,201082.95712699997,0.00020108295712699997,0.0,0.00020108295712699997
QQQ,QQQ260528C00750000,2026-05-28,10,call,750.0,123.0,13.0,0.1897,0.003,0.22,0.25,,0.0296,-0.0686,0.0843,https://cdn.cboe.com/api/global/delayed_quotes/options/QQQ.json,0.003,184209.56102249995,0.0,184209.56102249995,0.00018420956102249995,0.0,0.00018420956102249995
QQQ,QQQ260528C00755000,2026-05-28,10,call,755.0,25.0,1.0,0.1912,0.002,0.13,0.16,,0.0188,-0.046,0.0583,https://cdn.cboe.com/api/global/delayed_quotes/options/QQQ.json,0.002,24960.645125,0.0,24960.645125,2.4960645125e-05,0.0,2.4960645125e-05
QQQ,QQQ260528C00760000,2026-05-28,10,call,760.0,4.0,153.0,0.195,0.0014,0.08,0.3,,0.0121,-0.0314,0.0407,https://cdn.cboe.com/api/global/delayed_quotes/options/QQQ.json,0.0014,2795.5922539999992,0.0,2795.5922539999992,2.795592253999999e-06,0.0,2.795592253999999e-06
QQQ,QQQ260528C00765000,2026-05-28,10,call,765.0,4.0,30.0,0.1998,0.0009,0.05,0.27,,0.008,-0.0218,0.0286,https://cdn.cboe.com/api/global/delayed_quotes/options/QQQ.json,0.0009,1797.1664489999996,0.0,1797.1664489999996,1.7971664489999997e-06,0.0,1.7971664489999997e-06
QQQ,QQQ260528C00770000,2026-05-28,10,call,770.0,26.0,49.0,0.2069,0.0007,0.0,0.26,,0.0056,-0.0158,0.0209,https://cdn.cboe.com/api/global/delayed_quotes/options/QQQ.json,0.0007,9085.674825499998,0.0,9085.674825499998,9.085674825499998e-06,0.0,9.085674825499998e-06
QQQ,QQQ260528C00775000,2026-05-28,10,call,775.0,129.0,2.0,0.2146,0.0005,0.0,0.25,,0.004,-0.012,0.0157,https://cdn.cboe.com/api/global/delayed_quotes/options/QQQ.json,0.0005,32199.232211249997,0.0,32199.232211249997,3.219923221125e-05,0.0,3.219923221125e-05
QQQ,QQQ260528C00780000,2026-05-28,10,call,780.0,134.0,6.0,0.2242,0.0004,0.0,0.24,,0.0031,-0.0096,0.0124,https://cdn.cboe.com/api/global/delayed_quotes/options/QQQ.json,0.0004,26757.811573999996,0.0,26757.811573999996,2.6757811573999995e-05,0.0,2.6757811573999995e-05
QQQ,QQQ260528C00785000,2026-05-28,10,call,785.0,207.0,5.0,0.233,0.0003,0.0,0.1,,0.0024,-0.008,0.0101,https://cdn.cboe.com/api/global/delayed_quotes/options/QQQ.json,0.0003,31001.121245249993,0.0,31001.121245249993,3.1001121245249995e-05,0.0,3.1001121245249995e-05
QQQ,QQQ260528C00800000,2026-05-28,10,call,800.0,108.0,0.0,0.2579,0.0002,0.0,0.72,,0.0017,-0.0064,0.0072,https://cdn.cboe.com/api/global/delayed_quotes/options/QQQ.json,0.0002,10782.998694,0.0,10782.998694,1.0782998694e-05,0.0,1.0782998694e-05
